Board,Grade,Subject,Chapter,Topic,Type,Difficulty,Marks,QuestionText_EN,QuestionText_UR,OptionA_EN,OptionB_EN,OptionC_EN,OptionD_EN,OptionA_UR,OptionB_UR,OptionC_UR,OptionD_UR,CorrectAnswer,Sources,ImageURL
"Punjab Board","Class 9","Biology","Chapter 1","1.1 BIOLOGY AND ITS BRANCHES","MCQ","Medium","1","Which branch of Biology focuses on the study of the structure and function of cells?","بیالوجی کی کون سی شاخ سیلز کی ساخت اور افعال کا مطالعہ کرتی ہے؟","Cytology","Microbiology","Histology","Ecology","سائٹولوجی","مائیکروبیالوجی","ہسٹالوجی","ایکولوجی","A","Exercise",""
"Punjab Board","Class 9","Biology","Chapter 1","1.1 BIOLOGY AND ITS BRANCHES","MCQ","Medium","1","The study of the processes of heredity and variation in living organisms is known as:","جانداروں میں وراثت اور تغیریات کا مطالعہ کہلاتا ہے؟","Ecology","Genetics","Anatomy","Embryology","ایکولوجی","جینیٹکس","ایناٹومی","ایمبریولوجی","B","Exercise",""
"Punjab Board","Class 9","Biology","Chapter 1","1.1 BIOLOGY AND ITS BRANCHES","MCQ","Medium","1","Heart pumps blood, stomach digests food and kidneys excrete wastes. The statement comes from:","دل خون پمپ کرتا ہے، معدہ کھانا ہضم کرتا ہے اور گردے فضلہ نکالتے ہیں۔ یہ بیان کہاں سے آیا ہے؟","Physiology","Anatomy","Morphology","Histology","فزیالوجی","ایناٹومی","مارفولوجی","ہسٹالوجی","A","Exercise",""
"Punjab Board","Class 9","Biology","Chapter 1","1.1 BIOLOGY AND ITS BRANCHES","MCQ","Medium","1","Which branch of Biology involves the study of the classification of organisms?","بائیولوجی کی کون سی شاخ میں جانداروں کی گروہ بندی(کلاسیفیکیشن) کا مطالعہ شامل ہے؟","Taxonomy","Physiology","Palaeontology","Biogeography","ٹیکسونومی","فزیالوجی","پیلے انٹالوجی","بائیو جغرافیائی","A","Exercise",""
"Punjab Board","Class 9","Biology","Chapter 1","1.1 BIOLOGY AND ITS BRANCHES","MCQ","Medium","1","Study of internal physical structure of organisms is called:","جانداروں کی اندرونی جسمانی ساخت کا مطالعہ کہلاتا ہے:","Anatomy","Physiology","Embryology","Genetics","ایناٹومی","فزیالوجی","ایمبر یو لوجی","جینیٹکس","A","Additional",""
"Punjab Board","Class 9","Biology","Chapter 1","1.1 BIOLOGY AND ITS BRANCHES","MCQ","Medium","1","In embryology, scientist study:","ایمبر یولوجی میں سائنسدان مطالعہ کرتے ہیں:","Organ and tissue formation","Identify birth defects","Developed medical treatment","All of the above","اعضاء اور ٹشوز کا بننا","پیدائشی نقائص کی نشاندہی","طبی علاج کے طریقے تیار کرنا","مندرجہ بالا تمام","D","Additional",""
"Punjab Board","Class 9","Biology","Chapter 1","1.1 BIOLOGY AND ITS BRANCHES","MCQ","Medium","1","Remains of plants and animals that were preserved in rocks and other geological formations is called:","پودوں اور جانوروں کی باقیات جو چٹانوں اور دیگر ارضیاتی تشکیلوں میں محفوظ ہیں، کہلاتے ہیں:","Pathogens","Toxins","Fossils","Pollutants","پیتھوجنز","ٹاکسنز","فوسلز","پالیوٹینٹس","C","Additional",""
"Punjab Board","Class 9","Biology","Chapter 1","1.1 BIOLOGY AND ITS BRANCHES","MCQ","Medium","1","The examination of fossils helps scientists to know the:","فوسلز کا معائنہ سائنسدانوں کو یہ جاننے میں مدد کرتا ہے:","The age of earth","About climate","Evolutionary history","About drugs","زمین کی عمر","آب وہوا کے بارے میں","ارتقائی تاریخ","ادویات کے بارے میں","C","Additional",""
"Punjab Board","Class 9","Biology","Chapter 1","1.1 BIOLOGY AND ITS BRANCHES","MCQ","Medium","1","The microscopic study of tissues:","ٹشوز کا خردبینی مطالعہ کہلاتا ہے:","Ecology","Histology","Anatomy","Embryology","ایکا لوجی","ہسٹولوجی","ایناٹومی","ایمبر یو لوجی","B","Additional",""
"Punjab Board","Class 9","Biology","Chapter 1","1.1 BIOLOGY AND ITS BRANCHES","MCQ","Medium","1","Genetics is the branch of biology that deals with the study of:","جینیٹکس بائیو لوجی کی وہ شاخ جس میں مطالعہ کیا جاتا ہے:","Transfer of characters","Cause of genetic diseases","New species","Both A and B","خصوصیات کی منتقلی","جینیاتی بیماریوں کے اسباب","نئی سپی شیز","اے اور بی دونوں","D","Additional",""
"Punjab Board","Class 9","Biology","Chapter 1","1.1 BIOLOGY AND ITS BRANCHES","MCQ","Medium","1","Which branch of biology helps to conserve biodiversity and address environmental problems:","بائیو لوجی کی کونسی شاخ سے جانداروں کے تنوع کو بچانے اور ماحولیاتی مسائل کو حل کرنے میں مدد ملتی ہے:","Histology","Palaeontology","Taxonomy","Ecology","ہسٹولوجی","پیلےانٹولوجی","ٹیکسانومی","ایکا لوجی","D","Additional",""
"Punjab Board","Class 9","Biology","Chapter 1","1.1 BIOLOGY AND ITS BRANCHES","MCQ","Medium","1","Study of diseases, their causes and effects is called:","بیماریوں ،ان کے اسباب اور اثرات کا مطالعہ کہلاتا ہے:","Immunology","Pathology","Pharmacology","Palaeontology","امیونالوجی","پیتھا لوجی","فارماکولوجی","پیلے انٹولوجی","B","Additional",""
"Punjab Board","Class 9","Biology","Chapter 1","1.1 BIOLOGY AND ITS BRANCHES","MCQ","Medium","1","Pharmacology is the study of:","فارماکولوجی مطالعہ ہے:","Ocean","Tissues","Nutrients","Drugs","سمندر","ٹشوز","نیوٹرینٹس","ادویات","D","Additional",""
"Punjab Board","Class 9","Biology","Chapter 1","1.1 BIOLOGY AND ITS BRANCHES","MCQ","Medium","1","Which of the following support a wide variety of marine life?","مندرجہ ذیل میں سے کون سمندری زندگی کی وسیع اقسام کی حمایت کرتا ہے؟","Fossils","Protozoa","Coral reefs","Bacteria","فوسلز","پروٹوزوا","کورل ریفز","بیکٹیریا","C","Additional",""
"Punjab Board","Class 9","Biology","Chapter 1","1.1 BIOLOGY AND ITS BRANCHES","MCQ","Medium","1","The word biology has been derived from two words:","بائیو لوجی کا لفظ دو الفاظ سے آیا ہے:","Greek","English","Latin","None of these","یونانی","انگریزی","لاطینی","ان میں کوئی نہیں","A","Additional",""
"Punjab Board","Class 9","Biology","Chapter 1","1.1 BIOLOGY AND ITS BRANCHES","MCQ","Medium","1","The study of living things is called:","جانداروں کا مطالعہ کہلاتا ہے:","Biotechnology","Biology","Chemistry","Farming","بائیو ٹیکنالوجی","بائیو لوجی","کیمسٹری","فارمنگ","B","Additional",""
"Punjab Board","Class 9","Biology","Chapter 1","1.1 BIOLOGY AND ITS BRANCHES","MCQ","Medium","1","The study of the transmission of characteristics from parents to offspring is called:","والدین سے اولاد میں خصوصیات کی منتقلی کا مطالعہ کہلاتا ہے:","Biotechnology","Genetics","Geology","Information technology","بائیو ٹیکنالوجی","جینیٹکس","جیولوجی","انفارمیشن ٹیکنالوجی","B","Additional",""
"Punjab Board","Class 9","Biology","Chapter 1","1.1 BIOLOGY AND ITS BRANCHES","MCQ","Medium","1","The study of functions of living parts is called:","جسمانی حصوں کے افعال کا مطالعہ کہلاتا ہے:","History","Morphology","Anatomy","Physiology","ہسٹولوجی","مارفولوجی","ایناٹومی","فزیالوجی","D","Additional",""
"Punjab Board","Class 9","Biology","Chapter 1","1.1 BIOLOGY AND ITS BRANCHES","MCQ","Medium","1","Meaning of ""logos"" is:","لوگوس کا معنی ہے:","Activity","Structure","Thinking","Physiology","سرگرمی","ساخت","سوچنا","فزیالوجی","C","Additional",""
"Punjab Board","Class 9","Biology","Chapter 1","1.1 BIOLOGY AND ITS BRANCHES","MCQ","Medium","1","The study of immune system of animals is called:","جانوروں کے مدافعتی نظام کا مطالعہ کہلاتا ہے:","Parasitology","Immunology","Pathology","Pharmacology","پیراسائٹولوجی","امیونا لوجی","پیتھا لوجی","فارماکولوجی","B","Additional",""
"Punjab Board","Class 9","Biology","Chapter 1","1.1 BIOLOGY AND ITS BRANCHES","MCQ","Medium","1","The study of fossils is called:","فوسلز کے مطالعہ کو کہا جاتا ہے:","Genetics","Palaeontology","Embryology","Pharmacology","جینیٹکس","پیلےانٹولوجی","ایمبریولوجی","فارماکولوجی","B","Additional",""
"Punjab Board","Class 9","Biology","Chapter 1","1.1 BIOLOGY AND ITS BRANCHES","MCQ","Medium","1","Study of drugs and their effects on human body is called:","ادویات اور جسم پر ان کے اثرات کا مطالعہ کہلاتا ہے:","Pharmacology","Parasitology","Pathology","Marine biology","فارماکولوجی","پیرا سائٹولوجی","پیتھا لوجی","میرین بائیو لوجی","A","Additional",""
"Punjab Board","Class 9","Biology","Chapter 1","1.1 BIOLOGY AND ITS BRANCHES","MCQ","Medium","1","The study of biological molecules of life is called:","زندگی کے بائیو لوجیکل مالیکیولز کا مطالعہ کہلاتا ہے:","Anatomy","Immunology","Physiology","Molecular biology","ایناٹومی","امیونا لوجی","فزیالوجی","مالیکیولر بائیو لوجی","D","Additional",""
"Punjab Board","Class 9","Biology","Chapter 1","1.1 BIOLOGY AND ITS BRANCHES","MCQ","Medium","1","Relationships between organism and their environment is called:","جانداروں اور ان کے ماحول کے مابین تعلقات کہلاتے ہیں:","Taxonomy","Ecology","Pharmacology","Pathology","ٹیکسانومی","ایکا لوجی","فارماکولوجی","پیتھا لوجی","B","Additional",""
"Punjab Board","Class 9","Biology","Chapter 1","1.1 BIOLOGY AND ITS BRANCHES","MCQ","Medium","1","Coral reef support a wide variety of:","کورل ریف وسیع اقسام کی حمایت کرتا ہے:","Marine biology","Histology","Both","None of these","میرین بائیو لوجی","ہسٹولوجی","دونوں","ان میں کوئی نہیں","D","Additional",""
"Punjab Board","Class 9","Biology","Chapter 1","1.1 BIOLOGY AND ITS BRANCHES","MCQ","Medium","1","The study of functions of various organs of an organism is:","جانداروں کے مختلف اعضاء کے افعال کا مطالعہ ہے:","Morphology","Histology","Anatomy","Physiology","مارفولوجی","ہسٹولوجی","ایناٹومی","فزیالوجی","D","Additional",""
"Punjab Board","Class 9","Biology","Chapter 1","1.1 BIOLOGY AND ITS BRANCHES","MCQ","Medium","1","Histology is the microscopic study of:","ہسٹولوجی کا مائیکروسکوپک مطالعہ ہے:","Tissues","Cells","Fossils","Plants","ٹشوز","سیلز","فوسلز","پودے","A","Additional",""
"Punjab Board","Class 9","Biology","Chapter 1","1.1 BIOLOGY AND ITS BRANCHES","MCQ","Medium","1","Palaeontology is the study of:","پیلےانٹولوجی مطالعہ ہے:","Environment","Development","Fossils","Animals","ماحول","نشوونما","فوسلز","جانوروں","C","Additional",""
"Punjab Board","Class 9","Biology","Chapter 1","1.1 BIOLOGY AND ITS BRANCHES","MCQ","Medium","1","The other name of environmental biology is:","ماحولیاتی بائیو لوجی کا دوسرا نام ہے:","Ecology","Biotechnology","Microbiology","Cell biology","ایکالوجی","بائیو ٹیکنالوجی","مائیکرو بائیو لوجی","سیل بائیو لوجی","A","Additional",""
"Punjab Board","Class 9","Biology","Chapter 1","1.1 BIOLOGY AND ITS BRANCHES","MCQ","Medium","1","Microbiology is the study of:","مائیکرو بائیو لوجی مطالعہ ہے:","Fungi","Animals","Plants","Microorganisms","فنجائی","جانور","پودے","مائیکرو آ رگنزمز","D","Additional",""
"Punjab Board","Class 9","Biology","Chapter 1","1.1 BIOLOGY AND ITS BRANCHES","MCQ","Medium","1","Biology is a word of which language?","بائیولوجی کس زبان کا لفظ ہے؟","Latin","Arabic","Greek","English","لاطینی","عربی","یونانی","انگریزی","C","Additional",""
"Punjab Board","Class 9","Biology","Chapter 1","1.1 BIOLOGY AND ITS BRANCHES","MCQ","Medium","1","The study of plants is called:","پودوں کا مطالعہ کہلاتا ہے:","Biology","Zoology","Botany","Microbiology","بائیو لوجی","ذو لوجی","باٹنی","مائیکرو بائیو لوجی","C","Additional",""
"Punjab Board","Class 9","Biology","Chapter 1","1.1 BIOLOGY AND ITS BRANCHES","MCQ","Medium","1","Match anatomy with one of the following:","ایناٹومی کو درج ذیل میں سے کسی ایک کے ساتھ جوڑیں:","Physiology","Morphology","Embryology","Genetics","فزیالوجی","مارفولوجی","ایمبریولوجی","جینیٹکس","B","Additional",""
"Punjab Board","Class 9","Biology","Chapter 1","1.1 BIOLOGY AND ITS BRANCHES","MCQ","Medium","1","Biology is the scientific study of:","بائیو لوجی سائنسی مطالعہ ہے:","Earth","Water","Life","Non-living things","زمین","پانی","زندگی","بے جان اشیاء","C","Additional",""
"Punjab Board","Class 9","Biology","Chapter 1","1.1 BIOLOGY AND ITS BRANCHES","MCQ","Medium","1","The branch deal with the study of form and structure of living organisms is called:","جانداروں کی شکل اور ساخت کا مطالعہ کرنے والی شاخ کو کہا جاتا ہے:","Cell biology","Physiology","Morphology","Genetics","سیل بائیولوجی","فزیالوجی","مارفولوجی","جینیٹکس","C","Additional",""
"Punjab Board","Class 9","Biology","Chapter 1","1.1 BIOLOGY AND ITS BRANCHES","MCQ","Medium","1","The branch deals with the study of the interrelationship of organisms and their environment is called:","یہ شاخ جانداروں اور ان کے ماحول کے باہمی تعلق کے مطالعہ سے متعلق ہے کہلاتی ہے:","Ecology","Molecular biology","Entomology","Environmental biology","ایکالوجی","مالیکیولر بائیو لوجی","اینٹا مولوجی","انوائرمنٹل بائیو لوجی","A","Additional",""
"Punjab Board","Class 9","Biology","Chapter 1","1.1 BIOLOGY AND ITS BRANCHES","MCQ","Medium","1","How many major division biology is divided?","بائیو لوجی کو کتنے بڑے شعبوں میں تقسیم کیا جاتا ہے؟","Two","Three","Four","Five","دو","تین","چار","پانچ","B","Additional",""
"Punjab Board","Class 9","Biology","Chapter 1","1.1 BIOLOGY AND ITS BRANCHES","MCQ","Medium","1","Mr. Nauman was busy in dissecting and analyzing the heart of frog. probably he is a:","مسٹر نعمان مینڈک کے دل کا پتہ لگانے اور تجزیہ کرنے میں مصروف تھے۔ شاید وہ ایک ہے:","Cell biologist","Taxonomist","Histologist","Palaeontologist","سیل بائیو لوجسٹ","ٹیکسانومیسٹ","ہسٹولوجسٹ","پیلےانٹولوجسٹ","C","Additional",""
"Punjab Board","Class 9","Biology","Chapter 1","1.1 BIOLOGY AND ITS BRANCHES","MCQ","Medium","1","Being a biology research worker, you are studying ""Markhor"" which branch of biology it will be:","بائیولوجی کے تحقیقی کارکن ہونے کے ناطے، آپ ""مارخور"" پڑھ رہے ہیں یہ بائیو لوجی کی کون سی شاخ ہے:","Botany","Zoology","Palaeontology","Parasitology","باٹنی","ذو لوجی","پیلےانٹولوجی","پیرا سائٹولوجی","B","Additional",""
"Punjab Board","Class 9","Biology","Chapter 1","1.1 BIOLOGY AND ITS BRANCHES","MCQ","Medium","1","Which of the following profession deals with the diagnosis and treatment of diseases in human?","مندرجہ ذیل میں سے کون سا پیشہ انسان میں بیماریوں کے اختراع اور علاج سے متعلق ہے؟","Medicine","Surgery","Biotechnology","Farming","میڈیسن","سرجری","بائیوٹیکنالوجی","فارمنگ","A","Additional",""
"Punjab Board","Class 9","Biology","Chapter 1","1.1 BIOLOGY AND ITS BRANCHES","MCQ","Medium","1","Study of insects is called:","کیڑوں کا مطالعہ کہلاتا ہے:","Immunology","Entomology","Genetics","Ecology","امیونا لوجی","اینٹا مولوجی","جینیٹکس","ایکا لوجی","B","Additional",""
"Punjab Board","Class 9","Biology","Chapter 1","1.1 BIOLOGY AND ITS BRANCHES","MCQ","Medium","1","The study of how living things interact with each other and their environment is known as:","جاندار چیزیں ایک دوسرے اور ان کے ماحول کے ساتھ کس طرح تفاعل کرتی ہیں اس کا مطالعہ جانا جاتا ہے:","Physiology","Anatomy","Ecology","Genetics","فزیالوجی","ایناٹومی","ایکا لوجی","جینیٹکس","C","Additional",""
"Punjab Board","Class 9","Biology","Chapter 1","1.1 BIOLOGY AND ITS BRANCHES","MCQ","Medium","1","The Fossils are studied in the following branch of biology:","فوسلز کا مطالعہ بیالوجی کی کس شاخ میں کیا جاتا ہے؟","Taxonomy","Physiology","Palaeontology","Zoology","ٹیکسالوجی","فزیالوجی","پیلے انٹولوجی","ذولوجی","C","Additional",""
"Punjab Board","Class 9","Biology","Chapter 1","1.1 BIOLOGY AND ITS BRANCHES","MCQ","Medium","1","The branch of biology which deals with functioning of body parts is:","بیالوجی کی وہ شاخ جو جسمانی اعضاء کے افعال کے مطالعہ سے متعلق ہے:","Physiology","Embryology","Histology","Morphology","فزیالوجی","ایمبریولوجی","ہسٹولوجی","امیونولوجی","A","Additional",""
"Punjab Board","Class 9","Biology","Chapter 1","1.1 BIOLOGY AND ITS BRANCHES","MCQ","Medium","1","Animal and plant structure are studied in:","جانوروں اور پودوں کی ساخت کا مطالعہ کیا جاتا ہے:","Anatomy","Physiology","Morphology","None of these","ایناٹومی","فزیالوجی","مارفولوجی","ان میں سے کوئی نہیں","C","Additional",""
"Punjab Board","Class 9","Biology","Chapter 1","1.1 BIOLOGY AND ITS BRANCHES","MCQ","Medium","1","The knowledge of in heritance is called:","جانداروں میں وراثت کے علم کو کہتے ہیں:","Molecular biology","Genetics","Histology","Immunology","مالیکیولربائیولوجی","جینیٹکس","امیونولوجی","بائیوکیمسٹری","B","Additional",""
"Punjab Board","Class 9","Biology","Chapter 1","1.1 BIOLOGY AND ITS BRANCHES","MCQ","Medium","1","The branch in which scientists use living organisms for the welfare of mankind is called:","وہ شاخ جس میں سائنس دان انسانوں کی فلاح کے لیے جانداروں کا استعمال کرتے ہیں:","Biotechnology","Genetics","Immunology","Biochemistry","بائیوٹیکنالوجی","جینیٹکس","امیونولوجی","بائیوکیمسٹری","A","Additional",""
"Punjab Board","Class 9","Biology","Chapter 1","1.2 Relation of Biology With Other Sciences","MCQ","Medium","1","Insulin made through bacteria is an example of the technique of:","بیکٹیریا کے ذریعے بنائی گئی انسولین کس تکنیک کی مثال ہے؟","Parasitology","Biotechnology","Biochemistry","Histology","پیراسائٹالوجی","بائیوٹیکنالوجی","بائیو کیمسٹری","ہسٹالوجی","B","Exercise",""
"Punjab Board","Class 9","Biology","Chapter 1","1.2 Relation of Biology With Other Sciences","MCQ","Medium","1","Study of structure and reaction of different chemical substances present in living systems is called:","نظام زندگی میں موجود مختلف کیمیائی مادوں کی ساخت اور رد عمل کا مطالعہ کہلاتا ہے:","Biochemistry","Biotechnology","Biophysics","Computational biology","بائیو کیمسٹری","بائیو ٹیکنالوجی","بائیو فزکس","کمپیوٹیشنل بیالوجی","A","Additional",""
"Punjab Board","Class 9","Biology","Chapter 1","1.2 Relation of Biology With Other Sciences","MCQ","Medium","1","The influence of climate change on the distribution of organisms is studied in:","جانداروں کی تقسیم پر موسمیاتی تبدیلی کے اثرات کا مطالعہ کیا جاتا ہے۔","Biophysics","Biochemistry","Biogeography","Biotechnology","بائیو فزکس","بائیو کیمسٹری","بائیوجیوگرافی","بائیو ٹیکنالوجی","C","Additional",""
"Punjab Board","Class 9","Biology","Chapter 1","1.2 Relation of Biology With Other Sciences","MCQ","Medium","1","Which of the following plays a crucial role in biological research, health care and public health etc:","مندرجہ ذیل میں سے بائیو لوجیکل تحقیق ، صحت اور عوامی صحت جیسے شعبوں میں اہم کردار ادا کرتی ہے:","Biogeography","Biotechnology","Biostatistics","Biochemistry","بائیو جیو گرافی","بائیو ٹیکنالوجی","بائیو سٹیٹسٹکس","بائیو کیمسٹری","C","Additional",""
"Punjab Board","Class 9","Biology","Chapter 1","1.2 Relation of Biology With Other Sciences","MCQ","Medium","1","Scientists use mathematical models in:","سائنس دان ریاضی کے ماڈلز استعمال کرتے ہیں:","Computational biology","Biostatistics","Biogeography","Biotechnology","کمپیوٹیشنل بائیولوجی","بائیو سٹیٹسٹکس","بائیو جیوگرافی","بائیو ٹیکنالوجی","A","Additional",""
"Punjab Board","Class 9","Biology","Chapter 1","1.2 Relation of Biology With Other Sciences","MCQ","Medium","1","The study of chemical reactions of photosynthesis and respiration are the examples of:","فوٹو سینتھی سیز اور ریسپیریشن کے کیمیکل ری ایکشن کا مطالعہ اس کی مثالیں ہیں:","Biochemistry","Biophysics","Biogeography","Biostatistics","بائیو کیمسٹری","بائیو فزکس","بائیو جیو گرافی","بائیو سٹیٹسٹکس","A","Additional",""
"Punjab Board","Class 9","Biology","Chapter 1","1.2 Relation of Biology With Other Sciences","MCQ","Medium","1","Production of new variety of crops is an example of:","فصلوں کی نئی اقسام کی پیداوار اس کی مثال ہے:","Bio economics","Biotechnology","Biostatistics","Computational biology","بائیو اکنامکس","بائیو ٹیکنالوجی","بائیو سٹیٹسٹکس","کمپیوٹیشنل بائیو لوجی","A","Additional",""
"Punjab Board","Class 9","Biology","Chapter 1","1.2 Relation of Biology With Other Sciences","MCQ","Medium","1","Production of insulin is an example of:","انسولین کی تیاری مثال ہے:","Biostatistics","Biotechnology","Biophysics","Biogeography","بائیو سٹیٹسٹکس","بائیو ٹیکنالوجی","بائیو فزکس","بائیو جیو گرافی","B","Additional",""
"Punjab Board","Class 9","Biology","Chapter 1","1.2 Relation of Biology With Other Sciences","MCQ","Medium","1","Distribution of living organisms in different geographical regions:","مختلف جغرافیائی خطوں میں جانداروں کی تقسیم کہلاتی ہے:","Biochemistry","Biophysics","Biostatistics","Biogeography","بائیو کیمسٹری","بائیو فزکس","بائیو سٹیٹسٹکس","بائیو جیو گرافی","D","Additional",""
"Punjab Board","Class 9","Biology","Chapter 1","1.2 Relation of Biology With Other Sciences","MCQ","Medium","1","Principles of statistics to analyze and interpret data related to living organisms:","جانداروں سے متعلق ڈیٹا کا تجزیہ اور تشریح کرنے کے لیے سٹیٹسٹکس کے اصول:","Biophysics","Biochemistry","Biostatistics","Biotechnology","بائیو فزکس","بائیو کیمسٹری","بائیو سٹیٹسٹکس","بائیو ٹیکنالوجی","C","Additional",""
"Punjab Board","Class 9","Biology","Chapter 1","1.2 Relation of Biology With Other Sciences","MCQ","Medium","1","The study of occurrence and distribution of different species of living organisms in different geographical regions of the world is called:","دنیا کے مختلف جغرافیائی خطوں میں جانداروں کی مختلف انواع کی موجودگی اور تقسیم کا مطالعہ کہلاتا ہے:","Histology","Microbiology","Biogeography","Parasitology","ہسٹولوجی","مائیکرو بائیو لوجی","بائیو جیو گرافی","پیرا سائٹولوجی","C","Additional",""
"Punjab Board","Class 9","Biology","Chapter 1","1.2 Relation of Biology With Other Sciences","MCQ","Medium","1","How many peoples get lungs cancer by smoking? This question can be answered through:","تمباکو نوشی سے کتنے لوگوں کو پھیپھڑوں کا کینسر ہوتا ہے؟ اس سوال کا جواب اس کے ذریعے دیا جا سکتا ہے:","Biostatistics","Biophysics","Bioeconomics","Biogeography","بائیو سٹیٹسٹکس","بائیو فزکس","بائیو اکنامکس","بائیو جیو گرافی","A","Additional",""
"Punjab Board","Class 9","Biology","Chapter 1","1.2 Relation of Biology With Other Sciences","MCQ","Medium","1","The number of plants in desert are scare. This could be the statement of:","صحرا میں پودوں کی تعداد خوفناک ہے۔ یہ کس کا بیان ہو سکتا ہے:","Social biologist","Taxonomist","Biogeographist","Palaeontologist","سوشل بائیو لوجسٹ","ٹیکسانومسٹ","بائیو جیو گرافیسٹ","پیلےانٹولوجسٹ","C","Additional",""
"Punjab Board","Class 9","Biology","Chapter 1","1.2 Relation of Biology With Other Sciences","MCQ","Medium","1","Which of the following best describes the field of biotechnology:","مندرجہ ذیل میں سے بائیو ٹیکنالوجی کے شعبے کی بہترین وضاحت کرتا ہے:","Study of diseases","Study of marine life","Use of biology processes to develop technologies","Management of forest resources","بیماریوں کا مطالعہ","میرین لائف کا مطالعہ","ٹیکنالوجی کی تیاری کے لیے بائیو لوجیکل پروسیس کا استعمال","جنگلاتی وسائل کا انتظام","C","Additional",""
"Punjab Board","Class 9","Biology","Chapter 1","1.2 Relation of Biology With Other Sciences","MCQ","Medium","1","The oldest known fossil is a cyano bacterium estimated to be years old:","سب سے قدیم معلوم فوسل ایک سائینوبیکٹیریم ہے جس کا تخمینہ سالوں پرانا ہے:","2.4 billion","1.4 billion","3.5 billion","4 billion","2.4بلین","1.4بلین","3.5بلین","4بلین","C","Additional",""
"Punjab Board","Class 9","Biology","Chapter 1","1.2 Relation of Biology With Other Sciences","MCQ","Medium","1","Which of the following study the rules of lever and motion for understanding the function of muscles, bones and joints:","مسلز،ہڈیوں اور جوڑوں کے افعال کو سمجھنے کے لیے لیور اور حرکت کے اصولوں کا مطالعہ کرتے ہیں:","Biophysics","Biochemistry","Morphology","Anatomy","بائیوفزکس میں","بائیوکیمسٹری میں","مارفولوجی میں","ایناٹومی میں","A","Additional",""
"Punjab Board","Class 9","Biology","Chapter 1","1.2 Relation of Biology With Other Sciences","MCQ","Medium","1","Which technology is beneficial products or processes for various fields, healthcare, agriculture, and environmental management:","کون سی ٹیکنالوجی صحت، زراعت اور ماحولیاتی انتظام جیسے شعبوں میں کام آتی ہے:","Biochemistry","Biotechnology","Biophysics","Biostatistics","بائیوکیمسٹری","بائیوٹیکنالوجی","بائیوفزکس","بائیو سٹیٹسٹکس","B","Additional",""
"Punjab Board","Class 9","Biology","Chapter 1","1.3 Careers in Biology","MCQ","Medium","1","The profession deals with diagnosis and treatment of diseases:","یہ پیشہ بیماریوں کی تشخیص اور علاج سے متعلق ہے:","Medicine","Surgery","Both A and B","Dentistry","میڈیسن","سرجری","الف اور ب دونوں","ڈینٹسٹری","A","Additional",""
"Punjab Board","Class 9","Biology","Chapter 1","1.3 Careers in Biology","MCQ","Medium","1","Providing support to people on genetic conditions and testing:","جینیاتی حالات اور جانچ پر لوگوں کو مدد فراہم کرنا:","Veterinary medicine","Microbiology","Genetic counseling","Biomedical engineering","وٹرنری میڈیسن","مائیکرو بائیو لوجی","جینیٹک کاؤنسلنگ","بائیو میڈیکل انجینئرنگ","C","Additional",""
"Punjab Board","Class 9","Biology","Chapter 1","1.3 Careers in Biology","MCQ","Medium","1","Cultivate fruit, vegetables, flower and ornamental plants are:","پھل، سبزیاں، پھول اور آرائشی پودے کاشت کرتے ہیں:","Physiotherapist","Pharmacologist","Horticulturist","Biotechnologist","فزیاتھرایپسٹ","فارماکولوجسٹ","ہورٹیکلچریسٹ","بائیو ٹیکنالوجسٹ","C","Additional",""
"Punjab Board","Class 9","Biology","Chapter 1","1.3 Careers in Biology","MCQ","Medium","1","Breeding and caring for livestock to improve their quality and productivity involves:","مویشیوں کے معیار اور پیداواری صلاحیت کو بہتر بنانے کے لیے ان کی افزائش اور دیکھ بھال میں شامل ہیں:","Agriculture","Animal husbandry","Horticulture","Biotechnology","زراعت","حیوانیات پروری","ہورٹیکلچر","بائیو ٹیکنالوجی","B","Additional",""
"Punjab Board","Class 9","Biology","Chapter 1","1.3 Careers in Biology","MCQ","Medium","1","Who improve farming practices:","کون کاشتکاری کے طریقوں کو بہتر بناتے ہیں:","Agricultural scientists","Horticulturists","Biotechnologists","Forensic scientists","زرعی سائنسدان","ہورٹیکلچرسٹ","بائیو ٹیکنالوجسٹ","فارنسک سائنسدان","A","Additional",""
"Punjab Board","Class 9","Biology","Chapter 1","1.3 Careers in Biology","MCQ","Medium","1","Breeding of cow belongs to:","گائے کی افزائش کا تعلق:","Farming","Animal Husbandry","Fisheries","Forestry","فارمنگ","حیوانیات پروری","فشریز","فوریسٹری","A","Additional",""
"Punjab Board","Class 9","Biology","Chapter 1","1.3 Careers in Biology","MCQ","Medium","1","The defective parts of body are repaired, replaced and removed by:","جسم کے خراب حصوں کی مرمت، تبدیل اور ہٹائے جاتے ہیں:","Medicine","Surgery","Dentistry","Agriculture","میڈیسن","سرجری","ڈینٹسٹری","زراعت","B","Additional",""
"Punjab Board","Class 9","Biology","Chapter 1","1.3 Careers in Biology","MCQ","Medium","1","To become a physiologist, a..... year BS degree in Physical Therapy is needed:","فزیالوجسٹ بننے کے لیے، فزیکل تھراپی میں ...... سال کی BS ڈگری کی ضرورت ہے:","2","3","4","5","","","","","C","Additional",""
"Punjab Board","Class 9","Biology","Chapter 1","1.3 Careers in Biology","MCQ","Medium","1","In which career scientist analyze physical evidence from crime scenes to help in criminal’s investigation:","اس کیریئر میں سائنسدان مجرم کی تفتیش میں مدد کے لیے جرائم کے مناظر سے جسمانی شواہد کا تجزیہ کرتے ہیں:","Forensics","Biotechnology","Farming","Dentistry","فارنسکس","بائیو ٹیکنالوجی","فارمنگ","ڈینٹسٹری","A","Additional",""
"Punjab Board","Class 9","Biology","Chapter 1","1.3 Careers in Biology","MCQ","Medium","1","The new emerging careers of biology include:","حیاتیات کے نئے ابھرتے ہوئے کیریئر میں شامل ہیں:","Bioinformatics and biomedical engineering","Biotechnology","Genetics","All of above","بائیو انفارمیٹکس اور بائیو میڈیکل انجینئرنگ","بائیو ٹیکنالوجی","جینیٹکس","مندرجہ بالا تمام","A","Additional",""
"Punjab Board","Class 9","Biology","Chapter 1","1.3 Careers in Biology","MCQ","Medium","1","What does MBBS stand for?","ایم بی بی ایس کا کیا مطلب ہے؟","Bachelor of Medicine and Bachelor of Surgery","Master of Biology and Biological Studies","Bachelor of Medical Biological Science","Master of Biochemical Biological Studies","بیچلر آف میڈیسن اور بیچلر آف سرجری","ماسٹر آف بائیو لوجی اور بائیولوجیکل علوم","بیچلر آف میڈیکل بائیولوجیکل سائنس","ماسٹر آف بائیو کیمیکل بائیولوجیکل اسٹڈیز","A","Additional",""
"Punjab Board","Class 9","Biology","Chapter 1","1.3 Careers in Biology","MCQ","Medium","1","What does the field of forensic science involve?","فارنسک سائنس کے شعبے میں کیا شامل ہے؟","Garden management","Examination of evidence from crime scenes","Livestock management","Drug development","باغ کا انتظام","جرائم کے مناظر سے شواہد کی جانچ","مویشیوں کا انتظام","منشیات تیار کرنا","B","Additional",""
"Punjab Board","Class 9","Biology","Chapter 1","1.3 Careers in Biology","MCQ","Medium","1","What is the role of horticulturist?","ہورٹیکلچرسٹ کا کردار کیا ہے؟","Disease diagnosis","Plant Breeding and cultivation","Performing Surgeries","Developing medicines","بیماری کی تشخیص","پودوں کی افزائش اور کاشت","سرجری کرنا","ادویات تیار کرنا","B","Additional",""
"Punjab Board","Class 9","Biology","Chapter 1","1.3 Careers in Biology","MCQ","Medium","1","Which field is related to the care of animals?","کون سا پیشہ جانوروں کی دیکھ بھال سے تعلق رکھتا ہے؟","Animal husbandry","Fisheries","Medicine and Surgery","Dentistry","حیوانات پروی","فشریز","میڈیسن اور سرجری","ڈینٹسٹری","A","Additional",""
"Punjab Board","Class 9","Biology","Chapter 1","1.3 Careers in Biology","MCQ","Medium","1","Specialization in oral health and treatment of dental issues is:","منھ کی صحت اور دانتوں کے مسائل کا علاج اور سرجری ہوتی ہے:","Dentistry","Medicine","Pharmacology","Biotechnology","ڈینٹسٹری میں","میڈیسن میں","فارماکولوجی میں","بائیوٹیکنالوجی میں","A","Additional",""
"Punjab Board","Class 9","Biology","Chapter 1","1.3 Careers in Biology","MCQ","Medium","1","Scientists of which field improve the crop production?","کس شعبے کے سائنس دان فصلوں کی پیداوار بہتر بناتے ہیں؟","Histology","Pharmacology","Immunology","Agriculture","ہسٹالوجی","فارماکولوجی","امیونولوجی","ایگریکلچر","D","Additional",""
"Punjab Board","Class 9","Biology","Chapter 1","1.4 QURANIC INSTRUCTIONS TO REVEAL THE STUDY OF LIFE","MCQ","Medium","1","Living things consists of........percent of water:","جاندار چیزیں ........ فیصد پانی پر مشتمل ہیں:","60-90","75-90","80-90","85-90","","","","","A","Additional",""
"Punjab Board","Class 9","Biology","Chapter 1","1.4 QURANIC INSTRUCTIONS TO REVEAL THE STUDY OF LIFE","MCQ","Medium","1","We made every living thing from water? This verse is from which sura?","کیا ہم نے ہر جاندار چیز کو پانی سے بنایا ہے؟ یہ آیت کس سورۃ کی ہے؟","Al-Rehman","A-Mominoon","Al-Ambia","Al-Noor","الرحمن","المومنین","الانبیاء","النور","C","Additional",""
"Punjab Board","Class 9","Biology","Chapter 1","1.4 QURANIC INSTRUCTIONS TO REVEAL THE STUDY OF LIFE","MCQ","Medium","1","In which sura Allah say about creation of man?","انسان کی تخلیق کا ذکر کس سورۃ میں ہے؟","Sura-Ambia","Sura-Rehman","Sura Al-mominoon","All of these","سورۃ الانبیاء میں","سورۃ الرحمٰن میں","سورۃ المومنون میں","ان سب میں","D","Additional",""
"Punjab Board","Class 9","Biology","Chapter 1","1.4 QURANIC INSTRUCTIONS TO REVEAL THE STUDY OF LIFE","MCQ","Medium","1","Allah created early life in:","اللہ تعالیٰ نے ابتدائی زندگی کو پیدا کیا:","Air","Water","Soil","All of these","ہوا میں","پانی میں","مٹی میں","پہلے تمام","D","Additional",""
"Punjab Board","Class 9","Biology","Chapter 1","1.5 Science as a Collaborative Field","MCQ","Medium","1","Human genome project was completed in:","ہیومن جینوم پراجیکٹ کب مکمل ہوا:","2001","2002","2003","2004","","","","","C","Additional",""
"Punjab Board","Class 9","Biology","Chapter 1","1.5 Science as a Collaborative Field","MCQ","Medium","1","Climate change requires collaboration among many disciplines, such as:","موسمیاتی تبدیلی بہت سے شعبوں کے درمیان تعاون کی ضرورت ہے،، جیسا کہ:","Atmospheric science","Ecology","Economics","All","ماحولیاتی سائنس","ایکالوجی","اکنامکس","تمام","D","Additional",""
"Punjab Board","Class 9","Biology","Chapter 1","1.5 Science as a Collaborative Field","MCQ","Medium","1","...... often rely on in disciplinary collaboration:","...... اکثر شعباتی تعاون پر انحصار کرتے ہیں:","Climate change research","Medical research","Robotics and artificial intelligence","Space exploration","ماحولیاتی تبدیلی کی تحقیق","طبی تحقیق","روبوٹکس اور مصنوعی ذہانت","خلائی ریسرچ","B","Additional",""
"Punjab Board","Class 9","Biology","Chapter 1","1.5 Science as a Collaborative Field","MCQ","Medium","1","Robotics and artificial intelligence has led to significant advancement in:","روبوٹکس اور مصنوعی ذہانت نے نمایاں ترقی کی ہے:","Natural language processing","Genetics","Economics","None","قدرتی زبان کی پروسیسنگ","جنیٹکس","اکنامکس","ان میں سے کوئی نہیں","A","Additional",""
"Punjab Board","Class 9","Biology","Chapter 1","1.5 Science as a Collaborative Field","MCQ","Medium","1","Space exploration involve scientists from the field:","خلائی ریسرچ میں کس فیلڈ کے سائنسدان شامل ہیں:","Sociology","Astrophysics","Oncology","Psychology","سوشیالوجی","فلکیاتی فزکس","آنکولوجی","سائیکالوجی","B","Additional",""
"Punjab Board","Class 9","Biology","Chapter 1","1.5 Science as a Collaborative Field","MCQ","Medium","1","Most highly interdisciplinary collaboration is:","سب سے زیادہ بین شعباتی تعاون ہے:","Robotics","Artificial Intelligence","Both a and b","Medical research","روبوٹکس","آرٹیفیشل انٹیلیجنس","الف اور ب دونوں","طبی تحقیق","C","Additional",""
"Punjab Board","Class 9","Biology","Chapter 1","1.5 Science as a Collaborative Field","MCQ","Medium","1","Which included was Human Genome Project:","ہیومن جینوم پراجیکٹ میں شامل تھے:","Molecular Biology","Genetics","Informatics","All of these","مالیکیولربائیولوجی","جینیٹکس","انفارمیٹکس","پہلے تمام","D","Additional",""
"Punjab Board","Class 9","Biology","Chapter 1","1.5 Science as a Collaborative Field","MCQ","Medium","1","NASA Organization belong to:","NASA تنظیم کا تعلق ہے:","Astronomy","Biology","Geoghraphy","Chemistry","فلکیات سے","بائیولوجی سے","جیوگرافی سے","کیمسٹری سے","A","Additional",""
"Punjab Board","Class 9","Biology","Chapter 1","1.5 Science as a Collaborative Field","MCQ","Medium","1","Which included was Robotics and Artificial Intelligence fields:","روبوٹکس اور آرٹیفیشل انٹیلیجنس کے شعبے میں شامل ہیں:","Engineering","Math","Computer Science","All of these","انجینئرنگ","ریاضی","کمپیوٹر سائنس","پہلے تمام","D","Additional",""
"Punjab Board","Class 9","Biology","Chapter 1","1.6 SCIENTIFIC METHOD","MCQ","Medium","1","Which step comes between making hypothesis and doing experiments?","ہائپو تھیس بنانے اور تجربات کرنے کے درمیان کون سا مرحلہ آتا ہے؟","Making deductions","Making observations","Summarizing results","Analysing data","ڈیڈکشن بنانا","مشاہدات کرنا","نتائج کا خلاصہ کرنا","ڈیٹا کا تجزیہ کرنا","A","Exercise",""
"Punjab Board","Class 9","Biology","Chapter 1","1.6 SCIENTIFIC METHOD","MCQ","Medium","1","Which of the following is not a characteristic of the scientific method?","مندرجہ ذیل میں سے کون سی سائنسی طریقہ کار کی خصوصیت نہیں ہے؟","It relies on evidence","It involves formulating hypotheses","Hypothesis will always be correct","It requires rigorous testing","یہ شواہد پر انحصار کرتا ہے","اس میں ہائپو تھیس تیار کرنا شامل ہے","ہائپو تھیس ہمیشہ درست ہوگا","اس میں ٹیسٹ کرنے کی ضرورت ہوتی ہے","A","Exercise",""
"Punjab Board","Class 9","Biology","Chapter 1","1.6 SCIENTIFIC METHOD","MCQ","Medium","1","Choose the correct sequence of steps of scientific method:","سائنسی طریقہ کار کے اقدامات کی صحیح ترتیب منتخب کریں:","Observations - hypothesis - deduction - experiments","Observations - hypothesis - law - theory","Hypothesis - observations - deduction - experiments","law - theory - deduction - observations","مشاہدات-ہائپوتھیس-ڈیڈکشن-تجربات","مشاہدات-ہائپوتھیس-قانون-تھیوری","ہائپوتھیس-مشاہدات-ڈیڈکش-تجربات","قانون۔تھیوری،ڈیڈکشن۔مشاہدات","A","Exercise",""
"Punjab Board","Class 9","Biology","Chapter 1","1.6 SCIENTIFIC METHOD","MCQ","Medium","1","Experiments are very important in scientific method because a researcher.","سائنسی طریقہ کار میں تجربات بہت اہم ہیں کیونکہ ایک محقق:","Always gets correct results","Disproves many hypotheses and gets some hypotheses proved","Is sure that he will prove the hypotheses","Gets a chance to work in the laboratory","ہمیشہ صحیح نتائج حاصل کرتا ہے","بہت سارے ہائپوتھیس کو غلط ثابت کرتا ہے اور کچھ ہائپو تھیس کو ثابت کرتا ہے","اس بات کایقین رکھتا ہے کہ وہ ہائپو تھیس کو ثابت کرے گا","تجربہ گاہ میں کام کرنے کا موقع حاصل کرتا ہے","B","Exercise",""
"Punjab Board","Class 9","Biology","Chapter 1","1.6 SCIENTIFIC METHOD","MCQ","Medium","1","Which of the following sequence is correct:","درج ذیل میں سے کون سی ترتیب درست ہے:","Hypothesis - observation - deduction - experiment","Observation - hypothesis - deduction - experiment","Observation - hypothesis - experiment - deduction","Observation - deduction - hypothesis - experiment","ہائپوتھیس-مشاہدات-ڈیڈکشن-تجربات","مشاہدات-ہاپوتھیس-ڈیڈکشن-تجربات","مشاہدات-ہائپوتھیس-تجربات-ڈیڈکشن","مشاہدات-ڈیڈکشن-ہائپوتھیس-تجربات","B","Additional",""
"Punjab Board","Class 9","Biology","Chapter 1","1.6 SCIENTIFIC METHOD","MCQ","Medium","1","Identifying and defining a problem that scientists wants to investigate through scientific inquiry:","کسی مسئلے کی پہچان اور وضاحت کرنا جس کی سائنس دان سائنسی تحقیقات کے ذریعے تحقیق کرنا چاہتے ہیں:","Recognition of a problem","Observation","Hypothesis","Deduction","مسئلے کی پہچان","مشاہدات","ہائپوپھیس","ڈیڈکشن","A","Additional",""
"Punjab Board","Class 9","Biology","Chapter 1","1.6 SCIENTIFIC METHOD","MCQ","Medium","1","Which type of observation describe the color and texture of a flower:","کس قسم کا مشاہدہ پھول کے رنگ اور ساخت کو بیان کرتا ہے:","Qualitative observation","Quantitative observation","Theoretical observation","Information based observation","معیاری مشاہدات","مقداری مشاہدات","نظریاتی مشاہدہ","معلومات پر مبنی مشاہدات","A","Additional",""
"Punjab Board","Class 9","Biology","Chapter 1","1.6 SCIENTIFIC METHOD","MCQ","Medium","1","Which of the following involves measurements or numerical data:","مندرجہ ذیل میں سے کس میں پیمائش یا عددی ڈیٹا شامل ہے:","Qualitative observation","Quantitative observation","Theoretical observation","Information based observation","معیاری مشاہدات","مقداری مشاہدات","نظریاتی مشاہدات","معلومات پر مبنی مشاہدات","B","Additional",""
"Punjab Board","Class 9","Biology","Chapter 1","1.6 SCIENTIFIC METHOD","MCQ","Medium","1","Tentative answer of scientific problem is called:","سائنسی مسئلے کا عارضی جواب کہلاتا ہے:","Observation","Hypothesis","Deduction","Experiment","مشاہدہ","ہائپو تھیس","ڈیڈکشن","تجربہ","B","Additional",""
"Punjab Board","Class 9","Biology","Chapter 1","1.6 SCIENTIFIC METHOD","MCQ","Medium","1","Which of the following statement is not involved in characteristics of hypothesis:","مندرجہ ذیل میں سے کون سا بیان ہائپوتھیس کی خصوصیات میں شامل نہیں ہے:","It is proposed statement to answer the problem","It always matches with the available observation","It can be rested through experiments","There is no way to disprove the hypothesis","مسئلہ کا جواب دینے کے لیے یہ تجویز کردہ بیان ہے","یہ ہمیشہ دستیاب مشاہدے سے ملتا ہے","اسے تجربات کے ذریعے آرام دیا جا سکتا ہے","ہائپوتھیس کو غلط ثابت کرنے کا کوئی طریقہ نہیں ہے","D","Additional",""
"Punjab Board","Class 9","Biology","Chapter 1","1.6 SCIENTIFIC METHOD","MCQ","Medium","1","Deduction follow the pattern of:","ڈیڈکشن پیٹرن استعمال کرتی ہے:","If-then","Now- then","Cause and effect","All can be used","اگر-تب","ابھی-کبھی","وجہ-اثر","تمام","A","Additional",""
"Punjab Board","Class 9","Biology","Chapter 1","1.6 SCIENTIFIC METHOD","MCQ","Medium","1","Which of the following is the most basic step of scientific method:","مندرجہ ذیل میں سے کون سا سائنسی طریقہ کار سب سے بنیادی مرحلہ ہے:","Observation","Hypothesis","Deduction","Experiment","مشاہدہ","ہائپوتھیس","ڈیڈکش","تجربہ","D","Additional",""
"Punjab Board","Class 9","Biology","Chapter 1","1.6 SCIENTIFIC METHOD","MCQ","Medium","1","For biological research, scientific method is called:","طبی تحقیق کےلیے، سائنسی طریقہ کہلاتا ہے:","Scientific method","Biological method","Deduction","Observation","سائنسی طریقہ","بائیولوجیکل طریقہ","ڈیڈکشن","مشاہدہ","B","Additional",""
"Punjab Board","Class 9","Biology","Chapter 1","1.6 SCIENTIFIC METHOD","MCQ","Medium","1","Number of steps of biological method are:","بائیو لوجیکل مسئلے کے مراحل کی تعداد ہے:","Four","Five","Six","Seven","چار","پانچ","چھ","سات","C","Additional",""
"Punjab Board","Class 9","Biology","Chapter 1","1.6 SCIENTIFIC METHOD","MCQ","Medium","1","The first step to solve biological problem is:","بائیولوجیکل مسئلے کو حل کرنے کا پہلا مرحلہ ہے:","Recognition of problem","Observation","Hypothesis","Deduction","مسئلے کی پہچان","مشاہدہ","ہائپوتھیس","ڈیڈکشن","A","Additional",""
"Punjab Board","Class 9","Biology","Chapter 1","1.6 SCIENTIFIC METHOD","MCQ","Medium","1","Sense organs are.......in numbers:","حسی اعضاء ....... تعداد میں ہیں:","Five","Six","Seven","Eight","پانچ","چھ","سات","آٹھ","A","Additional",""
"Punjab Board","Class 9","Biology","Chapter 1","1.6 SCIENTIFIC METHOD","MCQ","Medium","1","lt can be tested through experiments belongs to:","تجربات کے ذریعے ٹیسٹ ہوتا ہے:","Observations","Deduction","Hypothesis","Results","مشاہدہ","ڈیڈکشن","ہائپوتھیس","نتائج","C","Additional",""
"Punjab Board","Class 9","Biology","Chapter 1","1.6 SCIENTIFIC METHOD","MCQ","Medium","1","Logical results of hypothesis are called:","ہائپوتھیس کے منطقی نتائج کہلاتے ہیں:","Deduction","Experiments","Hypothesis","Observations","ڈیڈکشن","تجربات","ہائپوتھیس","مشاہدات","B","Additional",""
"Punjab Board","Class 9","Biology","Chapter 1","1.6 SCIENTIFIC METHOD","MCQ","Medium","1","The most basic step of biological method is:","بائیولوجیکل میتھڈ کا اہم قدم ہوتا ہے:","Experimentation","Observation","Deduction","Hypothesis","تجربات","مشاہدہ","ڈیڈکشن","ہائپوتھیس","A","Additional",""
"Punjab Board","Class 9","Biology","Chapter 1","1.6 SCIENTIFIC METHOD","MCQ","Medium","1","Which observations are considered more accurate:","کون سے مشاہدات کو زیادہ درست سمجھا جاتا ہے:","Qualitative","Quantitative","Both a and b","None","معیاری","مقداری","الف اور ب دونوں","کوئی نہیں","B","Additional",""
"Punjab Board","Class 9","Biology","Chapter 1","1.6 SCIENTIFIC METHOD","MCQ","Medium","1","The starting point of scientific investigation is:","سائنسی تحقیقات کا نقطہ آغاز ہے:","Hypothesis","Theory","Observation","Data","ہائپوتھیس","تھیوری","مشاہدہ","ڈیٹا","C","Additional",""
"Punjab Board","Class 9","Biology","Chapter 1","1.6 SCIENTIFIC METHOD","MCQ","Medium","1","Information that is gathered as a result of an experiment is called:","کسی تجربے کے نتیجے میں جمع ہونے والی معلومات کو کہا جاتا ہے:","Hypothesis","Data","Theory","Observation","ہائپوتھیس","ڈیٹا","تھیوری","مشاہدہ","B","Additional",""
"Punjab Board","Class 9","Biology","Chapter 1","1.6 SCIENTIFIC METHOD","MCQ","Medium","1","A good hypotheis must be:","ایک اچھے ہائپوتھیس کو ضرور ہونا چاہیے:","Proven right","Complex","Testable and potentially falsifiable","Based in a single observation","درست ثابت ہو","پیچیدہ ہو","قابل جانچ اور ممکنہ طور پر غلط","ایک ہی مشاہدے کی بنیاد پر","C","Additional",""
"Punjab Board","Class 9","Biology","Chapter 1","1.6 SCIENTIFIC METHOD","MCQ","Medium","1","A well-substained explanations of hypothesis is called:","ایک ہائپوتھیس کی تحقیقی طلب وضاحت کہلاتی ہے:","Observation","Deduction","Experimentation","Experiment","مشاہدہ","ڈیڈکشن","تجرباتی طریقہ","تجربہ","B","Additional",""
"Punjab Board","Class 9","Biology","Chapter 1","1.6 SCIENTIFIC METHOD","MCQ","Medium","1","Five sense are involved in:","پانچ حسیں شامل ہوتی ہیں:","Hypothesis","Observation","Deduction","Experiment","ہائپوتھیس","مشاہدہ","ڈیڈکشن","تجربہ","B","Additional",""
"Punjab Board","Class 9","Biology","Chapter 1","1.6 SCIENTIFIC METHOD","MCQ","Medium","1","The scientific method in which biological problems are solved is termed as:","وہ سائنٹفک میتھڈ جس میں بیالوجیکل پرابلم کو حل کیا جاتا ہے، کہلاتا ہے:","Physical method","Biological method","Chemical method","Statistical method","فزیکل میتھڈ","بیالوجیکل میتھڈ","کیمیکل میتھڈ","سٹیٹسیکل میتھڈ","B","Additional",""
"Punjab Board","Class 9","Biology","Chapter 1","1.6 SCIENTIFIC METHOD","MCQ","Medium","1","Deductions are drawn from:","ڈیڈکشن لی جاتی ہیں:","Experiments","Hypothesis","Theory","Law","تجربات","ہائپوتھیس","تھیوری","قانون","B","Additional",""
"Punjab Board","Class 9","Biology","Chapter 1","1.6 SCIENTIFIC METHOD","MCQ","Medium","1","In biological method the next step of hypothesis is called:","بائیو لوجیکل طریقہ میں ہائپوتھیس کا اگلا مرحلہ ہے:","Deduction","Observation","Result","Experiment","ڈیڈکشن","مشاہدہ","نتیجہ","تجربہ","A","Additional",""
"Punjab Board","Class 9","Biology","Chapter 1","1.6 SCIENTIFIC METHOD","MCQ","Medium","1","The scientific method in biology starts with:","بائیو لوجی میں سائنسی طریقہ شروع ہوتا ہے:","Hypothesis","Recognition of a problem","Analysis of results","Deduction","ہائپوتھیس","مسئلے کی پہچان سے","نتائج کا تجزیہ","ڈیڈکشن","B","Additional",""
"Punjab Board","Class 9","Biology","Chapter 1","1.6 SCIENTIFIC METHOD","MCQ","Medium","1","Following are the characteristics of a good hypothesis, EXCEPT:","درج ذیل اچھے ہائپوتھیس کی خصوصیات ہیں، سوائے:","Should be a complex statement","Should be a tentative data","Should be testable","Should agree with available observations","ایک پیچیدہ بیان ہونا چاہئے","ایک عارضی ڈیٹا ہونا چاہیے","جانچ کے قابل ہو","دستیاب مشاہدات سے متفق ہو","A","Additional",""
"Punjab Board","Class 9","Biology","Chapter 1","1.6 SCIENTIFIC METHOD","MCQ","Medium","1","Which of the following best describes the logic of the scientific process?","مندرجہ ذیل میں سے کونسا سائنسی عمل کے منطق کوبہتر انداز میں بیان کرتا ہے:","It generate a testable hypothesis, test and observation will support it","If my prediction is correct, it will lead to testable hypothesis","If my observations are accurate, they will support my hypothesis","If my hypothesis is correct, I can except certain test result","یہ ایک قابل آزمائش ہائپو تھیس تیار کرتا ہے، ٹیسٹ اور مشاہدہ اس کی حمایت کرے گا","اگر میری پیشین گوئی درست ہے، تو یہ قابل امتحان ہائپوتھیس کا باعث بنے گی","اگر میرے مشاہدات درست ہیں تو وہ میرے مفروضے کی تائید کریں گے","اگر میرا مفروضہ درست ہے تو میں کچھ ٹیسٹ کے نتائج کے علاوہ کر سکتا ہوں","C","Additional",""
"Punjab Board","Class 9","Biology","Chapter 1","1.6 SCIENTIFIC METHOD","MCQ","Medium","1","Main types of observation are:","مشاہدے کی بنیادی اقسام ہیں:","Two","Three","Four","Five","دو","تین","چار","پانچ","A","Additional",""
"Punjab Board","Class 9","Biology","Chapter 1","1.6 SCIENTIFIC METHOD","MCQ","Medium","1","Counting the numbers of Trees in a garden is:","باغ میں درختوں کی گنتی کرنا کہلاتا ہے؟","Experiment","Observation","Deduction","None of these","تجربہ","مقداری مشاہدہ","ڈیڈکشن","ان میں سے کوئی نہیں","B","Additional",""
"Punjab Board","Class 9","Biology","Chapter 1","1.6 SCIENTIFIC METHOD","MCQ","Medium","1","Which of the following is essential skill for biologist?","بائیولوجسٹ کے لیے کون سی مہارت ضروری ہے؟","Data analysis","Observation","Experimentation","All of these","شماریاتی تجربہ","مشاہدہ","تجربہ","یہ سب","D","Additional",""
"Punjab Board","Class 9","Biology","Chapter 1","1.6 SCIENTIFIC METHOD","MCQ","Medium","1","Which of the following in an example of Quantitative Observation is Biology?","مندرجہ ذیل میں سے بائیولوجی میں مقداری مشاہدے کی مثال کیا ہے؟","Describing the color of flower","Measuring the length of leaf","Observing the behavior of an animal","None of these","پھول کے رنگ کی وضاحت کرنا","پتے کی لمبائی ناپنا","جانور کے رویے کا مشاہدہ","ان میں سے کوئی نہیں","B","Additional",""
"Punjab Board","Class 9","Biology","Chapter 1","1.6 SCIENTIFIC METHOD","MCQ","Medium","1","Identify the purpose of experiment:","تجربے کا مقصد ہوتا ہے:","To prove a hypothesis","To test a theory","To disprove a hypothesis","To explain a phenomenon","ہائپوتھیس کو ثابت کرنا","ہائپوتھیس کو ٹیسٹ کرنا","ہائپوتھیس کو ردکرنا","تفریح","B","Additional",""
"Punjab Board","Class 9","Biology","Chapter 1","1.7 THEORY AND LAW/PRINCIPLE","MCQ","Medium","1","What is supported by extensive evidence and have been repeatedly validated by multiple researches and studies:","جس چیز کی تائید وسیع شواہد سے ہوتی ہے اور متعدد تحقیقیوں اور مطالعات سے بار بار تصدیق کی جاتی ہے:","Observation","Hypothesis","Theory","Law","مشاہدہ","ہائپوتھیس","تھیوری","قانون","C","Additional",""
"Punjab Board","Class 9","Biology","Chapter 1","1.7 THEORY AND LAW/PRINCIPLE","MCQ","Medium","1","Theory of evolution explains:","ارتقا کی تھیوری وضاحت کرتی ہے:","How species destroyed over time","How species change over time","How species originate over time","How species spread over time","کیسے سپی شیز وقت کے ساتھ ختم ہورہی ہیں","کیسے سپی شیز وقت کے ساتھ بدل رہی ہیں","کیسے سپی شیز وقت کے ساتھ بن رہی ہیں","کیسے سپی شیز وقت کے ساتھ پھیل رہی ہیں","C","Additional",""
"Punjab Board","Class 9","Biology","Chapter 1","1.7 THEORY AND LAW/PRINCIPLE","MCQ","Medium","1","A scientific law is a uniform:","ایک سائنٹفک لاء ہے:","Repeated approval by experiments","Constant fact of nature","Both A and B","A new hypothesis","بار بار تجربات سے تصدیق","قدرت کا کبھی نہ بدلنے والا اصول","الف اور ب دونوں","ایک نیا ہاہپوتھیس","C","Additional",""
"Punjab Board","Class 9","Biology","Chapter 1","1.7 THEORY AND LAW/PRINCIPLE","MCQ","Medium","1","When new hypothesis is again proved by experiments, the original hypothesis becomes a:","جب ایک نیا ہائپو تھیس پھر تجربات سے ثابت ہوجائے ہائپوتھیس کا مرکز بن جاتا ہے:","Theory","Law","Principle","None","تھیوری","لاء","پرنسپل","کوئی نہیں","A","Additional",""
"Punjab Board","Class 9","Biology","Chapter 1","1.7 THEORY AND LAW/PRINCIPLE","MCQ","Medium","1","lf a theory is proved again and again by experiments, it becomes a:","اگر ایک تھیوری بار بار تجربات سے ثابت ہو، یہ بن جاتا ہے:","Law or principle","Theory","Reporting","Results","لاء یا قانون","تھیوری","رپورٹنگ","نتائج","A","Additional",""
"Punjab Board","Class 9","Biology","Chapter 1","1.7 THEORY AND LAW/PRINCIPLE","MCQ","Medium","1","When new hypotheses are again proved by experiments, the original hypothesis becomes a:","جب نئے ہائپوتھیس دوبارہ تجربات سے درست ثابت ہوجائیں تو اصل ہائپوتھیس بن جاتا ہے:","Law","Theory","Example","None of these","قانون","تھیوری","مثال","ان میں کوئی نہیں","B","Additional",""
"Punjab Board","Class 9","Biology","Chapter 1","1.7 THEORY AND LAW/PRINCIPLE","MCQ","Medium","1","If a theory is proved again and again by experiments,then its called:","اگر ایک نظریہ تجربات سے بار بار درست ثابت ہوجائے، تو اسے کہتے ہیں:","Hypothesis","Deduction","Law","All of these","ہائپوتھیس","ڈیڈکشن","قانون","یہ سب","C","Additional",""
"Punjab Board","Class 9","Biology","Chapter 1","1.8 Malaria-An Example of Biological Method","MCQ","Medium","1","People who slept near smoky fire had less chance to suffer from malaria.Why?","جو لوگ دھوئیں والی آگ کے قریب سوتے ہیں، انھیں ملیریا ہونے کا امکان کم کیوں ہوتا ہے؟","Smoke kills Plasmodium in their blood","Fire increases temperature and Plasmodium are killed in air","Mosquitoes cannot tolerate smoke and are repelled","Smoke kills Plasmodium present in mosquitoes","دھواں ان کے خون میں موجود پلازموڈیم کو ماردیتا ہے","آگ درجہ حرارت بڑھاتی ہے اور پلازموڈیم ہوا میں مرجاتا ہے","مچھر دھوئیں کو برداشت نہیں کرپاتے اور وہ دور بھاگ جاتے ہیں","دھواں مچھروں میں موجود پلازموڈیم کو مار دیتا ہے","A","Exercise",""
"Punjab Board","Class 9","Biology","Chapter 1","1.8 Malaria-An Example of Biological Method","MCQ","Medium","1","The only remedy for malaria from the 17th to the 20 th century is:","17ویں سے 20ویں صدی تک ملیریا کا واحد علاج یہ ہے:","Streptomycin","Tetracycline","Quinine","Penicillin","سٹرپٹوماسین","ٹیٹراسائکلائن","کوئینائن","پنسلین","C","Additional",""
"Punjab Board","Class 9","Biology","Chapter 1","1.8 Malaria-An Example of Biological Method","MCQ","Medium","1","Which one is the cause of malaria:","ملیریا کا سبب بنتا ہے:","Trypanosoma","Plasmodium","Cinchona","Quinine","ٹرپینوسوما","پلازموڈیم","سنچونا","کوئینائن","B","Additional",""
"Punjab Board","Class 9","Biology","Chapter 1","1.8 Malaria-An Example of Biological Method","MCQ","Medium","1","Who did research on the cause of malaria:","ملیریا کے سبب پر کس نے تحقیق کی ہے:","Ronald Ross","Pasteur","AFA king","Laveran","رونالڈ روس","پاسچر","اے ایف اے کنگ","لاویران","A","Additional",""
"Punjab Board","Class 9","Biology","Chapter 1","1.8 Malaria-An Example of Biological Method","MCQ","Medium","1","In the experiment to find the cause of malaria, malarial patients were:","ملیریا کا سبب معلوم کرنے کے تجربے میں، ملیریا کا مریض:","Control center","Experimental groups","Control group","Normal group","کنٹرول سنٹر ہے","تجرباتی گروپس","کنٹرول گروپ","عام گروپ","B","Additional",""
"Punjab Board","Class 9","Biology","Chapter 1","1.8 Malaria-An Example of Biological Method","MCQ","Medium","1","Plasmodium is transmitted by:","پلازموڈیم منتقل ہوتا ہے:","Insects","Mosquito","Planaria","Earthworms","کیڑوں","مچھروں","پلانیریا","کیچڑ","B","Additional",""
"Punjab Board","Class 9","Biology","Chapter 1","1.8 Malaria-An Example of Biological Method","MCQ","Medium","1","Which mosquito transmit Plasmodium in man:","کون سا مچھر انسان میں پلازموڈیم منتقل کرتا ہے:","Anopheles","Aedes","Culex","Mansonia","اینوفیلیز","ایڈیس","کیولیکس","مانسونیا","A","Additional",""
"Punjab Board","Class 9","Biology","Chapter 1","1.8 Malaria-An Example of Biological Method","MCQ","Medium","1","Plasmodium causes to spread the disease:","پلازموڈیم کس بیماری کے پھیلاؤ کا باعث بنتا ہے:","Yellow Fever","T.B","Polio","Malaria","پیلا بخار","ٹی۔بی","پولیو","ملیریا","D","Additional",""
"Punjab Board","Class 9","Biology","Chapter 1","1.8 Malaria-An Example of Biological Method","MCQ","Medium","1","The army physician who observed at malaria in 1878:","فوجی معالج نے 1878 میں ملیریا کی وجہ پر تحقیق کی:","Ronald Ross","Mendel","A.F.A. king","Laveran","رونالڈ روس","مینڈل","اے ایف اے کنگ","لیوران","D","Additional",""
"Punjab Board","Class 9","Biology","Chapter 1","1.8 Malaria-An Example of Biological Method","MCQ","Medium","1","lf Plasmodium is cause of malaria, then all persons ill with malaria should have Plasmodium in their blood.""lt is:","اگر پلازموڈیم ملیریا کا باعث ہے، تو ملیریا کا شکار تمام افراد کے خون میں پلازموڈیم ہونا چاہیے، یہ ہے:","Hypothesis","Deduction","Law","Observation","ہائپوتھیس","ڈیڈکشن","قانون","مشاہدہ","B","Additional",""
"Punjab Board","Class 9","Biology","Chapter 1","1.8 Malaria-An Example of Biological Method","MCQ","Medium","1","The blood of 100 healthy persons were tested under microscope, this group is called:","مائیکروسکوپ کے ذریعے 100 صحت مند آدمیوں کا معائنہ کیا گیا۔ یہ گروپ کہلاتا ہے:","Control group","Malarial group","Infected","Healthy group","کنٹرول گروپ","ملیریل گروپ","انفیکشن کا شکار","صحت مند گروپ","A","Additional",""
"Punjab Board","Class 9","Biology","Chapter 1","1.8 Malaria-An Example of Biological Method","MCQ","Medium","1","A doctor A.F.A. king made 20 observations on malaria in:","ایک ڈاکٹر اے ایف اے کنگ نےملیریا کے متعلق 20 مشاہدات پیش کیے:","1883AD","1985AD","1829AD","1825AD","","","","","A","Additional",""
"Punjab Board","Class 9","Biology","Chapter 1","1.8 Malaria-An Example of Biological Method","MCQ","Medium","1","Ronald Ross done his experiments in:","رونالڈ روس نے اپنے تجربات کیے:","India","Japan","China","England","انڈیا میں","جاپان میں","چین میں","انگلینڈ میں","A","Additional",""
"Punjab Board","Class 9","Biology","Chapter 1","1.8 Malaria-An Example of Biological Method","MCQ","Medium","1","The disease which has killed more people than any other disease is:","بیماری جس نے دوسری بیماریوں کے نسبت زیادہ لوگوں کو مارا تھا۔ وہ ہے:","AIDS","Hepatitis","Malaria","Typhoid","آے آئی ڈی ایس","ہیپاٹائٹس","ملیریا","ٹائیفائیڈ","C","Additional",""
"Punjab Board","Class 9","Biology","Chapter 1","1.8 Malaria-An Example of Biological Method","MCQ","Medium","1","ln sparrows’ malaria is spread by:","چڑیوں میں ملیریا پھیلتا ہے:","Culex","Anopheles","Marshy areas","Any mosquito","کیولیکس","اینوفلیس","دلدلی علاقے","کسی بھی مچھر سے","A","Additional",""
"Punjab Board","Class 9","Biology","Chapter 1","1.8 Malaria-An Example of Biological Method","MCQ","Medium","1","The growth of plasmodium in human body takes place in:","انسانی جسم میں پلازموڈیم کی نشوونما ہوتی ہے:","Stomach","Small intestine","Liver","Kidneys","معدہ میں","چھوٹی آنت میں","جگر میں","گردے میں","A","Additional",""
"Punjab Board","Class 9","Biology","Chapter 1","1.8 Malaria-An Example of Biological Method","MCQ","Medium","1","Malaria is caused by:","ملیریا کی وجہ ہے:","Mosquito","Stagnant water","Swamp","Plasmodium","مچھر","سٹیگنینٹ پانی","سوارپ","پلازموڈیم","D","Additional",""
"Punjab Board","Class 9","Biology","Chapter 1","1.8 Malaria-An Example of Biological Method","MCQ","Medium","1","A.F.A King listed observations:","اے ایف اے کنگ نے مشاہدات دئیے:","10","20","30","40","","","","","B","Additional",""
"Punjab Board","Class 9","Biology","Chapter 1","1.8 Malaria-An Example of Biological Method","MCQ","Medium","1","Who perform experiment on sparrow?","چڑیا پر تجربہ کس نے کیا:","Ross","A.F.A King","Laveran","None of these","روس","اے۔ایف۔اے کنگ","لیوران","ان میں سے کوئی نہیں","A","Additional",""
"Punjab Board","Class 9","Biology","Chapter 1","1.8 Malaria-An Example of Biological Method","MCQ","Medium","1","For the first time who found Plasmodium in the blood of malarial patient?","پہلے دفعہ کس نے ملیریا سے متاثرہ شخص کے خون میں پلازموڈیم دریافت کیا:","Ronald","Laveran","A.F.A King","Mendel","رونالڈ","لیوران","اے-ایف-اے کنگ","مینڈل","B","Additional",""
"Punjab Board","Class 9","Biology","Chapter 1","1.8 Malaria-An Example of Biological Method","MCQ","Medium","1","What is the correct experiment to know that Plasmodium destroys blood cells?","یہ جاننے کا صحیح تجربہ کیا ہے کہ پلازموڈیم خون کے خلیات کو تباہ کرتا ہے؟","Examine the blood of a single healthy person","Examine the blood of a single infected person","Allow mosquito to bite a healthy person and examine his blood","Examine the blood of some healthy and also some infected persons","ایک صحت مند شخص کے خون کی جانچ کریں","کسی ایک متاثرہ شخص کے خون کی جانچ کریں","مچھر کو ایک صحت مند انسان کو کاٹنے دیں اوراس کے خون کا مشاہدہ کریں","کچھ صحت مند اور کچھ متاثرہ افراد کے خون کی جانچ کریں","D","Additional",""
"Punjab Board","Class 9","Biology","Chapter 1","1.8 Malaria-An Example of Biological Method","MCQ","Medium","1","How many years ago malaria was known to physicians?","ڈاکٹروں کو ملیریا کے بارے میں کتنے سال پہلے معلوم ہوا تھا؟","1000 years","2000 years","5000 years","100 years","1000 سال","2000 سال","5000 سال","100 سال","B","Additional",""
"Punjab Board","Class 9","Biology","Chapter 1","1.8 Malaria-An Example of Biological Method","MCQ","Medium","1","When Laveran did research on cause of malaria?","لیوران نے ملیریا کی وجہ ناننے کے لیے تحقیق کب کی؟","1778","1670","1878","1678","","","","","C","Additional",""
"Punjab Board","Class 9","Biology","Chapter 1","1.8 Malaria-An Example of Biological Method","MCQ","Medium","1","How is malaria casually Transmitted?","ملیریا عموماً کیسے پھیلتا ہے؟","Through contaminated food","Through direct contact with an infected person","Through the bite of an infected mosquito","Through air born transmission","","","","","C","Additional",""
"Punjab Board","Class 9","Biology","Chapter 1","1.8 Malaria-An Example of Biological Method","MCQ","Medium","1","What is a common method of preventing malaria?","ملیریا سے بچاؤ کا عام طریقہ کیا ہے؟","Using insecticide","Wearing protective clothing","Appling insect repellent","All of the above","کیڑے ماردواکا استعمال","حفاظتی لباس پہننا","انسیکٹ ریپلنٹ لگانا","ان سب کا استعمال","D","Additional",""
"Punjab Board","Class 9","Biology","Chapter 1","1.8 Malaria-An Example of Biological Method","MCQ","Medium","1","Scientist developed a logical result by taking a hypothesis as true and forms:","سائنسدان ہائپوتھیس کو درست مان کر منطقی نتیجہ اخذ کرتے ہیں،اُسے کہتے ہیں:","Deduction","Theory","Law","Principle","ڈیڈکشن","تھیوری","قانون","اصول","A","Additional",""
"Punjab Board","Class 9","Biology","Chapter 1","1.8 Malaria-An Example of Biological Method","MCQ","Medium","1","Ronald Ross performed his experiments in:","رونالڈروس نے اپنے تجربات کیے:","1680","1780","1880","1980","","","","","C","Additional",""
"Punjab Board","Class 9","Biology","Chapter 1","1.8 Malaria-An Example of Biological Method","MCQ","Medium","1","What was the main object of Ronald Ross's Experiments?","رونالڈروس کے تجربات کا بنیادی مقصد کیا تھا؟","To discover the cause of malaria","To develop a vaccine for malaria","To study the life cycle of Malaria parasite","To investigate the role of mosquitoes in transmitting malaria","ملیریا کی وجہ معلوم کرنا","ملیریا کی ویکسین بنانا","ملیریا کے پیراسائٹ کی زندگی کے چکر کا مطالعہ","مچھر کے ذریعے ملیریا کی منتقلی کی تحقیق","D","Additional",""
"Punjab Board","Class 9","Biology","Chapter 1","1.8 Malaria-An Example of Biological Method","MCQ","Medium","1","The mosquito which causes malaria is bird:","وہ مچھر جو پرندوں میں ملیری پھیلاتا ہے:","Male culex","Female culex","Male anopheles","Female anopheles","نرکیولیکس","مادہ کیولیکس","نراینوفلیز","مادہ اینوفلیز","B","Additional",""
"Punjab Board","Class 9","Biology","Chapter 2","2.1 BIODIVERSITY","MCQ","Medium","1","The variety of organisms in a particular area:","کسی خاص علاقے میں جانداروں کی مختلف قسم:","Biodiversity","Classification","Domains","Binomial nomenclature","بائیوڈائیورسٹی","کلاسیفیکیشن","ڈومینز","بائی نومیل نومل کلچر","A","Additional",""
"Punjab Board","Class 9","Biology","Chapter 2","2.1 BIODIVERSITY","MCQ","Medium","1","The biodiversity in a place depends on factors:","ایک جگہ پر بائیو ڈائیورسٹی عوامل پرمنحصر ہے:","Climate","Altitude","Soil type","All","آب وہوا","بلندی","مٹی کی قسم","تمام","D","Additional",""
"Punjab Board","Class 9","Biology","Chapter 2","2.1 BIODIVERSITY","MCQ","Medium","1","The international biodiversity day is:","بین الاقوامی بائیو ڈائیورسٹی کا عالمی دن ہے؟","21st May","22nd May","21st June","22nd June","21 مئی","22 مئی","21 جون","22 جون","B","Additional",""
"Punjab Board","Class 9","Biology","Chapter 2","2.1 BIODIVERSITY","MCQ","Medium","1","Biodiversity helps maintain the balance of ecosystem by contributing to the:","بائیو ڈائیورسٹی میں تعاون کےلیے ماحولیاتی نظام کے توازن کو برقرار رکھنے میں مدد ملتی ہے:","Water cycle","Carbon cycle","Nitrogen cycle","All of the above","واٹر سائیکل سے","کاربن سائیکل سے","نائٹروجن سائیکل سے","درج بالا تمام","D","Additional",""
"Punjab Board","Class 9","Biology","Chapter 2","2.1 BIODIVERSITY","MCQ","Medium","1","Which of the following help to regulate the climate:","مندرجہ ذیل میں سے کون آب وہوا کو برقرار رکھنے میں مدد کرتا ہے؟","Amoeba","Protozoa","Algae","Bacteria","امیبیا","پروٹوزہ","الجی","بیکٹیریا","C","Additional",""
"Punjab Board","Class 9","Biology","Chapter 2","2.1 BIODIVERSITY","MCQ","Medium","1","What does biodiversity refer to:","بائیو ڈائیورسٹی سے کیا مراد ہے؟","The variety of living organism is an area","The quantity of water bodies a region","The speed at which species evolve","The number of cells in a organism","ایک علاقے میں مختلف قسم کے جاندار","ایک علاقے میں آبی اجسام کی مقدار","رفتار جس میں سپی شیز کا ارتقا ہوتا ہے","ایک جاندار میں سیلز کی تعداد","A","Additional",""
"Punjab Board","Class 9","Biology","Chapter 2","2.1 BIODIVERSITY","MCQ","Medium","1","Importance of biodiversity is:","بائیوڈائیورسٹی کی اہمیت ہے:","It provides food and shelter to humans","Its maintains the ecosystem","Its supports the tourism industry","All of this","یہ انسانوں کو خوراک اور رہائش فراہم کرتی ہے","یہ ایکوسسٹم کو برقراررکھتی ہے","یہ سیاحت کی صنعت کو سہارا دیتی ہے","یہ سب کچھ","D","Additional",""
"Punjab Board","Class 9","Biology","Chapter 2","2.2 CLASSIFICATION","MCQ","Medium","1","Out of total kinds of organisms, how many are the kinds of plants?","جانداروں کی کل اقسام میں سے پودوں کی کتنی اقسام ہیں؟","0.5 million","1 million","1.5 million","2 million","0.5 ملین","1 ملین","1.5 ملین","2 ملین","A","Additional",""
"Punjab Board","Class 9","Biology","Chapter 2","2.2 CLASSIFICATION","MCQ","Medium","1","Out of total kinds of organisms, how many kinds of animals are:","جانداروں کی کل اقسام میں سے جانوروں کی کتنی اقسام ہیں:","0.5 million","1 million","1.5 million","2 million","0.5 ملین","1 ملین","1.5 ملین","2 ملین","C","Additional",""
"Punjab Board","Class 9","Biology","Chapter 2","2.2 CLASSIFICATION","MCQ","Medium","1","A method by which biologists divide organisms into groups and subgroups on the basis of similarities found in them:","ایک ایسا طریقہ کار جس کے ذریعے بائیولوجسٹس جانداروں کو ان میں پائے جانے والی مشابہتوں کی بنیاد پر گروپس اور سب گروپس میں تقسیم کرتے ہیں؟","Biodiversity","Classification","Domains","Binomial nomenclature","بائیو ڈائیورسٹی","کلاسیفیکیشن","ڈومینز","بائیو نومیل نومن کلچر","B","Additional",""
"Punjab Board","Class 9","Biology","Chapter 2","2.2 CLASSIFICATION","MCQ","Medium","1","Which of the following statement describes the aim of classification:","مندرجہ ذیل میں سے کونسا بیان کلاسیفیکشن کے مقصد کو بیان کرتا ہے؟","To study the principle of genetics","To find the cause of origin of organisms","To find the evolutionary relationships among organisms","To determine the cause of deterioration of species","جنیٹکس کے اصولوں کا مطالعہ کرنا","جانداروں کی اصلیت کی وجہ تلاش کرنے کےلیے","جانداروں کے درمیان ارتقائی تعلقات تلاش کرنا","سپی شیز کے بگاڑ کی وجہ تلاش کرنا","C","Additional",""
"Punjab Board","Class 9","Biology","Chapter 2","2.2 CLASSIFICATION","MCQ","Medium","1","Which of the following provides a framework for studying and comparing different species:","مندرجہ ذیل میں سے کون سپی شیز کا مطالعہ اور موازنہ کرنے کےلیے فریم ورک مہیا کرتا ہے؟","Biodiversity","Classification","Domain","Binomial nomenclature","بائیو ڈائیورسٹی","کلاسیفیکیشن","ڈومین","بائیو نومیل نومل کلچر","B","Additional",""
"Punjab Board","Class 9","Biology","Chapter 2","2.2 CLASSIFICATION","MCQ","Medium","1","Which of the following statement is incorrect about classification:","کلاسیفیکیشن کے بارے میں درج ذیل میں سے کون سا بیان غلط ہے:","Explains the interrelationship among organisms","Provides a common language for biologists","Helps in the identification of existing species","In understanding the evolutionary relationships","جانداروں کے مابین باہمی تعلقات کی وضاحت کرنا","بائیو لوجسٹس کےلیے ایک مشترکہ زبان فراہم کرنا","موجودہ سپی شیز کی شناخت میں مدد کرنا","ارتقائی تعلقات کو سمجھنا","C","Additional",""
"Punjab Board","Class 9","Biology","Chapter 2","2.2 CLASSIFICATION","MCQ","Medium","1","The branch of biology which deals with classification is:","بائیولوجی کی وہ شاخ جو کلاسسیفیکیشن سے متعلق ہو:","Taxonomy","Systematic","Botany","Genetics","ٹیکسانومی","سسٹمیٹک","بوٹنی","جنیٹکس","A","Additional",""
"Punjab Board","Class 9","Biology","Chapter 2","2.2 CLASSIFICATION","MCQ","Medium","1","How many types of organisms have biologists named and classified?","بائیولوجسٹ نے کتنی اقسام کے جانداروں کے نام رکھے اوران کی درجہ بندی کی ہے؟","1 Million","2 Million","4 Million","6 Million","1 ملین","2 ملین","4 ملین","6 ملین","B","Additional",""
"Punjab Board","Class 9","Biology","Chapter 2","2.2 CLASSIFICATION","MCQ","Medium","1","On what basis do biologists classify organisms into groups and sub-groups?","بائیولوجسٹ جانداروں کو گروپوں اور ذیلی گروپوں میں کس بنیادپر تقسیم کرتے ہیں","Similar physical characteristics","Age and generation","Regions and areas","Height and Weight","مشابہ جسمانی خصوصیات","عمر اور نسل","خطے اور علاقے","قداوروزن","A","Additional",""
"Punjab Board","Class 9","Biology","Chapter 2","2.2 CLASSIFICATION","MCQ","Medium","1","What do biologists study about living organisms through classification?","بائیولوجسٹ کلاسیفیکیشن سے جانداروں کی کس چیزیز کا مطالعہ کرتے ہیں؟","Habits and Diet","Wide diversity","Lifestyle","Life","عادات وخوراک","وسیع ڈائیوورسٹی","رہن سہن","زندگی","B","Additional",""
"Punjab Board","Class 9","Biology","Chapter 2","2.3 TAXONOMIC RANKS","MCQ","Medium","1","Which of the following taxonomic ranks represents the broadest rank?","ٹیکسانومی کے درج ذیل درجات میں سے کون سا درجہ سب سے بڑا ہے؟","Species","Genus","Kingdom","Domain","سپی شیز","جینس","کنگڈم","ڈومین","D","Exercise",""
"Punjab Board","Class 9","Biology","Chapter 2","2.3 TAXONOMIC RANKS","MCQ","Medium","1","Who devised the Linnaean system of taxonomic ranks in 1735:","1735 میں کس نے ٹیکسانومی کے درجات کا لینئیں سسٹم متعارف کروایا:","Darwin","Carl Linnaeus","Mendel","Ronald Ross","ڈارون","کارل لینئیس","مینڈل","رونالڈ روس","B","Additional",""
"Punjab Board","Class 9","Biology","Chapter 2","2.3 TAXONOMIC RANKS","MCQ","Medium","1","Which rank was added to the taxonomic ranks in 1977:","ٹیکسانومی کے درجات میں کونسا درجہ 1977 میں شامل کیا گیا؟","Domain","Kingdom","Phylum","Class","ڈومین","کنگڈم","فائیلم","کلاس","A","Additional",""
"Punjab Board","Class 9","Biology","Chapter 2","2.3 TAXONOMIC RANKS","MCQ","Medium","1","The highest taxonomic rank is:","ٹیکسانومی کا سب سے اعلی درجہ ہے:","Domain","Kingdom","Phylum","Class","ڈومین","کنگڈم","فائیلم","کلاس","A","Additional",""
"Punjab Board","Class 9","Biology","Chapter 2","2.3 TAXONOMIC RANKS","MCQ","Medium","1","Organisms are divided into ...... ranks:","جانداروں کو ...... درجات میں تقسیم کیا گیا ہے:","Two","Three","Four","Eight","دو","تین","چار","آٹھ","D","Additional",""
"Punjab Board","Class 9","Biology","Chapter 2","2.3 TAXONOMIC RANKS","MCQ","Medium","1","Domain is divided into:","ڈومین کو تقسیم کیا جاتا ہے:","Kingdom","Phylum","Class","Order","کنگڈم","فائیلم","کلاس","آرڈر","A","Additional",""
"Punjab Board","Class 9","Biology","Chapter 2","2.3 TAXONOMIC RANKS","MCQ","Medium","1","Kingdom is sub divided into related:","کنگڈم مزید قریبی تعلق رکھنے والے میں تقسیم ہوتا ہے:","Phyla","Division","Both A and B","Class","فائیلم","ڈویژن","الف اور ب دونوں","کلاس","A","Additional",""
"Punjab Board","Class 9","Biology","Chapter 2","2.3 TAXONOMIC RANKS","MCQ","Medium","1","What comes next to family:","فیملی کے بعد کیا آتا ہے؟","Order","Class","Genus","Species","آرڈر","کلاس","جینس","سپی شیز","C","Additional",""
"Punjab Board","Class 9","Biology","Chapter 2","2.3 TAXONOMIC RANKS","MCQ","Medium","1","The most specific level of classification:","کلاسفیکشن کا سب سے مخصوص لیول ہے:","Order","Class","Genus","Species","آرڈر","کلاس","جینس","سپی شیز","D","Additional",""
"Punjab Board","Class 9","Biology","Chapter 2","2.3 TAXONOMIC RANKS","MCQ","Medium","1","It consist of similar organisms that can interbreed and produce fertile offspring:","یہ ایسے جانداروں پر مشتمل ہے جو افزائش تولیس کرسکیں اور نئے جاندار پیدا کرسکیں:","Order","Species","Genus","Family","آرڈر","سپی شیز","جینس","فیملی","B","Additional",""
"Punjab Board","Class 9","Biology","Chapter 2","2.3 TAXONOMIC RANKS","MCQ","Medium","1","The order of fruit fly is:","پھل کی مکھی کا آرڈر ہے:","Insecta","Diptera","Drosophilidae","Drosophila","انسکٹا","ڈیپٹریا","ڈروسوفلیڈیا","ڈروسوفلا","B","Additional",""
"Punjab Board","Class 9","Biology","Chapter 2","2.3 TAXONOMIC RANKS","MCQ","Medium","1","The human belongs to which family:","انسان کا تعلق کس فیملی سے ہے؟","Primates","Hominidae","Fabales","Fabaceae","پرائی میٹس","ہومی نائیڈی","فے بیلز","فی بلیس","B","Additional",""
"Punjab Board","Class 9","Biology","Chapter 2","2.3 TAXONOMIC RANKS","MCQ","Medium","1","What is the genus of pea:","مٹر کے جینس کیا ہیں؟","Fabales","Fabaceae","Pisum","P. Sativum","فی بیلز","فی بلیسی","پائی سم","پی سیٹوم","C","Additional",""
"Punjab Board","Class 9","Biology","Chapter 2","2.3 TAXONOMIC RANKS","MCQ","Medium","1","Who created a classification system for living things based on seven levels of taxonomy?","کس نے جانداروں کےلیے ٹیکسانومی کے سات درجات پر کلاسیفکیشن سسٹم بنایا؟","Ibn Rushd","Tournefort","Carl Linnaeus","Andrea Caesalpinia","ابن رشد","ٹورنفورٹ","کارل لینیئس","اینڈریا سیسلپینیا","C","Additional",""
"Punjab Board","Class 9","Biology","Chapter 2","2.3 TAXONOMIC RANKS","MCQ","Medium","1","Who is considered the father of modern taxonomy?","جدید ٹیکسانومی کا باپ کس کو سمجھا جاتا ہے؟","Albert Einstein","Gregor Mednel","Chales Darwin","Carl Linnaeus","البرٹ آئن سٹائن","گریگور مینڈل","چارلس ڈارون","کارل لینیئس","D","Additional",""
"Punjab Board","Class 9","Biology","Chapter 2","2.3 TAXONOMIC RANKS","MCQ","Medium","1","A related group of genera consist of:","جینزرا ایک متعلقہ گروپ ہے:","A phylum","A class","An order","A family","فائیلم","کلاس","آرڈر","فیملی","D","Additional",""
"Punjab Board","Class 9","Biology","Chapter 2","2.3 TAXONOMIC RANKS","MCQ","Medium","1","If humans and cats belong to the same class, they must belong to the same:","اگر انسانوں اور بلیوں کا تعلق ایک ہی کلاس سے ہوتو ان میں ایک جیسا ہوگا:","Phylum","Order","Family","Genus","فائیلم","آرڈر","فیملی","جینس","A","Additional",""
"Punjab Board","Class 9","Biology","Chapter 2","2.3 TAXONOMIC RANKS","MCQ","Medium","1","Which one is the basic unit of classification?","کلاسیفکیشن کی بنیادی اکائی کون سی ہے؟","Kingdom","Phylum","Class","Species","کنگڈم","فائیلم","کلاس","سپی شیز","D","Additional",""
"Punjab Board","Class 9","Biology","Chapter 2","2.3 TAXONOMIC RANKS","MCQ","Medium","1","Which of the following is correct order of Taxonomic ranks from General to most specific?","ٹیکسانومی میں درجوں کی درست ترتیب ہے:","Kingdom,Phylum,Class,Order,Family,Genus,Species","Phylum,Species,Genus,Order,Kingdom","Species,Genus,Family,Order,Class,Phylum,Kingdom","None of these","کنگڈم،فائلم،کلاس،آرڈر،فیملی،جینس،سپی شیز","فائلم،سپی شیز،جینس،آرڈر،کنگڈم","سپی شیز،جینس،فیملی،آرڈر،کلاس،فائلم،کنگڈم","ان میں سے کوئی نہیں","A","Additional",""
"Punjab Board","Class 9","Biology","Chapter 2","2.3 TAXONOMIC RANKS","MCQ","Medium","1","Rank that includes related genera:","ہرآرڈر تقسیم ہوتا ہے:","Family","Order","Class","Phylum","فیملی میں","آرڈر میں","کلاس میں","فائلم میں","A","Additional",""
"Punjab Board","Class 9","Biology","Chapter 2","2.4 History of Classification","MCQ","Medium","1","Which of the following is a key characteristic that distinguishes eukaryotic cells from prokaryotic cells?","درج ذیل میں سے کون سی خصوصیت یوکیریوٹک سیلز کو پروکیریوٹک سیلز سے الگ کرتی ہے؟","Lack of a cell wall","Presence of a nucleus","Absence of ribosomes","Smaller size","سیل وال کی غیر موجودگی","نیوکلئیس کی موجودگی","رائبوسومز کی غیر موجودگی","چھوٹا سائز","B","Exercise",""
"Punjab Board","Class 9","Biology","Chapter 2","2.4 History of Classification","MCQ","Medium","1","Who translated Aristotle book into Arabic?","ارسطو کی کتاب کا عربی میں ترجمہ کس نے کیا؟","Ibn Rushd","Abu Usman Umar Al- Jahiz","Tournefort","Carl Linnaeus","ابن رشد","ابو عثمان عمر الجاحز","ٹورنفورٹ","کارل لینیئس","A","Additional",""
"Punjab Board","Class 9","Biology","Chapter 2","2.4 History of Classification","MCQ","Medium","1","Who wrote a lot about the life of ants?","چیونٹیوں کی زندگی کے بارے میں زیادہ کس نے لکھا ہے؟","Aristotle","Abu Usman Umar Al-Jahiz","Andrea Caesalpinia","Tournefort","ارسطو","ابو عثمان عمر الجاحز","اینڈریا سیزلپینیا","ٹورنفورٹ","B","Additional",""
"Punjab Board","Class 9","Biology","Chapter 2","2.4 History of Classification","MCQ","Medium","1","The organisms that can prepare their own food are:","وہ جاندار جو اپنی خوراک خود تیار کرتے ہیں:","Autotrophs","Heterotrophs","Prokaryotes","Eukaryotes","آٹوٹروفس","ہیٹروٹروفس","پروکیریوٹس","یوکریوٹس","A","Additional",""
"Punjab Board","Class 9","Biology","Chapter 2","2.4 History of Classification","MCQ","Medium","1","Which organism have both plant like and animal like characters:","کونسے جانداروں میں پودے اور جانوروں دونوں طرح کی خصوصیات ہوتی ہیں؟","Bacteria","Fungi","Euglena","Archaea","بیکیٹریا","فنجائی","یوگلینا","آرکیا","C","Additional",""
"Punjab Board","Class 9","Biology","Chapter 2","2.4 History of Classification","MCQ","Medium","1","The difference between prokaryotes and eukaryotes cannot be cleared by the:","پروکیریوٹس اور یوکرائٹس کے درمیان فرق کو واضح نہیں کرسکتا:","Two kingdom classification system","Three kingdom classification system","Five kingdom classification system","Six kingdom classification system","دو کنگڈم کلاسیفیکیشن","تین کنگڈم کلاسیفیکیشن","چار کنگڈم کلاسیفیکیشن","چھ کنگڈم کلاسیفیکیشن","A","Additional",""
"Punjab Board","Class 9","Biology","Chapter 2","2.4 History of Classification","MCQ","Medium","1","Who proposed the third kingdom classification system:","کس نے تین کنگڈم کلاسیفیکیشن سسٹم تجویز کیا:","Carl Linnaeus","Ernst Hackel","E- Chatton","Robert Whittaker","کارل لینیئس","ارنسٹ ہیکل","ای چیٹن","رابرٹ وائٹیکر","B","Additional",""
"Punjab Board","Class 9","Biology","Chapter 2","2.4 History of Classification","MCQ","Medium","1","Ernst Hackel includes prokaryotes in which kingdom:","ارنسٹ ہیکل نے پروکیریوٹس کو کس کنگڈم میں شامل کیا؟","Kingdom Plantae","Kingdom Animalia","Kingdom Protista","Kingdom fungi","کنگڈم پلانٹی","کنگڈم اینیمل","کنگڈم پروٹسٹا","کنگڈم فنجائی","C","Additional",""
"Punjab Board","Class 9","Biology","Chapter 2","2.4 History of Classification","MCQ","Medium","1","In third kingdom classification system taxonomists disagreed about the position of:","کلاسیفیکیشن کے تیسرے کنگڈم سسٹم میں ٹیکسانومی کے ماہرین نے جگہ کے بارے میں اختلاف کیا:","Euglena","Amoeba","Fungi","All of the above","یوگلینا","امیبا","فنجائی","تمام","C","Additional",""
"Punjab Board","Class 9","Biology","Chapter 2","2.4 History of Classification","MCQ","Medium","1","Wo introduced the five-kingdom classification system:","کس نے پانچ کنگڈم کلاسیفیکیشن سسٹم کو متعارت کروایا:","E Chatton","Robert Whittaker","Margulis","Schwartz","ای چیٹن","رابرٹ وائٹیکر","مارگولیس","شوارٹز","B","Additional",""
"Punjab Board","Class 9","Biology","Chapter 2","2.4 History of Classification","MCQ","Medium","1","Who modified five kingdom classification system?","کس نے پانچ کنگڈم کلاسیفیکیشن میں ترمیم کی؟","Margulis","Schwartz","Both A and B","Robert Whittaker","مارگولیس","شوارٹز","الف اور ب دونوں","رابرٹ وائٹیکر","C","Additional",""
"Punjab Board","Class 9","Biology","Chapter 2","2.4 History of Classification","MCQ","Medium","1","Prokaryotes are divided into:","پروکیریوٹس کو تقسیم کیا گیا ہے:","Single domain","Two domain","Three domain","Four domain","سنگل ڈومین","دو ڈومین","تین ڈومین","چار ڈومین","B","Additional",""
"Punjab Board","Class 9","Biology","Chapter 2","2.4 History of Classification","MCQ","Medium","1","In 1977, American microbiologist added a domain above the kingdom present in the previously used five kingdom system:","1977 میں، امریکی مائیکرو بائیولوجسٹ نے پہلے استعمال ہونے والے پانچ کنگڈم سسٹم کے اوپر ڈومین کلاسیفیکشن کا لیول شامل کیا:","Robert Whittaker","Margulis and Schwartz","E Chatton","Carl Woese","رابرٹ وائٹیکر","مارگولیس اور شوارٹز","ای چیٹن","کارل ووز","D","Additional",""
"Punjab Board","Class 9","Biology","Chapter 2","2.4 History of Classification","MCQ","Medium","1","Margulis and Schwartz consider _______ along with level of cellular organization and modes of nutrition:","مارگولیس اور شوارٹز نے سیلولر آرگنائزیشن اور غذائیت کے ساتھ ...... کو زیر غور رکھا:","Genetics","Embryology","Microbiology","All of these","جنیکٹس","ایمبرلوجی","مائیکروبیالوجی","یہ تمام","A","Additional",""
"Punjab Board","Class 9","Biology","Chapter 2","2.4 History of Classification","MCQ","Medium","1","Into which kingdom you place a multicellular organism that performs photosynthesis.","کس کنگڈم میں آپ ایک ملٹی سیلولر جاندار رکھتے ہیں جو کہ فوٹو سینتھی سیز سرانجام دیتے ہیں؟","Monera","Protista","Plantae","Animalia","مونیرا","پروٹسٹا","پلانٹی","ینیملیا","C","Additional",""
"Punjab Board","Class 9","Biology","Chapter 2","2.4 History of Classification","MCQ","Medium","1","Which kingdom is mismatched with the characteristics?","کونسا کنگڈم خصوصیات کے ساتھ نہیں ملتا:","Fungi-usually saprotrophic","Animalia-rarely ingestive","Protista- various modes of nutrition","Plantae-photosynthetic","فنجائی عام طور پر سپیکٹرپیک","اینمیلا شاذ و نادر ہی ہضم کرنے والا","پروٹسٹا- غذائیت کے مختلف طریقے","پلانٹی فوٹو سینتھٹک","B","Additional",""
"Punjab Board","Class 9","Biology","Chapter 2","2.4 History of Classification","MCQ","Medium","1","The organism that feed on dead, decaying matter are called:","جاندار جو سڑتے ہوئے نامیاتی مادوں سے غذا جذب کرتا ہے؟","Saprotrophs","Autotrophs","Heterotrophs","Parasites","سپروٹروفس","آٹوٹروفس","ہیٹروٹروفس","پیراسائٹس","A","Additional",""
"Punjab Board","Class 9","Biology","Chapter 2","2.4 History of Classification","MCQ","Medium","1","Colonial organization feature of kingdom:","کولونیل آرگنائزیشن کنگڈم کی خصوصیت ہے؟","Animalia","Protista","Fungi","Plantae","انیمیلیا","پروٹسٹا","فنجائی","پلانٹی","B","Additional",""
"Punjab Board","Class 9","Biology","Chapter 2","2.4 History of Classification","MCQ","Medium","1","All prokaryotic organisms are include in kingdom:","تمام پروکیروٹک جاندار کنگڈم میں شامل ہوتے ہیں:","Eubacteria","Archaebacteria","Fungi","Both A and B","یوبیکٹیریا","آرکی بیکٹریا","فنجائی","الف اور ب دونوں","D","Additional",""
"Punjab Board","Class 9","Biology","Chapter 2","2.4 History of Classification","MCQ","Medium","1","Which kingdom includes eukaryotic, multicellular and absorptive heterotrophs?","کس کنگڈم میں یوکرائیوٹک، ملٹی سیلولر اور جاذب ہیٹروٹروفس شامل ہیں؟","Monera","Protista","Fungi","None of above","مونیرا","پروٹسٹا","فنجائی","ان میں سے کوئی نہیں","C","Additional",""
"Punjab Board","Class 9","Biology","Chapter 2","2.4 History of Classification","MCQ","Medium","1","Which of the following character is not related to Animalia?","مندرجہ ذیل میں سے کونسی خصوصیت اینملیا کے متعلق نہیں ہے؟","Eukaryotic","Multicellular","Heterotrophs","Autotrophs","یوکیریوٹک","ملٹی سیلولر","ہیٹروٹرافس","آٹوٹروفس","D","Additional",""
"Punjab Board","Class 9","Biology","Chapter 2","2.4 History of Classification","MCQ","Medium","1","All of these are characteristics of Fungi-except:","اس کے سوا تمام فنجائی کی خصوصیات ہیں:","Absoprtive mode of life","Multicellar eukaryotes","Mostly decomposers","Cell wall is made of cellulose","زندگی کا جاذب موڈ","ملٹی سیلر یوکرائٹس","زیادہ تر گلنے والے","سیل کی دیوار سیلولوز سے بنتی ہے","D","Additional",""
"Punjab Board","Class 9","Biology","Chapter 2","2.4 History of Classification","MCQ","Medium","1","Who suggest the first system of classification of organisms?","جانداروں کی کلاسفیکیشن کا پہلا سسٹم تجویز کیا؟","Al-Jahiz","Aristotle","John Ray","Averroes","الجہیز","ارسطو","جان رائے","ایورروز","B","Additional",""
"Punjab Board","Class 9","Biology","Chapter 2","2.4 History of Classification","MCQ","Medium","1","Euglena belongs to the kingdom protista because:","یوگلینا کا تعلق کنگڈم پروٹیسٹا سے ہے کیونکہ:","It is unicellular","It is eukaryotic","It has both plant and animal like characters","It lives in water","یہ یونی سیلولر ہے","یہ یوکرائیوٹک ہے","اس میں پودوں اور جانوروں دونوں کی خصوصیات ہیں","یہ پانی میں رہتا ہے","C","Additional",""
"Punjab Board","Class 9","Biology","Chapter 2","2.4 History of Classification","MCQ","Medium","1","The kingdom which contains eukaryotic autotrophic organisms is:","کنگڈم جو کہ یوکیروٹک آٹو ٹراف جاندار رکھتا ہے:","Protista","Fungi","Monera","None of them","پروٹسٹا","فنجائی","مونیرا","ان میں سے کوئی نہیں","D","Additional",""
"Punjab Board","Class 9","Biology","Chapter 2","2.4 History of Classification","MCQ","Medium","1","Which of the following kingdoms possesses the simplest organisms?","مندرجہ ذیل میں سے کس کنگڈم کے پاس سادہ ترین جاندار ہیں؟","Fungi","Eubacteria and Archaebacteria","Protista","Plantae","فنجائی","یوبیکٹیریا اور آرکی بیکٹیریا","پروٹسٹا","پلانٹی","B","Additional",""
"Punjab Board","Class 9","Biology","Chapter 2","2.4 History of Classification","MCQ","Medium","1","A certain organisms is multicellular, adapted for photosynthesis and has multicellular sex organs. To which kingdom does it belong?","ایک جاندار جو ملٹی سیلولر ہے، فوٹو سینتھی سیز کرتا ہے، اور ملٹی سیلولر سپی شیز آرگنز رکھتا ہے یہ کس کنگڈم سے تعلق رکھتا ہے؟","Animalia","Fungi","Plantae","Protista","اینملیا","فنجائی","پلانٹی","پروٹسٹا","C","Additional",""
"Punjab Board","Class 9","Biology","Chapter 2","2.4 History of Classification","MCQ","Medium","1","The two-kingdom classification system divided into which of the following?","مندرجہ ذیل میں سے کس میں دو کنگڈم کلاسیفیکیشن سسٹم تقسیم کیا گیا ہے؟","Animalia and fungi","Plantae and monera","Animalia and plantae","Archaea and bacteria","انیملیا اور فنجائی","پلانٹیاور مونیرا","انیملیا اور پلانٹی","آرکیا اور بیکٹیریا","C","Additional",""
"Punjab Board","Class 9","Biology","Chapter 2","2.4 History of Classification","MCQ","Medium","1","Which of the following kingdoms contains their DNA float freely within the cell?","مندرجہ ذیل میں سے کس کنگڈم میں سیل کے اندر آزادنہ طور پر ڈی این اے پایا جاتا ہے؟","Protista","Eubacteria","Fungi","Plantae","پروٹسٹا","یو بیکٹیریا","فنجائی","پلانٹی","B","Additional",""
"Punjab Board","Class 9","Biology","Chapter 2","2.4 History of Classification","MCQ","Medium","1","Which is not one of the three broad domains of living oranisms?","زندہ جانداروں کے تین وسیع ڈومین میں سے ایک نہیں ہے؟","Bacteria","Archaea","Fungi","Eukarya","بیکٹیریا","آرکیا","فنجائی","یوکیریا","C","Additional",""
"Punjab Board","Class 9","Biology","Chapter 2","2.4 History of Classification","MCQ","Medium","1","Who classified all organism in three domains in 1977?","کس سائنسدان نے 1977 میں جانداروں کو تین ڈومینز میں تقسیم کیا؟","Carl Woese","Hopkin","Darwin","Pasture","کارل ووز","ہاپکن","ڈارون","پاسچر","A","Additional",""
"Punjab Board","Class 9","Biology","Chapter 2","2.4 History of Classification","MCQ","Medium","1","Who is considered the father of Taxonomy?","ٹیکسانومی کا بانی کس کو کہا جاتا ہے؟","Aristotle","Carl Linnaeus","Darwin","Mendel","ارسطو","کارل لینیئس","ڈارون","مینڈل","B","Additional",""
"Punjab Board","Class 9","Biology","Chapter 2","2.4 History of Classification","MCQ","Medium","1","How many Genera of plants were proposed by Andrea Caesalpina?","اینڈریاسیزلپینیا نے پودوں کی کتنی جینز تجویز کیں؟","10","15","20","25","","","","","B","Additional",""
"Punjab Board","Class 9","Biology","Chapter 2","2.4 History of Classification","MCQ","Medium","1","Who introduce the Taxa of class and species?","کلاس اور سپی شز کے ٹیکسازکس نے متعارف کروائے؟","Andrea Caesalpinia","Aristotle","Darwin","Tournefort","انڈریاسیزلپینیا","ارسطو","ڈارون","ٹورنفورٹ","D","Additional",""
"Punjab Board","Class 9","Biology","Chapter 2","2.4 History of Classification","MCQ","Medium","1","Term procaryote is use to describe:","پروکیریوٹس کی اصطلاح کس کے لیے استعمال ہوتی ہے؟","Bacteria","Plants","Animals","Viruses","بیکٹیریا کے لیے","پودون کے لیے","جانوروں کے لیے","وائرس کے لیے","A","Additional",""
"Punjab Board","Class 9","Biology","Chapter 2","2.4 History of Classification","MCQ","Medium","1","Term eukaryotic use to describe the cells:","یوکیریوٹس کی اصطلاح کو بیان کرتی ہے:","Plants","Animals","Fungi","All of these","پودوں کے","جانورون کے","فنجائی کے","ان سب کے","D","Additional",""
"Punjab Board","Class 9","Biology","Chapter 2","2.5 DOMAINS OF LIVING ORGANISMS","MCQ","Medium","1","Which characteristics is unique to organisms in the domain Archaea?","وہ کون سی خصوصیت ہےجو ڈومین آرکیا کے جانداروں کےلیے منفرد ہے؟","Cell walls made of peptidoglycan","Presence of a nucleus","Ability to live in extreme environments","Lack of ribosomes","پیپٹائیڈوگلائکین سے بنی سیل وال","نیوکلیس کی موجودگی","شدید ماحول میں رہنے کی صلاحیت","رائبوسومز کی غیر موجودگی","C","Exercise",""
"Punjab Board","Class 9","Biology","Chapter 2","2.5 DOMAINS OF LIVING ORGANISMS","MCQ","Medium","1","Which of these statements is NOT related to bacteria?","ان میں سے کون سا بیان بیکٹیریا سے متعلق نہیں ہے؟","Do not have a nucleus","Cell wall made of peptidoglycan","Most are heterotrophic","Have chlorophyll in their chloroplast","نیو کلئیس نہیں رکھتے","سیل وال پیپٹائیڈوگلائکین سے بنی ہوتی ہے","زیادہ تر ہیٹروٹروفک ہیں","کلوروپلاسٹ میں کلوروفل رکھتے ہیں","D","Exercise",""
"Punjab Board","Class 9","Biology","Chapter 2","2.5 DOMAINS OF LIVING ORGANISMS","MCQ","Medium","1","Which of these organisms belongs to the domain Eukarya?","ان میں سے کون سے جاندار کا تعلق ڈومین یوکیریا سے ہے؟","Escherichia coli","Yeast","Coronavirus","None of these","اسکریشیاکولائی","ییسٹ","کورونا وائرس","ان میں سے کوئی نہیں","B","Exercise",""
"Punjab Board","Class 9","Biology","Chapter 2","2.5 DOMAINS OF LIVING ORGANISMS","MCQ","Medium","1","Which organism produce oxygen during photosynthesis:","کونسا جاندار فوٹو سنتھی سیز سے آکسیجن پیدا کرتا ہے:","Archaea","Bacteria","Plants","Both A and C","آرکیا","بیکٹریا","پلانٹس","اے اور سی دونوں","C","Additional",""
"Punjab Board","Class 9","Biology","Chapter 2","2.5 DOMAINS OF LIVING ORGANISMS","MCQ","Medium","1","Which group of bacteria have not their RNA closely related to eukaryotes?","بیکٹیریا کے کس گروپ کا آر این اے یو کیریوٹک سے کوئی تعلق نہیں ہے؟","Methanogens","Halophiles","Thermophiles","Cyanobacteria","میتھانوجینز","ہیلوفائلس","تھرموفیلس","سیانو بیکٹیریا","A","Additional",""
"Punjab Board","Class 9","Biology","Chapter 2","2.5 DOMAINS OF LIVING ORGANISMS","MCQ","Medium","1","The cell membrane of archaea contains unique:","آرکیا کی سیل ممبرین میں منفرد پائے جاتے ہیں؟","Proteins","Lipids","Carbohydrates","Nucleic acid","پروٹینز","لپڈز","کاربوہائیڈریٹس","نیوکلک ایسڈ","B","Additional",""
"Punjab Board","Class 9","Biology","Chapter 2","2.5 DOMAINS OF LIVING ORGANISMS","MCQ","Medium","1","Which of the following is true bacteria and their cells wall is made of peptidoglycan?","مندرجہ ذیل میں سے ایک حقیقی بیکٹیریا ہےان کی سیل وال پیپٹائڈوگلیان کی ہوگی؟","Methanogens","Halophiles","Cyanobacteria","Thermophiles","میتھانوجینز","ہیلوفائلس","سیانو بیکٹیریا","تھرموفیلس","C","Additional",""
"Punjab Board","Class 9","Biology","Chapter 2","2.5 DOMAINS OF LIVING ORGANISMS","MCQ","Medium","1","Which of the following cells are larger and contain more complex structures?","مندرجہ ذیل میں سے کونسے سیل بڑے ہوتے ہیں اور زیادہ پیچیدہ ساخت رکھتے ہیں؟","Archaea cells","Bacterial cells","Eukarya cells","None of these","آرکیا سیلز","بیکٹیریل سیلز","یوکیریا سیلز","ان میں سے کوئی نہیں","C","Additional",""
"Punjab Board","Class 9","Biology","Chapter 2","2.5 DOMAINS OF LIVING ORGANISMS","MCQ","Medium","1","Some group of domain bacteria perform photosynthesis because they have:","ڈومین بیکٹیریا کے کچھ گروپس فوٹو سینتھی سیز کرتے ہیں کیونکہ یہ رکھتے ہیں:","Carotenes","Heamoglobin","Chlorophyll","Carotenoids","کیروٹینز","ہیموگلوبن","کلوروفیل","کیروٹینائڈز","C","Additional",""
"Punjab Board","Class 9","Biology","Chapter 2","2.5 DOMAINS OF LIVING ORGANISMS","MCQ","Medium","1","The cells of which domain containing nucleus and other membrane bound organelles:","کس ڈومین کے سیلز نیوکلیس اور دوسری ممبرین میں آرگنیلز رکھتے ہیں:","Archaea","Bacteria","Eukarya","All","آرکیا","بیکٹیریا","یوکیریا","یہ تمام","C","Additional",""
"Punjab Board","Class 9","Biology","Chapter 2","2.5 DOMAINS OF LIVING ORGANISMS","MCQ","Medium","1","The parasite Entamoeba hystolytica causes:","پیرا سائٹ اینٹا موبیا ہسٹولٹیکا سبب ہے:","Malaria","Ameoboic dysentery","Sleeping sickness","None of these","ملیریا","امیوبوک ڈائی سنٹری","نیند کی بیماری","ان میں سے کوئی نہیں","B","Additional",""
"Punjab Board","Class 9","Biology","Chapter 2","2.5 DOMAINS OF LIVING ORGANISMS","MCQ","Medium","1","Protozoans are:","پروٹوزوان ہیں:","Heterotrophics","Ingest food","Have cell wall","Both A and B","ہیٹروٹروفس","خوراک نگلتے ہیں","سیل وال رکھتے ہیں","الف اور ب دونوں","D","Additional",""
"Punjab Board","Class 9","Biology","Chapter 2","2.5 DOMAINS OF LIVING ORGANISMS","MCQ","Medium","1","In which kingdom would you classify unicellular eukrayotes?","کس کنگڈم سسٹم میں آپ یونی سیلولر یوکیریوٹس کی درجہ بندی کریں گے؟","Fungi and plantae","Fungi and Monera","Only protista","Only fungi","فنجائی اور پلانٹائی","فنجائی اور مونیرا","صرف پروٹسٹا","صرف فنجائی","C","Additional",""
"Punjab Board","Class 9","Biology","Chapter 2","2.5 DOMAINS OF LIVING ORGANISMS","MCQ","Medium","1","The domain of bacteria is:","بیکٹیریا کی ڈومین ہوتی ہے:","Archaea","Bacteria","Eukarya","None","آرکیا","بیکٹیریا","یوکریا","کوئی نہیں","B","Additional",""
"Punjab Board","Class 9","Biology","Chapter 2","2.5 DOMAINS OF LIVING ORGANISMS","MCQ","Medium","1","In how many domains all organism is classified?","جانداروں کو کتنی ڈویژن میں تقسیم کیا گیا ہے؟","2","3","4","5","","","","","B","Additional",""
"Punjab Board","Class 9","Biology","Chapter 2","2.5 DOMAINS OF LIVING ORGANISMS","MCQ","Medium","1","Which one of the following is not domain?","ان میں سے کون سی ڈومین نہیں ہے؟","Bacteria","Archaea","Eukarya","Virus","بیکٹیریا","آرکیا","یوکیریا","وائرس","D","Additional",""
"Punjab Board","Class 9","Biology","Chapter 2","2.5 DOMAINS OF LIVING ORGANISMS","MCQ","Medium","1","Domain Eukarya is divided into Kingdoms:","ڈومین یوکیریاکوکنگڈم میں تقسیم کیا گیا ہے۔","2","4","6","8","","","","","B","Additional",""
"Punjab Board","Class 9","Biology","Chapter 2","2.5 DOMAINS OF LIVING ORGANISMS","MCQ","Medium","1","How many domains are recognized in modren classification system?","جدید کلاسیفیکیشن سسٹم میں کتنے ڈومینز کی نشاندہی کی جاتی ہے؟","2","3","4","5","","","","","B","Additional",""
"Punjab Board","Class 9","Biology","Chapter 2","2.5 DOMAINS OF LIVING ORGANISMS","MCQ","Medium","1","Which domain include Prokaryotic organism that are thermophilic and halophilic?","کون سی ڈومین ایسے جانداروں پر مشتمل ہوتی ہے جو تھرموفائلزاور ہیلوفائلز ہوتے ہیں؟","Bacteria","Archaea","Eukarya","Protista","بیکٹیریا","آرکیا","یوکیریا","پروٹسٹا","B","Additional",""
"Punjab Board","Class 9","Biology","Chapter 2","2.5 DOMAINS OF LIVING ORGANISMS","MCQ","Medium","1","Organism of Domain Bacteria founded in:","ڈومین بیکٹیریا کے جاندار پائے جاتے ہیں:","Air","Soi;","Water","Everywhere","ہوا میں","مٹی میں","پانی میں","ہر جگہ","D","Additional",""
"Punjab Board","Class 9","Biology","Chapter 2","2.5 DOMAINS OF LIVING ORGANISMS","MCQ","Medium","1","Cell wall of Bacteria made up of:","بیکٹیریا کی سیل وال بنی ہوتی ہے:","Cellulose","Chitin","Peptidoglycan","None of the above","سیلولوز","کائتن","پیپٹائیڈوگلائکن","ان میں سے کوئی نہیں","C","Additional",""
"Punjab Board","Class 9","Biology","Chapter 2","2.6 CLASSIFICATION OF DOMAIN EUKARYA","MCQ","Medium","1","Which kingdom includes organisms that are primarily unicellular, eukaryotic, and often heterotrophic?","کون سا کنگڈم ایسے جانداروں پر مشتمل ہے جو بنیادی طور پر یونی سیلولر، یوکیریوٹک اور اکثر ہیٹراٹروفک ہوتے ہیں؟","Archaea","Protista","Fungi","Plantae","آرکیا","پروٹسٹا","فنجائی","پلانٹی","B","Exercise",""
"Punjab Board","Class 9","Biology","Chapter 2","2.6 CLASSIFICATION OF DOMAIN EUKARYA","MCQ","Medium","1","Why are fungi included in heterotrophic organisms?","فنجائی کا شمار ہیٹروٹرافک جانداروں میں کیوں ہوتا ہے؟","Have chitin in cell wall","Absorb nutrients","Reproduce by spores","Cannot prepare food","سیل وال میں کائٹن کی موجودگی","غذائی اجزاء جذب کرتے ہیں","سپورز کے ذریعے تولید کرتے ہیں","خوراک تیار نہیں کرسکتے","B","Exercise",""
"Punjab Board","Class 9","Biology","Chapter 2","2.6 CLASSIFICATION OF DOMAIN EUKARYA","MCQ","Medium","1","Who classified organisms into two groups i.e. plants and animals:","کس نے جانداروں کو دو گروپس میں تقسیم کیا:یعنی پودے اور جانور","Aristotle","Abu Usman Umar Al- Jahiz","Andrea Caesalpinia","Tournefort","ارسطو","ابو عثمان عمر الجاحز","اینڈریا سیسلپینیا","ٹورنفورٹ","A","Additional",""
"Punjab Board","Class 9","Biology","Chapter 2","2.6 CLASSIFICATION OF DOMAIN EUKARYA","MCQ","Medium","1","Kingdom protists includes eukaryotes which are:","کنگڈم پروٹسٹا یوکیریوٹس میں شامل ہیں جو کہ ہیں:","Unicellular","Colonial","Simple multicellular","All of the above","یونی سیلولر","کولونیل","سادی ملٹی سیلولر","یہ تمام","D","Additional",""
"Punjab Board","Class 9","Biology","Chapter 2","2.6 CLASSIFICATION OF DOMAIN EUKARYA","MCQ","Medium","1","Plant like protists are called:","پودے جیسے پروٹسٹا کہلاتے ہیں:","Algae","Protozoa","Fungi","Eubacteria","الجی","پروٹوزا","فنجائی","یوبیکٹیریا","A","Additional",""
"Punjab Board","Class 9","Biology","Chapter 2","2.6 CLASSIFICATION OF DOMAIN EUKARYA","MCQ","Medium","1","The organisms of which kingdom are eukaryotic, heterotrophic organisms:","کس کنگڈم کے جاندار یوکریوٹک، ہیٹروٹرفک جاندار ہیں؟","Kingdom Protista","Kingdom Fungi","Kingdom Plantae","Kingdom Archaea","کنگڈم پروٹسٹا","کنگڈم فنجائی","کنگڈم پلانٹی","کنگڈم آرکیا","D","Additional",""
"Punjab Board","Class 9","Biology","Chapter 2","2.6 CLASSIFICATION OF DOMAIN EUKARYA","MCQ","Medium","1","Fungi gets food by:","فنجائی خوراک حاصل کرتے ہیں:","Ingestion","Absorption","Photosynthesis","As a parasite","انجیشن","ایبزابشن","فوٹو سینتھی سیز","پیرا سائٹ کے طور پر","B","Additional",""
"Punjab Board","Class 9","Biology","Chapter 2","2.6 CLASSIFICATION OF DOMAIN EUKARYA","MCQ","Medium","1","Which of the following is eukaryotic multicellular organism with cell wall made of cellulose:","مندرجہ ذیل میں سے سیل لوز سے بنی سیل وال کے ساتھ کو یوکریوٹک ملٹی سیلولر جاندار ہے:","Rusts","Smuts","Mushrooms","Conifers","رسٹس","سمٹس","مشرومز","کونی فرز","D","Additional",""
"Punjab Board","Class 9","Biology","Chapter 2","2.6 CLASSIFICATION OF DOMAIN EUKARYA","MCQ","Medium","1","The organisms of which kingdom are autotrophs:","کس کنگڈم کے جاندار آٹو ٹرافس ہیں؟","Kingdom Protista","Kingdom Fungi","Kingdom plantae","Kingdom Animalia","کنگڈم پروٹسٹا","کنگڈم فنجائی","کنگڈم پلانٹی","کنگڈم اینملیا","C","Additional",""
"Punjab Board","Class 9","Biology","Chapter 2","2.6 CLASSIFICATION OF DOMAIN EUKARYA","MCQ","Medium","1","The organisms of which kingdom developed from embryo, ingest food and digest it within their bodies:","کس کنگڈم کے جاندار ایمریو سے بنے، خوراک کھانے اور پھر اسے اپنے جسم میں ہضم کرتے ہیں:","Kingdom Protista","Kingdom Fungi","Kingdom Plantae","Kingdom Animalia","کنگڈم پروٹسٹا","کنگڈم فنجائی","کنگڈم پلانٹی","کنگڈم اینملیا","D","Additional",""
"Punjab Board","Class 9","Biology","Chapter 2","2.6 CLASSIFICATION OF DOMAIN EUKARYA","MCQ","Medium","1","The kingdom to which the algae belongs is:","کنگڈم جس سے الجی تعلق رکھتا تھا؟","Animalia","Protista","Plantae","Fungi","اینمیلیا","پروٹسٹا","پلانٹی","فنجائی","B","Additional",""
"Punjab Board","Class 9","Biology","Chapter 2","2.6 CLASSIFICATION OF DOMAIN EUKARYA","MCQ","Medium","1","Cell call of Plants made up of:","پودوں کی سیل وال بنی ہوتی ہے:","Cellulose","Chitin","Peptidoglycan","Lipids","سیلولوز","کائیٹن","پیپٹائیڈگلائکن","پلڈز","A","Additional",""
"Punjab Board","Class 9","Biology","Chapter 2","2.6 CLASSIFICATION OF DOMAIN EUKARYA","MCQ","Medium","1","Antibiotic that derived from Fungi is:","فنجائی سے حاصل کردہ اینٹی بائیوٹک ہے:","Penicillin","Siphonariidae","Tetra cyclone","Aspirin","پینسیلیم","سیفوناریڈائے","ٹیٹراسائیکلون","ایسپائرن","A","Additional",""
"Punjab Board","Class 9","Biology","Chapter 2","2.6 CLASSIFICATION OF DOMAIN EUKARYA","MCQ","Medium","1","Organism that is NOT belonged to kingdom Fungi:","وہ جاندار جو کنگڈم فنجائی سے تعلق نہیں رکھتے:","Mushroom","Smut","Mold","Cyanobacteria","مشروم","سمٹ","مولڈز","سیائنوبیکٹیریا","D","Additional",""
"Punjab Board","Class 9","Biology","Chapter 2","2.6 CLASSIFICATION OF DOMAIN EUKARYA","MCQ","Medium","1","Cell of Fungi made up of:","فنجائی کی سیل وال کس سے بنی ہوتی ہے؟","Chitin","Cellulose","Peptidoglycan","Lipids","کائٹن","سیلولر","پیپٹائیڈوگلائکن","لپڈز","A","Additional",""
"Punjab Board","Class 9","Biology","Chapter 2","2.6 CLASSIFICATION OF DOMAIN EUKARYA","MCQ","Medium","1","Slime molds and water molds belong to whic kingdom?","سلائم مولڈزاور واٹرمولڈزکسکنگڈم سے تعلق رکھتے ہیں:","Monera","Protista","Fungi","Plantae","مونیرا","پروٹسٹا","فنجائی","پلانٹی","B","Additional",""
"Punjab Board","Class 9","Biology","Chapter 2","2.6 CLASSIFICATION OF DOMAIN EUKARYA","MCQ","Medium","1","Sleeping sickness disease is caused by:","سونے کی بیماری پیدا کرتا ہے:","Entamoeba","Plasmodium","Trypanosoma","All of the above","اینٹ امیبا","پلازموڈیم","ٹرائسپانوسوما","پیرامیشیم","C","Additional",""
"Punjab Board","Class 9","Biology","Chapter 2","2.6 CLASSIFICATION OF DOMAIN EUKARYA","MCQ","Medium","1","Parasitic protest plasmodium causes:","پیراسائٹک پروٹسٹ پلازموڈیم وجہ ہے:","Malaria","Amoebic Dysentery","Trypanosoma","All of the above","ملیریا کی","پیچش","سونے کی بیماری کی","ان سب کی","A","Additional",""
"Punjab Board","Class 9","Biology","Chapter 2","2.7 STATUS OF VIRUS IN CLASSIFICATION","MCQ","Medium","1","Why it is impossible to classify viruses within traditional biological kingdoms?","وائرسز کو روایتی بائیولوجیکل کنگڈمز میں شامل کرنا کیوں ناممکن ہے؟","They lack cellular structure and organelles","They cannot preform photosynthesis","They are smaller in size than bacteria","They are parasites","ان کی ساخت سیلز پر مشتمل نہیں ہوتی اور آرگنیلز بھی موجود نہیں","وہ فوٹو سنتھی سیز نہیں کرسکتے","وہ جسامت میں بیکٹیریا سے چھوٹے ہیں","وہ پیراسائٹ ہیں","A","Exercise",""
"Punjab Board","Class 9","Biology","Chapter 2","2.7 STATUS OF VIRUS IN CLASSIFICATION","MCQ","Medium","1","The ultramicroscopic creatures that are at the borderline of living and nonliving:","الٹرا مائیکروسکوپک مخلوق جو زندہ اور غیر جاندار کے درمیان سرحد پر ہیں:","Bacteria","Fungi","Virus","Algae","بیکٹیریا","فنجائی","وائرس","الجی","C","Additional",""
"Punjab Board","Class 9","Biology","Chapter 2","2.7 STATUS OF VIRUS IN CLASSIFICATION","MCQ","Medium","1","Viruses consists of:","وائرس مشتمل ہوتے ہیں:","DNA","RNA","Protein coat","All","ڈی این اے","آر این اے","پروٹین کا خول","تمام","D","Additional",""
"Punjab Board","Class 9","Biology","Chapter 2","2.7 STATUS OF VIRUS IN CLASSIFICATION","MCQ","Medium","1","Which of the following is acellular, cannot run any metabolism depends upon host cell:","درج ذیل میں سے کوئی اے سیلولر ہے، کوئی میٹا بولزم نہیں کرسکتا میزبان سیل پر انحصار کرتا ہے:","Bacteria","Fungi","Virus","Algae","بیکٹیریا","فنجائی","وائرس","الجی","C","Additional",""
"Punjab Board","Class 9","Biology","Chapter 2","2.7 STATUS OF VIRUS IN CLASSIFICATION","MCQ","Medium","1","Viroids are acellular particles composed of:","وائرئیڈز اے سیلولر ذرات ہیں اور مشتمل ہیں:","RNA","DNA","Proteins","All","آر این اے","ڈی این اے","پروٹینز","تمام","A","Additional",""
"Punjab Board","Class 9","Biology","Chapter 2","2.7 STATUS OF VIRUS IN CLASSIFICATION","MCQ","Medium","1","Prions are acellular particles composed of:","پرائینز اے سیلولر ذرات ہیں اور مشتمل ہوتے ہیں:","RNA","DNA","Proteins","All","آر این اے","ڈی این اے","پروٹینز","تمام","C","Additional",""
"Punjab Board","Class 9","Biology","Chapter 2","2.7 STATUS OF VIRUS IN CLASSIFICATION","MCQ","Medium","1","Coronavirus identified in late 2019 in:","کورونا وائرس 2019 کے آخر میں دریافت ہوا؟","Wuhan","Shanghai","Shenzhen","Hong Kong","وہان","شنگھائی","شینزین","ہانگ کانگ","A","Additional",""
"Punjab Board","Class 9","Biology","Chapter 2","2.7 STATUS OF VIRUS IN CLASSIFICATION","MCQ","Medium","1","COVID-19 is a pandemic of:","COVID-19 ایک وبا ہے:","Digestive illness","Respiratory illness","Circulatory illness","Excretory illness","ہاضمہ کی بیماری","سانس کی بیماری","سرکولیٹری بیماری","ایکسکرلیٹری بیماری","B","Additional",""
"Punjab Board","Class 9","Biology","Chapter 2","2.7 STATUS OF VIRUS IN CLASSIFICATION","MCQ","Medium","1","Which of the following includes in the symptoms of COVID-19:","مندرجہ ذیل میں سے COVID-19 کی علامات میں شامل ہے:","Fever","Cough","Fatigue","All","بخار","کھانسی","تھکاوٹ","تمام","D","Additional",""
"Punjab Board","Class 9","Biology","Chapter 2","2.7 STATUS OF VIRUS IN CLASSIFICATION","MCQ","Medium","1","Which is composed of only protein?","کون صرف پروٹین پر مشتمل ہے:","Viruses","Prions","Viroids","Both b and c","وائرس","پرائیونز","وائیڈز","بی اور سی دونوں","B","Additional",""
"Punjab Board","Class 9","Biology","Chapter 2","2.7 STATUS OF VIRUS IN CLASSIFICATION","MCQ","Medium","1","Which one is acellular?","کونسا ایک اے سیلولر ہے:","Bacteria","Fungi","Cyanobacteria","Viruses","بیکٹیریا","فنجائی","سائنو بیکٹیریا","وائرسز","D","Additional",""
"Punjab Board","Class 9","Biology","Chapter 2","2.7 STATUS OF VIRUS IN CLASSIFICATION","MCQ","Medium","1","Viruses are assigned to the kingdoms:","وائرسیز کنگڈم میں شامل ہیں:","Plantae","Protista","Fungi","Not include in any kingdom","پلانٹی","پروٹسٹا","فنجائی","کسی کنگڈم میں شامل نہیں ہیں","D","Additional",""
"Punjab Board","Class 9","Biology","Chapter 2","2.7 STATUS OF VIRUS IN CLASSIFICATION","MCQ","Medium","1","The common characteristics of viruses, prions and viroids is:","وائرسیز، پرائیوئز اور وائرئیڈزکی عام خصوصیات ہیں:","Respiration","Protista","Infectious nature","Exertion","ریسپائریشن","پروٹسٹا","متعدی فطرت","مشقت","C","Additional",""
"Punjab Board","Class 9","Biology","Chapter 2","2.7 STATUS OF VIRUS IN CLASSIFICATION","MCQ","Medium","1","Viruses are not include in any domain or classification as:","وائرسیز کسی بھی ڈومین یا کلاسیفیکیشن میں شامل نہیں ہیں کیونکہ:","They are poorly understood","They are too large","They are of various colors","They are not considered as organisms","یہ ناقص سمجھے جاتے ہیں","یہ بہت بڑے ہوتے ہیں","یہ مختلف رنگوں کے ہوتے ہیں","ان کو جاندار تصور نہیں کیا جاتا","D","Additional",""
"Punjab Board","Class 9","Biology","Chapter 2","2.7 STATUS OF VIRUS IN CLASSIFICATION","MCQ","Medium","1","The body of which organisms consist only of RNA?","کس جاندار کا جسم صرف آر این اے پر مشتمل ہوتا ہے؟","Prions","Viroids","Viruses","Algae","پرائیونز","وائرئیڈز","وائرسیز","الجی","B","Additional",""
"Punjab Board","Class 9","Biology","Chapter 2","2.7 STATUS OF VIRUS IN CLASSIFICATION","MCQ","Medium","1","Select the one which is not the characteristic of a prion:","اس کو منتخب کریں جو پرائیون کی خصوصیت نہیں ہے:","Composed of protein only","Can replicate","Cause disease in sheep","Do not contain circular RNA","صرف پروٹین پر مشتمل ہوتے ہیں","نقل کرسکتے ہیں","بھیڑ میں بیماری پیدا کرتے ہیں","سرکلر ڈی این اے پر مشتمل نہیں ہوتے","C","Additional",""
"Punjab Board","Class 9","Biology","Chapter 2","2.7 STATUS OF VIRUS IN CLASSIFICATION","MCQ","Medium","1","Which character of viruses make their resemblance with living organisms?","وائرسیز کا کون سا کردار زندہ جانداروں کے ساتھ مشابہت رکھتا ہے؟","They can be crystallized","They can not live outside host body","They contain DNA and RNA","All of the above","انہیں کرسٹلائز کیا جاسکتا ہے","یہ میزبان جسم سے باہر نہیں رہ سکتے","ان میں ڈی این اے اور آر این اے شامل ہوتا ہے","یہ تمام","C","Additional",""
"Punjab Board","Class 9","Biology","Chapter 2","2.7 STATUS OF VIRUS IN CLASSIFICATION","MCQ","Medium","1","Viroid composed of:","وائرائڈمشتمل ہے۔","Protein only","Circular RNA only","Circular DNA only","Lipids only","صرف پروٹین پر","صرف سیلولر (RNA)پر","صرف سیلولرپر(DNA)","صرف چکنائی پر","B","Additional",""
"Punjab Board","Class 9","Biology","Chapter 2","2.8 BINOMIAL NOMENCLATURE","MCQ","Medium","1","Which of the following is the correct way for writing the scientific name of humans?","انسان کا سائنسی نام لکھنے کا صحیح طریقہ کون سا ہے؟","Homo sapiens","Pisum sativum","Amanita muscaria","E.coli","ہومو سیپینز","پیشم ستیوم","امانیتا مسکاریا","ای کولی","A","Exercise",""
"Punjab Board","Class 9","Biology","Chapter 2","2.8 BINOMIAL NOMENCLATURE","MCQ","Medium","1","Which information you can get if you know the scientific name of an organisms?","اگر آپ کسی جاندار کا سائنسی نام جانتے ہیں تو آپ کون سی معلومات حاصل کرسکتے ہیں؟","Kingdom and phylum","Phylum and genus","Genus and species","Class and species","کنگڈم اور فائیلم","فائیلم اور جینس","جینس اور سپی شیز","کلاس اور سپی شیز","C","Exercise",""
"Punjab Board","Class 9","Biology","Chapter 2","2.8 BINOMIAL NOMENCLATURE","MCQ","Medium","1","In the scientific name first part refers to:","سائنسی نام میں پہلا حصہ ہوتا ہے:","Class","Order","Genus","Species","کلاس","آرڈر","جینس","سپی شیز","C","Additional",""
"Punjab Board","Class 9","Biology","Chapter 2","2.8 BINOMIAL NOMENCLATURE","MCQ","Medium","1","The system of scientific naming of organisms is called:","جانداروں کے سائنسی نام رکھنے کے سسٹم کو کہتے ہیں:","Biodiversity","Classification","Domain","Binomial Nomenclature","بائیو ڈائیورسٹی","کلاسیفیکیشن","ڈومین","بائی نومیل نومن کلچر","D","Additional",""
"Punjab Board","Class 9","Biology","Chapter 2","2.8 BINOMIAL NOMENCLATURE","MCQ","Medium","1","Who was the founder of the scientific naming system of organisms:","جانداروں کے سائنسی نام رکھنے کے سسٹم کا بانی کون ہے؟","Aristotle","Carolus Linnaeus","Ibn Rushd","Abi Ali Sina","ارسطو","چارلس لینئیس","ابن رشد","ابی علی سینا","B","Additional",""
"Punjab Board","Class 9","Biology","Chapter 2","2.8 BINOMIAL NOMENCLATURE","MCQ","Medium","1","The scientific name of tiger is:","چیتا کا سائنسی نام ہے:","Allium cepa","Solanum tuberosum","Apis cerana","Panthera Tigris","ایلیم سیپا","سولےنم ٹیوبروزم","آپس سیرانا","پینتھیرا ٹائیگرس","D","Additional",""
"Punjab Board","Class 9","Biology","Chapter 2","2.8 BINOMIAL NOMENCLATURE","MCQ","Medium","1","Scientific name of tomato is:","ٹماٹر کا سائنسی نام ہے:","Solanum tuberosum","Solanum esculentum","Apis cerana","Panthera Tigris","سولےنم ٹیوبروزم","سولےنم ایسکولنٹم","آپس سیرانا","پینتھیرا ٹائیگرس","B","Additional",""
"Punjab Board","Class 9","Biology","Chapter 2","2.8 BINOMIAL NOMENCLATURE","MCQ","Medium","1","The words of scientific name are taken from:","سائنسی نام کےلیے الفاظ لیے جاتے ہیں:","Arabic","Latin","Greek","English","عربی","لاطینی","یونانی","انگریزی","B","Additional",""
"Punjab Board","Class 9","Biology","Chapter 2","2.8 BINOMIAL NOMENCLATURE","MCQ","Medium","1","Which of the following fits the biologist definition of fish:","مندرجہ ذیل میں سے فش کی تعریف پر پورا اترتی ہے:","Cray fish","Jelly fish","Starfish","None of these","کری فش","جیلی فش","سٹار فش","کوئی نہیں","D","Additional",""
"Punjab Board","Class 9","Biology","Chapter 2","2.8 BINOMIAL NOMENCLATURE","MCQ","Medium","1","At the time of printing of a scientific name it should be typed in:","سائنسی نام کو پرنٹ کرتے وقت ٹائپ کیا جاتا ہے:","Italics","Bold letters","Underlined","Can be write in any way","اٹیلکس","موٹے حروف","لائن لگا کر","کسی بھی طرح لکھا جاسکتا ہے","A","Additional",""
"Punjab Board","Class 9","Biology","Chapter 2","2.8 BINOMIAL NOMENCLATURE","MCQ","Medium","1","Scientific name as advantages of:","سائنسی نام کے فوائد کے طور پر:","Same name applied to different organisms","Same organisms have different name in different areas","Has no scientific basis","Had scientific basis and is universally accepted","مختلف جانداروں کو ایک نام سے پکارا جاتا ہے","مختلف علاقوں میں ایک جیسے جاندار مختلف نام رکھتے ہیں","سائنسی بنیاد نہیں ہوتی","سائنسی بنیاد کو عالمی طور پر قبول کیا جاتا ہے","D","Additional",""
"Punjab Board","Class 9","Biology","Chapter 2","2.8 BINOMIAL NOMENCLATURE","MCQ","Medium","1","Binomial nomenclature was introduced by:","بائی نومیل نومن کلچر متعارف کروایا:","Aristotle","Carolus Linnaeus","Darwin","R.H Whittaker","ارسطو","چارلس لینیئس","ڈارون","آر ایچ وائٹیکر","B","Additional",""
"Punjab Board","Class 9","Biology","Chapter 2","2.8 BINOMIAL NOMENCLATURE","MCQ","Medium","1","In which of the following the first letter is capitalized in binomial nomenclature?","مندرجہ ذیل میں بائی نومل نومن کلچر میں پہلا حرف بڑا ہوتا ہے:","Genus","Class","Species","Family","جینس","کلاس","سپی شیز","فیملی","A","Additional",""
"Punjab Board","Class 9","Biology","Chapter 2","2.8 BINOMIAL NOMENCLATURE","MCQ","Medium","1","Scientific name of onion is:","پیاز کا سائنسی نام ہے:","Bauhinia cepa","Allium cepa","Bauhinia rebens","Oryza sativa","بوہنیا سیپا","ایلیم کیپا","بہوہنیا ربنس","اوریزا سیٹیوا","B","Additional",""
"Punjab Board","Class 9","Biology","Chapter 2","2.8 BINOMIAL NOMENCLATURE","MCQ","Medium","1","Which one is correct way of writing scientific name of an organisms?","جانداروں کا سائنسی نام لکھنے کا صحیح طریقہ ہے:","Canis lupus","Saccharum","Gian's gazelle","Write in itallics","سینیس لیپس","سیچ ہارم","گیان غیزل","اٹیلکس میں لکھنا","D","Additional",""
"Punjab Board","Class 9","Biology","Chapter 2","2.8 BINOMIAL NOMENCLATURE","MCQ","Medium","1","The scientific name of human being:","انسان کا سائنسی نام ہے:","Homo sapiens","Pisum sativum","Amanita muscaria","E.coli","ہومو سیپینز","پیشم ستیوم","امانیتا مسکاریا","ای-کولی","A","Additional",""
"Punjab Board","Class 9","Biology","Chapter 2","2.8 BINOMIAL NOMENCLATURE","MCQ","Medium","1","What are the two parts of binomial nomenclature?","بائی نو میئل نومن کلچر کے دو حصے کون سےہیں۔","Genus and family","Species and Kingdom","Genus and Species","Phylum and Class","جینس اور فیملی","سپی شیز اورکنگڈم","جینس اورسپی شیز","فائلم اور کلاس","C","Additional",""
"Punjab Board","Class 9","Biology","Chapter 2","2.8 BINOMIAL NOMENCLATURE","MCQ","Medium","1","Advantage of using Binomial nomenclature is:","بائی نومیئل نومن کلچر کو استعمال کرنے کا کیا فائدہ ہے؟","It provides a unique and universal name","It allows easy identification of organism","It provides information about organism","All of the above","یہ ایک منفرداوریونیورسل نام فراہم کرتا ہے","اس سےجانداروں کی شناخت آسان ہوجاتی ہے","یہ جاندار کے بارے میں معلومات فراہم کرتا ہے","یہ تمام","D","Additional",""
"Punjab Board","Class 9","Biology","Chapter 3","3.1 CELL","MCQ","Medium","1","Which one is the basic unit of life:","زندگی کی بنیادی اکائی کونسی ہے:","Atom","Molecule","Cell","Tissue","ایٹم","مالیکیول","سیل","ٹشوز","C","Additional",""
"Punjab Board","Class 9","Biology","Chapter 3","3.1 CELL","MCQ","Medium","1","The building blocks of living organisms are:","جانداروں کے بلڈنگ بلاکس ہیں:","Atoms","Molecules","Cells","Tissues","ایٹمز","مالیکیول","سیلز","ٹشوز","C","Additional",""
"Punjab Board","Class 9","Biology","Chapter 3","3.1 CELL","MCQ","Medium","1","Egg of the ostrich is:","شترمرغ کا انڈہ ہے:","Tissue","Organ","Cell","None of these","ٹشو","عضو","سیل","ان میں سے کوئی نہیں","C","Additional",""
"Punjab Board","Class 9","Biology","Chapter 3","3.1 CELL","MCQ","Medium","1","What is not true about prokaryotic cells:","پروکیروٹک سیلز کے بارے میں کیا درست نہیں ہے:","Nuclear material is directly submerged in cytoplasm.","Plasma membrane lack cholesterol.","Plasma membrane have sufficient cholesterol.","Non- membranous organelles are present.","نیوکلیئر مادہ براہِ راست سائیوپلازم میں ڈوباہوتا ہے","پلازما ممبرین میں کولسٹول کی کمی ہوتی ہے","پلازما ممبرین میں کافی کولسٹول ہوتا ہے","غیر ممبرین والے آرگینلیزموجود ہیں","A","Conceptuals",""
"Punjab Board","Class 9","Biology","Chapter 3","3.1 CELL","MCQ","Medium","1","Which of the following statement is correctly matched:","مندرجہ ذیل میں سے کونسا بیان صحیح ممائل ہے:","Cell wall- found only in plants","Cytoplasm - involved in metabolic reactions","Prokaryotic nucleus- DNA and proteins","All are correct","سیل وال صرف پودوں میں پائی جاتی ہے","سائٹوپلازم میں میٹابولک ری ایکشنز شامل ہوتے ہیں","پروکیروٹک نیوکلیئس ڈی این اے اور پروٹینز","تمام درست ہیں","D","Conceptuals",""
"Punjab Board","Class 9","Biology","Chapter 3","3.1 CELL","MCQ","Medium","1","Three organelles X, Y and Z are present in cytoplasm organelle X can synthesize proteins, Y is involved in the contraction of muscles, and Z controls all activities of cell:","سائٹوپلازم میں تین آرگیلز X، Yاور Z موجود ہیں۔Xآرگینلی پروٹینز کو تیار کر سکتی ہے،Yمسلز کے سکڑنے میں شامل ہے اور Z سیل کی تمام سرگرمیوں کو کنٹرول کرتی ہے:","X is Endoplasmic reticulum, Y is ribosome and Z is nucleus.","X is ribosome, Y is nucleus and Z is Endoplasmic reticulum","X is ribosome, Y is Endoplasmic reticulum and Z is nucleus","X is nucleus, Y is Endoplasmic reticulum, and Z is ribosome","X اینڈوپلازمک ایپی کولم ہے،Y رائیوسوم اور Z نیوکلیئس ہے","X رائیوسوم ہے Y نیوکلیئس اور Z انرڑولازمک ریٹی کولم ہے","X رائیوسوم ہے، Y اینڈوپلازمک ریٹی کالم اور Z نیوکلیئس ہے","X نیوکلیئس ہے، Y ایندوپلازمک ریٹی کولم ہے،اور Z رائبوسوم ہے","C","Conceptuals",""
"Punjab Board","Class 9","Biology","Chapter 3","3.1 CELL","MCQ","Medium","1","A student in a laboratory isolate some animal cells and view them under the microscope. He observes excess of ATP in the cell. Which organelle is abundant in the cell?","لیبارٹری میں ایک طالب علم جانوروں کے کچھ سیلز کو الگ کرتا ہے اور انہیں مائیکروسکوپ کے نیچے دیکھتا ہے وہ سیل میںATP کی زیادتی کا مشاہدہ کرتا ہے۔سیل مین کون سا آرگینلی زیادہ ہے:","Nucleus","Mitochondrion","Chloroplasts","Both b and c","نیوکلیئس","مائیٹوکانڈریا","کلوروپلاسٹس","b اور c دونوں","B","Conceptuals",""
"Punjab Board","Class 9","Biology","Chapter 3","3.1 CELL","MCQ","Medium","1","Which of the following organelles have double membrane:","مندرجہ ذیل میں سے کونسی آرگنیلز ڈبل ممبرین رکھتی ہیں:","Vacuole, nucleus","Vacuole, nucleus","Chloroplasts, mitochondrion","Lysosome, chloroplasts","ویکیول،نیوکلیئس","ویکیول،نیوکلیئس","کلوروپلاسٹس، مائٹو کانڈریا","لائسوسوم کلوروپلاسٹس","C","Conceptuals",""
"Punjab Board","Class 9","Biology","Chapter 3","3.1 CELL","MCQ","Medium","1","Mesophyll cells contain large amount of chloroplasts:","میزوفل سیلز بڑی تعداد میں کلوروپلاسٹس رکھتے ہیں:","To maximize water absorption","To enhance photosynthesis","For gaseous exchange","For mineral absorption","پانی کے انجذاب کو زیادہ سے زیادہ بڑھانے کے لیے","فوٹوسینتھی سسز کو بڑھانے کے لیے","گیسوں کے تبادلے کے لیے","منرل کے انجذاب کے لیے","B","Conceptuals",""
"Punjab Board","Class 9","Biology","Chapter 3","3.1 CELL","MCQ","Medium","1","Which of the following statement is correct:","مندرجہ ذیل میں سے کونسا بیان درست ہے:","In animal cells large central vacuole is present","In plant cells, centrioles make spindle fibers","In animal cells centrioles ensures the accurate distribution of chromosome","Algae do not contain cellulose in its cell wall","جانوروں کے سیلز میں بڑا مرکزی ویکیول پایا جاتا ہے","جانوروں کے سیلز میں سیٹریولزسپینڈل فائبر بناتے ہیں","جانوروں کے سیلز میں سینٹرولز کروموسوم کی تقسیم یقینی بناتے ہیں","الجی اپنی سیل وال میں سیلولوز نہیں رکھتی","C","Conceptuals",""
"Punjab Board","Class 9","Biology","Chapter 3","3.1 CELL","MCQ","Medium","1","Which pair is mismatched:","کونسا جوڑا درست نہیں ہے:","Neurons - dendrites and axons","Red blood cells- hemoglobin","Muscle cell - contraction","Liver cells- spindle shaped","نیورونز، ڈینڈریٹس اور ایکڑانز","ریڈبلڈ سیلز-ہیموگلوبن","مسل سیلزکا سکڑنا","جگر کے سیلز-سپینڈل نما","D","Conceptuals",""
"Punjab Board","Class 9","Biology","Chapter 3","3.1 CELL","MCQ","Medium","1","Stem cells remain in different parts of the body throughout life. What is the function of these cells:","سٹیم سیلز زندگی بھر جسم کے مختلف حصّوں میں رہتے ہیں،اس سیلز کا کیا کام ہے:","Regeneration of damaged tissue","Differentiate into nerve cells","Differentiate into bone marrow","All","خراب شدہ ٹشوز کو دوبارہ بنانا","نروسیلز میں تفریق پاجانا","بون میرو میں تفریق پاجانا","تمام","A","Conceptuals",""
"Punjab Board","Class 9","Biology","Chapter 3","3.1 CELL","MCQ","Medium","1","Waste material began to accumulate in plants cell due to the absence of:","پودوں کے سیلز میں غیر موجودگی کی وجہ سے نقصان دہ مادے جمع ہونا شروع ہوتے ہیں:","Lysosome","Vacuole","Golgi apparatus","Both a and b","لائسوسوم","ویکیول کی","گالگی اپریٹس کی","الف اور ب دونوں","A","Conceptuals",""
"Punjab Board","Class 9","Biology","Chapter 3","3.2 STRUCTURE OF CELL","MCQ","Medium","1","The process of cellular respiration occurs in:","سیلولر ریسسپریشن کا عمل کہاں وقوع پذیر ہوتا ہے؟","Nucleus","Mitochondria","Ribosomes","Golgi apparatus","نیوکلئیس","مائٹو کونڈریا","رائبو سوم","گالجی اپریٹس","B","Exercise",""
"Punjab Board","Class 9","Biology","Chapter 3","3.2 STRUCTURE OF CELL","MCQ","Medium","1","The smooth endoplasmic reticulum (SER) is primarily involved in the synthesis of:","سموتھ اینڈ وپلازمک ریٹیکولم بنیادی طور پر کس کی تیاری میں شامل ہے؟","Proteins","Lipids","Carbohydrates","Nucleic acids","پروٹینز","لپڈز","کاربوئیڈریٹس","نیوکلیئک ایسڈز","B","Exercise",""
"Punjab Board","Class 9","Biology","Chapter 3","3.2 STRUCTURE OF CELL","MCQ","Medium","1","Ribosomes are composed of:","رائبوسومزکی کیمیائی ساخت کیا ہے؟","RNA and protein","DNA and protein","Carbohydrates and lipids","RNA and carbohydrates","RNA اور پروٹینز","DNA اور پروٹینز","کاربوہائیڈریٹس اور لپڈز","RNA اور کاربوہائیڈریٹس","A","Exercise",""
"Punjab Board","Class 9","Biology","Chapter 3","3.2 STRUCTURE OF CELL","MCQ","Medium","1","What is the primary function of ribosomes?","رائبو سوم کا بنیادی کام کیا ہے؟","Energy production","Protein synthesis","Lipid synthesis","DNA synthesis","توانائی پیدا کرنا","پروٹین کی تیاری","لپڈ کی تیاری","ڈی این اے کی تیاری","B","Exercise",""
"Punjab Board","Class 9","Biology","Chapter 3","3.2 STRUCTURE OF CELL","MCQ","Medium","1","Which cell organelle is involved in packaging and modifying protein?","کون سا سیل آر گنیلی پروٹینز کی پیکنگ اور تبدیلی میں شامل ہے؟","Nucleus","Mitochondria","Golgi apparatus","Endoplasmic reticulum","نیوکلیس","مائٹو کانڈریا","گالجی اپریٹس","اینڈوپلازملک ریٹی کولم","C","Exercise",""
"Punjab Board","Class 9","Biology","Chapter 3","3.2 STRUCTURE OF CELL","MCQ","Medium","1","Which cell organelle is responsible for breaking down waste materials?","کون سا آرگینلی بے کار مواد کو توڑنے کا ذمہ دار ہے؟","Golgi apparatus","Nucleus","Mitochondria","Lysosome","گالجی اپریٹس","نیوکلیس","مائٹو کانڈریا","لائسو سوم","D","Exercise",""
"Punjab Board","Class 9","Biology","Chapter 3","3.2 STRUCTURE OF CELL","MCQ","Medium","1","Which of the following cell structures is involved in maintaining cell shape?","درج ذیل میں سے کون سی ساخت سیل کی شکل کو برقرار رکھنے میں مددگار ہے؟","Cytoskeleton","Centrioles","Nucleus","Lysosome","سائٹو سکیلیٹن","سینٹریول","نیوکلیس","لائسوسوم","A","Exercise",""
"Punjab Board","Class 9","Biology","Chapter 3","3.2 STRUCTURE OF CELL","MCQ","Medium","1","Which specialized region of the nucleus is responsible for ribosome assembly?","نیوکلیس کا کون سا حصہ رائبو سوم کی تیاری کا ذمہ دار ہے؟","Nucleoplasm","Nucleolus","Chromatin","Chromatin","نیوکلیو پلازم","نیوکلیو لس","کروماٹن","نیوکلئیر اینو یلوپ","B","Exercise",""
"Punjab Board","Class 9","Biology","Chapter 3","3.2 STRUCTURE OF CELL","MCQ","Medium","1","What is the main function of the nuclear pores?","نیو کلئیر پورز کا اہم کام کیا ہے؟","Regulation of cell division","Protein synthesis","Control of pH of the cell","Control of transport of molecules","سیل ڈویژن کو کنٹرول کرنا","سیل کی pH کنٹرول کرنا","پروٹین کی تیاری","مالیکیولز کی حرکت کا کنٹرول","D","Exercise",""
"Punjab Board","Class 9","Biology","Chapter 3","3.2 STRUCTURE OF CELL","MCQ","Medium","1","Which of the following cellular structures is found in animal cells and helps in cell division?","درج ذیل میں سے کون سی ساخت جانور کے سیل میں پائی جاتی ہے اور سیل ڈویژن میں مدد فراہم کرتی ہے؟","Cell membrane","Centriole","Plasmodesma","Vacuole","سیل ممبرین","سینٹریول","پلازموڈسمیٹا","ویکیول","B","Exercise",""
"Punjab Board","Class 9","Biology","Chapter 3","3.2 STRUCTURE OF CELL","MCQ","Medium","1","Which sub-cellular organelle plays a crucial role in energy production within the cell?","کون سا آرگنیلی سیل کے اندر توانائی پیدا کرنے میں اہم کردار ادا کرتاہے؟","Endoplasmic reticulum","Golgi apparatus","Mitochondria","Lysosomes","اینڈوپلازمک ریٹی کولم","گالجی اپریٹس","مائٹو کانڈریا","لائسوسوم","C","Exercise",""
"Punjab Board","Class 9","Biology","Chapter 3","3.2 STRUCTURE OF CELL","MCQ","Medium","1","Which of these are present on the surface of rough endoplasmic reticulum?","کون سا آرگنیلی رف اینڈوپلازمک ریٹی کولم کی سطح پر موجود ہوتا ہے؟","Ribosomes","Lysosomes","Mitochondria","Vacuoles","رائبو سوم","لائسوسومز","مائٹو کانڈریا","ویکیول","A","Exercise",""
"Punjab Board","Class 9","Biology","Chapter 3","3.2 STRUCTURE OF CELL","MCQ","Medium","1","Cell was discovered by Robert Hooke in:","سیل کورابرٹ ہک نے دریافت کیا تھا:","1556","1565","1656","1665","","","","","D","Additional",""
"Punjab Board","Class 9","Biology","Chapter 3","3.2 STRUCTURE OF CELL","MCQ","Medium","1","Nucleus in cell was discovered by:","سیل میں نیوکلیئس دریافت کیا:","Robert Hooke","Robert brown","Jean Baptiste de Lamarck","Margulis","رابرٹ ہک","رابرٹ براؤن","جنی بپٹسٹ ڈی لیمارک","مارگولس","B","Additional",""
"Punjab Board","Class 9","Biology","Chapter 3","3.2 STRUCTURE OF CELL","MCQ","Medium","1","Who examined a thin slice of cork and discovered tiny box like structures that he called cell:","کس نے کارک کے ایک باریک ٹکڑے کا جائزہ لیا اور چھوٹی ڈبہ نما ساختیں دریافت کیں جنہیں اس نے سیلز کانام دیا:","Louis Pasteur","Wallace","Robert Hooke","Robert Brown","لوئس پاسچر","والیس","رابرٹ ہک","رابرٹ براؤن","C","Additional",""
"Punjab Board","Class 9","Biology","Chapter 3","3.2 STRUCTURE OF CELL","MCQ","Medium","1","Cell wall is:","سیل وال ہے:","Rigid","Living","Non-living","Both a and c","سخت","جاندار","بےجاندار","aاوردونوں b","D","Additional",""
"Punjab Board","Class 9","Biology","Chapter 3","3.2 STRUCTURE OF CELL","MCQ","Medium","1","It provides shape, strength, protection and support:","شکل، طاقت، حفاظت اور سہارا فراہم کرتی ہیں:","Cell wall","Cell membrane","Cytoplasm","Vacuole","سیل وال","سیل ممبرین","سائٹوپلازم","ویکیول","A","Additional",""
"Punjab Board","Class 9","Biology","Chapter 3","3.2 STRUCTURE OF CELL","MCQ","Medium","1","Cellulose in cell wall is arranged in a:","سیل وال میں سیلولوز کو اس میں ترتیب دیا گیا ہے:","Criss Cross","Hemicellulose","Pectin","All","کرس گراس","ہیمی سیلولوز","پیکٹن","تمام","A","Additional",""
"Punjab Board","Class 9","Biology","Chapter 3","3.2 STRUCTURE OF CELL","MCQ","Medium","1","Fungus cell wall contains:","فنجائی سیل وال رکھتی ہے:","Chitin","Peptidoglycan","Cellulose","Pectin","کائٹن پر","پیپٹائڈگلائکین","سیلولوزیر","پیکٹن پر","A","Additional",""
"Punjab Board","Class 9","Biology","Chapter 3","3.2 STRUCTURE OF CELL","MCQ","Medium","1","Peptidoglycan is a complex of:","پیپٹائیڈوگلائیکین کا ایک کمپلیکس ہے:","Sugars and fatty acids","Amino acids and sugars","Fatty acids and nucleotides","Nucleotides and sugars","شوگرز اور فیٹیایسڈز","ایمائنو ایسڈزاور شوگرز","فیٹی ایسڈز اور نیوکلوٹائیڈز","نیوکلوٹائیڈز اور شوگرز","B","Additional",""
"Punjab Board","Class 9","Biology","Chapter 3","3.2 STRUCTURE OF CELL","MCQ","Medium","1","The channels in cell wall that allows the exchange of molecules between adjacent cells:","سیل وال میں موجود چینلزجن کے ذریعےفریبی سیلز کے درمیان مالیکیولز کا تبادلہ ہوتا ہے:","Plasmodesmata","Nuclear pores","Channel proteins","Both a and c","پلازموڈمیٹا","نیوکلیئر پورز","چینل پروٹینز","a اور c دونوں","A","Additional",""
"Punjab Board","Class 9","Biology","Chapter 3","3.2 STRUCTURE OF CELL","MCQ","Medium","1","According to fluid mosaic model lipids make a fluid like bilayer in which molecules are submerged:","فلوئڈموزیک ماڈل کے مطابق لپڈز ایک مائع کی طرح کی دوہری تہہ بناتے ہیں جس میں مالیکیولز ڈوبے ہوتے ہیں:","Carbohydrates","Nucleic acid","Protein","Water","کاربوہائڈیٹس","نیوکلیک ایسڈ","پروٹین","پانی","C","Additional",""
"Punjab Board","Class 9","Biology","Chapter 3","3.2 STRUCTURE OF CELL","MCQ","Medium","1","All cells have thin and elastic structure around the cytoplasm:","تمام سیلز کے سائٹوپلازم کے گرد پتلی اور لچکدار ساخت ہوتی ہے:","Cell membrane","Cell wall","Cisternae","Cristae","سیل ممبرین","سیل وال","کاسٹرنی","کرسٹی","A","Additional",""
"Punjab Board","Class 9","Biology","Chapter 3","3.2 STRUCTURE OF CELL","MCQ","Medium","1","Ribosomes contains equal amount of:","رائبوسومز کی برابر مقدار پر مشتمل ہے:","rRNA and proteins","DNA and proteins","DNA and rRNA","Lipids and proteins","رائیوسومل آر این اے اور پروٹینز","ڈی این اے اور پروٹینز","ڈی این اے اور رائیوسومل آر این اے","لپڈزاور پروپروٹینز","A","Additional",""
"Punjab Board","Class 9","Biology","Chapter 3","3.2 STRUCTURE OF CELL","MCQ","Medium","1","Ribosomes are the sites of:","رائبوسومز مقامات ہیں:","Lipids synthesis","Protein synthesis","Synthesis of sugars","Synthesis of nucleic acid","لپڈز کی تیاری کے","پروٹین کی تیاری کے","شوگرز کی تیاری کے","نیوکلیک ایسڈ کی تیاری کے","B","Additional",""
"Punjab Board","Class 9","Biology","Chapter 3","3.2 STRUCTURE OF CELL","MCQ","Medium","1","Which of the following organelle is not bounded by membranes:","مندرجہ ذیل میں سے کونسی آرگینل ممبرین کے ذریعے لپٹی ہوئی نہیں ہے:","Lysosome","Centrioles","Vacuole","Ribosome","لائسوسوم","سنٹرولز","ویکیول","رائبوسوم","B","Additional",""
"Punjab Board","Class 9","Biology","Chapter 3","3.2 STRUCTURE OF CELL","MCQ","Medium","1","Detoxification of lipids and other harmful chemicals, transport of material is the function of:","لپڈز اور دوسرے نقصان دہ کیمیکلز کازہر یلا اثر ختم کرنا،اور مواد کی نقل و حمل کا کام ہے:","Golgi apparatus","SER","RER","Lysosomes","گالجی اپریٹس کا","مسوتھو اینڈ پلازمک ریٹی کولم کا","رف اینڈ پلازم ایٹی کولم","لائسوسومزکا","B","Additional",""
"Punjab Board","Class 9","Biology","Chapter 3","3.2 STRUCTURE OF CELL","MCQ","Medium","1","Flattened sacs in the cytoplasm is called:","سائٹوپلازم میں چپٹی تھیلیوں کو کہا جاتا ہے:","Cristae","Grana","Thylakoid","Cisternae","کرسٹی","گھرانا","تھائیلاکوائڈ","سسٹرنی","D","Additional",""
"Punjab Board","Class 9","Biology","Chapter 3","3.2 STRUCTURE OF CELL","MCQ","Medium","1","Which of the following organelle found in both plant and animal cells:","مندرجہ ذیل میں سے دونوں پودوں اور جانوروں کے سیلز میں پائی جانے والی آرگینی ہے:","Golgi apparatus","Lysosomes","Plastids","Centrioles","گالجی اپریٹس","لائسوسومز","پلاسٹیڈز","سینٹریولز","A","Additional",""
"Punjab Board","Class 9","Biology","Chapter 3","3.2 STRUCTURE OF CELL","MCQ","Medium","1","The liquid part of the cytoplasm that includes molecules and small particles but not membrane bound organelles is called:","سائٹوپلازم کا وہ مائع حصہ جس میں مالیکیولز اور چھوٹے ذرات شامل ہیں لیکن ممبرین میں لپٹی ہوئی آرگنیلزنہیں ہوتے کہلاتا ہے:","Nucleus","Mitochondria","Golgi apparatus","Cytosol","نیوکلیئس","مائٹوکانڈریا","گالجی اپریٹس","سائٹوسول","D","Additional",""
"Punjab Board","Class 9","Biology","Chapter 3","3.2 STRUCTURE OF CELL","MCQ","Medium","1","In 1906, Golgi was awarded noble prize for:","1906 میں، گالجی کو انعام دیا گیا :","Physiology","Medicine","Both","Biotechnology","فزیالوگی","میڈیسن","دونوں","بائیوٹیکنالوجی","C","Additional",""
"Punjab Board","Class 9","Biology","Chapter 3","3.2 STRUCTURE OF CELL","MCQ","Medium","1","Secretions of Golgi vesicles and modification of molecules coming from rough ER is the function of:","گالجی اپریٹس کی رطوبت اور اینڈوپلازمک ریٹی کولم سے آنے والے مالیکیولز میں تبدیلی کا کام کرتا ہے:","Lysosome","Golgi apparatus","Ribosomes","Endoplasmic reticulum","لائسوسوم","گالجی اپریٹس","رائبوسوم","اینڈوپلازمک ریٹی کولم","B","Additional",""
"Punjab Board","Class 9","Biology","Chapter 3","3.2 STRUCTURE OF CELL","MCQ","Medium","1","Cytoplasm is a complex of:","سائٹوپلازم ایک پیچیدہ مکسچرہے:","Water","Protein","Enzymes","All","پانی کا","پروٹین کا","اینزائمز","تمام","D","Additional",""
"Punjab Board","Class 9","Biology","Chapter 3","3.2 STRUCTURE OF CELL","MCQ","Medium","1","Nucleus serve as the:","نیوکلیئس اس کے طور پر کام کرتا ہے:","Control center","Energy manufacturer","Powerhouse","Factory","کنڑول سیلز","انرجی بنانے والا","پاورہاؤس","فیکڑی","A","Additional",""
"Punjab Board","Class 9","Biology","Chapter 3","3.2 STRUCTURE OF CELL","MCQ","Medium","1","The jelly like material inside nuclear envelope is:","نیوکلیئر انیویلپ کے اندر جیلی جیسا مواد ہوتا ہے:","Sarcoplasm","Axoplasm","Cytoplasm","Nucleoplasm","سارکوپلازم","ایکسوپلازم","سائٹو پلازم","نیوکلیو پلازم","D","Additional",""
"Punjab Board","Class 9","Biology","Chapter 3","3.2 STRUCTURE OF CELL","MCQ","Medium","1","DNA is also called:","ڈی این اےکو کہا جاتا ہے:","Gene","Chromosome","Hereditary material","Chromatid","جین","کروموسوم","وراثتی مادہ","کرومائڈ","C","Additional",""
"Punjab Board","Class 9","Biology","Chapter 3","3.2 STRUCTURE OF CELL","MCQ","Medium","1","Intermediate filaments contains ...... proteins:","انٹرمیڈیٹ فلامنٹس...... پروٹینز رکھتے ہیں:","Keratin","Vimentin","Both","Do not contain protein","کیراٹین","وائمنٹن","دونوں","پروٹین نہیں رکھتے","C","Additional",""
"Punjab Board","Class 9","Biology","Chapter 3","3.2 STRUCTURE OF CELL","MCQ","Medium","1","The part of cytoskeleton that holds organelles in place and act as track for organelles:","سائٹوسکیلیٹس کا حصہ جو آرگنیلز کواس کی جگہ پر رکھتا ہےاور آرگینلز کے لیے ایک ٹریک کے طور پر کام کرتا ہے:","Microtubules","Microfilaments","Intermediate filaments","It is not the function of cytoskeleton","مائیکروٹیوبیولز","مائیکروفلامنٹس","انٹرمیڈیٹ فلامیٹس","یہ سائٹوسکیلیٹس کا کام نہیں ہے","A","Additional",""
"Punjab Board","Class 9","Biology","Chapter 3","3.2 STRUCTURE OF CELL","MCQ","Medium","1","lysosomes contain enzymes:","لائسوسومز اینزائمز پر مشتمل ہے:","Respiratory","Digestive","Circulatory","Excretory","ریسپائریٹری","ڈائی جسٹو","سرکولیٹری","ایکسکیٹری","B","Additional",""
"Punjab Board","Class 9","Biology","Chapter 3","3.2 STRUCTURE OF CELL","MCQ","Medium","1","The inner membrane of mitochondrion form folds called:","مائٹوکائڈریا کی اندرونی ممبرین جو فولڈ بناتی ہے،کہلاتی ہے:","Cisternae","Cristae","Grana","Thalakoid","سسٹرنی","کرسٹی","گرینا","تھائیلا کوائڈ","B","Additional",""
"Punjab Board","Class 9","Biology","Chapter 3","3.2 STRUCTURE OF CELL","MCQ","Medium","1","Which of the following organelles contain their own DNA and ribosomes:","مندرجہ ذیل میں سے کس آرگینلز کے پاس اپناڈی این اے اور رائبو سومز ہیں:","Mitochondrion","Chloroplasts","Nucleus","Both a and b","مائٹوکائڈریان","کلوروپلاسٹس","نیوکلیئس","aاورb دونوں","D","Additional",""
"Punjab Board","Class 9","Biology","Chapter 3","3.2 STRUCTURE OF CELL","MCQ","Medium","1","Mitochondria is referred as:","مائٹو کانڈریا کو کہا جاتا ہے:","Powerhouse of cell","Factory of proteins","Factory of ribosomes","Brain of cell","سیل کا پاورہاؤس","پروٹینز ک فیکٹری","رائبوسومز کی فیکٹری","سیل کا دماغ","A","Additional",""
"Punjab Board","Class 9","Biology","Chapter 3","3.2 STRUCTURE OF CELL","MCQ","Medium","1","The pigment found in chloroplasts is:","کلوروپلاسٹس میں پایا جانے والاپگمنٹ ہے:","Carotenoids","Carotenes","Chlorophyll","Xanthophyll","کیروٹینائڈز","کیروٹینز","کلوروفل","حیاتیاتی کیمیا","C","Additional",""
"Punjab Board","Class 9","Biology","Chapter 3","3.2 STRUCTURE OF CELL","MCQ","Medium","1","With the help of photosynthetic pigments chloroplasts capture light energy and convert into chemical energy in the form of:","فوٹوسنتھٹک پگمنٹس کی مدد سے کلورو پلاسٹس روشنی کی توانائی کو جذب کرتے ہیں اور اسے کیمیکل انرجی میں اس کی شکل میں تبدیل کرتے ہیں:","Glucose","Sucrose","Ribose","Fructose","گلوکوز","سکروز","رائبوز","فریکٹوز","A","Additional",""
"Punjab Board","Class 9","Biology","Chapter 3","3.2 STRUCTURE OF CELL","MCQ","Medium","1","A sac like structure which make granum is called:","ایک تھیلی جیسی ساخت جو گرینم بناتا ہے اسے کہتے ہیں:","Thylakoid","Cisternae","Cristae","All of these","تھائیلاکوائڈ","سسٹرنی","کرسٹی","یہ تمام","A","Additional",""
"Punjab Board","Class 9","Biology","Chapter 3","3.2 STRUCTURE OF CELL","MCQ","Medium","1","Which of the following give color to petals of flowers and fruit:","مندرجہ ذیل میں سے کون پھولوں کی پتیوں اور پھلوں کو رنگ دیتا ہیں:","Chloroplasts","Chromoplast","Leucoplast","Mitochondria","کلوروپلاسٹس","کروموپلاسٹس","لیوکوپلاسٹس","مندرجہ بالاتمام","B","Additional",""
"Punjab Board","Class 9","Biology","Chapter 3","3.2 STRUCTURE OF CELL","MCQ","Medium","1","Each centriole is made up of ...... microtubules:","ہر سنٹرول مائیکروٹیوبیولز کے ......پر مشتمل ہوتا ہے:","3 triplets","6 triplets","9 triplets","12 triplets","3 ٹرپلٹس","6 ٹرپلٹس","9 ٹرپلٹس","12 ٹرپلٹس","C","Additional",""
"Punjab Board","Class 9","Biology","Chapter 3","3.2 STRUCTURE OF CELL","MCQ","Medium","1","Basal bodies are responsible for the formation of:","بیسل باڈی کی تشکیل کے لیے ذمہ دار ہیں:","Cilia","Flagella","Centrioles","Both a and b","سیلیا","فلے جیلا","سنٹریولز","aاورb دونوں","D","Additional",""
"Punjab Board","Class 9","Biology","Chapter 3","3.2 STRUCTURE OF CELL","MCQ","Medium","1","A network of channels extending from cell membrane to nuclear membrane is called:","سیل ممبرین سے نیوکلیئر ممبرین تک پھیلا ہواچینلزکا نیٹ ورک کہلاتا ہے؟","Centriole","Endoplasmic reticulum","Ribosomes","Centrosome","سنڈیول","اینڈوپلازمک ریکٹی کولم","رائبوسومز","سنٹروسوم","B","Additional",""
"Punjab Board","Class 9","Biology","Chapter 3","3.2 STRUCTURE OF CELL","MCQ","Medium","1","The site of enzyme synthesis in cell is:","سیل میں انزائم کی تیاری کا مقام ہے:","Lysosome","Smooth Endoplasmic reticulum","Golgi bodies","Ribosomes","لائسوسوم","سموتھ اینڈوپلازمک ریٹی کولم","گالجی باڈیز","رائبوسومز","D","Additional",""
"Punjab Board","Class 9","Biology","Chapter 3","3.2 STRUCTURE OF CELL","MCQ","Medium","1","Which of the following cell organelles does not contain DNA?","مندرجہ ذیل میں کون سا سیل یا آرگینٹلزڈی این اےنہیں رکھتا ہے:","Nucleus","Lysosomes","Chloroplast","Mitochondria","نیوکلیئس","لائسوسومز","کلوروپلاسٹ","مائڈوکلائڈدیا","B","Additional",""
"Punjab Board","Class 9","Biology","Chapter 3","3.2 STRUCTURE OF CELL","MCQ","Medium","1","Phopholipids are required for cell membrane formation are synthesized in:","سیل ممبرین بنانے کےلیے فاسفولپڈز درکار ہوتے ہیں جو کہ بنائےجاتے ہیں:","Mitochondria","Cytoplasm","Endoplasmic reticulum","Smooth Endoplasmic reticulum","مائٹوکانڈریا میں","سائٹوپلازم میں","اینڈوپلازمک","سموتھ اینڈوپلازمک ریپی کولم","D","Additional",""
"Punjab Board","Class 9","Biology","Chapter 3","3.2 STRUCTURE OF CELL","MCQ","Medium","1","Cytoskeleton is an important of eukaryotic cells. Which of the following statement correctly described cytoskeleton?","یوکیریوٹک سیلز میں سائٹوسکیلٹن اہم ہے۔ مندرجہ ذیل میں سے کونسا بیان درست طریقے سے سائٹوسکیلٹن کو بیان کرتا ہے؟","All the cytoskeleton structures are made up of same protein","There is no contractile protein in any cytoskeleton component","cytoskeleton provides mechanical support and has role in cell division","The entire cytoskeleton is present around the cell membrane","تمام سائٹوسکیلٹن ساختیں ایک ہی پروٹین سے مل کر بنتی ہیں","سائٹوسکیلٹن کے کسی جزو میں کوئی پروٹین نہیں ہوتی","سائٹو سکیلٹن مدد فراہم کرتا ہے اور سیل ڈویژن میں کردار ادا کرتا ہے","سیل ممبرین کے گرد پورا سائٹو سکیلٹن موجود ہوتا ہے","C","Additional",""
"Punjab Board","Class 9","Biology","Chapter 3","3.2 STRUCTURE OF CELL","MCQ","Medium","1","Which of the following statement correctly represent ribosomes?","مندرجہ ذیل میں سے کونسا بیان رائبوسومز کی صحیح نمائندگی کرتا ہے:","They are present only in eukaryotic cell","They are produced in the nucleus then migrate to the cytoplasm where they synthesize proteins","They are covered by single membrane","All ribosomes are attached to the inner surface of PER","وہ صرف یوکیروٹک سیل میں موجود ہیں","وہ نیوکلیئس میں پیدا ہوتے ہیں پھر سائٹوپلازم میں چلے جاتے ہیں جہاں وہ پروٹینز کی تیاری کرتے ہیں","وہ سنگل ممبرین سے ڈھکے ہوتے ہیں","تمام رائبوسومز PER کی سطح سے جڑے ہوتے ہیں","B","Additional",""
"Punjab Board","Class 9","Biology","Chapter 3","3.2 STRUCTURE OF CELL","MCQ","Medium","1","Cell walls are found in these organisms, except for:","سیل والز ان جانداروں میں پائی جاتی ہے،سوائے اس کے:","Plants","Animals","Bacteria","Fungi","پودے","جانوروں","بیکٹیریا","فنجائی","B","Additional",""
"Punjab Board","Class 9","Biology","Chapter 3","3.2 STRUCTURE OF CELL","MCQ","Medium","1","The chloroplast functions in:","کلوروپلاسٹ کا کام ہے:","ATP synthesis","Protein synthesis","Photosynthesis","DNA replication","APT کی تیاری","پروٹین کی تیاری","فوٹوسینتھی سسز","ڈی این اے ریپلی کیشن","C","Additional",""
"Punjab Board","Class 9","Biology","Chapter 3","3.2 STRUCTURE OF CELL","MCQ","Medium","1","Which plastid is primarily involved in the storage of food molecules in plant:","کونسا پلاسٹڈ بنیادی طور پر پودوں میں خوراک کے مالیکیولز کو ذخیرہ کرنے میں شامل ہوتاہے:","Chromoplasts","Chloroplasts","Leucoplasts","Lyspsomes","کرومو پلاسٹس","کلوروپلاسٹس","لیوکوپلاسٹس","لائسوسومز","C","Additional",""
"Punjab Board","Class 9","Biology","Chapter 3","3.2 STRUCTURE OF CELL","MCQ","Medium","1","The stacked membranus structure in the chloroplast is:","کلوروپلاسٹ میں تھیلیوں جیسی ساختیں ہیں۔","Thylakoids","Stroma","Granum","Intergranum","تھائلاکوائڈز","سٹروما","گرینم","انٹرگرینم","C","Additional",""
"Punjab Board","Class 9","Biology","Chapter 3","3.2 STRUCTURE OF CELL","MCQ","Medium","1","The membranous structure in th chloroplast is:","کلوروپلاسٹ میں ممبرین میں لپٹی ساخت ہے:","Thylakoids","Stroma","Granum","Intergranum","تھائیلاکوائڈ","سٹروما","گرینم","انٹرگرینم","A","Additional",""
"Punjab Board","Class 9","Biology","Chapter 3","3.2 STRUCTURE OF CELL","MCQ","Medium","1","The type of plastide present in fruits are:","پھلوں میں موجود پلاسٹیڈکی قسم ہے:","Chloroplasts","Chromoplasts","Leucoplasts","All of the above","کلوروپلاسٹس","کروموپلاسٹس","لیوکوپلاسٹس","مندرجہ بالاتمام","B","Additional",""
"Punjab Board","Class 9","Biology","Chapter 3","3.2 STRUCTURE OF CELL","MCQ","Medium","1","The type of plastid present in roots are:","جڑوں میں موجود پلاسٹڈ کی قسم ہے:","Chloroplasts","Chromoplasts","Leucoplasts","All of above","کلوروپلاسٹس","کروموپلاسٹس","لیوکوپلاسٹس","اوپر کے سب","C","Additional",""
"Punjab Board","Class 9","Biology","Chapter 3","3.2 STRUCTURE OF CELL","MCQ","Medium","1","Single membrane bounded organelles having strong digestive enzymes are:","سنگل ممبرین میں لپٹے آرگنیلز جو مضبوط ڈائی جسٹوانزائمہ رکھتے ہیں:","Ribosomes","Lysosomes","Chromosomes","Nucleosomes","رائبوسومز","لائسوسونز","کروموسومز","نیوکلیوسومز","B","Additional",""
"Punjab Board","Class 9","Biology","Chapter 3","3.2 STRUCTURE OF CELL","MCQ","Medium","1","The organelle which provides energy to the cell:","آرگینلی جو سیل کو انرجی فراہم کرتا ہے:","Golgi apparatus","Ribosome","Mitochondria","Nucleus","گالجی اپریٹس","رائیوسوم","مائٹوکانڈدیا","نیوکلیئس","C","Additional",""
"Punjab Board","Class 9","Biology","Chapter 3","3.2 STRUCTURE OF CELL","MCQ","Medium","1","Inside the nucleus, granular material is called:","نیوکلیئس کے اندر دانے دار مادہ کہلاتا ہے:","Cytoplasm","Protoplasm","Nucleoplasm","Cell sap","سائٹو پلازم","پروٹوپلازم","نیوکلیوپلازم","سیل سیپ","C","Additional",""
"Punjab Board","Class 9","Biology","Chapter 3","3.2 STRUCTURE OF CELL","MCQ","Medium","1","Cell wall is present in the cells of:","سیل وال سیلز میں پائی جاتی ہے:","Fungi only","Plants only","Plants and prokaryotes only","All of the above","صرف فنجائی کے","صرف پودوں کے","صرف پودوں اور پروکیروٹٹس کے","اوپر کے سب","D","Additional",""
"Punjab Board","Class 9","Biology","Chapter 3","3.2 STRUCTURE OF CELL","MCQ","Medium","1","Which organells are covered with a double membrane?","کونسی آرگنیلی ڈبل ممبرین سے ڈھکی ہوئی ہے؟","Ribosomes","Vacuoles","Centrioles","Mitochondria","رائبوسومز","ویکیولز","سٹریولز","مائڈوکانڈریا","D","Additional",""
"Punjab Board","Class 9","Biology","Chapter 3","3.2 STRUCTURE OF CELL","MCQ","Medium","1","Which of following organisms is a prokaryote?","مندرجہ ذیل میں سے کونسا جاندار پروکیریوٹ ہے:","Amoeba","Mushroom","Echerichia coli","Human","امبیا","مشروم","اسکریشیا کولائی","انسان","C","Additional",""
"Punjab Board","Class 9","Biology","Chapter 3","3.2 STRUCTURE OF CELL","MCQ","Medium","1","Ceilia flagella are connected with:","سیلیا فلےجیلا کس سے جڑے ہوئے ہیں:","Centromere","Centrosome","Chromosome","Ribosome","سینٹرو میر","سینٹروسوم","کروموسوم","ریبوسوم","B","Additional",""
"Punjab Board","Class 9","Biology","Chapter 3","3.2 STRUCTURE OF CELL","MCQ","Medium","1","How many pairs of microtubules forms cilia and flagella?","سیلیا اور فلےجیلا میں کتنے مائیکروٹیوبولز کے جوڑے بنتے ہیں؟","6","7","8","9","","","","","D","Additional",""
"Punjab Board","Class 9","Biology","Chapter 3","3.2 STRUCTURE OF CELL","MCQ","Medium","1","On the bases of structure types of cell are:","ساخت کی بنیادوں پر سیل کی کتنی اقسام ہیں؟","2","4","6","10","","","","","A","Additional",""
"Punjab Board","Class 9","Biology","Chapter 3","3.2 STRUCTURE OF CELL","MCQ","Medium","1","Plants cell wall composed of number of layers:","پودوں کی سیل وال کتنی تہوں پر مشتمل ہے؟","1","2","3","4","","","","","C","Additional",""
"Punjab Board","Class 9","Biology","Chapter 3","3.2 STRUCTURE OF CELL","MCQ","Medium","1","Nucleolus is bounded by:","نیوکلیس میں ممبرین ہوتی ہے:","Single membrane","Double membrane","Cell wall","Triple membrane","سنگل ممبرین","ڈبل ممبرین","سیل وال","ٹرپل ممبرین","B","Additional",""
"Punjab Board","Class 9","Biology","Chapter 3","3.2 STRUCTURE OF CELL","MCQ","Medium","1","Small pores in the nuclear envelope are called:","سیمی پری ایبل ممبرین میں چھوٹے سوراخ کہلاتے ہیں:","Nuclear pores","Valves","Plasmodesmata","All of these","نیوکلیئرپورز","والوز","پلازموڈیسمیٹا","یہ سب","A","Additional",""
"Punjab Board","Class 9","Biology","Chapter 3","3.2 STRUCTURE OF CELL","MCQ","Medium","1","Chromotin is composed of:","کروماٹن مشتمل ہوتا ہے:","DNA and RNA","RNA and proteins","Proteins and DNA","None of these","ڈی این اے اور آراین اے","آراین اے اور پروٹین","پروٹین اور ڈی این اے","ان میں سے کوئی نہیں","C","Additional",""
"Punjab Board","Class 9","Biology","Chapter 3","3.2 STRUCTURE OF CELL","MCQ","Medium","1","When was Golgi apparatus discovered?","گولجی اپریٹس کب دریافت ہوا؟","1789","1898","1998","1768","","","","","B","Additional",""
"Punjab Board","Class 9","Biology","Chapter 3","3.2 STRUCTURE OF CELL","MCQ","Medium","1","Golgi was awarded Nobel prize for physiology and medicine in:","گولجی کو فزیالوجی اور طب کے لیے نوبل انعام سے نوازا گیا:","1809","1806","1909","1906","","","","","D","Additional",""
"Punjab Board","Class 9","Biology","Chapter 3","3.2 STRUCTURE OF CELL","MCQ","Medium","1","Types of plastids are:","پلاسٹڈ کی کتنی اقسام ہیں؟","2","3","4","5","","","","","B","Additional",""
"Punjab Board","Class 9","Biology","Chapter 3","3.2 STRUCTURE OF CELL","MCQ","Medium","1","The colour less plastid is:","رنگ کے بغیر پلاسٹڈ ہے:","Chloroplast","Leucoplast","Chromoplast","None of these","کلوروپلاسٹ","لیوکوپلاسٹ","کروموپلاسٹ","ان میں سے کوئی نہیں","B","Additional",""
"Punjab Board","Class 9","Biology","Chapter 3","3.2 STRUCTURE OF CELL","MCQ","Medium","1","What is the function of cilia and flagella?","سیلیا اور فلےجیلا کا کیا کام ہے؟","Movement","Support","Digestion","None of these","حرکت","حمایت","ہاضمہ","ان میں سے کوئی نہیں","A","Additional",""
"Punjab Board","Class 9","Biology","Chapter 3","3.3 Structural Advantages of Plant and Animal Cells","MCQ","Medium","1","Storage of water, nutrients and waste product and provisions of turgor pressure is the function of:","پانی، غذائی اجزاء اور فالتو مادے اور ٹرگرپریشر کےدفعات کا کام ہے:","Central vacuole","Lysosome","Small vacuoles","Centrioles","مرکزی ویکیول","لائسوسوم","چھوٹے ویکیول","سنٹریولز","A","Additional",""
"Punjab Board","Class 9","Biology","Chapter 3","3.3 Structural Advantages of Plant and Animal Cells","MCQ","Medium","1","Animal cell change shape easily due to the lack of:","اس کی کمی کی وجہ سے جانوروں کے سیلز آسانی سے شکل تبدیل کر سکتے ہیں:","Chloroplasts","Lysosome","Nucleus","Cell wall","کلوروپلاسٹص","لائسوسوم","نیوکلیئس","سیل وال","D","Additional",""
"Punjab Board","Class 9","Biology","Chapter 3","3.3 Structural Advantages of Plant and Animal Cells","MCQ","Medium","1","Which structure is exclusive to plant cells?","کونسی ساخت پودوں کے سیلز کے لیے مخصوص ہے:","Centriole","Lysosome","Chloroplast","Nucleus","سینٹرول","لائسوسوم","کلوروپلاسٹ","نیوکلیئس","C","Additional",""
"Punjab Board","Class 9","Biology","Chapter 3","3.3 Structural Advantages of Plant and Animal Cells","MCQ","Medium","1","What is the primary role of centrioles in animal cells?","جانوروں کے سیلز میں سٹریولز کا بنیادی کردار کیا ہے؟","Energy production","Protein synthesis","Cell division","Photosynthesis","انرجی کی پیداوار","پروٹین کی تیاری","سیل ڈویژن","فوٹوسینتھی سسز","C","Additional",""
"Punjab Board","Class 9","Biology","Chapter 3","3.3 Structural Advantages of Plant and Animal Cells","MCQ","Medium","1","Recycling in cells carried out by:","ری سائیکلنگ کس کے ذریعے کی جاتی ہے؟","Ribosome","Lysosome","Mitochondria","Centrioles","رائبوسوم","لائسوسوم","مائٹوکانڈریان","سینٹریول","B","Additional",""
"Punjab Board","Class 9","Biology","Chapter 3","3.4 CELL SPECIALIZATION","MCQ","Medium","1","In a multicellular plant, which cell type is responsible for the production of glucose?","ایک ملٹی سیلولر پودے میں سیل کی کون سی قسم گلوکوز کی تیاری کی ذمہ دار ہے؟","Xylem","Phloem","Epidermal","Mesophyll","زائلم","فلوئم","ایپی ڈرمل","میزوفل","D","Exercise",""
"Punjab Board","Class 9","Biology","Chapter 3","3.4 CELL SPECIALIZATION","MCQ","Medium","1","The cells which are specialized for photosynthesis:","وہ سیلز جو فوٹوسینتھی سسزکے لیے مخصوص ہوتے ہیں:","Collenchyma cells","Parenchyma cells","Mesophyll cells","Epidermal cells","کولن کائمہ سیلز","پینریکائمہ سیلز","میزوفل سیلز","ایپی ڈرمل سیلز","C","Additional",""
"Punjab Board","Class 9","Biology","Chapter 3","3.4 CELL SPECIALIZATION","MCQ","Medium","1","The flat and tightly packed cells that make the outer layer of plant organ:","چپٹے اور مضبوطی سے ایک دوسرے کے ساتھ جڑے ہوئے سیلز ہیں جو پودے کی آرگن کی بیرونی تہہ بناتے ہیں:","Collenchyma cells","Parenchyma cells","Mesophyll cells","Epidermal cells","کالن کائمہ سیلز","پرنکائمہ سیلز","میزوفل سیلز","ایپی ڈرفل سیلز","D","Additional",""
"Punjab Board","Class 9","Biology","Chapter 3","3.4 CELL SPECIALIZATION","MCQ","Medium","1","Epidermal cells make extensions called root hairs to:","ایپی ڈرمل سیلز ساختیں یعنی روٹ ہیئرز بناتے ہیں:","Capture light energy","Absorb water and minerals from soil","Utilize carbon dioxide","Regulate opening and closing of stomata","روشنی کو حاصل کرنے کے لیے","مٹی سے پانی اور معدنیات جذب کرنے کے لیے","کاربن ڈائی آکسائڈ استعمال کرنے کے لیے","سٹومیٹا کے کھلنے اور بندہونے کو منظم کرنے کے لیے","B","Additional",""
"Punjab Board","Class 9","Biology","Chapter 3","3.4 CELL SPECIALIZATION","MCQ","Medium","1","These cells are spindle shaped and nonstriated:","یہ سیلز سپینڈل نما ہیں اور دھاری دار نہیں ہوتے:","Skeletal muscle cells","Cardiac muscle cells","Smooth muscle cells","All of the above","سکیلیٹل مسل سیلز","کارڈیک مسل سیلز","سموتھ مسل سیلز","مندرجہ بالا تمام","C","Additional",""
"Punjab Board","Class 9","Biology","Chapter 3","3.4 CELL SPECIALIZATION","MCQ","Medium","1","The elongated cells filled with actin and other contractile proteins:","ایکٹن اور دوسری سکڑنے والی پروٹینز سے بنے ہوئے لمبے سیلز ہیں:","Muscle cells","Neurons","Erythrocyte","Liver cells","مسل سیلز","نیورونز","ارتھرو سائٹس","جگر کے سیلز","A","Additional",""
"Punjab Board","Class 9","Biology","Chapter 3","3.4 CELL SPECIALIZATION","MCQ","Medium","1","The shorter cytoplasmic extensions receive nerve impulses and transmit them to the cell body called:","چھوٹی شاخیں ہیں جو نرو امپلسز کو وصول کر کے سیل باڈی تک پہنچاتی ہیں کہتے ہیں:","Axons","Dendrites","Cell body","Golgi bodies","ایکسونز","ڈینڈرائٹس","سیل باڈی","گالجی باڈیز","B","Additional",""
"Punjab Board","Class 9","Biology","Chapter 3","3.4 CELL SPECIALIZATION","MCQ","Medium","1","Longer cytoplasmic extensions carry nerve impulses away from the cell body:","لمبی شاخیں جو نروامپلسز کو سیل باڈی سے دور لے جاتی ہیں:","Axons","Dendrites","Cell body","Golgi bodies","ایکسوز","ڈینڈریٹس","سیل باڈی","گالجی باڈیز","A","Additional",""
"Punjab Board","Class 9","Biology","Chapter 3","3.4 CELL SPECIALIZATION","MCQ","Medium","1","In mammals mature red blood cells do not contain:","ممالیہ جانوروں میں ریڈبلڈسیلز میں موجود نہیں ہوتے:","Nucleus","Mitochondria","Hemoglobin","Both A and B","نیوکلیئس","مائٹوکانڈریا","ہیموگلوبن","A اورB دونوں","A","Additional",""
"Punjab Board","Class 9","Biology","Chapter 3","3.4 CELL SPECIALIZATION","MCQ","Medium","1","Biconcave disc shaped cells:","دوطرفہ گہرے ڈسک کی شکل کے سیلزہیں:","Muscle cells","Nerve cells","Red blood cells","Liver cells","مسل سیلز","نروسیلز","ریڈ بلڈ سیلز","جگر کے سیلز","C","Additional",""
"Punjab Board","Class 9","Biology","Chapter 3","3.4 CELL SPECIALIZATION","MCQ","Medium","1","Toxic ammonia is converted into less toxic form urea in liver ,hence it assist:","جگر میں زہریلے امونیاکو زہریلے یوریامیں تبدیل کیاجاتا ہےاس لیے یہ مدد کرتا ہے:","Intestine function","Pancreas function","Kidney function","Stomach function","آنت کے کام","لبلیہ کے کام","گردے کے کام میں","معدہ کے کام کے","C","Additional",""
"Punjab Board","Class 9","Biology","Chapter 3","3.4 CELL SPECIALIZATION","MCQ","Medium","1","Small ducts are present between liver cells which collect and transport their secretion to the:","جگر کے سیلز کے درمیان چھوٹی نالیاں موجود ہوتی ہیں جو ان کی رطوبت کوجمع کر کے پہنچاتے ہیں:","Duodenal gland","Pancreatic duct","Bile duct","Endocrine gland","ڈیوڈینل گلینڈتک","پینکریا ٹک ڈکٹ تک","بائل ڈکٹ تک","اینڈوکرائن گلینڈ تک","C","Additional",""
"Punjab Board","Class 9","Biology","Chapter 3","3.4 CELL SPECIALIZATION","MCQ","Medium","1","What is the primary pigment responsible for capturing sunlight in chloroplasts?","کلوروپلائٹس میں سورج کی روشنی کو جذب کرنے کے لیے بنیادی پگمنٹ کونسا ہے؟","Melanin","Chlorophyll","Hemoglobin","Carotene","میلانین","کلوروفل","ہیموگلوبن","کیروٹین","B","Additional",""
"Punjab Board","Class 9","Biology","Chapter 3","3.4 CELL SPECIALIZATION","MCQ","Medium","1","A red blood cell and a plant root hair cell both have:","ریڈ بلڈ سیل اور پودے کے روٹ ہیئڑسیل دونوں رکھتے ہیں:","Cellulose cell wall","Haemoglobin","Large surface area","Nucleus","سیلولر سیل والی","ہیموگلوبن","بڑا سطحی علاقہ","نیوکلیئس","C","Additional",""
"Punjab Board","Class 9","Biology","Chapter 3","3.4 CELL SPECIALIZATION","MCQ","Medium","1","The shape of normal red blood cells is:","عام ریڈبلڈ سیلز کی شکل ہیں:","Oval","Crescent","Biconvex","Biconcave","اوول","کریسینٹ","بائی کنویکس","بائی کنکیو","D","Additional",""
"Punjab Board","Class 9","Biology","Chapter 3","3.4 CELL SPECIALIZATION","MCQ","Medium","1","The biconcave disk shape of red blood cell is advantageous for:","کنکیوڈسک کی شکل ان کے لیے فائدہ مند ہے:","Oxygen transport","Carbon dioxide storage","Nucleus protection","Muscle contractions","آکسیجن کی نقل و حمل","کاربن ڈائی آکسائڈ کا ذخیرہ","نیوکلیئس کی حفاظت","مسل کا سکڑاؤ","A","Additional",""
"Punjab Board","Class 9","Biology","Chapter 3","3.4 CELL SPECIALIZATION","MCQ","Medium","1","Liver cells, hepatocytes, are well-suited for various functions due to their:","جگر کے سیلز ،ہیپٹوسائٹس ان کی وجہ سے مختلف افعال کے لیے مخصوص ہوتے ہیں:","Hexagonal shape","Central nucleus","Striated structure","Haemoglobin content","ہیکساگوئل شکل","مرکشی نیوکلیئس","دھری دار ساخت","ہیموگلوبن مواد","B","Additional",""
"Punjab Board","Class 9","Biology","Chapter 3","3.4 CELL SPECIALIZATION","MCQ","Medium","1","What is cell specialization?","سیل کی سپیشلائزیشن کیا ہے؟","The process of cells dividing and multiplying","The process where a cell changes to perform a unique function","The process of creating new cells in a multicellular organisms","The process of cell fusion in the body","سیلز کی تقسیم اور تعداد برھانے کا عمل","وہ عمل جہاں سیل ایک منفرد فنکشن انجام دینے کے لیے تبدیل ہوتا ہے","ملٹی سیلولر جانداروں میں نئے سیلز بنانے کا عمل","جسم میں سیل فیوژن کا عمل","B","Additional",""
"Punjab Board","Class 9","Biology","Chapter 3","3.4 CELL SPECIALIZATION","MCQ","Medium","1","Types of Muscles are?","مسلز کی کتنی اقسام ہیں؟","2","3","4","5","","","","","B","Additional",""
"Punjab Board","Class 9","Biology","Chapter 3","3.5 STEM CELLS","MCQ","Medium","1","Unspecialized cells that has the ability to differentiate into a variety of specialized cell types is called:","ایسا مخصوص سیل جو مختلف اقسام کے مخصوص سیلزبنانےکی صلاحیت رکھتاہے:","Egg","Sperm","Stem Cell","Somatic cell","ایگ","سپرم","سٹیم سیل","سومیٹک سیل","C","Additional",""
"Punjab Board","Class 9","Biology","Chapter 3","3.5 STEM CELLS","MCQ","Medium","1","In some parts of the body, such as gut and bone marrow, adult stem cell regularly divide to produce new tissues for:","جسم کے کچھ حصّوں میں ،جسے گٹ اور بون میرو،بالغ سٹیم سیل باقاعدگی سے تقسیم ہوتے ہیں تا کہ نئے ٹشوز تیار کیے جا سکیں:","Growth","Development","Maintenance and repair","Differentiation","گروتھ کے لیے","ڈیویلپمیٹ کے لیے","دیکھ بھال اور مرمت کے لیے","تفریق","C","Additional",""
"Punjab Board","Class 9","Biology","Chapter 3","3.5 STEM CELLS","MCQ","Medium","1","Which one of the following is NOT the function of stem cell?","ان میں سے کون سا سٹیم سیل کا فعل نہیں ہے؟","They helps in wound healing","Helps in cell differentiation","Help in repairing of damaged bones","None of these","یہ زخم بھرنے میں مدد دیتے ہیں۔","سیل کی تفریق میں مدد کرتا ہے","نقصان زدہ ہڈیوں کی مرمت میں مدد کریں","ان میں سے کوئی نہیں","D","Additional",""
"Punjab Board","Class 9","Biology","Chapter 3","3.5 STEM CELLS","MCQ","Medium","1","Stem cells present in bone marrow differentiate to make:","ہڈی کے گودے میں موجودسٹیم سیلز کون سے سیلز بنانے کے لیے تفریق پاتے ہیں؟","Blood cells","Skin cells","Nerve cells","Gametes","خون کے سیلز","جلد کے سیلز","نروسیلز","گیمیٹس","A","Additional",""
"Punjab Board","Class 9","Biology","Chapter 4","4.1 CELL CYCLE","MCQ","Medium","1","In which phase of cell cycle, maximum growth occurs in cell?","سائیکل کے کس مرحلے میں سیل میں سب سے زیادہ بڑھوتری ہوتی ہے؟","M phase","S phase","G1 phase","G2 phase","M-فیز","S-فیز","GI-فیز","G2-فیز","C","Exercise",""
"Punjab Board","Class 9","Biology","Chapter 4","4.1 CELL CYCLE","MCQ","Medium","1","In which phase of cell cycle, the chromosomes duplicate?","سیل سائیکل کے کس مرحلے میں کروموسومز ڈپلیکیٹ ہوتے ہیں؟","Mitosis","G1 phase","G2 phase","S phase","مائی ٹوسس","GI-فیز","G2-فیز","S-فیز","D","Exercise",""
"Punjab Board","Class 9","Biology","Chapter 4","4.1 CELL CYCLE","MCQ","Medium","1","The series of events that take place in a eukaryotic cell from its formation to it's division into two daughter cells:","واقعات کا سلسلہ جو ایک یوکیریوٹک سیل کے بننے سے لے کر تقسیم ہونے یعنی دو ڈاٹر سیلز بنانے تک ہوتا ہے:","Nitrogen cycle","Biochemical cycle","Cell cycle","Carbon cycle","نائٹروجن سایئکل","بائیوکیمیکل سائیکل","سیل سائیکل","کاربن سائیکل","C","Additional",""
"Punjab Board","Class 9","Biology","Chapter 4","4.1 CELL CYCLE","MCQ","Medium","1","Interphase lasts for about ...... percent of the total time of cell cycle:","انٹر فیز تقریباً ......%میں ختم ہوتا ہے سیل سائیکل کے کل وقت کا:","10","90","20","80","","","","","C","Additional",""
"Punjab Board","Class 9","Biology","Chapter 4","4.1 CELL CYCLE","MCQ","Medium","1","Interphase consists of how many phases:","انٹر فیز کتنے مراحل پر مشتمل ہے:","One","Two","Three","Four","ایک","دو","تین","چار","C","Additional",""
"Punjab Board","Class 9","Biology","Chapter 4","4.1 CELL CYCLE","MCQ","Medium","1","Which phase of cell cycle is also called growth phase:","سیل سائیکل کے کس مرحلہ کو نشونماکا مرحلہ بھی کہا جاتا ہے:","G1 phase","S phase","G2 phase","M phase","G1 مرحلہ","S مرحلہ","G2 مرحلہ","Mمرحلہ","A","Additional",""
"Punjab Board","Class 9","Biology","Chapter 4","4.1 CELL CYCLE","MCQ","Medium","1","During G1 phase cell involves in:","G1 ​​​​​​​مرحلے کے دوران سیل شامل ہوتا ہے:","Replication of DNA","Duplication of chromosomes","Making proteins","Repairing","ڈی این اے کی نقل میں","کروموسوم کی ڈپلی کیشن میں","پروٹینز بنانے میں","مرمت کرنے میں","C","Additional",""
"Punjab Board","Class 9","Biology","Chapter 4","4.1 CELL CYCLE","MCQ","Medium","1","During S phase, duplication of chromosomes occurs as a result of:","ایس فیز کے دوران، کروموسومز کی نقل اس کے نتیجے میں ہوتی ہیں:","DNA synthesis","DNA replication","RNA replication","RNA synthesis","ڈی این اے کی تیاری","ڈی این اے کی نقل","آر این اے کی نقل","آر این اے کی تیاری","B","Additional",""
"Punjab Board","Class 9","Biology","Chapter 4","4.1 CELL CYCLE","MCQ","Medium","1","During S phase, chromosome duplication occurs. The total no of chromosomes in cell:","ایس مرحلے کے دوران، کروموسوم کی نقل ہوتی ہےسیل کروموسومزکی کل تعداد ہوتی ہے:","double","Four times","Remains same","Unpredictable","دگنا","چاربا","وہی رہتی ہے","غیر متوقع","A","Additional",""
"Punjab Board","Class 9","Biology","Chapter 4","4.1 CELL CYCLE","MCQ","Medium","1","The cell checks for any DNA damage that may have occurred during replication and make necessary repairs in which phase:","کونسا مرحلہ اس بات کو یقینی بناتا ہے کہ ڈی این اے کی نقل مکمل ہو چکی ہے اور کسی خرابی کو چیک کرتا ہے:","G1 phase","S phase","G2 phase","G0 phase","G1 مرحلہ`","S مرحلہ","G2 مرحلہ","G0 مرحلہ","C","Additional",""
"Punjab Board","Class 9","Biology","Chapter 4","4.1 CELL CYCLE","MCQ","Medium","1","In G0 phase the stoppage in division may be:","G0 مرحلے کے دوران سیل شامل ہوتاہے:","Temporary","Permanent","For specific interval of time","Temporary or permanent","عارضی","مستقل","وقت کے مخصوص وقفہ کے لیے","عارضی اور مستقبل","D","Additional",""
"Punjab Board","Class 9","Biology","Chapter 4","4.1 CELL CYCLE","MCQ","Medium","1","The events of cell cycle are controlled by special:","سیل سائیکل کے واقعات کو خصوصی طور پر کنٹرول کیا جاتا ہے:","Proteins","Enzymes","DNA","Genes","پروٹینز","اینزائمز","ڈی این اے","جینز","D","Additional",""
"Punjab Board","Class 9","Biology","Chapter 4","4.1 CELL CYCLE","MCQ","Medium","1","Which of the following cells do not enter G0 phase and continue to divide throughout life:","مندرجہ ذیل میں سے کونسے سیلزG0 فیز میں داخل نہیں ہوتے ہیں اور زندگی بھر تقسیم ہوتے رہتے ہیں:","Neurons","Liver cells","Kidney cells","Epithelial cells","نیورونز","جگر کے سیلز","گردے کے سیلز","ایپی تھیلیئل سیلز","D","Additional",""
"Punjab Board","Class 9","Biology","Chapter 4","4.1 CELL CYCLE","MCQ","Medium","1","Which of the following cells remain in G0 phase for indefinite periods:","مندرجہ ذیل میں سے کونسے سیلز G0 مرحلے میں غیر معینہ مدت تک رہتے ہیں:","Neurons","Liver cells","Kidney cells","Epithelial cells","نیورونز","جگر کے سیلز","گردے کے سیلز","ایپی تھییلیل کے سیلز","A","Additional",""
"Punjab Board","Class 9","Biology","Chapter 4","4.1 CELL CYCLE","MCQ","Medium","1","The cell divides its genetic material equally into two new, identical cells during:","سیل اپنے جینیاتی مواد کو دو نئے، ایک جیسے سیلز میں کس دوران تقسیم کرتا ہے:","G1 phase","S Phase","G2 phase","M phase","G1 مرحلہ","S مرحلہ","G2 مرحلہ","M مرحلہ","D","Additional",""
"Punjab Board","Class 9","Biology","Chapter 4","4.1 CELL CYCLE","MCQ","Medium","1","Substance and energy required for reslication for DNA is accumulated in cell during:","ڈی این اے کی رپلیکشن کےلیے درکار مادہ اور انرجی سیل میں اس دوران جمع ہوتی ہے:","G1","G2","S-phase","M-phase","","","","","A","Additional",""
"Punjab Board","Class 9","Biology","Chapter 4","4.1 CELL CYCLE","MCQ","Medium","1","Interphase lasts for about ...... of the total time of cell cycle:","انٹر فیز،سیل سائیکل کے کُل وقت کا تقریباً کتنا حصہ ہوتا ہے؟","60%","70%","80%","90%","","","","","D","Additional",""
"Punjab Board","Class 9","Biology","Chapter 4","4.2 MITOSIS","MCQ","Medium","1","Which of the following is NOT a characteristic of mitosis?","مندرجہ ذیل میں سے کون سی خصوصیت مائی ٹوسس کی نہیں ہے؟","It occurs in somatic cells","It results in genetically identical daughter cells","The chromosome number is halved in daughter cells","Its results in the formation of two daughter cells","یہ سو میٹک سیلز میں ہوتا ہے","یہ جینیاتی طور پر ایک جیسی ڈاٹر سیلز بناتا ہے","ڈاٹر سیلز میں کروموسومز کی تعداد آدھی ہوجاتی ہے","اس کے نتیجے میں دو ڈاٹر سیلز بنتے ہیں","C","Exercise",""
"Punjab Board","Class 9","Biology","Chapter 4","4.2 MITOSIS","MCQ","Medium","1","At which stage of mitosis chromosomes line up in the centre?","مائی ٹوسس کے کس مرحلے میں کروموسومز سیل کے درمیان میں ترتیب پاتے ہیں؟","Prophase","Metaphase","Anaphase","Telophase","پروفیز","میٹا فیز","اینا فیز","ٹیلوفیز","B","Exercise",""
"Punjab Board","Class 9","Biology","Chapter 4","4.2 MITOSIS","MCQ","Medium","1","If you observe a cell in which nuclear membrane is reforming around two sets of chromosomes, what stage of cell cycle is this?","اگر آپ کسی سیل کا مشاہدہ کریں جس میں نیو کلئیر ممبرین دو کروموسومز کے سیٹ کے اردگرد دوبارہ بن رہی ہو تو یہ سیل سائیکل کا کون سا مرحلہ ہے؟","Anaphase","Telophase","Prophase","Metaphase","اینا فیز","ٹیلو فیز","پروفیز","میٹا فیز","B","Exercise",""
"Punjab Board","Class 9","Biology","Chapter 4","4.2 MITOSIS","MCQ","Medium","1","How does the centrosome contribute to mitosis?","سینٹروسوم مائی ٹوسس میں کیا کردار ادا کرتے ہیں؟","Initiates DNA replication","Makes mitotic spindle","Forms the nuclear envelope","Duplicates organelles","ڈی این اے ری یپلیکیشن کا آغاز کرتا ہے","مائی ٹوٹک سپنڈل بناتا ہے","نیوکلیئر انویلپ بناتا ہے","آرگنیلز کو ڈپلیکیٹ کرتا ہے","B","Exercise",""
"Punjab Board","Class 9","Biology","Chapter 4","4.2 MITOSIS","MCQ","Medium","1","Centrosomes make mitotic spindle in:","کن میں سنٹروسوم مائی ٹوٹکسپنڈل بناتے ہیں؟","Animal cells","Plant cells","Prokaryotic cells","All of these","جانور کے سیلز","پودے کے سیلز","پروکیریوٹک سیلز","ان سب میں","A","Exercise",""
"Punjab Board","Class 9","Biology","Chapter 4","4.2 MITOSIS","MCQ","Medium","1","Prokaryotes divide to make identical cells. This division is called:","پروکیروٹس ایک جیسے سیلز بنانے کے لیے تقسیم ہوتے ہیں، یہ تقسیم کہلاتی ہے:","Mitosis","Meiosis","Binary fission","Fragmentation","مائی ٹوسس کی","می اوسس کی","جینز کی","کروموسومز کی","C","Additional",""
"Punjab Board","Class 9","Biology","Chapter 4","4.2 MITOSIS","MCQ","Medium","1","Mitosis occurs in which cells of eukaryotes:","مائی ٹوسس کس یوکیریوٹک سیل میں ہوتی ہے:","Neurons","Somatic cells","Muscle cells","Red blood cells","ٹیورونز","سٹومیٹک سیلز","مسل سیلز","ریڈ بلڈسیلز","B","Additional",""
"Punjab Board","Class 9","Biology","Chapter 4","4.2 MITOSIS","MCQ","Medium","1","Who discovered the events of mitosis:","مائی ٹوسس کے واقعات کس نے دریافت کیے:","Louis pasteur","Walther Flemming","Ronald Ross","Carl Linnaeus","لوئس پاسشر","والدرفلیمنگ","رونالڈروس","کارل لینیئس","B","Additional",""
"Punjab Board","Class 9","Biology","Chapter 4","4.2 MITOSIS","MCQ","Medium","1","Karyokinesis means the division of:","کیریوکا ئیسیز کا مطلب ہے تقسیم:","Cytoplasm","Nucleus","Genes","Chromosome","سائٹو پلازم کی","نیوکلیئر کی","جینز کی","کروموسومز کی","B","Additional",""
"Punjab Board","Class 9","Biology","Chapter 4","4.2 MITOSIS","MCQ","Medium","1","In which phase chromatin condenses and make thick chromosomes:","کس فیز میں کروماٹن گاڑھا ہوتا ہے اور موٹے کروموسومز بناتا ہے:","Prophase","Metaphase","Anaphase","Telophase","پروفیز","میٹافیز","اینافیز","ٹیلو فیز","A","Additional",""
"Punjab Board","Class 9","Biology","Chapter 4","4.2 MITOSIS","MCQ","Medium","1","Which of the following events occurs during prophase:","مندرجہ ذیل میں سے کونسے واقعات پروفیز کے دوران ہوتے ہیں:","Formation of spindle fibres","Attachment of spindle fibres with centromere","Separation of sister chromatids","Development of nuclear envelope","سپنڈل فائبر کی تشکیل","سینٹرومیٹر کے ساتھ سپنڈل فائبر کا منسلک ہونا","سسٹر کرونائڈز کی علیحدگی","نیوکلیئر اینویلپ کی ڈیویلپمنٹ","A","Additional",""
"Punjab Board","Class 9","Biology","Chapter 4","4.2 MITOSIS","MCQ","Medium","1","Which of the following is false about prophase:","مندرجہ ذیل میں سے کونسا پروفیز کے بار ے میں غلط ہے:","Nuclear envelope breaks","Nucleolus breaks","Centrosome duplicates","Centrosome remain near the nucleus","نیوکلیئر اینویلپ ٹوٹتا ہے","نیوکلیئس ٹوٹتا ہے","سنٹروسوم ڈپلیکیٹس ہوتا ہے","سنٹروسوم نیوکلیئس کے قریب ہی رہتا ہے","D","Additional",""
"Punjab Board","Class 9","Biology","Chapter 4","4.2 MITOSIS","MCQ","Medium","1","The chromosomes attach with spindle fibers arranged themselves along the equator of the cell during which phase of cell cycle:","سیل سائیکل کے کس مرحلے میں کروموسومز سپنڈل فائبرز کے ساتھ جڑ جاتے ہیں اور سیل کے درمیان میں ترتیب پاتے ہیں:","Prophase","Metaphase","Anaphase","Telophase","پروفیز","میٹا فیز","اینا فیز","ٹیلو فیز","B","Additional",""
"Punjab Board","Class 9","Biology","Chapter 4","4.2 MITOSIS","MCQ","Medium","1","The spindle fibers attached with chromosomes pull towards the poles. Which event occurs as a result of this pulling:","کروموسومز کے ساتھ جڑے سپنڈل فائبرز مخالف پولز کی طرف کھینچتے ہیں،کھینچنے کے نتیجہ میں کونسا واقع رونما ہوتا ہے:","Duplication of chromosomes","Separation of sister chromatids","Destruction of nuclear envelope","Formation of nuclear envelope","کروموسومز کی ڈیپلیکیشن","سسٹر کرومائڈز کی علیحدگی","نیوکلیئر اینویلپ کی تباہی","نیوکلیئر اینویلپ کا بننا","B","Additional",""
"Punjab Board","Class 9","Biology","Chapter 4","4.2 MITOSIS","MCQ","Medium","1","Unfolding of chromosomes occurs in:","کروموسومز اس میں کھلتےہیں:","Prophase","Metaphase","Anaphase","Telophase","پروفیز","میٹافیز","اینافیز","ٹیلوفیز","D","Additional",""
"Punjab Board","Class 9","Biology","Chapter 4","4.2 MITOSIS","MCQ","Medium","1","Cytokinesis is the division of:","سائٹو کا ئینسز کی تقسیم ہے:","Nucleus","Cytoplasm","DNA","Genes","نیوکلیئس","سائٹو پلازم","ڈی این اے","جینز","B","Additional",""
"Punjab Board","Class 9","Biology","Chapter 4","4.2 MITOSIS","MCQ","Medium","1","Golgi Apparatus makes vesicles. These vesicles move to middle and fuse to form:","گالجی اپریٹس ویزیکلز بناتا ہے۔ یہ ویزیکلز درمیان میں چلے جاتے ہیں اور بناتے ہیں:","Metaphase plate","Ring of microfilaments","Mitotic spindle","Phragmoplast","میٹا فیز پلیٹ","مائیکرو فلامنٹس کا دائرہ","مائی ٹوٹک سپنڈل","فریگموپلاسٹ","D","Additional",""
"Punjab Board","Class 9","Biology","Chapter 4","4.2 MITOSIS","MCQ","Medium","1","Increase in size and no of cells is called:","سائز میں اضافہ اور سیلز کی تعداد کو کہا جاتا ہے:","Growth","Cell replacement","Regeneration","Variation","نشونما","سیل کی تبدیلی","ری جنریشن","تغیرات","A","Additional",""
"Punjab Board","Class 9","Biology","Chapter 4","4.2 MITOSIS","MCQ","Medium","1","Which of the following is not involved in significance of mitosis:","مندرجہ ذیل میں سے کونسا مائی ٹوسس کی اہمیت میں شامل نہیں ہے:","Growth","Cell replacement","Regeneration","Genetic diversity","نشونما","سیل کی تبدیلی","دوبارہ بننا","جینیاتی ڈائیورسٹی","D","Additional",""
"Punjab Board","Class 9","Biology","Chapter 4","4.2 MITOSIS","MCQ","Medium","1","Hydra reproduces asexually by means of:","ہائیڈرا کس کے ذریعے اے سیکسوئل طور پرریپروڈکشن کرتا ہے:","Binary fission","Fragmentation","Budding","All of the above","بائنری فیشن","فریگمنٹشن","بڈنگ","مندرجہ بالا تمام","C","Additional",""
"Punjab Board","Class 9","Biology","Chapter 4","4.2 MITOSIS","MCQ","Medium","1","Due to mutation in genes, uncontrolled division of cell occurs, masses of cells are formed. These masses of cells are called:","جینز میں تبدیلی کی وجہ سے، سیلز کی بے قابو تقسیم ہوتی ہے،سیلز کے بڑے بڑے حصے بنتے ہیں:","Germ cells","Epithelial cells","Stem cells","Tumor cells","جرم سیلز","ایپی تھیلیل سیلز","سٹیم سیلز","ٹیومر سیلز","D","Additional",""
"Punjab Board","Class 9","Biology","Chapter 4","4.2 MITOSIS","MCQ","Medium","1","If tumors migrate and invade other tissues, they are called:","اگر ٹیومر ہجرت کرتے ہیں اور دوسرے ٹشوز پر حملہ کرتے ہیں توانہیں کہا جاتا ہے:","Benign tumor","Malignant tumor","Metastasis","Both B and C","بی نائن ٹیومر","میلگنینٹ ٹیومر","میٹا سٹیس","B اور C دونوں","B","Additional",""
"Punjab Board","Class 9","Biology","Chapter 4","4.2 MITOSIS","MCQ","Medium","1","In mitosis the number of chromosomes in a zygote:","مائی ٹوسس میں زائیگوٹ میں کروموسومز کی تعداد:","Half","Same as parent cells","Double","Unpredictable","آدھا","پیرنٹ سیلز جیسی","دگنی","غیر متوقع","B","Additional",""
"Punjab Board","Class 9","Biology","Chapter 4","4.2 MITOSIS","MCQ","Medium","1","During cell division spindle fibers attach a chromosome at:","سیل ڈویژن کے دوران سپنڈل فائنرزکروموسوم پر جڑتے ہیں:","Centromere","Telomere","Upper arm of chromosome","Lower for of chromosome","سنٹرومیٹر","ٹیلومیٹر","","","A","Additional",""
"Punjab Board","Class 9","Biology","Chapter 4","4.2 MITOSIS","MCQ","Medium","1","The spindle apparatus of plants differs from that of animals is not having:","پودوں میں سپنڈل اپریٹس جانوروں سے مختلف ہے جو کہ نہیں رکھتا:","Microtubules","Equator of spindle","Centrioles","Centromere","مائیکرٹیوبیولز","سپنڈل کا ایکویٹر","سنٹریولز","سنٹرومیٹر","C","Additional",""
"Punjab Board","Class 9","Biology","Chapter 4","4.2 MITOSIS","MCQ","Medium","1","What is the primary purpose of mitosis?","مائی ٹوسس کا بنیادی مقصد ہے۔","Gametes production","Repair damaged tissue","To produce new cells for growth ad development","Both B and C","گیمیٹس کی پیداوار","خراب ٹشوز کی مرمت","نئی سیلز کی تیاری برائے نشوونما","BاورC دونوں","D","Additional",""
"Punjab Board","Class 9","Biology","Chapter 4","4.2 MITOSIS","MCQ","Medium","1","Our body consist of about ....... cells:","ہمارے جسم میں قریباً سیلز ہوتے ہیں:","200 billion cells","200 trillion","200 million","10000 billion","200 ارب سیلز","200 ٹریلین","200 ملین","10000 ارب","B","Additional",""
"Punjab Board","Class 9","Biology","Chapter 4","4.3 MEIOSIS","MCQ","Medium","1","An organism has 4 pairs of chromosomes. After meiosis-I, how many chromosomes and chromatids will be present in each daughter cell?","ایک جاندار میں 4 جوڑے کروسومز ہیں۔ می اوسس-I کے بعد ہر ڈاٹر سیل میں کتنے کروموسومز اور کروماٹڈ ہوں گے؟","8 chromosomes and 16 chromatids","4 chromosomes and 8 chromatids","4 chromosomes and 4 chromatids","8 chromosomes and 8 chromatids","8 کروموسومز اور 16 کروماٹڈز","4 کروموسومز اور 8 کروماٹڈز","4 کروموسومز اور 4 کروماٹڈز","8 کروموسومز اور 8 کرو ماٹڈز","B","Exercise",""
"Punjab Board","Class 9","Biology","Chapter 4","4.3 MEIOSIS","MCQ","Medium","1","Which event is unique to meiosis but not mitosis?","کس واقعہ کا تعلق صرف می اوسس سے ہے جبکہ مائی ٹوسس میں ایسا نہیں ہوتا؟","DNA replication","Chromosome alignment","Crossing over","Nuclear division","ڈی این اے ریپلیکیشن","کروموسومز کی صف بندی","کراسنگ اوور","نیو کلیئر ڈویژن","C","Exercise",""
"Punjab Board","Class 9","Biology","Chapter 4","4.3 MEIOSIS","MCQ","Medium","1","Why is meiosis-II necessary after meiosis-I?","می اوسس I کے بعد می اوسس -II کیوں ضروری ہے؟","To replicate chromosomes","To reduce chromosome number","To separate sister chromatids","To ensure genetic recombination","کروموسومز کو ریپلیکیٹ کرنے کےلیے","کروموسومز کی تعداد کم کرنے کےلیے","سسٹر کروماٹڈز کو الگ کرنے کےلیے","جینیاتی ری کمبینیشن کو یقینی بنانے کےلیے","C","Exercise",""
"Punjab Board","Class 9","Biology","Chapter 4","4.3 MEIOSIS","MCQ","Medium","1","The type of cell division in which a cell divides into two daughter cells, each with the same no of chromosomes as were present in the parent cell:","سیل ڈویژن کی تقسیم جس میں ایک سیل دو ڈاٹر سیلز میں تقسیم ہوتا ہے، ہر ایک میں کروموسومز کی تعداد یکساں ہوتی ہے جو کہ پیرنٹ سیل میں موجود ہوتی ہے:","Mitosis","Meiosis","Binary fission","Fragmentation","مائی ٹوسس","می اوسس","بائنری فشن","فریگمینٹشن","B","Additional",""
"Punjab Board","Class 9","Biology","Chapter 4","4.3 MEIOSIS","MCQ","Medium","1","The type of cell division in which each daughter cell receives half the number of chromosomes as compared to the parent cells:","سیل ڈویژن کی تقسیم جس میں ڈاٹر سیلز والدین کے سیلز کے مقابلے میں کروموسومز کی نصف تعداد ملتی ہے:","Mitosis","Meiosis","Binary fission","Budding","مائی ٹوسس","می اوسس","بائنری فشن","بڈنگ","A","Additional",""
"Punjab Board","Class 9","Biology","Chapter 4","4.3 MEIOSIS","MCQ","Medium","1","Meiosis was discovered in 1876 by a German biologist:","می اوسس کو 1876 میں ایک جرمن بائیولوجسٹ نے دریافت کیا تھا:","Walther Flemming","Oscar Hertwig","Louis pasteur","Carl Linnaeus","والدرفلیمنگ","آسکرہرٹ وگ","لوئس پاسچر","کارل لینئس","B","Additional",""
"Punjab Board","Class 9","Biology","Chapter 4","4.3 MEIOSIS","MCQ","Medium","1","Homologous chromosomes move close together. This pair up in a process called:","ہومولوگس کروموسومز ایک دوسرے کے قریب حرکت کرتے ہیں۔ ایک عمل میں یہ جوڑا کہلاتا ہے:","Chiasmata","Synapsis","Tetrad","Crossing over","کیازمیٹا","سائی نپسیس","ٹیٹریڈ","کروسنگ اوور","C","Additional",""
"Punjab Board","Class 9","Biology","Chapter 4","4.3 MEIOSIS","MCQ","Medium","1","Non sister chromatids of homologous chromosomes become zipped together forming X- shaped structure called:","ہومولوگس کروموسومز کے دو نان سسٹر کرومائڈز آپس میں ""زپ"" ہوکر X- شکل کی ساخت بناتےہیں جنہیں کہتے ہیں:","Synapsis","Tetrad","Chiasmata","Crossing over","سائینپسیس","ٹیٹریڈ","کیازمیٹا","کروسنگ اوور","C","Additional",""
"Punjab Board","Class 9","Biology","Chapter 4","4.3 MEIOSIS","MCQ","Medium","1","Exchange of portion of chromosomes between non- sister chromatids occurs in:","نان سسٹر کرومائڈز کے درمیان کروموسومز کے حصوں کا تبادلہ ہے:","Synapsis","Tetrad formation","Chiasmata formation","Crossing over","سائی نپسیس","ٹیٹریڈکا بننا","کیازمیٹا کا بننا","کراسنگ اوور","D","Additional",""
"Punjab Board","Class 9","Biology","Chapter 4","4.3 MEIOSIS","MCQ","Medium","1","In which phase of meiosis- l paired chromosomes are separated and pulls towards opposite poles:","می اوسس -1 کی کونسی فیز میں جوڑنے والے کروموسومز علیحٰدہ ہوجاتے ہیں اور مخالف پولز کی طرف چلے جاتے ہیں:","Prophase-l","Metaphase-l","Anaphase-l","Telophase-l","پروفیز-I","میٹافیز-I","اینا فیز-I","ٹیلوفیز-I","C","Additional",""
"Punjab Board","Class 9","Biology","Chapter 4","4.3 MEIOSIS","MCQ","Medium","1","At the end of Meiosis-I, how many daughter cells are formed:","می اوسس-Iکے آخر میں، کتنے ڈاٹر سیلز بنتے ہیں:","One","Two","Three","Four","ایک","دو","تین","چار","B","Additional",""
"Punjab Board","Class 9","Biology","Chapter 4","4.3 MEIOSIS","MCQ","Medium","1","Which of the following is closely related to mitosis:","مندرجہ ذیل میں سے کس کا مائی ٹوسس سے قریبی تعلق ہے:","Meiosis-l","Meiosis-ll","Budding","Fragmentation","می اوسس-I","می اوسس-II","بڈنگ","فریگمنٹشن","B","Additional",""
"Punjab Board","Class 9","Biology","Chapter 4","4.3 MEIOSIS","MCQ","Medium","1","The number of chromosomes is maintained by:","کروموسومز کی تعداد اور برقرارہوتی ہےبذریعہ:","Mitosis","Meiosis","Budding","Fragmentation","مائی ٹوسس","می اوسس","بڈنگ","گریگمنٹشن","B","Additional",""
"Punjab Board","Class 9","Biology","Chapter 4","4.3 MEIOSIS","MCQ","Medium","1","The daughter cells called gametes have number of chromosomes at the end of meiosis:","گمینٹس کہلانے والے ڈاٹر سیلز میں می اوسس کے آخر میں کروموسومز کی تعداد ہوتی ہے:","Same","Half","Double","Four","ایک جیسی","آدھی","دگنی","چار گنا","B","Additional",""
"Punjab Board","Class 9","Biology","Chapter 4","4.3 MEIOSIS","MCQ","Medium","1","Genetically different zygote is formed as a result of:","جینیاتی طور پر مختلف زائیگوٹ نتیجے میں بنتا ہے:","Mitosis","Meiosis","Budding","Fragmentation","مائی ٹوسس","می اوسس","بڈنگ","فریگمٹشن","B","Additional",""
"Punjab Board","Class 9","Biology","Chapter 4","4.3 MEIOSIS","MCQ","Medium","1","New combination of genes on chromosomes occurs as a result of:","کروموسومز پر جنیز کا نیا کمبنیشن اس نتیجے میں ہوتا ہے:","Crossing over","Synapsis","Disjunction","Non disjunction","کراسنگ اوور","سائینپسیس","ڈسجنکشن","نان ڈسجنکشن","A","Additional",""
"Punjab Board","Class 9","Biology","Chapter 4","4.3 MEIOSIS","MCQ","Medium","1","When the daughter cells receive more or less than the normal number of chromosomes, the event occurs:","جب ڈاٹر سیلز کروموسومز کی تعداد زیادہ کم وصول کرتے ہیں:","Crossing over","Synapsis","Disjunction","Non- disjunction","کروسنگ اوور","سائی نپسیس","ڈس جنکشن","نان-ڈس جنکشن","D","Additional",""
"Punjab Board","Class 9","Biology","Chapter 4","4.3 MEIOSIS","MCQ","Medium","1","Both the divisions begin with a parent cell that has chromosomes:","دونوں تقسیم ایک پیرنٹ سیل سے شروع ہوتی ہیں جس میں کروموسومز ہوتے ہیں:","Haploid","Diploid","Triploid","Polyploid","ہیلائیڈ","ڈپلائیڈ","ٹرپلائیڈ","پولی پلائیڈ","B","Additional",""
"Punjab Board","Class 9","Biology","Chapter 4","4.3 MEIOSIS","MCQ","Medium","1","Crossing over a result in genetic recombination. It occurs between:","جینیاتی بحالی کا نتیجہ کراسنگ اوور ہے۔ یہ اس درمیان ہوتا ہے:","Two chromatids of the same chromosomes","Two chromatids of any two non-homologous chromosomes","Two chromatids of opposite gametes","Two chromatids of homologous chromosomes","ایک جیسے کروموسومز کے دو کرومائڈز","کسی بھی دو ہومولوگس کروموسومز کے دو کرومائڈز","مخالف گیمیٹس کے دو کرومائڈز","ہومولوگس کروموسومز کے دو کرومائڈز","D","Additional",""
"Punjab Board","Class 9","Biology","Chapter 4","4.3 MEIOSIS","MCQ","Medium","1","The longest phase of meiosis is:","می اوسس کا سب سے طویل مرحلہ ہے:","Interphase I","Prophase I","Interphase II","Prophase II","ایٹر فیز-I","پروفیز-I","ایٹرفیز-II","پروفیز-II","B","Additional",""
"Punjab Board","Class 9","Biology","Chapter 4","4.3 MEIOSIS","MCQ","Medium","1","What causes the number of chromosomes to reduce to half when a cell divides by meiosis?","جب ایک سیل می اوسس کے دوران تقسیم ہوتا ہے تو کروموسومز کی تعداد نصف تک کم ہونے کا کیا سبب بنتا ہے؟","Replication of DNA during interphase I","Separation of homologous chromosomes during meiosis I","Separation of sister chromatids of all the chromosomes during meiosis I","Crossing over during meiosis I","انٹر فیز 1 کے دوران ڈی این اے کی نقل","می اوسس 1 کے دورون ہومولوگس کروموسوم کی علیحدگی","می اوسس 1 کے دوران تمام کروموسوم کے سسٹر کرومائڈز کی علیحدگی","می اوسس کے دوران کراسنگ اوور","B","Additional",""
"Punjab Board","Class 9","Biology","Chapter 4","4.3 MEIOSIS","MCQ","Medium","1","Chromosomal number of fruit fly is 8. The gametes of fruit fly contain:","پھل کی مکھی کی کروموسومل تعداد 8 ہے۔ فروٹ فلائی کے گیمیٹس ہوتے ہیں:","2 chromosomes","4 chromosomes","8 chromosomes","16 chromosomes","2 کروموسومز","4 کروموسومز","8 کروموسومز","16 کروموسومز","B","Additional",""
"Punjab Board","Class 9","Biology","Chapter 4","4.3 MEIOSIS","MCQ","Medium","1","All of the following event take place both in mitosis and meiosis except:","مندرجہ ذیل تمام واقعات مائی ٹوسس اور می اوسس میں ہوتے ہیں سوائے:","Condensation of chromatin to form chromosomes","Formation of spindle apparatus","Nuclear envelop and nucleolus disappear","Chromosomes pair for crossing over","کروموسومز بنانے کے لیے کروماٹن کا گاڑھاہونا","سپنڈل اپریٹس کا بننا","نیوکلیئر اینویلپ اور نیوکلیئس کا غائب ہوجانا","کراسنگ اوور کےلیے کروموسومز کا جوڑا","D","Additional",""
"Punjab Board","Class 9","Biology","Chapter 4","4.3 MEIOSIS","MCQ","Medium","1","The primary purpose of meiosis is:","مائی ٹوسس کا بنیادی مقصد ہے:","To produce diploid daughter cells","To produce haploid daughter cells","To repair damaged DNA","To synthesis new protein","ڈپلائیڈڈاٹرسیلزبنانا","ہیپلائیڈڈاٹر سیلز بنانا","خراب ڈی این اے کی مرمت","نیاپروٹین بنانا","B","Additional",""
"Punjab Board","Class 9","Biology","Chapter 4","4.3 MEIOSIS","MCQ","Medium","1","Meiosis was discovered in:","می اوسس دریافت ہوئی؟","1976","1676","1876","1576","","","","","C","Additional",""
"Punjab Board","Class 9","Biology","Chapter 4","4.3 MEIOSIS","MCQ","Medium","1","Crossing over take place in:","کراسنگ اوورکس مرحلے میں ہوتی ہے؟","Prophase-II","Prophase-I","Prophase","None of these","پروفیز-II","پروفیز-I","پروفیز","ان میں سے کوئی نہیں","B","Additional",""
"Punjab Board","Class 9","Biology","Chapter 4","4.3 MEIOSIS","MCQ","Medium","1","Phases of Meiosis-II are:","می اوسس-II کے مراحل کی تعداد ہے:","2","4","3","5","","","","","B","Additional",""
"Punjab Board","Class 9","Biology","Chapter 4","4.3 MEIOSIS","MCQ","Medium","1","Gametes are produce by:","گیمیٹس کس عمل سے بنتے ہیں؟","Mitosis","Meiosis","Binary fission","Budding","مائی ٹوسس","می اوسس","بائنری فیشن","بڈنگ","B","Additional",""
"Punjab Board","Class 9","Biology","Chapter 4","4.4 Comparison between Meiosis and Mitosis","MCQ","Medium","1","Which of the following statement describes the similarities of mitosis and meiosis:","مندرجہ ذیل میں سے کونسا بیان مائی ٹوسس اور می اوسس کی مشابہتوں کو بیان کرتا ہے:","Both involves the formation of spindle apparatus","In both, chromatin condenses","DNA replication occur during interphase","All of the above","دونوں اسپنڈل اپریٹس کو بنانے میں شامل ہیں","دونوں میں کروماٹن گاڑھا ہوتا ہے","ڈی این اے کی نقل انٹر فیز کے دوران ہوتی ہے","مندرجہ بالا تمام","D","Additional",""
"Punjab Board","Class 9","Biology","Chapter 4","4.4 Comparison between Meiosis and Mitosis","MCQ","Medium","1","Which of the following statements describes the differences between mitosis and meiosis:","مندرجہ ذیل میں سے کونسے بیانات مائی ٹوسس اور می اوسس کے درمیان فرق کو بیان کرتے ہیں:","Chromosome become visible","Two daughter cells are produced in mitosis and four are produced in meiosis","Cytokinesis occurs","Sister chromatids separate","کروموسومز نظر آنے لگتے ہیں","دونوں ڈاٹر سیلز مائی ٹوسس میں اور چار می اوسس میں پیدا ہوتے ہیں","سائٹو کا ئینسز ہوتا ہے","سسٹر کرومائڈز علیحدہ ہوتے ہیں","B","Additional",""
"Punjab Board","Class 9","Biology","Chapter 4","4.4 Comparison between Meiosis and Mitosis","MCQ","Medium","1","When does DNA replication occur before the division of mitosis and meiosis?","مائی ٹوسس اور می اوسس دونوں کی تقسیم سے پہلے DNA کی نقل کب ہوتی ہے؟","In G1 phase","In G2 phase","In S phase","In G0 phase","G1 مرحلہ میں","G2 مرحلہ میں","S مرحلہ میں","G0 مرحلہ میں","C","Additional",""
"Punjab Board","Class 9","Biology","Chapter 5","5.1 LEVELS OF ORGANIZATION","MCQ","Medium","1","A higher level of organization exhibits emergent properties when:","تنظیم کا اعلی لیول ابھرتی ہوئی خصوصیت کا مظاہرہ کرتی ہے جب:","Its parts function independently","The sum of its parts is greater than the whole","The individual parts are more important than the whole","Its parts interact to perform more functions","اس کے حصے آزادنہ طور پر کام کرتے ہیں","اس کے حصوں کا مجموعہ پورے سےزیادہ ہو","انفرادی حصے پورے سے زیادہ اہم ہوتے ہیں","اس کے حصے زیادہ تر افعام انجام دینےکےلیے تعامل کرتے ہیں","A","Exercise",""
"Punjab Board","Class 9","Biology","Chapter 5","5.1 LEVELS OF ORGANIZATION","MCQ","Medium","1","Which of the following demonstrates the levels of organization of the body, from simplest to most complex?","مندرجہ ذیل میں سے کون سا جسم کی تنظیم کے لیولز کو ظاہر کرتا ہے، سادہ سے سب سے زیادہ پیچیدہ تک؟","Cell Organ Tissue Organelle Organ system","Organelle Cell Tissue Organ Organ system","Tissue Cell Organelle Organ Organ system","Organ system Tissue Cell Organelle Organ","سیلآرگنٹشوآرگینلیآرگن سسٹم","آرگینلیسیلٹشوآرگنآرگن سسٹم","ٹشوسیلآرگینلیآرگنآرگن سسٹم","آرگن سسٹمٹشوسیلآرگینلیآرگن","B","Exercise",""
"Punjab Board","Class 9","Biology","Chapter 5","5.1 LEVELS OF ORGANIZATION","MCQ","Medium","1","What is the smallest unit of matter?","مادے کا سب سے چھوٹا یونٹ کیا ہے؟","Molecule","Cell","Atom","Tissue","مالیکیول","سیل","ایٹم","ٹشو","C","Additional",""
"Punjab Board","Class 9","Biology","Chapter 5","5.1 LEVELS OF ORGANIZATION","MCQ","Medium","1","What is formed when atoms combine?","جب ایٹم ملتے ہیں تو کیا بنتا ہے؟","Organelle","Cell","Molecule","Tissue","آرگینل","سیل","مالیکیول","ٹشو","C","Additional",""
"Punjab Board","Class 9","Biology","Chapter 5","5.1 LEVELS OF ORGANIZATION","MCQ","Medium","1","What is the subcellular level called?","سب سیلولر لیول کو کیا کہتے ہیں؟","Cell","Tissue","Organelle","Organ","سیل","ٹشو","آرگنیلی","آرگن","C","Additional",""
"Punjab Board","Class 9","Biology","Chapter 5","5.1 LEVELS OF ORGANIZATION","MCQ","Medium","1","What is a group of similar cells called?","ایک جیسے سیلز کا گروہ کیا کہلاتا ہے:","Organ","Tissue","Organ system","Organism","آرگن","ٹشو","آرگن سسٹم","جاندار","B","Additional",""
"Punjab Board","Class 9","Biology","Chapter 5","5.1 LEVELS OF ORGANIZATION","MCQ","Medium","1","Organ is made up of?","آرگن کس سے بنتا ہے؟","Only one type of tissue","Two or more types of tissues","Cells","Molecules","صرف ایک ہی قسم کے ٹشوسے","دو یا دو سے زیادہ اقسام کے ٹشوز سے","سیلز","مالیکیلولز","B","Additional",""
"Punjab Board","Class 9","Biology","Chapter 5","5.1 LEVELS OF ORGANIZATION","MCQ","Medium","1","What is an example of an organ in animals?","جانوروں میں ایک آرگن کی کیا مثال ہے:","Heart","Liver","Kidney","All of the above","دل","جگر","گردہ","مندرجہ بالا تمام","D","Additional",""
"Punjab Board","Class 9","Biology","Chapter 5","5.1 LEVELS OF ORGANIZATION","MCQ","Medium","1","What is an organ system?","ایک آرگن سسٹم کیا ہے؟","Multiple organs working together","Multiple tissues working together","Multiple cells working together","Multiple molecules working together","معتدد آرگنز مل کر کام کرتے ہیں","معتدد ٹشوز مل کر کام کرتے ہیں","ایک ساتھ کام کرنے والے معتدد سیلز","ایک ساتھ کام کرنے والے معتدد مالیکیولز","A","Additional",""
"Punjab Board","Class 9","Biology","Chapter 5","5.1 LEVELS OF ORGANIZATION","MCQ","Medium","1","What is an example of an organ system in animals?","جانوروں مین ایک آرگن سسٹم کی کیا مثال ہے؟","Circulatory system","Digestive system","Respiratory system","All of the above","سرکولیٹری سسٹم","ڈائجسٹو سسٹم","ریسپائٹری سسٹم","مندرجہ بالا تمام","D","Additional",""
"Punjab Board","Class 9","Biology","Chapter 5","5.1 LEVELS OF ORGANIZATION","MCQ","Medium","1","What is the highest level of organization in living organisms?","زندہ جانداروں میں تنظیم کا اعٰلی لیول کونسا ہے؟","Organ system","Organ","Tissue","Organism","آرگن سسٹم","آرگن","ٹشو","جاندار","D","Additional",""
"Punjab Board","Class 9","Biology","Chapter 5","5.1 LEVELS OF ORGANIZATION","MCQ","Medium","1","What is the primary function of the ribosomes in cells?","سیلز میں بنیادی طور پر رائبوسوم کا کیا کام ہے :","Protein synthesis","Cell division","Energy production","Waste removal","پروٹین کی تیاری","سیل کی تقسیم","انرجی بنانا","ٍبےکارمواد کو ختم کرنا","A","Additional",""
"Punjab Board","Class 9","Biology","Chapter 5","5.1 LEVELS OF ORGANIZATION","MCQ","Medium","1","The most complex level of organization is:","تنظیم کے لیول میں سب سے پیچیدہ ہے:","Tissue level","Organ level","Organ System level","Organism level","ٹشو لیول","آرگن لیول","آرگن سسٹم لیول","آرگنزم لیول","D","Additional",""
"Punjab Board","Class 9","Biology","Chapter 5","5.1 LEVELS OF ORGANIZATION","MCQ","Medium","1","The smallest unit of matter that maintain the property of an element:","ایلیمنٹ کی سب سے چھوٹی اکائی جو کسی عنصر کی خاصیت کو برقرار رکھتی ہے:","Subatomic particle","Atom","Molecule","Organelle","سب اٹامک","ایٹم","مالیکیول","آرگنیلی","B","Additional",""
"Punjab Board","Class 9","Biology","Chapter 5","5.1 LEVELS OF ORGANIZATION","MCQ","Medium","1","Atom combine to form ...... which can have entirely different properties than the atom they contain:","ایٹم مل کر ...... بناتے ہیں جو ان ایٹمز سے بالکل مختلف خصوصیات رکھتے ہیں جن پر یہ مشتمل ہوتےہیں:","Molecule","Organelle","Cell","Tissue","مالیکیول","آرگینلی","سیل","ٹشو","A","Additional",""
"Punjab Board","Class 9","Biology","Chapter 5","5.1 LEVELS OF ORGANIZATION","MCQ","Medium","1","Molecules combine in specific ways and make the subcellular level:","مالیکیول مخصوص طریقوں سے اکھٹے ہوتے ہیں اور سب سیلولر لیول بناتے ہیں:","Organ","Tissue","Cell","Organelle","آرگن","ٹشو","سیل","آرگنیلی","A","Additional",""
"Punjab Board","Class 9","Biology","Chapter 5","5.1 LEVELS OF ORGANIZATION","MCQ","Medium","1","The smallest unit with characteristics of life is:","زندگی کی خصوصیات کے ساتھ سب سے چھوٹا یونٹ ہے:","Organelle","Cell","Tissue","Organ","آرگینلی","سیل","ٹشو","آرگن","B","Additional",""
"Punjab Board","Class 9","Biology","Chapter 5","5.1 LEVELS OF ORGANIZATION","MCQ","Medium","1","A tissue is a group of similar ...... that work together to perform one or more specific functions:","ٹشو ایک جیسے ...... کا گروہ ہے جو مل کر ایک سے زیادہ مخصوص افعال سرانجام دیتا ہے:","Atom","Molecule","Organelle","Cell","ایٹم","مالیکیول","آرگنیلی","سیل","D","Additional",""
"Punjab Board","Class 9","Biology","Chapter 5","5.1 LEVELS OF ORGANIZATION","MCQ","Medium","1","Which of the following tissue transports water and nutrients:","مندرجہ ذیل میں سے کونسا ٹشو پانی اور غذائی اجزاء کو منتقل کرتا ہے:","Muscle tissue","Vascular tissue","Epithelial tissue","Epidermal","مسل ٹشو","ویسکولر ٹشو","ایپی تھیلیل","ایپی ڈرمل","B","Additional",""
"Punjab Board","Class 9","Biology","Chapter 5","5.1 LEVELS OF ORGANIZATION","MCQ","Medium","1","The tissue which covers body surface and lines cavities:","وہ ٹشو جو جسم کی سطٰح کو ڈھانپتا ہے اور جوفوں کی دیواریں بناتا ہے:","Muscle tissue","Vascular tissue","Epithelial tissue","Epidermal tissue","مسل ٹشو","ویسکولر ٹشو","ایپی تھیلیل ٹشو","ایپی ڈرمل ٹشو","C","Additional",""
"Punjab Board","Class 9","Biology","Chapter 5","5.1 LEVELS OF ORGANIZATION","MCQ","Medium","1","A structure made up of related tissue working together to perform specific functions:","مخصوص افعال انجام دینے کے لیے مل کر کام کرنے والے متعلقہ ٹشو سے مل کر بنی ایک ساخت ہے:","Tissue","Organ","Organ system","Organism","ٹشو","آرگن","آرگن سسٹم","جاندار","A","Additional",""
"Punjab Board","Class 9","Biology","Chapter 5","5.1 LEVELS OF ORGANIZATION","MCQ","Medium","1","A living entity that can function independently on behalf of proper functioning of its organ system:","ایک زندہ وجود ہے جو اپنے آرگن سسٹم کے کام کرنے کی بنیاد پر آزادانہ اپنے افعال سر انجام دے سکتا ہے:","Organ","Organ system","Organism","All of the above","آرگن","آرگن سسٹم","جاندار","مندرجہ بالا تمام","C","Additional",""
"Punjab Board","Class 9","Biology","Chapter 5","5.1 LEVELS OF ORGANIZATION","MCQ","Medium","1","""The whole is greater than the sum of its parts"" is said by:","مکمل اس کے حصوں کے مجموعے سے بڑا ہے، کہا تھا:","Abu Ali Sina","Aristotle","Ibn Rushd","Abu Usman Umar Al-Jahiz","بو علی سینا","ارسطو","ابن رشد","ابو عثمان عمر الجاحز","B","Additional",""
"Punjab Board","Class 9","Biology","Chapter 5","5.1 LEVELS OF ORGANIZATION","MCQ","Medium","1","The abilities that are present in higher level or organization but are not possible from the:","وہ صلاحیتیں جو اعلی لیول یا تنظیم میں موجود ہوتی ہیں لیکن ان سے ممکن نہیں ہیں:","Whole components","Half components","Individual components","Unpredictable","پورے حصے","آدھے حصے","انفرادی حصے","غیر متوقع","C","Additional",""
"Punjab Board","Class 9","Biology","Chapter 5","5.1 LEVELS OF ORGANIZATION","MCQ","Medium","1","Metabolism is a process performed by:","میٹا بولزم ایک عمل ہے جو انجام دیا جاتا ہے بذریعہ:","Organelle","Cell","Tissue","Organ","آرگینلی","سیل","ٹشو","آرگن","A","Additional",""
"Punjab Board","Class 9","Biology","Chapter 5","5.1 LEVELS OF ORGANIZATION","MCQ","Medium","1","Which of the following tissue of heart helps to pump blood throughout the body:","مندرجہ ذیل میں سے دل کا کونسا ٹشو پورے جسم مین خون پمپ کرنے میں مدد دیتا ہے:","Muscle tissue","Connective tissue","Epithelial tissue","None","مسل ٹشو","کنیکٹو ٹشو","ایپی تھیلیل","کوئی نہیں","A","Additional",""
"Punjab Board","Class 9","Biology","Chapter 5","5.1 LEVELS OF ORGANIZATION","MCQ","Medium","1","In individual, the interaction of various organ system brings:","فرد میں،مختلف آرگن سسٹم کا تعامل لاتا ہے:","Consciousness","Thinking","Ability to adapt environment","All of the above","شعور","سوچنا","ماحول کو اپنانے کی صلاحیت","مندرجہ بالا تمام","D","Additional",""
"Punjab Board","Class 9","Biology","Chapter 5","5.1 LEVELS OF ORGANIZATION","MCQ","Medium","1","If tissue level is not developed in the levels of organization, which of the next level will not be formed?","اگر تنظیم کے لیولز میں ٹشو لیول تیار نہیں ہوتا ہے ،تو کونسا اگلا لیول نہیں بنے گا؟","Molecular level","Atomic level","Organ level","Organellel level","مالیکیولر لیول","اٹامک لیول","آرگن لیول","آرگیزم لیول","C","Additional",""
"Punjab Board","Class 9","Biology","Chapter 5","5.1 LEVELS OF ORGANIZATION","MCQ","Medium","1","Which structure is at a different level of organization from the other three?","کونسی ساخت تنظیم کے لیولز کی مختلف سطح پر دوسرے تینوں میں سے مختلف ہے:","Kidney","Liver","Neuron","Lung","گردے","جگر","نیورون","پھیپھڑے","C","Additional",""
"Punjab Board","Class 9","Biology","Chapter 5","5.1 LEVELS OF ORGANIZATION","MCQ","Medium","1","Biological origination means:","بائیولوجیکل آرگناٹریشن کا مطلب ہے:","Study of different organisms","Study of different branches of biology","Study of all the subjects of science","Study of biology at different levels","مختلف جانداروں کا مطالعہ","بائیو کی مختلف شاخوں کا مطالعہ","سائنس کے تمام مضامین کا مطالعہ","مختلف لیولز پر بائیولوجی کا مطالعہ","D","Additional",""
"Punjab Board","Class 9","Biology","Chapter 5","5.1 LEVELS OF ORGANIZATION","MCQ","Medium","1","The level of organization which is represented by the heart of frog is:","تنظیم کالیول جس کی نمائندگی مینڈک کے دل سے ہوتی ہے:","Organ","Tissue","Organisms","Organelle","آرگن","ٹشو","جاندار","آرگینلی","A","Additional",""
"Punjab Board","Class 9","Biology","Chapter 5","5.1 LEVELS OF ORGANIZATION","MCQ","Medium","1","Which one of the following in not molecule?","مندرجہ ذیل میں سے کون سا مالیکیول نہیں ہے؟","Water","Protein","Nucleic acid","Atom","پانی","پروٹین","نیوکلیک اسیڈ","ایٹم","D","Additional",""
"Punjab Board","Class 9","Biology","Chapter 5","5.1 LEVELS OF ORGANIZATION","MCQ","Medium","1","Which one of the following is an organelle?","مندرجہ ذیل میں سے کون سی آرگنیلی ہے؟","Mitochondria","Ribosomes","Lysosomes","All of the above","مائٹو کانڈریا","رائبوسومز","لائسوسومز","یہ سب","D","Additional",""
"Punjab Board","Class 9","Biology","Chapter 5","5.2 ORGANS AND ORGAN SYSTEM IN PLANTS","MCQ","Medium","1","In a leaf, which tissue is responsible for photosynthesis?","ایک پتے میں کون سا ٹشو فوٹو سنتھی سیز کا ذمہ دار ہے؟","Xylem","Mesophyll","Epidermis","Phloem","زائلم","میزوفل","ایپی ڈرمس","فلوئم","B","Exercise",""
"Punjab Board","Class 9","Biology","Chapter 5","5.2 ORGANS AND ORGAN SYSTEM IN PLANTS","MCQ","Medium","1","What is the primary function of the xylem tissue in a leaf?","پتے میں زائلم ٹشو کا بنیادی کام کیا ہے؟","To transport sugars to other parts","To transport water to parts of leaf","To synthesize chlorophyll","To control the opening and closing of stomata","پودے کے دوسرے حصوں میں شوگر پہنچانا","پتوں کے حصوں تک پانی پہنچانا","کلوروفل تیار کرنا","سٹیومیٹا کے کھلنے اور بند ہونے کو کنٹرول کرنا","B","Exercise",""
"Punjab Board","Class 9","Biology","Chapter 5","5.2 ORGANS AND ORGAN SYSTEM IN PLANTS","MCQ","Medium","1","Which structures are responsible for the transport of food in plant body?","پودوں کے جسم میں خوراک کی نقل و حمل کےلیے کون سی ساختیں ذمہ دار ہیں؟","Xylem tissue","Palisade mesophyll","Phloem tissue","Spongy mesophyll","زائیلم ٹشو","پیلی سیڈ میزوفل","فلوئم ٹشو","سپونجی میزوفل","C","Exercise",""
"Punjab Board","Class 9","Biology","Chapter 5","5.2 ORGANS AND ORGAN SYSTEM IN PLANTS","MCQ","Medium","1","In a plant, which of the following is the primary function of the flower?","پودے میں پھول کا بنیادی کام کیا ہے؟","Transporting water and minerals","Supporting leaf growth","Facilitating reproduction through pollination","Regulating gas exchange","پانی اور معدنیات کی نقل و حمل","پتوں کی نشوونما میں مدد","پولی نیشن کے ذریعے ریپروڈکشن میں مدد کرنا","گیسوں کے تبادلے کو کنٹرول کرنا","C","Exercise",""
"Punjab Board","Class 9","Biology","Chapter 5","5.2 ORGANS AND ORGAN SYSTEM IN PLANTS","MCQ","Medium","1","The outermost layer of leaf is made up of :","پتے کی سب سے بیرونی تہہ بنی ہوئی ہے:","Mesophyll tissue","Vascular tissue","Epidermal tissue","Palisade mesophyll","میزوفل ٹشو سے","ویسکولر ٹشو","ایپی ڈرمل ٹشو","پیلی سیڈ میزوفل","C","Additional",""
"Punjab Board","Class 9","Biology","Chapter 5","5.2 ORGANS AND ORGAN SYSTEM IN PLANTS","MCQ","Medium","1","Spongy Mesophyll composed of ...... arranged cells:","سیلونجی میزوفل ...... انداز میں ترتیب دیےگیے سیلز پر مشتمل ہیں:","tightly","loosely","rigidly","none of these","مضبوط","ڈھیلے","سخت","ان میں سے کوئی نہیں","B","Additional",""
"Punjab Board","Class 9","Biology","Chapter 5","5.2 ORGANS AND ORGAN SYSTEM IN PLANTS","MCQ","Medium","1","What is the primary function of roots in plants?","پودوں میں جڑوں کا بنیادی کام کیا ہے؟","Photosynthesis","Absorbing water and minerals","Reproduction","Storage of nutrients","فوٹوسیتھی سسز","پانی اور معدنیات کو جذب کرنا","ریپروڈکشن","غذائی اجزاء کا ذخیرہ","B","Additional",""
"Punjab Board","Class 9","Biology","Chapter 5","5.2 ORGANS AND ORGAN SYSTEM IN PLANTS","MCQ","Medium","1","Which part of the plant supports leaves, flowers, and fruits?","پودے کا کونسا حصہ پتوں،پھولوں اور پھلوں کو سہارا دیتا ہے:","Roots","Stems","Leaves","Flowers","جڑیں","تنے","پتے","پھول","B","Additional",""
"Punjab Board","Class 9","Biology","Chapter 5","5.2 ORGANS AND ORGAN SYSTEM IN PLANTS","MCQ","Medium","1","What is the primary site of photosynthesis in plants?","پودوں میں فوٹوسینتھی سسز کا بنیادی مقام کیا ہے؟","Roots","Stems","Leaves","Flowers","جڑیں","تنے","پتے","پھول","C","Additional",""
"Punjab Board","Class 9","Biology","Chapter 5","5.2 ORGANS AND ORGAN SYSTEM IN PLANTS","MCQ","Medium","1","What is the function of the epidermal tissue in leaves?","پتوں میں ایپی ڈرمل ٹشو کا کیا کام ہے:","Photosynthesis","Transpiration","Protection","All of the above","فوٹوسیتھی سسز","ریسپائریشن","حفاظت","مندرجہ بالا تمام","C","Additional",""
"Punjab Board","Class 9","Biology","Chapter 5","5.2 ORGANS AND ORGAN SYSTEM IN PLANTS","MCQ","Medium","1","What is the function of the xylem in leaves?","پتوں میں زائیلم کا کیا کام ہے:","Transporting sugars","Conducting water and minerals","Facilitating gas exchange","None of the above","شوگرز کی نقل وحرکت","پانی اور معدنیات کی ترسیل","گیسوں کے تبادلے کی سہولت","کوئی نہیں","B","Additional",""
"Punjab Board","Class 9","Biology","Chapter 5","5.2 ORGANS AND ORGAN SYSTEM IN PLANTS","MCQ","Medium","1","What is the function of the phloem in leaves?","پتوں میں فلوئم کا کیا کام ہے:","Transporting water and minerals","Conducting sugars","Facilitating gas exchange","None of the above","پانی اور معدنیات کی نقل و حرکت","شوگرز کی ترسیل کرتا ہے","گیس کے تبادلے کی سہولت دیتا ہے","مندرجہ بالا میں سے کوئی بھی نہیں","D","Additional",""
"Punjab Board","Class 9","Biology","Chapter 5","5.2 ORGANS AND ORGAN SYSTEM IN PLANTS","MCQ","Medium","1","Which organ system in plants is responsible for photosynthesis and reproduction?","پودوں میں کونسا آرگن سسٹم فوٹوسیتھی سسز اور ریپروڈکشن کے لیے ذمہ دار ہے:","Root system","Shoot system","Reproductive system","None of the above","روٹ سسٹم","شوٹ سسٹم","تولیدی سسٹم","مندرجہ بالا میں سے کوئی بھی نہیں","B","Additional",""
"Punjab Board","Class 9","Biology","Chapter 5","5.2 ORGANS AND ORGAN SYSTEM IN PLANTS","MCQ","Medium","1","What is the function of the flower in plants?","پودوں میں پھول کا کیا کام ہے:","Photosynthesis","Reproduction","Transpiration","None of the above","فوٹوسینتھی سسز","ایپروڈکشن","ریسپائریشن","ان میں سے کوئی نہیں","B","Additional",""
"Punjab Board","Class 9","Biology","Chapter 5","5.2 ORGANS AND ORGAN SYSTEM IN PLANTS","MCQ","Medium","1","Which of the following is the function of root:","مندرجہ ذیل میں کونسا جڑ کا کام ہے:","Movement of nutrients","Storage of nutrients","Support leaves","Sites of photosynthesis","غذائی اجزاء کی نقل و حرکت","غذائی اجزاء کا ذخیرہ","پتوں کو سہارا دینا","فوٹوسینتھی سسز کے مقامات","B","Additional",""
"Punjab Board","Class 9","Biology","Chapter 5","5.2 ORGANS AND ORGAN SYSTEM IN PLANTS","MCQ","Medium","1","The primary sites of photosynthesis and transpiration are:","فوٹوسینتھی سسز اور ریسپائریشن کی بنیادی جگہیں ہیں:","Roots","Stems","Leaves","Flowers","جڑیں","تنے","پتے","پھول","C","Additional",""
"Punjab Board","Class 9","Biology","Chapter 5","5.2 ORGANS AND ORGAN SYSTEM IN PLANTS","MCQ","Medium","1","Stem contain tissues:","تنے میں ٹشوز ہوتے ہیں:","Epithelial tissue","Epidermal tissue","Vascular tissue","Mesophyll tissue","ایپی تھیلیل ٹشو","ایپی ڈرمل ٹشو","ویسکولر ٹشو","میزوفل ٹشو","C","Additional",""
"Punjab Board","Class 9","Biology","Chapter 5","5.2 ORGANS AND ORGAN SYSTEM IN PLANTS","MCQ","Medium","1","Which part plays a crucial role in plant's sexual reproduction:","پودے کی سیکسوئل ریپروڈکشن میں کونسا حصہ اہم کردار ادا کرتا ہے:","Roots","Stems","Leaves","Flowers","جڑیں","تنے","پتے","پھول","D","Additional",""
"Punjab Board","Class 9","Biology","Chapter 5","5.2 ORGANS AND ORGAN SYSTEM IN PLANTS","MCQ","Medium","1","The upper epidermis is usually covered by waxy cuticle, which reduce:","بالائی ایپی ڈرمس عام طور پر مومی کیوٹیکل سے ڈھکی ہوتی ہے، جو کم کرتی ہے:","Loss of water","Loss of minerals","Loss of nutrients","It cannot reduce any loss","پانی کی کمی سے","منرلز کی کمی سے","غذائی اجزاء کی کمی سے","یہ کسی نقصان کو کم نہیں کرتی","A","Additional",""
"Punjab Board","Class 9","Biology","Chapter 5","5.2 ORGANS AND ORGAN SYSTEM IN PLANTS","MCQ","Medium","1","Stomata are tiny pores that regulates:","سٹومیٹا چھوٹے سوراخ ہیں جو کنٹرول کرتے ہیں:","Gas exchange","Water vapour loss","Nutrients","Both A and B","گیسوں کا تبادلہ کو","پانی کے بخارات کا ضیاع کو","غذائی اجزاء کو","AاورB دونوں","D","Additional",""
"Punjab Board","Class 9","Biology","Chapter 5","5.2 ORGANS AND ORGAN SYSTEM IN PLANTS","MCQ","Medium","1","The structure that is located just beneath the upper epidermis is:","ساخت جو بالائی ایپی ڈرمس کے بالکل نیچے واقع ہے:","Guard cells","Palisade mesophyll","Spongy mesophyll","Xylem","گارڈ سیلز","پیلی سیلز میزوفل","سپوگی میزوفل","زائیلم","A","Additional",""
"Punjab Board","Class 9","Biology","Chapter 5","5.2 ORGANS AND ORGAN SYSTEM IN PLANTS","MCQ","Medium","1","The air spaces present between the spongy mesophyll helps to facilitate the:","سپونجی میزوفل کے درمیان موجود ہواکی جگہوں کو سہولت فراہم کرنے میں مدد دیتی ہے:","Diffusion","Osmosis","Active transport","Effusion","ڈیفیوژن سے","اوسموسس سے","ایکٹو ٹرانسپورٹ","افیوژن سے","A","Additional",""
"Punjab Board","Class 9","Biology","Chapter 5","5.2 ORGANS AND ORGAN SYSTEM IN PLANTS","MCQ","Medium","1","The tissue contain cells rich in chloroplasts are:","ٹشو کلوروپلاسٹس سے بھرپور سیلز پر مشتمل ہوتے ہیں:","Epidermal tissue","Mesophyll tissue","Xylem tissue","Phloem tissue","ایپی ڈرمل ٹشو","میزوفل ٹشو","زائیلم ٹشو","فلوئم ٹشو","B","Additional",""
"Punjab Board","Class 9","Biology","Chapter 5","5.2 ORGANS AND ORGAN SYSTEM IN PLANTS","MCQ","Medium","1","Which of the following is true about vascular tissues:","مندرجہ ذیل میں سے کونسا ویسکولر ٹشو کےبارے میں درست ہے:","Arranged in midrib and veins of leaves","Consist of various tissues","Its phloem tissue conducts water","Its xylem tissue conducts water","پھول میں مڈرب اور وینز میں موجود ہے","مختلف ٹشوز پر مشتمل ہے","اس کافلوئم ٹشو پانی کی ترسیل کرتا ہے","اس کا زائیلم ٹشو پانی کی ترسیل کرتا ہے","A","Additional",""
"Punjab Board","Class 9","Biology","Chapter 5","5.2 ORGANS AND ORGAN SYSTEM IN PLANTS","MCQ","Medium","1","Organ system level in plants is ...... than animals:","پودوں میں آرگن سسٹم ......​​​​​​​ ہےجانوروں کی نسبت:","Less complex","More complex","Same complexity","System is not complex at all","کم پیچیدہ","زیادہ پیچیدہ","ایک ہی پیچیدگی","نظام بالکل پیچیدہ نہیں ہے","A","Additional",""
"Punjab Board","Class 9","Biology","Chapter 5","5.2 ORGANS AND ORGAN SYSTEM IN PLANTS","MCQ","Medium","1","Root system involves in:","روٹ سسٹم میں شامل ہے:","Anchoring the plant","Sexual reproduction","Transpiration","Movement of water","پودے کو جڑنا","جنسی تولید","ٹرانسپائریشن","پانی کی نقل و حرکت","A","Additional",""
"Punjab Board","Class 9","Biology","Chapter 5","5.2 ORGANS AND ORGAN SYSTEM IN PLANTS","MCQ","Medium","1","You can observe spongy mesophyll and xylem in the cross section of leaf. These are part of them:","آپ پتے کے کراس سیکشن سپونجی میزوفل اور زائیلم کا مشاہدہ کر سکتے ہیں۔یہ ان کا حصہ ہیں:","Cell and organisms","Organ and organisms","Cell and tissue","Tissue and organ","سیل اور جاندار","آرگن اور جاندار","سیل اور ٹشو","ٹشو اور آرگن","D","Additional",""
"Punjab Board","Class 9","Biology","Chapter 5","5.2 ORGANS AND ORGAN SYSTEM IN PLANTS","MCQ","Medium","1","Which structure is not an organ?","کونسی ساخت ایک آرگن نہیں ہے:","Artery","Flower","Spinal cord","Xylem","آرٹری","پھول","سپائنل کارڈ","زائیلم","D","Additional",""
"Punjab Board","Class 9","Biology","Chapter 5","5.2 ORGANS AND ORGAN SYSTEM IN PLANTS","MCQ","Medium","1","Which description of xylem is correct?","زائیلم کا کونسا بیان درست ہے:","A cell used fo absorption","An organ system used for conduction","A tissue used for transport","An organ used for transport","ایک سیل کو انجذاب کےلیے استعمال ہوتا ہے","ایک آرگن سسٹم جو ترسیل کےلیے استعمال ہوتا ہے","ایک ٹشو جو نقل و حرکت کے لیے استعمال ہوتا ہے","ایک آرگن جو نقل و ھرکت کے لیے استعمال ہوتا ہے","C","Additional",""
"Punjab Board","Class 9","Biology","Chapter 5","5.2 ORGANS AND ORGAN SYSTEM IN PLANTS","MCQ","Medium","1","What is the primary function of the root system in plants?","پودوں میں روٹ سسٹم کا بنیادی کام کیا ہے:","Photosynthesis","Gas exchange","Absorbing water","Reproduction","فوٹوسینتھی سز","گیسوں کا تبادلہ","پانی جذب کرنا","ریپروڈکشن","C","Additional",""
"Punjab Board","Class 9","Biology","Chapter 5","5.2 ORGANS AND ORGAN SYSTEM IN PLANTS","MCQ","Medium","1","Which part of plant is primarily involved on photosynthesis?","پودے کا کونسا حصہ بنیادی طور پر فوٹوسینتھی میں شامل ہوتا ہے؟","Root","Stem","Leaf","Flower","جڑ","تنا","پتا","پھول","C","Additional",""
"Punjab Board","Class 9","Biology","Chapter 5","5.2 ORGANS AND ORGAN SYSTEM IN PLANTS","MCQ","Medium","1","Which tissue transport water in plants?","کونسے ٹشو پودوں میں پانی پہنچاتے ہیں:","Xylem","Phloem","Epidermal","Mesophyll","زائیلم","فلوئم","ایپی ڈرمل","میزوفلٍ","A","Additional",""
"Punjab Board","Class 9","Biology","Chapter 5","5.3 ORGANS AND ORGAN SYSTEM IN HUMANS","MCQ","Medium","1","At which level of organization gas exchange occur between body and environment?","جسم میں کس جگہ جسم اور ماحول کے درمیان گیسوں کا تبادلہ ہوتا ہے، یہ تنظیم کون سا لیول ہوتا ہے؟","Organelle level in mitochondria","Cellular level in alveolar cells","Tissue level in epithelial tissues","Organ system level in the respiratory system","آرگینیلی لیول یعنی مائٹو کونڈریا میں","سیلولر لیول یعنی ایلویولائی کے سیلز میں","ٹشو کے لیول یعنی ایپی تھیلیل ٹشوز میں","آرگن سسٹم کی سطح یعنی ریسپریڑی سسٹم میں","D","Exercise",""
"Punjab Board","Class 9","Biology","Chapter 5","5.3 ORGANS AND ORGAN SYSTEM IN HUMANS","MCQ","Medium","1","The epithelial tissue in the stomach wall is responsible for producing:","معدے کی دیوار میں موجود ایپی تھیلیل ٹشو کون سا مادہ پیدا کرتا ہے؟","Mucus","Pepsinogen","Hydrochloric acid","All of these","","","","","A","Exercise",""
"Punjab Board","Class 9","Biology","Chapter 5","5.3 ORGANS AND ORGAN SYSTEM IN HUMANS","MCQ","Medium","1","In the wall of stomach, which tissue also contains blood vessels and nerves?","معدے کی دیوار میں کون سے ٹشوز میں نالیاں اور نروز بھی ہوتے ہیں؟","Epithelial","Muscle","Inner connective","Connective","ایپی تھیلیل ٹشو","مسلز","اندرونی کنیکٹو ٹشو","کنیکٹو ٹشو","D","Exercise",""
"Punjab Board","Class 9","Biology","Chapter 5","5.3 ORGANS AND ORGAN SYSTEM IN HUMANS","MCQ","Medium","1","Which of these is a function of the human skeletal system?","انسان کا سکیلیٹل سسٹم کون سا فعل سر انجام دیتا ہے؟","Storing minerals and producing blood cells","Removing carbon dioxide from blood","Filtering blood to remove waste products","Breaking down food for energy","معدنیات ذخیرہ کرنا اور خون کے سیلز پیدا کرنا","خون سے کاربن ڈائی آکسائیڈ کو نکالنا","بے کار مادے نکالنے کےلیے خون کو فلٹرکرنا","توانائی کے لیے کھانے کے توڑنا","A","Exercise",""
"Punjab Board","Class 9","Biology","Chapter 5","5.3 ORGANS AND ORGAN SYSTEM IN HUMANS","MCQ","Medium","1","Which organ pumps blood throughout the body:","کونسا آرگن پورے جسم میں خون پمپ کرتا ہے:","Heart","Lungs","Brain","Liver","دل","پھیپھڑے","دماغ","جگر","A","Additional",""
"Punjab Board","Class 9","Biology","Chapter 5","5.3 ORGANS AND ORGAN SYSTEM IN HUMANS","MCQ","Medium","1","Which organ is responsible for breathing?","سانس لینے کا ذمہ دار کونسا آرگن ہے؟","Heart","Lungs","Brain","Liver","دل","پھیپھڑے","دماغ","جگر","B","Additional",""
"Punjab Board","Class 9","Biology","Chapter 5","5.3 ORGANS AND ORGAN SYSTEM IN HUMANS","MCQ","Medium","1","Which organ is the control center of the body?","جسم کا کنٹرول سنٹر کونسا آرگن ہے؟","Heart","Lungs","Brain","Liver","دل","پھیپھڑے","دماغ","جگر","C","Additional",""
"Punjab Board","Class 9","Biology","Chapter 5","5.3 ORGANS AND ORGAN SYSTEM IN HUMANS","MCQ","Medium","1","Which organ filters waste products from the blood?","کونسا آرگن خون سے بے کار مادوں کو فلٹرکرتا ہے؟","Liver","Kidneys","Stomach","Pancreas","جگر","گردے","معدہ","پنکریاز","B","Additional",""
"Punjab Board","Class 9","Biology","Chapter 5","5.3 ORGANS AND ORGAN SYSTEM IN HUMANS","MCQ","Medium","1","Which organ breaks down food using digestive enzymes?","کونسا آرگن ڈائی جسٹو اینزائمز کو استعمال کر کے خوراک کو توڑتا ہے:","Stomach","Intestines","Pancreas","Liver","معدہ","آنتیں","پنکریاز","جگر","A","Additional",""
"Punjab Board","Class 9","Biology","Chapter 5","5.3 ORGANS AND ORGAN SYSTEM IN HUMANS","MCQ","Medium","1","Which system provides structure and support for the body?","کونسا سسٹم جسم کو ساخت اور مدد فراہم کرتا ہے؟","Skeletal system","Muscular system","Nervous system","Circulatory system","سکیلیٹل سسٹم","مسکولر سسٹم","نروس سسٹؐ","سرکولیٹری سسٹم","A","Additional",""
"Punjab Board","Class 9","Biology","Chapter 5","5.3 ORGANS AND ORGAN SYSTEM IN HUMANS","MCQ","Medium","1","Which system is responsible for the breakdown and absorption of nutrients?","کونسا سسٹم غذائی اجزاء کو توڑتا اور جذب کرنے کا ذمہ دار ہے؟","Digestive system","Respiratory system","Muscular system","Nervous system","ڈائی جسٹو","ڈائی جیشن","مسکولر سسٹم","نروس سسٹم","A","Additional",""
"Punjab Board","Class 9","Biology","Chapter 5","5.3 ORGANS AND ORGAN SYSTEM IN HUMANS","MCQ","Medium","1","Which system transports oxygen and nutrients throughout the body?","کونسا سسٹم پورے جسم میں آکسیجن اور غذائی اجزاء کو پہنچاتا ہے:","Circulatory system","Respiratory system","Muscular system","Nervous system","سرکولیٹری سسٹم","ریسپائٹری سسٹم","مسکولر سسٹم","نروس سسٹم","A","Additional",""
"Punjab Board","Class 9","Biology","Chapter 5","5.3 ORGANS AND ORGAN SYSTEM IN HUMANS","MCQ","Medium","1","Which system coordinates and controls body functions?","کونسا سسٹم جسم کے افعال کو ہم آہنگ اور کنٹرول کرتا ہے:","Nervous system","Circulatory system","Respiratory system","Muscular system","نروس سسٹم","سرکولیٹری سسٹم","ریسپائٹری سسٹم","مسکولر سسٹم","A","Additional",""
"Punjab Board","Class 9","Biology","Chapter 5","5.3 ORGANS AND ORGAN SYSTEM IN HUMANS","MCQ","Medium","1","Which of the following is NOT a function of the liver?","مندرجہ ذیل میں سے کون جگر کا کام نہیں ہے:","Filtering blood","Producing bile","Storing glucose","Regulating blood pressure","خون کو فیلٹر کرنا","بائل پیدا کرنا","گلوکوز کو ذخیرہ کرنا","بلڈ پریشر کو منظم کرنا","D","Additional",""
"Punjab Board","Class 9","Biology","Chapter 5","5.3 ORGANS AND ORGAN SYSTEM IN HUMANS","MCQ","Medium","1","What is the term for the movement of food through the digestive system?","نظامِ انہظام کے زریعے خوراک نقل وحرکت کی اصطلاح کیا ہے:","Peristalsis","Digestion","Absorption","Elimination","پیری سٹالسز","ڈائی جیشن","ابزاپشن","الیمنیشن","C","Additional",""
"Punjab Board","Class 9","Biology","Chapter 5","5.3 ORGANS AND ORGAN SYSTEM IN HUMANS","MCQ","Medium","1","Which of the following organs is responsible for filtering waste products from the blood?","مندرجہ ذیل میں سے کونسا آرگن خون سے بے کار مواد مواد کو فلٹر کرنے کا ذمہ دار ہے:","Liver","Kidneys","Pancreas","Spleen","جگر","گردے","پنکریاز","تلی","B","Additional",""
"Punjab Board","Class 9","Biology","Chapter 5","5.3 ORGANS AND ORGAN SYSTEM IN HUMANS","MCQ","Medium","1","Which of the following systems .......is responsible for regulating body temperature?","مندرجہ ذیل میں سے کونسا سسٹم ......کے درجہ حرارت کو منظم کرنے کا ذمہ دار ہے؟","Nervous system","Circulatory system","Respiratory system","Integumentary system","نروس سسٹم","سرکولیٹری سسٹم","ریسپائٹری سسٹم","انٹیگومینٹری سسٹم","D","Additional",""
"Punjab Board","Class 9","Biology","Chapter 5","5.3 ORGANS AND ORGAN SYSTEM IN HUMANS","MCQ","Medium","1","Which of the following organs is responsible for producing insulin and glucagon?","مندرجہ ذیل میں سے کونسا آرگن انسولین اور گلوکاگون پیدا کرنے کا ذمہ دار ہے:","Pancreas","Liver","Kidneys","Spleen","پنکریاز","جگر","معدہ","تلی","A","Additional",""
"Punjab Board","Class 9","Biology","Chapter 5","5.3 ORGANS AND ORGAN SYSTEM IN HUMANS","MCQ","Medium","1","Which organ is essential for delivering oxygen and nutrients to cell and removing waste products:","سیل تک آکسیجن اور غذائی اجزاء پہنچانے اور بے کار موادکو کو ختم کرنے کے لیے کونسا آرگن ضروری ہے:","Heart","Lungs","Brain","Liver","دل","پھیپھڑے","دماغ","جگر","A","Additional",""
"Punjab Board","Class 9","Biology","Chapter 5","5.3 ORGANS AND ORGAN SYSTEM IN HUMANS","MCQ","Medium","1","The control center of human body is:","انسانی جسم کا کنٹرول سنٹرہے:","Heart","Lungs","Brain","Liver","دل","پھیپھڑے","دماغ","جگر","C","Additional",""
"Punjab Board","Class 9","Biology","Chapter 5","5.3 ORGANS AND ORGAN SYSTEM IN HUMANS","MCQ","Medium","1","Which of the following is the function of liver:","مندرجہ ذیل میں سے کونسا جگر کا فعل ہے:","Gaseous exchange","Filtering blood","Responsible for emotion","Urine production","گیسوں کا تبادلہ","خون کو فلٹر کرنا","جذبات کے لیے ذمہ دار","پیشاب بنانا","B","Additional",""
"Punjab Board","Class 9","Biology","Chapter 5","5.3 ORGANS AND ORGAN SYSTEM IN HUMANS","MCQ","Medium","1","Breathing is related to:","سانس لینے سے متعلق ہے:","Heart","Lungs","Brain","Liver","دل","پھیپھڑے","دماغ","جگر","B","Additional",""
"Punjab Board","Class 9","Biology","Chapter 5","5.3 ORGANS AND ORGAN SYSTEM IN HUMANS","MCQ","Medium","1","Kidneys are responsible for filtering waste products from:","گردے بے کار مادوں کو فلٹر کرنے کے ذمہ دار ہیں:","Blood","Lymph","Extracellular fluid","All of the above","خون سے","لمف سے","ایکسٹا سیلولر فلوئڈز سے","مندرجہ بالا تمام","A","Additional",""
"Punjab Board","Class 9","Biology","Chapter 5","5.3 ORGANS AND ORGAN SYSTEM IN HUMANS","MCQ","Medium","1","Stomach is muscular organ that breaks down food using:","معدہ ایک مسکولر آرگن ہےجو کہ استعمال سے خوراک کو توڑتا ہے:","Enzymes","Lipids","Nucleic acids","Proteins","اینزائمز","لپڈز","نیوکلیک ایسڈ","پروٹینز","A","Additional",""
"Punjab Board","Class 9","Biology","Chapter 5","5.3 ORGANS AND ORGAN SYSTEM IN HUMANS","MCQ","Medium","1","Which of the following hormone is secreted by pancreas:","مندرجہ ذیل میں سے کونسا ہارمون لبلبہ سے خارج ہوتا ہے:","Thyroxin","Insulin","Glucagon","Both B and C","تھائی راکس","انسولین","گلوکاگون","BاورC دونوں","D","Additional",""
"Punjab Board","Class 9","Biology","Chapter 5","5.3 ORGANS AND ORGAN SYSTEM IN HUMANS","MCQ","Medium","1","The intestines are long and ...... organs:","آنتیں ......تمام آرگنز ہیں:","Spherical","Tubular","Oval","Prism shaped","گنبد","ٹیوبیولر","بیضوی","پرزم کی شکل","A","Additional",""
"Punjab Board","Class 9","Biology","Chapter 5","5.3 ORGANS AND ORGAN SYSTEM IN HUMANS","MCQ","Medium","1","Epithelial tissue secretes:","ایپی تھیلیل ٹشو خارج کرتا ہے:","Mucus","Pepsinogen","HCl","All","موکس","پیپسی نوجن","ہائڈروکلورک","تمام","A","Additional",""
"Punjab Board","Class 9","Biology","Chapter 5","5.3 ORGANS AND ORGAN SYSTEM IN HUMANS","MCQ","Medium","1","Which of the following tissue of stomach provide structural support:","مندرجہ ذیل میں سے معدہ کا کونسا ٹشو ساختی سہارا فراہم کرتا ہے:","Epithelial tissue","Connective tissue","Muscular tissue","Glandular tissue","ایپی تھیلیل ٹشو","کیکٹو ٹشو","مسکولر ٹشو","گلینڈولر","C","Additional",""
"Punjab Board","Class 9","Biology","Chapter 5","5.3 ORGANS AND ORGAN SYSTEM IN HUMANS","MCQ","Medium","1","How many layers of smooth muscle are present in stomach:","معدے میں سموتھ مسل کی کتنی تہیں ہوتی ہیں:","One","Two","Three","Four","ایک","دو","تین","چار","C","Additional",""
"Punjab Board","Class 9","Biology","Chapter 5","5.3 ORGANS AND ORGAN SYSTEM IN HUMANS","MCQ","Medium","1","Which of the following is the part of respiratory system:","مندرجہ ذیل میں سے کونسا ایسپائرٹری سسٹم کا حصہ ہے:","Tendons","Oesophagus","Trachea","Small intestine","ٹینڈنز","ایسوفیگس","ٹریکیا","چھوٹی آنٹ","C","Additional",""
"Punjab Board","Class 9","Biology","Chapter 5","5.3 ORGANS AND ORGAN SYSTEM IN HUMANS","MCQ","Medium","1","Which of the following system involves in storing minerals and producing blood cells:","مندرجہ ذیل میں سے کونسا سسٹم معدنیات کو ذخیرہ کرنے اور بلڈ سیلز کی پیداوارمیں شامل ہے:","Skeletal system","Digestive system","Respiratory system","Muscular system","سکیلٹل سسٹم","ڈائی جسٹو سسٹم","رسپائریشن سسٹم","مسکولر سسٹم","A","Additional",""
"Punjab Board","Class 9","Biology","Chapter 5","5.3 ORGANS AND ORGAN SYSTEM IN HUMANS","MCQ","Medium","1","Nervous system controls body functions through:","نروس سسٹم جسم کے افعال کو کنٹرول کرتا ہےبذریعہ:","Blood","Nerve impulses","Enzymes","Body fluids","خون","نروامپاسز","اینزائمز","بلڈ فلوئڈ","B","Additional",""
"Punjab Board","Class 9","Biology","Chapter 5","5.3 ORGANS AND ORGAN SYSTEM IN HUMANS","MCQ","Medium","1","Blood circulatory system involves in the transport of:","بلڈسرکولیٹری سسٹم ٹرانسپورٹ کرنے میں شامل ہے:","Hormones","Nutrients","Oxygen","All","ہرمونز کو","غذائی اجزاء کو","آکسیجن کو","تمام","D","Additional",""
"Punjab Board","Class 9","Biology","Chapter 5","5.3 ORGANS AND ORGAN SYSTEM IN HUMANS","MCQ","Medium","1","Which organ system is responsible for circulating blood in human body?","کونسا آرگن سسٹم انسان کے جسم میں خون کی گردش کا ذمہ دار ہے:","Digestive","Respiratory","Circulatory","Nervous","ڈائی جسٹو","رسپائٹری","سرکولیٹری","نروس","C","Additional",""
"Punjab Board","Class 9","Biology","Chapter 5","5.3 ORGANS AND ORGAN SYSTEM IN HUMANS","MCQ","Medium","1","What type of tissue lines the inner surface of the stomach?","معدے کی اندرونی سطح پر کس قسم کے ٹشو کی لکیریں ہیں؟","Muscular","Epithelial","Connective","Nervous","مسکولر","ایپی تھیلیل","کنیکٹو","نروس","B","Additional",""
"Punjab Board","Class 9","Biology","Chapter 5","5.3 ORGANS AND ORGAN SYSTEM IN HUMANS","MCQ","Medium","1","What is the main function of the nervous system?","نروس سسٹم کا بنیادی کام کیا ہے؟","Digesting food","Circulating blood","Controlling and coordinating","Plastids","کھانا ہضم کرنا","خون کی گردش کروانا","کنٹرول اور کوآرڈینٹسن","پلاسٹڈز","C","Additional",""
"Punjab Board","Class 9","Biology","Chapter 5","5.4 HOMEOSTASIS","MCQ","Medium","1","What is the term for the process by which the body regulates its internal environment?","اس عمل کی اصطلاح کیا ہے جس کے ذریعے جسم اپنے اندرونی ماحول کو منظم کرتا ہے:","Homeostasis","Metabolism","Digestion","Absorption","ہومیوسٹیسس","میٹا بولزم","ڈائی جیشن","ابذرپیشن","A","Additional",""
"Punjab Board","Class 9","Biology","Chapter 5","5.4 HOMEOSTASIS","MCQ","Medium","1","What happens when body temperature rises above 37°C ?","جب جسم کا درجہ حرارت 37oCسے بڑھ جائے تو کیا ہوتا ہے:","Shivering occurs","Sweating occurs","Heart rate increases","Blood pressure decreases","کپکپاہٹ پیدا ہوتی ہے","پسینہ آتا ہے","دل کی دھڑکن بڑھ جاتی ہے","بلڈپریشر کم ہوجاتا ہے","A","Additional",""
"Punjab Board","Class 9","Biology","Chapter 5","5.4 HOMEOSTASIS","MCQ","Medium","1","What is the normal body temperature?","جسم کا نارمل درجہ حرارت کیا ہے؟","35°C","37°C","39°C","40°C","","","","","B","Additional",""
"Punjab Board","Class 9","Biology","Chapter 5","5.4 HOMEOSTASIS","MCQ","Medium","1","What hormone regulates blood sugar levels?","کونسا ہارمون خون میں شوگر کی سطح کو کنٹرول کرتا ہے؟","Insulin","Glucagon","Adrenaline","Thyroxine","انسولین","گلوکاگون","ایڈرینالین","تھائی راکسن","A","Additional",""
"Punjab Board","Class 9","Biology","Chapter 5","5.4 HOMEOSTASIS","MCQ","Medium","1","What is the role of the urinary system in homeostasis?","ہومیوسیٹس میں یورینری سسٹم کا کیا کردار ہے؟","Regulating body temperature","Maintaining blood pressure","Eliminating waste products","Digesting food","جسم کے ٹمپریچر کو برقرار رکھنا","بلڈ پریشر کر برقرار رکھنا","بے کار مادوں کو ختم کرنا","خوراک ہضم کرنا","C","Additional",""
"Punjab Board","Class 9","Biology","Chapter 5","5.4 HOMEOSTASIS","MCQ","Medium","1","What happens when body temperature falls below 37°C?","جب جسم کا درجہ حرارت 37oCسے نیچےآ جائے تو کیا ہوتا ہے:","Sweating occurs","Shivering occurs","Heart rate increases","Blood pressure decreases","پسینہ آتا ہے","کپکپاہٹ پیدا ہوتی ہے","دل کی دھڑکن بڑھ جاتی ہے","بلڈپریشر کم ہوجاتا ہے","B","Additional",""
"Punjab Board","Class 9","Biology","Chapter 5","5.4 HOMEOSTASIS","MCQ","Medium","1","What system ensures adequate oxygen supply?","کونسا نظام مناسب آکسیجن کی فراہمی کو یقینی بناتا ہے؟","Respiratory system","Circulatory system","Nervous system","Digestive system","ریسپائٹری سسٹم","سرکولیٹری سسٹم","نروس سسٹم","ڈائی جسٹو سسٹم","A","Additional",""
"Punjab Board","Class 9","Biology","Chapter 5","5.4 HOMEOSTASIS","MCQ","Medium","1","What is the role of the digestive system in homeostasis?","ہومیوسٹیس میں ڈائی جسٹو سسٹم کا کیا کردار ہے؟","Regulating body temperature","Maintaining blood pressure","Distributing nutrients","Eliminating waste products","جسم کے ٹمپریچر کو برقرار رکھنا","بلڈ پریشر کر برقرار رکھنا","غذائی اجزاء کی تقسیم","بے کار مادوں کو ختم کرنا","C","Additional",""
"Punjab Board","Class 9","Biology","Chapter 5","5.4 HOMEOSTASIS","MCQ","Medium","1","What system helps maintain blood volume?","کونسا سسٹم خون کے حجم کو برقرار رکھنے میں مدد کرتا ہے؟","Urinary system","Circulatory system","Respiratory system","Digestive system","یورینری سسٹم","سرکولیٹری سسٹم","ریسپائٹری سسٹم","ڈائی جسٹو سسٹم","A","Additional",""
"Punjab Board","Class 9","Biology","Chapter 5","5.4 HOMEOSTASIS","MCQ","Medium","1","What system acts as a barrier to protect the body?","کونسا نظام جسم کو بچانے کے لیے ایک رکاوٹ کا کام کرتا ہے:","Integumentary system","Nervous system","Circulatory system","Respiratory system","انٹیگومنٹری سسٹم","نروس سسٹم","سرکولیٹری سسٹم","ریسپائٹری سسٹم","A","Additional",""
"Punjab Board","Class 9","Biology","Chapter 5","5.4 HOMEOSTASIS","MCQ","Medium","1","What is the role of the endocrine system in homeostasis?","ہومیوسٹس میں اینڈوکرائن سسٹم کا کیا کردار ہے؟","Regulating body temperature","Maintaining blood pressure","Coordinating activities","Producing hormones","جسم کے درجہ حرارت کو منظم کرنا","بلڈ پریشر کو برقرار رکھنا","ہم آہنگی کی سرگرمیاں","ہارمونز پیدا کرنا","C","Additional",""
"Punjab Board","Class 9","Biology","Chapter 5","5.4 HOMEOSTASIS","MCQ","Medium","1","What happens when blood glucose levels rise?","کیا ہوتا ہے جب خون میں گلوکوز کی سطح بڑھ جاتی ہے؟","Insulin is released","Glucagon is released","Adrenaline is released","Thyroxine is released","انسولین خارج ہوتی ہے","گلوکاگون خارج ہوتا ہے","ایڈینالین خارج ہوتا ہے","تھائی راکس خارج ہوتا ہے","A","Additional",""
"Punjab Board","Class 9","Biology","Chapter 5","5.4 HOMEOSTASIS","MCQ","Medium","1","What system regulates heart rate?","کونسا نظام دل کی دھڑکن کو کنٹرول کرتا ہے:","Nervous system","Circulatory system","Respiratory system","Digestive system","نروس سسٹم","سرکولیٹری سسٹم","ریسپائٹری سسٹم","ڈائی جسٹو سسٹم","A","Additional",""
"Punjab Board","Class 9","Biology","Chapter 5","5.4 HOMEOSTASIS","MCQ","Medium","1","The body's ability to maintain a stable internal environment despite the changes in the external environment:","بیرونی ماحول میں تبدیلیوں کے باوجود جسم کے مستحکم اور متوازن اندرونی ماحول کو برقرار رکھنے کی صلاحیت کو کہتے ہیں:","Metabolism","Homeostasis","Diffusion","Osmosis","میٹابولزم","ہومیوسیٹس","ڈیفیوژن","اوسموسس","B","Additional",""
"Punjab Board","Class 9","Biology","Chapter 5","5.4 HOMEOSTASIS","MCQ","Medium","1","When the temperature of body rises, the temperature regulating center sends message to:","جب جسم کا درجہ حرارت بڑھتا ہےتو درجہ حرارت کو کنٹرول کرنے والا مرکز پیغام بھیجتا ہے:","Muscle","Sweat glands","Liver","Pancreatic gland","مسل کو","پسینے کے غدود کو","جگر کو","لبلب کے غدود کو","B","Additional",""
"Punjab Board","Class 9","Biology","Chapter 5","5.4 HOMEOSTASIS","MCQ","Medium","1","While doing hard exercise, our muscles need more oxygen. For this, the rate of respiration:","سخت ورزش کرتے وقت ہمارے مسلز کو زیادہ آکسیجن کی ضرورت ہوتی ہے، تو ریسپریشن کا ریٹ ہوتا ہے:","Increase","Decrease","Remain normal","Both A and C","بڑھتی ہے","کم ہوتی ہے","نارمل رہے گی","Bاور C دونوں","A","Additional",""
"Punjab Board","Class 9","Biology","Chapter 5","5.4 HOMEOSTASIS","MCQ","Medium","1","When blood glucose level increases, which hormone is released to maintain the blood glucose level:","جب خون میں گلوکوز کی سطح بڑھ جاتی ہے تو خون میں گلوکوز کی سطح کوبرقرار رکھنے کے لیے کونسا ہارمون خارج ہوتا ہے:","Glucagon","Insulin","Oxytocin","Thyroxin","گلوکاگون","انسولین","آکسی ٹوسن","تھائی راکسن","B","Additional",""
"Punjab Board","Class 9","Biology","Chapter 5","5.4 HOMEOSTASIS","MCQ","Medium","1","Which of the following system regulates pH levels and body temperature:","مندرجہ ذیل میں سےکونسا سسٹم پی ایچ اور جسم کے درجہ حرارت کو کنٹرول کرتا ہے:","Nervous system","Respiratory system","Cardiovascular system","Digestive system","نروس سسٹم","ریسپائٹری سسٹم","کارڈیوویسکولر سسٹم","ڈائی جسٹو سسٹم","C","Additional",""
"Punjab Board","Class 9","Biology","Chapter 5","5.4 HOMEOSTASIS","MCQ","Medium","1","Digestive system works for:","ڈائی جسٹو سسٹم کام کرتا ہے:","Maintenance of body posture","Metabolism","Gaseous exchange","Proper distribution of nutrients","جسم کی پوزیشن کو برقرار رکھنا","میٹابولزم","گیسوں کا تبادلہ","غذائی اجزاء کی مناسب تقسیم","D","Additional",""
"Punjab Board","Class 9","Biology","Chapter 5","5.4 HOMEOSTASIS","MCQ","Medium","1","Which system helps to regulate temperature through sweating:","کونسا سسٹم پسینے کے لیے درجہ حرارت کو کنٹرول کرتا ہے:","Integumentary system","Nervous system","Cardiovascular system","Excretory system","ایٹیگومیٹری سسٹم","نروس سسٹم","کارڈیوویسکولر سسٹم","ایکسکریڈی سسٹم","A","Additional",""
"Punjab Board","Class 9","Biology","Chapter 5","5.4 HOMEOSTASIS","MCQ","Medium","1","Urinary system involves in maintenance of:","یورینری سسٹم برقرار رکھنے میں شامل ہے:","Blood volume","Blood pressure","pH level","All of the above","خون کے حجم کو","بلڈپریشر کو","پی ایچ کی سطح کی","مندرجہ بالا تمام","D","Additional",""
"Punjab Board","Class 9","Biology","Chapter 5","5.4 HOMEOSTASIS","MCQ","Medium","1","The system involves in movement and support:","سہارے اور نقل وحرکت میں شامل سسٹم ہے:","Cardiovascular system","Muscular and skeletal system","Nervous system","Integumentary system","کارڈیوویسکولر سسٹم","مسکولر اور سکیلٹل سسٹم","نروس سسٹم دل کی دھڑکن","ایٹیگومنٹری","B","Additional",""
"Punjab Board","Class 9","Biology","Chapter 5","5.4 HOMEOSTASIS","MCQ","Medium","1","Respiratory system expels excess ...... from the body:","ریسپائریٹری سسٹم جسم سے ......کو زائد مقدار میں خارج کرتا ہے","Oxygen","Nitrogen","Carbon dioxide","Water vapours","آکسیجن","نائٹروجن","کاربن ڈائی آکسائڈ","پانی کے بخارات","A","Additional",""
"Punjab Board","Class 9","Biology","Chapter 5","5.4 HOMEOSTASIS","MCQ","Medium","1","Which of the following statement best describes homeostasis?","مندرجہ ذیل میں سے کونسا بیا ن ہومیوسیٹس کو بہترین بیان کرتا ہے؟","Keeping the body in a fixed and unaltered state","Dynamic equilibrium","Maintaining a near-constant internal environment","Altering the external environment to accommodate the body's needs","جسم کو مستقل اور غیر تبدیل شدہ حالت میں رکھتا","متحرک خوراک","تقریباً مستقل اندرونی ماحول کو برقرار رکھنا","جسم کی ضرورت کے لیے بیرونی ماحول کو تبدیل کرنا","C","Additional",""
"Punjab Board","Class 9","Biology","Chapter 5","5.4 HOMEOSTASIS","MCQ","Medium","1","Organisms have the ability to change and modify their internal conditions according to the environment through:","جاندار ماحول کو مطابق اپنے اندرونی حالات جو بدلتے ہیں اور بدلنے کی صلاحیت رکھتے ہیں:","Osmoregulation","Excretion","Thermoregulation","All of above","اوسموریگولیشن","ایکسکریشن","تھرموریگولیشن","اوپر کے تمام","D","Additional",""
"Punjab Board","Class 9","Biology","Chapter 6","6.1 BIOMOLECULES","MCQ","Medium","1","What is the primary function of carbohydrates?","کاربوہائیڈریٹ کا بنیادی کام کیا ہے؟","Provide energy","Act as enzymes","Regulate processes","Make membranes","تونائی فراہم کرتے ہیں","اینزائم کے طور پر کام کرتے ہیں","اعمال کو منظم کرتے ہیں","ممبرنیز بناتے ہیں","A","Exercise",""
"Punjab Board","Class 9","Biology","Chapter 6","6.1 BIOMOLECULES","MCQ","Medium","1","Which biomolecule is responsible for carrying genetic information?","جینیاتی معلومات کو لے جانے کے لیے کون سا بائیو مالیکیول ذمہ دار ہے۔","Protein","Carbohydrate","Lipid","Nucleic acid","پروٹین","کاربوہائیڈیٹ","لپڈ","نیو کلیک ایسڈ","D","Additional",""
"Punjab Board","Class 9","Biology","Chapter 6","6.1 BIOMOLECULES","MCQ","Medium","1","What is the main function of carbohydrates?","کاربوہائیڈیٹس کا اہم کام کیا ہے؟","To provide structural support","To act as energy storage molecules","To synthesize proteins","To regulate cellular traffic","ساختی مدد فراہم کرنا","انرجی ذخیرہ کرنے والے مالیکیولز کے طور پر عمل کرنا","پروٹینز تیار کرنا","سیلولر ٹریفک کو ریگولیٹ کرنا","B","Additional",""
"Punjab Board","Class 9","Biology","Chapter 6","6.1 BIOMOLECULES","MCQ","Medium","1","Where are proteins found in the cell?","سیل میں پروٹینز کہاں پائی جاتی ہیں؟","Only in the cell membrane","In the cytoplasm","In the cell membrane","both B & C","صرف سیل ممبرین میں","سائٹو پلازم میں","سیل ممبرین میں","دونوں Bاور C","D","Additional",""
"Punjab Board","Class 9","Biology","Chapter 6","6.1 BIOMOLECULES","MCQ","Medium","1","Which biomolecule acts as a heat insulator?","کونسا بائیو مالیکیول ہیٹ انسولیٹر کا کام کرتا ہے؟","Carbohydrate","Protein","Lipid","Nucleic acid","کاربوہائیڈیٹ","پروٹین","لپڈ","نیوکلیک ایسڈ","C","Additional",""
"Punjab Board","Class 9","Biology","Chapter 6","6.1 BIOMOLECULES","MCQ","Medium","1","Which biomolecule is responsible for synthesizing proteins?","پروٹین کی تیاری کے لیے کونسا بایئو مالیکیول ذمہ دار ہے؟","RNA","DNA","Protein","Carbohydrate","آر-این-اے","ڈی-این-اے","پروٹین","کاربوہائیڈیٹ","A","Additional",""
"Punjab Board","Class 9","Biology","Chapter 6","6.1 BIOMOLECULES","MCQ","Medium","1","What is the percentage of lipids in the dry mass of protoplasm?","پروٹو پلازم کی خشک کمیت میں لپڈز کی کیا فیصد مقدار ہے؟","5%","10%","15%","20%","","","","","B","Additional",""
"Punjab Board","Class 9","Biology","Chapter 6","6.1 BIOMOLECULES","MCQ","Medium","1","Which biomolecule provides structural support to the cell?","کونسا بائیو مالیکیول سیل کو ساختی مدد فراہم کرتا ہے؟","Carbohydrate","Protein","Lipid","Nucleic acid","کاربوہائیڈیٹ","پروٹین","لپڈ","نیوکلیک ایسڈ","B","Additional",""
"Punjab Board","Class 9","Biology","Chapter 6","6.1 BIOMOLECULES","MCQ","Medium","1","What is the function of the Golgi apparatus in the cell?","سیل میں گالجی اپریٹس کیا کام ہے؟","To synthesize proteins","To provide energy to the cell","To regulate cellular traffic","To modify and package proteins","پروٹینز تیار کرنا","سیل کو انرجی فراہم کرنا","سیلولر ٹریفک کو ریگولیٹ کرنا","پروٹینز میں تبدیلی کرنا اور پیک کرنا","D","Additional",""
"Punjab Board","Class 9","Biology","Chapter 6","6.1 BIOMOLECULES","MCQ","Medium","1","Which biomolecule is responsible for regulating cellular traffic?","سیلولر ٹریفک کو ریگولیٹ کرنے کے لیے کونسا بائیو مالیکول ذمہ دار ہے؟","Protein","Carbohydrate","Lipid","Nucleic acid","پروٹین","کاربوہائیڈیٹ","لپڈ","نیوکلیک ایسڈ","A","Additional",""
"Punjab Board","Class 9","Biology","Chapter 6","6.1 BIOMOLECULES","MCQ","Medium","1","Where is DNA located in eukaryotic cells?","یوکیریوٹک سیلز میں DNA کہاں پایا جاتا ہے؟","Cytoplasm","Nucleus","Mitochondria","chloroplast","سائٹو پلازم","نیوکلیس","مائٹوکانڈریا","کلوروپلاسٹ","B","Additional",""
"Punjab Board","Class 9","Biology","Chapter 6","6.1 BIOMOLECULES","MCQ","Medium","1","Biomolecules make the dry mass of living organisms:","جانداروں کی خشک کمیت کا بائیومالیکیولز بناتے ہیں:","73%","53%","93%","43%","","","","","C","Additional",""
"Punjab Board","Class 9","Biology","Chapter 6","6.1 BIOMOLECULES","MCQ","Medium","1","Al chemical reactions that occurs in an organism are collectively called:","وہ تمام کیمیائی عوامل جو کسی جاندار میں انجام پاتے ہیں، اجتماعی طور پر کہلاتے ہیں:","Metabolism","Catabolism","Anabolism","None of these","میٹابولزم","کیٹابولزم","اینابولزم","ان میں سے کوئی نہیں","A","Additional",""
"Punjab Board","Class 9","Biology","Chapter 6","6.1 BIOMOLECULES","MCQ","Medium","1","The process in which complex molecules are formed from smaller molecules:","وہ عمل جس سے سادہ مادوں سے پیچیدہ مادہ بنتے ہیں کہلاتا ہے:","Catabolism","Metabolism","Anabolism","Respiration","کیٹابولزم","میٹابولزم","اینابولزم","ریسپائریشن","C","Additional",""
"Punjab Board","Class 9","Biology","Chapter 6","6.2 CARBOHYDRATES","MCQ","Medium","1","How will you differentiate between monosaccharides and polysaccharides?","مونو سکرائڈز اور پولی سیکرائڈز کے درمیان کیا فرق ہے؟","Monosaccharides are single sugars","Polysaccharides are sweet in taste","Monosaccharides are present in plant cell wall","Polysaccharides dissolve easily","مونو سکرائڈز سنگل شوگر پر مشتمل ہوتا ہے","پولی سیکرائڈز ذائقے میں میٹھے ہوتے ہیں","مونو سیکرائڈز پودوں کی سیل والز میں موجود ہیں","پولی سیکرائڈز آسانی سے حل ہوجاتے ہیں","A","Exercise",""
"Punjab Board","Class 9","Biology","Chapter 6","6.2 CARBOHYDRATES","MCQ","Medium","1","What is true about cellulose?","سیلولوز کے بارے میں کیا سچ ہے؟","It is sweet in taste","It is digestible by human digestive system","It provides structural support in plants","It is soluble in water","یہ ذائقہ میں میٹھا ہے","یہ انسان کی ڈائی جسٹو سسٹم میں ہضم ہوجاتا ہے","یہ پودوں میں ساختی سہارا فراہم کرتا ہے","یہ پانی میں حل پذیر ہے","C","Exercise",""
"Punjab Board","Class 9","Biology","Chapter 6","6.2 CARBOHYDRATES","MCQ","Medium","1","What does the term ""carbohydrate"" mean?","اصطلاح کاربوہائیڈیٹ کا کیا مطلب ہے؟","Hydrated proteins","Hydrated carbons","Hydrated lipids","Hydrated nucleic acids","ہائیڈریٹڈپروٹینز","ہائیڈریٹڈ کاربنز","ہائیڈریٹڈ لپڈز","ہائیڈریٹڈ نیوکلیک ایسڈ","B","Additional",""
"Punjab Board","Class 9","Biology","Chapter 6","6.2 CARBOHYDRATES","MCQ","Medium","1","What is the general formula for carbohydrates?","کاربوہائیڈیٹس کا جنرل فارمولہ کیا ہے؟","","","","","","","","","A","Additional",""
"Punjab Board","Class 9","Biology","Chapter 6","6.2 CARBOHYDRATES","MCQ","Medium","1","Which class of carbohydrates includes glucose, fructose, and galactose?","کاربوہائیڈیٹس کی کون سی قسم میں گلوکوز،فرکٹوز اور گلیکٹوز شامل ہیں؟","Monosaccharides","Disaccharides","Polysaccharides","Amino acids","مونوسکرائڈز","ڈائی سکرائڈز","پولی سکرائڈز","ایمانیوایسڈ","A","Additional",""
"Punjab Board","Class 9","Biology","Chapter 6","6.2 CARBOHYDRATES","MCQ","Medium","1","What is sucrose composed of?","سکروز کس چیز پر مشتمل ہے؟","Two glucose molecules","Two fructose molecules","Glucose and fructose molecules","Galactose and lactose molecules","دو گلوکوز مالیکیولز","دو فریکٹوز مالیکیولز","گلوکوز اور فرکٹوز مالیکیولز","گلیکٹوز اور لیکٹوز مالیکیولز","C","Additional",""
"Punjab Board","Class 9","Biology","Chapter 6","6.2 CARBOHYDRATES","MCQ","Medium","1","Which polysaccharide is found in the cell walls of plants?","پودوں کی سیل والز میں کونسا پولی سکرائڈز پایا جاتا ہے؟","Starch","Glycogen","Cellulose","Chitin","سٹارچ","گلائیکوجن","سیلولوز","کائٹن","C","Additional",""
"Punjab Board","Class 9","Biology","Chapter 6","6.2 CARBOHYDRATES","MCQ","Medium","1","What is the primary source of energy for cells?","سیلزکےلیےانرجی کا بنیادی ذریعہ کیا ہے۔","Carbohydrates","Proteins","Lipids","Nucleic acids","کاربوہائیڈیٹس","پروٹینز","لپڈز","نیوکلیک ایسڈ","A","Additional",""
"Punjab Board","Class 9","Biology","Chapter 6","6.2 CARBOHYDRATES","MCQ","Medium","1","Which carbohydrate is found in the exoskeleton of insects?","کیڑے مکوڑوں کے ایکسوسکیلیٹن میں کونسا کاربوہائڈیٹ پایا جاتا ہے؟","Chitin","Cellulose","Starch","Glycogen","کائٹن","سیلولوز","سٹارچ","گلائیکوجن","A","Additional",""
"Punjab Board","Class 9","Biology","Chapter 6","6.2 CARBOHYDRATES","MCQ","Medium","1","What is the function of dietary fibre?","ڈائڑی فائبرکا کیا کام ہے؟","To provide energy to cells","To maintain proper bowel movements","To synthesize proteins","To regulate cellular traffic","سیلز کو انرجی مہیا کرنا","آئرن کی مناسب حرکت کو برقرار رکھنا","پروٹینز کی تیاری کرنا","سیلولر ٹریفک کو ریگولیٹ کرنا","B","Additional",""
"Punjab Board","Class 9","Biology","Chapter 6","6.2 CARBOHYDRATES","MCQ","Medium","1","Which monosaccharide is an essential part of DNA?","کونسا مونوسکرائڈ ڈی این اے کا لازمی حصّہ ہے؟","Ribose","Deoxyribose","Glucose","Fructose","رائبوز","ڈائی آکسی رائبوز","گلوکوز","فریکٹوز","B","Additional",""
"Punjab Board","Class 9","Biology","Chapter 6","6.2 CARBOHYDRATES","MCQ","Medium","1","Which carbohydrate is stored in the liver and muscles of animals?","کونسا کاربوہائڈیٹ جانوروں کے جگر اور پھٹوں میں ذخیرہ ہوتا ہے؟","Starch","Glycogen","Cellulose","Chitin","سٹارچ","گلائیکوجن","سیلولوز","کائٹن","B","Additional",""
"Punjab Board","Class 9","Biology","Chapter 6","6.2 CARBOHYDRATES","MCQ","Medium","1","Which of the disaccharide is also called transport sugar?","کونسے ڈائی سکرائڈ کو شوگر ٹرانسپورٹ بھی کہا جاتا ہے؟","Sucrose","Maltose","Fructose","Lactose","سکروز","مالٹوز","فریکٹوز","لیکٹوز","A","Additional",""
"Punjab Board","Class 9","Biology","Chapter 6","6.2 CARBOHYDRATES","MCQ","Medium","1","Which is not a function of carbohydrates?","کاربوہائیڈیٹس کا کونسا فعل نہیں ہے؟","Providing energy","Serving as building blocks for complex carbohydrates","Forming the primary structure of cell membranes","Breaking down into glucose","انرجی فراہم کرنا","پیچیدہ کاربوہائیڈیٹ کے لیے بلڈنگ بلاکس کے طور پر کام کرنا","سیل ممبرینز کی بنیادی ساخت بنانا","گلوکوز میں توڑنا","A","Additional",""
"Punjab Board","Class 9","Biology","Chapter 6","6.2 CARBOHYDRATES","MCQ","Medium","1","%age of carbohydrates in dry mass of protoplasm:","پروٹوپلازم کی خشک کمیت میں کاربوہائڈیٹس کی %ہے؟","93","7","15","50","","","","","C","Additional",""
"Punjab Board","Class 9","Biology","Chapter 6","6.2 CARBOHYDRATES","MCQ","Medium","1","Most abundant carbohydrate is:","سب سے زیادہ پائے جانے والا کاربوہائیڈیٹ ہے۔","Glucose","Starch","Cellulose","Chitin","گلوکوز","سٹارچ","سیلولوز","کائٹن","C","Additional",""
"Punjab Board","Class 9","Biology","Chapter 6","6.2 CARBOHYDRATES","MCQ","Medium","1","Meaning of saccharides is:","""سکرائڈز"" سے مراد ہے:","Sugar","Fruits","Salts","Minerals","شوگر","پھل","نمک","معدنیات","A","Additional",""
"Punjab Board","Class 9","Biology","Chapter 6","6.2 CARBOHYDRATES","MCQ","Medium","1","How many classes of carbohydrates are?","کاربوہائیڈریٹس کی کتنی اقسام ہوتی ہیں؟","2","3","4","5","","","","","B","Additional",""
"Punjab Board","Class 9","Biology","Chapter 6","6.2 CARBOHYDRATES","MCQ","Medium","1","Sucrose found in?","سکروز کہاں پایا جاتا ہے؟","Wheat","Maiz","Rice","Fruit","گندم","مکئی","چاول","پھل","D","Additional",""
"Punjab Board","Class 9","Biology","Chapter 6","6.3 PROTEINS","MCQ","Medium","1","Which of the following proteins is involved in oxygen transport?","مندرجہ ذیل میں سے کون سی پروٹین آکسیجن کی نقل و حمل میں شامل ہے؟","Insulin","Hemoglobin","Collagen","Keratin","انسولین","ہیموگلوبن","کولیجن","کیراٹین","B","Exercise",""
"Punjab Board","Class 9","Biology","Chapter 6","6.3 PROTEINS","MCQ","Medium","1","Which component of an amino acid determines its unique properties?","امینو ایسڈ کا کون سا جزو اس کی منفرد خصوصیات کا ذمہ دار ہے؟","Amino group","Carboxyl group","R group (side group)","Hydrogen group","امینوگروپ","کاربوکسل گروپ","R گروپ","ہائیڈروجن گروپ","C","Exercise",""
"Punjab Board","Class 9","Biology","Chapter 6","6.3 PROTEINS","MCQ","Medium","1","Which proteins are involved in defence against pathogens?","پیتھوجینز کے خلاف دفاع کرنے میں کون سی پروٹینز شامل ہیں؟","Antibodies","Myosin","Fibrinogen","Haemoglobin","اینٹی باڈیز","مائیوسن","فبرینوجن","ہیموگلوبن","A","Exercise",""
"Punjab Board","Class 9","Biology","Chapter 6","6.3 PROTEINS","MCQ","Medium","1","Which of the following is NOT a function of proteins?","درج ذیل میں سے کون سا فعل پروٹینز سر انجام نہیں دیتیں؟","Transport oxygen in the blood","Carry genetic information","Help in digesting food","Fight against pathogens","خون میں آکسیجن ٹرانسپورٹ کرنا","وراثتی معلومات رکھنا","خوراک کی ڈائی جشن میں مدد کرنا","پیتھو جنزکے خلاف لڑنا","B","Exercise",""
"Punjab Board","Class 9","Biology","Chapter 6","6.3 PROTEINS","MCQ","Medium","1","What are proteins defined as?","پروٹینز کی تعریف ہے؟","Polymers of carbohydrates","Polymers of amino acids","Polymers of lipids","Polymers of nucleic acids","کاربوہائڈیٹس کےپولیمرز","ایمائنو ایسڈ کے پولیمرز","لپڈز کے پولیمرز","نیوکلیک ایسڈ کے پولیمرز","B","Additional",""
"Punjab Board","Class 9","Biology","Chapter 6","6.3 PROTEINS","MCQ","Medium","1","What is the building block of proteins?","پروٹینز کا بلڈنگ بلاک کیا ہے؟","Amino acids","Carbohydrates","Lipids","Nucleic acids","ایمائنو ایسڈ","کاربوہائڈریٹس","لپڈز","نیوکلیک ایسڈ","A","Additional",""
"Punjab Board","Class 9","Biology","Chapter 6","6.3 PROTEINS","MCQ","Medium","1","How many amino acids participate in making most proteins?","زیادہ تر پروٹینز بنانے میں کتنے ایمائنوایسڈحصّہ لیتے ہیں؟","10","20","50","100","","","","","B","Additional",""
"Punjab Board","Class 9","Biology","Chapter 6","6.3 PROTEINS","MCQ","Medium","1","Which protein transports oxygen in the blood?","کونسی پروٹین خون میں آکسیجن پہنچاتی ہے؟","Fibrin","Collagen","Keratin","Haemoglobin","فبرن","کولجن","کیرائین","ہیموگلوبن","D","Additional",""
"Punjab Board","Class 9","Biology","Chapter 6","6.3 PROTEINS","MCQ","Medium","1","Which of the following is a good source of protein?","مندرجہ ذیل میں سے کونسا پروٹین کا اچھا ذریعہ ہے؟","Pulses and beans","Fruits and vegetables","Carbohydrates and lipids","Nucleic acids","دالیں اور پھلیاں","پھل اور سبزیاں","کاربوہائیڈیٹس اور لپڈز","نیوکلیک ایسڈ","A","Additional",""
"Punjab Board","Class 9","Biology","Chapter 6","6.3 PROTEINS","MCQ","Medium","1","What is the main component of cell membranes?","سیل ممبرین کا بنیادی حصّہ کیا ہے؟","Carbohydrates","Proteins","Lipids","Nucleic acids","کاربوہائڈیٹس","پروٹینز","لپڈز","نیوکلیک ایسڈ","B","Additional",""
"Punjab Board","Class 9","Biology","Chapter 6","6.3 PROTEINS","MCQ","Medium","1","Which amino acid has the simplest R group?","کونسا ایمائنوایسڈسب سے سادہ​​​​​​​ Rگروپ رکھتا ہے؟","Alanine","Glycine","Serine","Threonine","ایلانین","گلائین","سڑین","تھریونین","B","Additional",""
"Punjab Board","Class 9","Biology","Chapter 6","6.3 PROTEINS","MCQ","Medium","1","What is the function of collagen protein?","کولیجن پروٹین کا کام کیا ہے؟","To transport oxygen","To provide structural support","To catalyze biochemical reactions","To regulate body processes","آکسیجن کو ٹرانسپورٹ کرنا","ساختی سہارا مہیا کرنا","بائیو کیمیکل ری ایکشنزکوکیٹالائزکرنا","جسم کے عمل کو منظم کرنا","B","Additional",""
"Punjab Board","Class 9","Biology","Chapter 6","6.3 PROTEINS","MCQ","Medium","1","Different amino acids differ from each other on the basis of their ...... group:","مختلف ایمائنوایسڈ ان کے......گروپ کی بنیاد پر ایک دوسرے سے مختلف ہیں؟","Alkyl","Carboxylic","Amino","Phosphate","الکائل","کاربوکسلک","ایمائنو","فاسفیٹ","A","Additional",""
"Punjab Board","Class 9","Biology","Chapter 6","6.3 PROTEINS","MCQ","Medium","1","%age of the protein in dry mass of protoplasm:","پروٹوپلازم کی خشک کیمت میں پروٹین کی %ہے؟","18","15","50","10","","","","","C","Additional",""
"Punjab Board","Class 9","Biology","Chapter 6","6.3 PROTEINS","MCQ","Medium","1","Types of amino acids make proteins:","ایمائنو ایسڈ کی اقسام جو پروٹینز بناتی ہیں؟","170","20","40","57","","","","","B","Additional",""
"Punjab Board","Class 9","Biology","Chapter 6","6.3 PROTEINS","MCQ","Medium","1","Proteins present in the muscle cells:","مسل سیلز میں موجودپروٹینز:","Fibrin","Actin","Myosin","B and C both","فبرن","ایکٹن","مایوسن","BاورC دونوں","D","Additional",""
"Punjab Board","Class 9","Biology","Chapter 6","6.3 PROTEINS","MCQ","Medium","1","Most abundant biomolecule in the cell is:","سیل میں وافر مقدار میں بائیو مالیکیول ہے:","Carbohydrates","Proteins","Lipids","Nucleic acids","کاربوہائیڈیٹس","پروٹینز","لپڈز","نیو کلیک ایسڈ","B","Additional",""
"Punjab Board","Class 9","Biology","Chapter 6","6.3 PROTEINS","MCQ","Medium","1","Amino acid present in insuline:","انسولین میں ایمائنوایسڈ:","574","95","51","47","","","","","C","Additional",""
"Punjab Board","Class 9","Biology","Chapter 6","6.3 PROTEINS","MCQ","Medium","1","Total number of amino acids that accurs in the body of organisms:","جانداروں کے جسم میں پائے جانے والے کل امائنوایسڈزکی تعداد:","150","170","190","200","","","","","B","Additional",""
"Punjab Board","Class 9","Biology","Chapter 6","6.3 PROTEINS","MCQ","Medium","1","How many amino acids makes a haemoglobin protein molecule?","ہیموگلوبن پروٹین مالیکیول میں کتنے امائنوایسڈز ہوتے ہیں؟","500","574","750","550","","","","","B","Additional",""
"Punjab Board","Class 9","Biology","Chapter 6","6.4 LIPIDS","MCQ","Medium","1","Which of the following are the units of most lipids?","زیادہ تر لپڈز کی اکائیاں کون سی ہیں؟","Amino acids","Fatty acids and glycerol","Nucleotides","Simple sugars","امینو ایسڈز","فیٹی ایسڈ اور گلیسرول","نیوکلوٹائڈز","سادہ شوگر","B","Exercise",""
"Punjab Board","Class 9","Biology","Chapter 6","6.4 LIPIDS","MCQ","Medium","1","How do unsaturated fatty acids differ from saturated fatty acids?","ان سیچوریٹڈ فیٹی ایسڈز کس طرح سیچوریٹڈ فیٹی ایسڈ سے مختلف ہیں؟","They have more hydrogen atoms","They contain double bonds in their hydrocarbon chains","They are solid at room temperature","They are found only in animal fats","ان کے پاس زیادہ ہائڈروجن ایٹم ہیں","ان کی ہائڈروکاربن زنجیر میں ڈبل بانڈ ہوتےہیں","کمرے کے درجہ حرارت پر یہ ٹھوس ہوتے ہیں","یہ صرف جانوروں کی چربی میں پائے جاتے ہیں","B","Exercise",""
"Punjab Board","Class 9","Biology","Chapter 6","6.4 LIPIDS","MCQ","Medium","1","What are lipids composed of?","لپڈز کس پر مشتمل ہیں؟","Glycerol and proteins","Glycerol and fatty acids","Glycerol and carbohydrates","Glycerol and nucleic acids","گلیسرول اور پروٹینز","گلیسرول اور فیٹی ایسڈ","گلیسرول اور کاربوہائیڈیٹس","گلیسرول اور نیوکلیک ایسڈ","B","Additional",""
"Punjab Board","Class 9","Biology","Chapter 6","6.4 LIPIDS","MCQ","Medium","1","What type of fatty acid is solid at room temperature?","کمرے کے درجہ حرارت پر کس قسم کا فیٹی ایسڈ ٹھوس ہوتا ہے؟","Unsaturated","Saturated","Monounsaturated","Polyunsaturated","ان سیچوریٹڈ","سیچوریٹڈ","مونوان سیچوریٹڈ","پولی ان سیچوریٹڈ","B","Additional",""
"Punjab Board","Class 9","Biology","Chapter 6","6.4 LIPIDS","MCQ","Medium","1","What is the function of lipids in the body?","جسم میں لپڈز کا کیا کام ہے؟","To provide energy","To synthesize proteins","To regulate body temperature","To break down carbohydrates","انرجی مہیا کرنا پر","پروٹینز تیار کرنا","جسم کے درجہ حرارت کو منظم کرنا","کاربوہائڈئٹس کو توڑنا","A","Additional",""
"Punjab Board","Class 9","Biology","Chapter 6","6.4 LIPIDS","MCQ","Medium","1","Which lipid helps in the synthesis of hormones?","کونسا لپڈ ہارمونزکی تیاری میں مدد کرتاہے؟","Cholesterol","Glycerol","Fatty acids","Phospholipids","کولسٹرول","گلسرول","فیٹی ایسڈ","فاسفو لپڈز","A","Additional",""
"Punjab Board","Class 9","Biology","Chapter 6","6.4 LIPIDS","MCQ","Medium","1","What type of fatty acid has double bonds?","کس قسم کا فیٹی ایسڈ ڈبل بانڈرکھنا ہے؟","Saturated","Unsaturated","Monounsaturated","Polyunsaturated","سیچوریٹڈ","ان سیچوریٹڈ","مونوان سیچوریٹڈ","پولی ان سیچوریٹڈ","B","Additional",""
"Punjab Board","Class 9","Biology","Chapter 6","6.4 LIPIDS","MCQ","Medium","1","Which vitamins are absorbed with the help of lipids?","کونسے وٹامنز لپڈز کی مدد سے جذب ہوتے ہیں؟","A, D, E, and K","B, C, D, and E","A, C, E, and K","B, D, E, and K","A, D, E, اور K","B, C, D, اورE","A, C, E, اورK","B, D, E, اورK","A","Additional",""
"Punjab Board","Class 9","Biology","Chapter 6","6.4 LIPIDS","MCQ","Medium","1","What is the main source of lipids in plants?","پودوں میں لپڈز کا بنیادی ذریعہ کیا ہے؟","Leaves","Roots","Seeds","Stems","پتے","جڑیں","بیج","تنے","C","Additional",""
"Punjab Board","Class 9","Biology","Chapter 6","6.4 LIPIDS","MCQ","Medium","1","What is the structural difference between saturated and unsaturated fatty acids?","سیچوریٹڈ اور ان سیچوریٹڈفیٹی ایسڈ کے درمیان ساختی فرق کیا ہے؟","Number of carbon atoms","Presence or absence of double bonds","Type of glycerol molecule","Number of phosphate groups","کاربن ایٹم کی تعداد","ڈبل بانڈز کی موجودگی یا غیر موجودگی","گلیسول مالیکول کی قسم","فاسفیٹ گروپس کی تعداد","B","Additional",""
"Punjab Board","Class 9","Biology","Chapter 6","6.4 LIPIDS","MCQ","Medium","1","The amount of energy obtained from one gram of fat is:","ایک گرام فیٹ سے حاصل ہونے والی انرجی کی مقدارہے:","","","","","","","","","B","Additional",""
"Punjab Board","Class 9","Biology","Chapter 6","6.4 LIPIDS","MCQ","Medium","1","%age of lipids in dry mass of protoplasm:","پروٹوپلازم کے خشک ماس میں لپڈز کی %ہے۔","10","15","50","18","","","","","A","Additional",""
"Punjab Board","Class 9","Biology","Chapter 6","6.4 LIPIDS","MCQ","Medium","1","Lipids are insoluble in:","لپڈز کس میں حل نہیں ہوتے؟","Alcohol","Ether","Benzene","Water","الکحل","ایتھر","بنزین","پانی","D","Additional",""
"Punjab Board","Class 9","Biology","Chapter 6","6.4 LIPIDS","MCQ","Medium","1","Types of fatty acids are:","فیٹی اسیڈز کی اقسام کی تعداد:","3","2","6","8","","","","","B","Additional",""
"Punjab Board","Class 9","Biology","Chapter 6","6.4 LIPIDS","MCQ","Medium","1","Identify fat soluble vitamins:","درج ذیل میں سے کون سے چربی میں حل پذیروٹامنز ہیں:","A","D","E","All of the above","","","","","D","Additional",""
"Punjab Board","Class 9","Biology","Chapter 6","6.5 NUCLEIC ACIDS","MCQ","Medium","1","Which components make up a nucleotide?","کون سے اجزاء مل کر نیو کلیوٹائڈ بناتے ہیں؟","Sugar, phosphate, nitrogenous base","Amino acids, sugar, nitrogenous base","Fatty acid, sugar, nitrogenous base","Protein, sugar, nitrogenous base","شوگر، فاسفیٹ،نائٹروجن والی بیس","امینوایسڈ، شوگر، نائٹروجن والی بیس","فیٹی ایسڈ، شوگر،نائٹروجن والی بیس","پروٹین،شوگر،نائٹروجن والی بیس","A","Exercise",""
"Punjab Board","Class 9","Biology","Chapter 6","6.5 NUCLEIC ACIDS","MCQ","Medium","1","Which nitrogenous base is found in RNA but not in DNA?","کون سی نائٹروجن والی بیس آر این اے میں تو ہوتی ہےلیکن ڈی این اے میں نہیں؟","Adenine","Thymine","Uracil","Guanine","ایڈنین","تھائمین","یوراسل","گوانین","C","Exercise",""
"Punjab Board","Class 9","Biology","Chapter 6","6.5 NUCLEIC ACIDS","MCQ","Medium","1","What are nucleic acids composed of?","نیوکلیک ایسڈ کس پر مشتمل ہیں۔","Amino acids","Nucleotides","Carbohydrates","Lipids","ایمائنو ایسڈ","نیوکلیوٹائڈز","کاربوہائڈریٹس","لپڈز","B","Additional",""
"Punjab Board","Class 9","Biology","Chapter 6","6.5 NUCLEIC ACIDS","MCQ","Medium","1","Sugar present in DNA?","ڈی این اے میں موجودہ شوگر کیا ہے:","Ribose","Deoxyribose","Sucrose","Glucose","رائبوز","ڈی آکسی رائبوز","سکروز","گلوکوز","B","Additional",""
"Punjab Board","Class 9","Biology","Chapter 6","6.5 NUCLEIC ACIDS","MCQ","Medium","1","Who proposed the double helix model of DNA?","ڈی این اے کی ساخت بیان کی؟","James Watson and Francis Crick","Charles Darwin and Gregor Mendel","Albert Einstein and Isaac Newton","Louis Pasteur and Robert Koch","جیمس واٹس اور فرانسکس کرکس","چارلس ڈارون اور جارجز مینڈل","البرٹ ائن سٹائن اور نیوٹن","لیوئس پاسچر اور رابرٹ کوچ","A","Additional",""
"Punjab Board","Class 9","Biology","Chapter 6","6.5 NUCLEIC ACIDS","MCQ","Medium","1","What is the function of DNA?","ڈی این اے کا کام کیا ہے۔","To provide energy","To synthesize proteins","To store genetic information","To regulate body temperature","انرجی مہیا کرنا","پروٹینز تیارکرنا","جینیاتی معلومات ذخیرہ کرنا","جسم کا درجہ حرارت منظم کرنا","C","Additional",""
"Punjab Board","Class 9","Biology","Chapter 6","6.5 NUCLEIC ACIDS","MCQ","Medium","1","What is the segment of DNA that determines the synthesis of a protein?","ڈی این اے کا وہ کونسا حصہ ہےجو پروٹین کی تیاری کا تعین کرتا ہے؟","Gene","Chromosome","Nucleotide","Amino acid","جین","کروموسوم","نیوکلیوٹائڈز","ایمائنو ایسڈ","A","Additional",""
"Punjab Board","Class 9","Biology","Chapter 6","6.5 NUCLEIC ACIDS","MCQ","Medium","1","What type of RNA carries genetic information from DNA to ribosomes?","کس قسم کا RNA جینیاتی معلومات کو DNAسے رائبوسومز میں پہنچانا ہے؟","mRNA","tRNA","rRNA","DNA","","","","","A","Additional",""
"Punjab Board","Class 9","Biology","Chapter 6","6.5 NUCLEIC ACIDS","MCQ","Medium","1","What is the function of ribosomes?","رائبوسومز کا کیا کام ہے؟","To synthesize proteins","To store genetic information","To provide energy","To regulate body temperature","پروٹینز تیار کرنا","جینیاتی معلومات ذخیرہ کرنا","انرجی پیدا کرنا","جسم کا درجہ حرارت منظم کرنا","A","Additional",""
"Punjab Board","Class 9","Biology","Chapter 6","6.5 NUCLEIC ACIDS","MCQ","Medium","1","What type of RNA transfers specific amino acids to ribosomes?","کس قسم کا RNA مخصوص ایمائنوایسڈز کو رائبوسومز تک پہنچاتا ہے۔","mRNA","tRNA","rRNA","DNA","","","","","B","Additional",""
"Punjab Board","Class 9","Biology","Chapter 6","6.5 NUCLEIC ACIDS","MCQ","Medium","1","During translation, sequence of amino acids in the protein decided on the basis of sequence of nucleotides in:","ٹرانسلیشن کے دوران، نیوکلیوٹائڈزکی ترتیب کے مطابق ایمائنو ایسڈ کی ترتیب کو پڑھتا ہے:","tRNA","rRN","mRNA","DNA","","","","","C","Additional",""
"Punjab Board","Class 9","Biology","Chapter 6","6.5 NUCLEIC ACIDS","MCQ","Medium","1","Both strands of DNA are held together by hydrogen bonding, double hydrogen bonds are present between:","ڈی این اے دونوں ایسڈ، ڈبل ہائڈروجن بانڈنگ کے ذریعے آپس میں جڑے ہوتے ہیں:","Adenine and thymine","Cytosine and guanine","Cytosine and thymine","Adenine and guanine","ایڈنین اور تھامین","سائٹوسین اور گوانین","سائٹوسین اور تھامین","ایڈنین اور گوانین","A","Additional",""
"Punjab Board","Class 9","Biology","Chapter 6","6.5 NUCLEIC ACIDS","MCQ","Medium","1","The type of RNA that brings amino acids to the ribosome is:","RNA کی وہ قسم جو ایمائنوایسڈ کو رائبوسوم تک پہنچاتی ہے:","snRNA","tRNA","rRNA","mRNA","","","","","B","Additional",""
"Punjab Board","Class 9","Biology","Chapter 6","6.5 NUCLEIC ACIDS","MCQ","Medium","1","Which of the following statement regarding genes is false?","جین کے بارے میں مندرجہ ذیل میں سے کونسا بیان غلط ہے؟","Genes are located on chromosomes","Genes consist of a long sequence of DNA","Each cell contains a single copy of every gene","A gene contains information for the production of a protein","کروموسومزپر جینز موجود ہوتے ہیں","جینز ڈی این اے کی ایک لمبی ترتیب پر مشتمل ہوتے ہیں","ہرسیل جین کی ایک سنگل کاپی رکھتا ہے","پروٹین کی تیاری کے لیے ایک جین معلومات رکھتا ہے","B","Additional",""
"Punjab Board","Class 9","Biology","Chapter 6","6.5 NUCLEIC ACIDS","MCQ","Medium","1","Genes contian instructions for the synthesis of:","جینز تیاری کےلیے ہدایات رکھتا ہے:","Fats","Carbohydrates","Vitamins","Proteins","فیٹس","کاربوہائڈیٹس","وٹامنز","پروٹینز","D","Additional",""
"Punjab Board","Class 9","Biology","Chapter 6","6.5 NUCLEIC ACIDS","MCQ","Medium","1","Polynucleotide strands present in DNA molecule are:","ڈی این اے کے مالیکول میں پولی نیوکلیوٹائڈ ہیں:","Two","Three","Four","Five","دو","تین","چار","پانچ","A","Additional",""
"Punjab Board","Class 9","Biology","Chapter 6","6.5 NUCLEIC ACIDS","MCQ","Medium","1","This is a heredity material:","یہ وراثتی مادہ ہے:","DNA","RNA","tRNA","rRNA","","","","","A","Additional",""
"Punjab Board","Class 9","Biology","Chapter 6","6.5 NUCLEIC ACIDS","MCQ","Medium","1","%age of nucleic acids in dry mass of protoplasm:","پروٹوپلازم کے خشک کمیت میں نیوکلیک ایسڈ کی %ہے:","7","90","10","18","","","","","D","Additional",""
"Punjab Board","Class 9","Biology","Chapter 6","6.5 NUCLEIC ACIDS","MCQ","Medium","1","Essential part of nucleic acids are:","نیوکلیک ایسڈ کا اہم حصہ ہے:","Pentoses","Heptoses","Hexoses","Trioses","پینٹوز","ہیپٹوز","ایکسوز","ٹرائیوز","A","Additional",""
"Punjab Board","Class 9","Biology","Chapter 6","6.5 NUCLEIC ACIDS","MCQ","Medium","1","Which molecule carries genetic information's from DNA to ribosomes:","ڈی این اے سے جینیاتی معلومات رائبوسومز تک کون لے جاتا ہے:","mRNA","iRNA","rRNA","DNA","","","","","A","Additional",""
"Punjab Board","Class 9","Biology","Chapter 6","6.5 NUCLEIC ACIDS","MCQ","Medium","1","Types of nucleic acids are?","نیوکلئیک ایسڈز کی اقسام کتنی ہیں؟","2","3","4","5","","","","","A","Additional",""
"Punjab Board","Class 9","Biology","Chapter 6","6.5 NUCLEIC ACIDS","MCQ","Medium","1","Components of nucleotide are:","نیوکلیوٹائڈکے اجزاءکی تعداد:","2","3","4","5","","","","","B","Additional",""
"Punjab Board","Class 9","Biology","Chapter 6","6.5 NUCLEIC ACIDS","MCQ","Medium","1","Watson and Cricks proposed the model of DNA in?","واٹسن اور کرک نے ڈی این اے کا ماڈل کب پیش کیا؟","1950","1953","1956","1959","","","","","B","Additional",""
"Punjab Board","Class 9","Biology","Chapter 6","6.5 NUCLEIC ACIDS","MCQ","Medium","1","When did Watson and Erick awarded Nobel Prize?","واٹسن اور ایرک کو نوبل انعام کب ملا؟","1953","1962","1956","1959","","","","","B","Additional",""
"Punjab Board","Class 9","Biology","Chapter 6","6.5 NUCLEIC ACIDS","MCQ","Medium","1","How many types of RNA?","آراین اے کی اقسام کتنی ہیں؟","2","3","4","5","","","","","B","Additional",""
"Punjab Board","Class 9","Biology","Chapter 6","6.6 THE WORKING OF DNA AND RNA","MCQ","Medium","1","What is the process of copying DNA sequence into mRNA?","mRNA میں DNA کی ترتیب کی کاپی کا عمل کہلاتا ہے:","Transcription","Translation","Replication","Mutation","ٹرانسکریشن","ٹرانسلیشن","ریپلیکشن","میوٹیشن","B","Additional",""
"Punjab Board","Class 9","Biology","Chapter 6","6.6 THE WORKING OF DNA AND RNA","MCQ","Medium","1","What is the process of forming proteins from mRNA sequence?","mRNA سے پروٹینز بنانے کا عمل کیا ہے۔","Transcription","Translation","Replication","Mutation","ٹرانسکرپشن","ٹرانسلیشن","ریپلیکشن","میوٹیشن","B","Additional",""
"Punjab Board","Class 9","Biology","Chapter 6","6.6 THE WORKING OF DNA AND RNA","MCQ","Medium","1","Transcription takes place in the:","ٹرانسکرپشن کا عمل ہوتا ہے:","Cytoplasm","Nucleus","Ribosomes","Rough endoplasmic reticulum","سائٹو پلازم میں","نیوکلیس میں","رائبوسومز میں","رف اینڈوپلازمک ریٹی کولم میں","B","Additional",""
"Punjab Board","Class 9","Biology","Chapter 6","6.6 THE WORKING OF DNA AND RNA","MCQ","Medium","1","Genes are short segments of:","جینز کس کے چھوٹے حصے ہوتے ہیں:","Proteins","Carbohydrates","DNA","Lipids","پروٹینز","کاربوہائیڈریٹس","ڈی این اے","لپڈز","C","Additional",""
"Punjab Board","Class 9","Biology","Chapter 6","6.6 THE WORKING OF DNA AND RNA","MCQ","Medium","1","Where does protein synthesis occur in a cell?","سیل میں پروٹین کی ترکیب کہاں ہوتی ہے؟","Nucleus","Mitochondria","Ribosomes","Lysosomes","نیوکلئیس","مائٹوکونڈریا","رائبوسومز","لائسوسوم","C","Additional",""
"Punjab Board","Class 9","Biology","Chapter 7","7.1 METABOLISM","MCQ","Medium","1","What is metabolism?","میٹابولزم کیا ہے؟","The breakdown of glucose into energy","The sum of all chemical reactions that occur within an organism to sustain life","The conversion of carbon dioxide into glucose","The process of forming proteins from amino acids","گلوکوز کا انرجی میں توڑنا","زندگی کو برقرار رکھنے کے لیے کسی جاندار کے اندر پائے جانے والے تمام کیمیکل ری ایکشنز کا مجموعہ","کاربن ڈائی اکسائڈ کو گلوکوز میں تبدیل کرنا","ایمائنو ایسڈ سے پروٹینز بنانے کا عمل","B","Additional",""
"Punjab Board","Class 9","Biology","Chapter 7","7.1 METABOLISM","MCQ","Medium","1","Metabolism is divided into which two subsets?","میٹابولزم کو کن دو اقسام میں تقسیم کیا گیا ہے؟","Photosynthesis and respiration","Catabolism and anabolism","Lipolysis and protein synthesis","Oxidation and reduction","فوٹوسینتھی سیزاور ریسپائریشن","کیٹابولزم اور اینابولزم","لیسپولائسز اور پروٹین کی تیاری","آکسڈیشن اور ریڈکشن","B","Additional",""
"Punjab Board","Class 9","Biology","Chapter 7","7.1 METABOLISM","MCQ","Medium","1","Which of the following is an example of catabolism?","مندرجہ ذیل میں سے کیٹابولزم کی مثال کونسی ہے؟","Protein synthesis","Photosynthesis","Lipolysis","Cellular differentiation","پروٹین کی تیاری","فوٹوسینتھی سیز","لیپولائس","سیلولر تفریق","C","Additional",""
"Punjab Board","Class 9","Biology","Chapter 7","7.1 METABOLISM","MCQ","Medium","1","Cellular respiration involves:","سیلولر ایسپائریشن میں شامل ہے:","Oxidizing food glucose into carbon dioxide and water to produce energy","Breaking down lipids into fatty acids and cholesterol","Converting sunlight into glucose and oxygen","Forming proteins from amino acids","انرجی پیدا کرنے کے لیے خوراک گلوکوز کو کاربن ڈائی آکسائڈ اور پانی میں آکسائڈئز کرنا","لپڈز کو فیٹی ایسڈز اور گلیسرول میں بدلنا","سورج کی روشنی کو گلوکوز اور آکسیجن میں بدلنا","ایمائنوایسڈز سے پروٹینزبنانا","A","Additional",""
"Punjab Board","Class 9","Biology","Chapter 7","7.1 METABOLISM","MCQ","Medium","1","Which of the following is an example of anabolism?","مندرجہ ذیل میں سے اینابولزم کی مثال کونسی ہے؟","Lipolysis","Photosynthesis","Cellular respiration","Glycolysis","لیلپولائس","فوٹوسینتھی سیز","سیلولر ریسپائریشن","گلائیکولائسز","B","Additional",""
"Punjab Board","Class 9","Biology","Chapter 7","7.1 METABOLISM","MCQ","Medium","1","Photosynthesis is the process of:","فوٹوسینتھی عمل ہے:","Breaking down glucose into energy","Converting carbon dioxide and water into glucose and oxygen using sunlight","Forming proteins from amino acids","Oxidizing food into carbon dioxide and water","گلوکوز کو انرجی میں توڑنا","سورج کی روشنی کا استعمال کرتے ہوئے کاربن ڈائی آکسائڈ اور پانی کو گلوکوز اور انرجی میں توڑنا","ایمائنو ایسڈ سے پروٹینز بنتا ہے","کاربن ڈائی آکسائڈ اور پانی میں خوراک آکسائڈئزکرنا","B","Additional",""
"Punjab Board","Class 9","Biology","Chapter 7","7.1 METABOLISM","MCQ","Medium","1","Protein synthesis involves:","پروٹین کی تیاری میں شامل ہے؟","Breaking down proteins into amino acids","Forming proteins from amino acids, vital for cell structure and function","Oxidizing glucose into energy","Converting water into oxygen","پروٹینز کو ایمائنو ایسڈز میں توڑنا","ایمائنوایسڈز سے پروٹینز بنانا گو سیل کی ساخت اور فعل کے لیے ضروری ہے۔","گلوکوز کو انرجی میں آکسائڈئز کرنا","پانی کو آکسیجن میں تبدیل کرنا","B","Additional",""
"Punjab Board","Class 9","Biology","Chapter 7","7.1 METABOLISM","MCQ","Medium","1","Which subset of metabolism releases energy?","میٹا بولزم کی کونسی قسم انرجی خارج کرتی ہے؟","Catabolism","Anabolism","Photosynthesis","Protein synthesis","کیٹا بولزم","اینابولزم","فوٹوسنتھیسیز","پروٹین کی","A","Additional",""
"Punjab Board","Class 9","Biology","Chapter 7","7.1 METABOLISM","MCQ","Medium","1","Set of biochemical reactions that occur in living organisms in order to maintain life is called?","زندہ جانداروں میں ہونے والے بائیوکیمیکل ری ایکشن کو کہتے ہیں؟","Catabolism","Anabolism","Metabolism","Mutualism","کیٹابولزم","اینابولزم","میٹابولزم","میوچلزم","C","Additional",""
"Punjab Board","Class 9","Biology","Chapter 7","7.1 METABOLISM","MCQ","Medium","1","The biochemical reactions in which larger molecules are synthesized are called:","بائیوکیمیکل ری ایکشنز میں بڑے مالیکولز بنائے جاتےہیں،کہلاتےہیں؟","Anabolism","Metabolism","Catabolism","Digestive reactions","اینابولزم","میٹابولزم","کیٹابولزم","ڈائی جسٹو ری ایکشنز","A","Additional",""
"Punjab Board","Class 9","Biology","Chapter 7","7.1 METABOLISM","MCQ","Medium","1","Which does yield energy?","جو انرجی پیدا کرتاہے۔","Anabolism","Catabolism","Metabolism","None","اینابولزم","کیٹابولزم","میٹابولزم","کوئی نہیں","B","Additional",""
"Punjab Board","Class 9","Biology","Chapter 7","7.1 METABOLISM","MCQ","Medium","1","Which does consume energy?","انرجی کو استعمال کرتاہے؟","Metabolism","Anabolism","Both a and b","Catabolism","میٹابولزم","اینابولزم","aاورb دونوں","کیٹابولزم","B","Additional",""
"Punjab Board","Class 9","Biology","Chapter 7","7.2 ENZYMES","MCQ","Medium","1","Primarily, all enzymes are;","بنیادی طور پر تمام اینزائم ہیں:","Nucleic acids","Proteins","Carbohydrates","Lipids","نیو کلیک ایسڈ","پروٹین","کاربوہائیڈریٹ","لپڈ","B","Exercise",""
"Punjab Board","Class 9","Biology","Chapter 7","7.2 ENZYMES","MCQ","Medium","1","Which best defines an enzyme?","کون سا بیان اینزائم کی بہترین تعریف کرتا ہے؟","A chemical that breaks down food","A hormone that regulates metabolism","A protein that speeds up reactions","A molecule that stores energy","ایک کیمیکل جو خوراک کو توڑ دیتا ہے","ایک ہارمون جو میٹا بولزم کو منظم کرتا ہے","ایک پروٹین جو ری ایکشن کو تیز کرتی ہے","ایک مالیکیول جو توانائی ذخیرہ کرتا ہے","C","Exercise",""
"Punjab Board","Class 9","Biology","Chapter 7","7.2 ENZYMES","MCQ","Medium","1","Prosthetic groups are;","پراستھیٹک گروپس کے بارے کیا درست ہے؟","Required by all enzymes","Proteins in nature","Loosely attached with enzymes","Tightly bound to enzyme","تمام اینزائم کےلیے ضروری ہیں","فطرت میں پروٹین ہیں","اینزائم کے ساتھ ڈھیلے طور پر جڑتے ہیں","اینزائم سے مضبوطی سےجڑتے ہیں","D","Exercise",""
"Punjab Board","Class 9","Biology","Chapter 7","7.2 ENZYMES","MCQ","Medium","1","What are enzymes?","اینزائم کیا ہے؟","Chemical catalysts that are consumed during reactions","Biological catalysts that accelerate chemical reactions without being consumed","Substances that slow down chemical reactions","Non-protein molecules that catalyze reactions","کیمیکل کیٹالسٹس جو ری ایکشنز کے دوران استعمال ہوتے ہیں","بائیولوجیکل کیٹالسٹس جو استعمال کیے بغیر ری ایکشنز کو تیز کرتے ہیں","مادے کیمیکل ری ایکشنز کو سست کرتے ہیں","نان پروٹین مالیکیولز جو ری ایکشنزکو تیز کرتے ہیں","B","Additional",""
"Punjab Board","Class 9","Biology","Chapter 7","7.2 ENZYMES","MCQ","Medium","1","What is the primary nature of enzymes?","اینزائمز کی بنیادی نوعیت کیا ہے؟","Carbohydrates","Proteins","Lipids","Nucleic acids","کاربوہائڈریٹس","پروٹینز","لپڈز","نیوکلیک ایسڈ","B","Additional",""
"Punjab Board","Class 9","Biology","Chapter 7","7.2 ENZYMES","MCQ","Medium","1","What is the typical size of an enzyme in terms of amino acids?","ایمائنو ایسڈ کے لحاظ سے ایک اینزائم کا عام سائز کیا ہے؟","10-50 amino acids","50-100 amino acids","100-1,000 amino acids","1,000-10,000 amino acids","10-50 ایمائنوایسڈ","50-100 ایمائنوایسڈ","ٍ100-1,000 ایمائنوایسڈ","1,000-10,000 ایمائنوایسڈ","C","Additional",""
"Punjab Board","Class 9","Biology","Chapter 7","7.2 ENZYMES","MCQ","Medium","1","What type of structure do enzymes have?","اینزائم کی ساخت کس قسم کی ہوتی ہے؟","Linear structure","Three-dimensional globular structure","Circular structure","Long chain structure","لی نئزساخت","تین جہتی گلوبیولرساخت","سرکلر ساخت","لمبی چین والی ساخت","B","Additional",""
"Punjab Board","Class 9","Biology","Chapter 7","7.2 ENZYMES","MCQ","Medium","1","Which enzyme specifically breaks down starch into simple sugars?","کونسا اینزائم خاص طور پر سٹارچ کو سادہ شوکر میں توڑتاہے؟","Amylase","Protease","Lipase","Lactase","ایمائی لیز","پروٹیایز","لائپیز","لیکٹوز","A","Additional",""
"Punjab Board","Class 9","Biology","Chapter 7","7.2 ENZYMES","MCQ","Medium","1","How are enzymes classified based on their location?","اینزائمز کی ان کے کام کی بنیاد پر درجہ بندی کیسے کی جاتی ہے؟","Chemical and physical enzymes","Intracellular and extracellular enzymes","Simple and complex enzymes","Active and inactive enzymes","کیمیکل اور فزیکل اینزائمز","انٹراسیلولر اور ایکسٹرا سیلولر اینزائمز","سادہ اور پیچیدہ اینزائمز","فعال اور غیر فعال اینزائمز","A","Additional",""
"Punjab Board","Class 9","Biology","Chapter 7","7.2 ENZYMES","MCQ","Medium","1","Where do intracellular enzymes operate?","انٹرسیلولر اینزائم کیاں کام کرتے ہیں؟","Outside cells","Inside cells","In the bloodstream","In digestive fluids","سیلز کے باہر","سیلز کے اندر","خون کے دھارے میں","ڈائی جسٹوفلونڈزمیں","B","Additional",""
"Punjab Board","Class 9","Biology","Chapter 7","7.2 ENZYMES","MCQ","Medium","1","What are cofactors in enzyme activity?","اینزائم کی سرگرمی میں کوفیکٹرزکیا ہیں؟","Proteins that increase enzyme activity","Non-protein molecules required for full enzyme activity","Compounds that prevent enzymes from working","Substrates that enzymes break down","پروٹینز جو اینزائم کی سرگرمی کو بڑھاتے ہیں","مکمل انزائم کی سرگرمی کے لیے ایک نان پروٹین مالیکیول درکار ہیں","کمائڈز جواینزائم کو کام کرنے سے روکتے ہیں","سیبسٹریٹس جو اینزائم کو توڑتے ہیں","B","Additional",""
"Punjab Board","Class 9","Biology","Chapter 7","7.2 ENZYMES","MCQ","Medium","1","What types of cofactors can enzymes require?","اینزائم کو کس قسم کے کوفیکٹرز کی ضرورت ہوسکتی ہے؟","Only inorganic metal ions","Only organic molecules","Both inorganic metal ions and organic molecules","Enzymes do not require cofactors","صرف انآرگینک میٹل آئنز","صرف آرگینک مالیکیولز","AاورB دونوں","اینزائم کو فیکٹر کی ضرورت نہیں ہوتی","C","Additional",""
"Punjab Board","Class 9","Biology","Chapter 7","7.2 ENZYMES","MCQ","Medium","1","In complex metabolic reactions, how do enzymes function?","پیچیدہ مٹابولک ری ایکشنز میں ، اینزائم کیسے کا م کرتےہیں؟","Enzymes function independently of each other","Multiple enzymes work in sequence, catalyzing specific steps","Only one enzyme is involved in the entire process","Enzymes catalyze reactions but do not interact with each other","اینزائم ایک دوسرے سے آزادانہ طور پر کام کرتے ہیں","ایک سے زیادہ اینزائم ترتیب سے کام کرتے ہیں، مخصوص مراحل کو تیز کرتے ہیں","پورے عمل میں صرف ایک ہی اینزائم شامل ہے","اینزائم ری ایکشز کو تیز کرتے ہیں لیکن ایک دوسرے کے ساتھ تعامل نہیں کرتے","B","Additional",""
"Punjab Board","Class 9","Biology","Chapter 7","7.2 ENZYMES","MCQ","Medium","1","What is one application of enzymes in the food industry?","خوراک کی صنعت میں اینزائم کا ایک استعمال کیا ہے؟","? Enzymes are used to make plastics","Enzymes are used to produce bread and cheese","Enzymes are used to make metals","Enzymes are used in cleaning clothes only","پلاسٹک بنانے میں اینزائم کا استعمال کیا جاتا ہے","اینزائم روٹی اور پنیر بنانے میں استعمال ہوتے ہیں","اینزائم میٹلز بنانے کے لیے استعمال ہوتے ہیں","اینزائم صرف کیڑوں کی صفائی کے لیے استعمال ہوتے ہیں","B","Additional",""
"Punjab Board","Class 9","Biology","Chapter 7","7.2 ENZYMES","MCQ","Medium","1","How are enzymes used in the paper industry?","کاغذ کی صنعت میں اینزائم کیسے کام کرتے ہیں؟","To make paper stronger","To degrade starch and lower viscosity in paper production","To color paper","To print on paper","کاغذ میں مضبوطی بنانے کے لیے","کاغذ کی پیداوار میں سٹارچ کو کم کرنے اور گاڑھاپن کم کرنے کے لیے","کاغذ رنگنے کےلیے","کاغذ پر پرنٹ کرنا","B","Additional",""
"Punjab Board","Class 9","Biology","Chapter 7","7.2 ENZYMES","MCQ","Medium","1","What is the role of enzymes in biological detergents?","بائیولوجیکل ڈٹرجنٹ میں اینزائمز کا کیا کام ہے؟","To bleach the clothes","To remove protein stains and resistant starch residues","To make the detergent more viscous","To change the color of the clothes","کپڑوں کو بلییچ کرنے کے لیے","کپڑوں پر پروٹین کے دھبے اور پر لگے سٹارچ اتارنے کے لیے","ڈٹرجنٹ کو زیادہ گاڑھا بنانے کے لیے","کپڑوں کا رنگ بدلنا","B","Additional",""
"Punjab Board","Class 9","Biology","Chapter 7","7.2 ENZYMES","MCQ","Medium","1","What is the active site of an enzyme?","ایک اینزائم کی ایکٹوسائٹ کیا ہے؟","A rigid region where the substrate binds permanently","A specific region on the enzyme's surface directly involved in catalysis","The part of the enzyme that releases energy","The site where products are stored","ایک سخت علاقہ جہاں سبسٹریٹ مستقل طور پر جڑُا رہتا ہے","اینزائم کی سطح ایک مخصوص علاقہ جو کیٹاکینس میں براہ راست شامل ہے","اینزائم کا وہ حصہ جو انرجی خارج کرتا ہے","وہ سائٹ جہاں پروڈکٹس کو سٹور کیا جاتا ہے","B","Additional",""
"Punjab Board","Class 9","Biology","Chapter 7","7.2 ENZYMES","MCQ","Medium","1","Which is true about enzyme?","اینزائم کے بارے میں کیا درست ہے؟","All enzymes are not protein","All enzymes are vitamins","All enzymes are proteins","All proteins are enzyme","تمام اینزائم پروٹین نہیں ہیں","تمام اینزائم وٹامنز نہیں ہیں","تمام اینزائم پروٹینز ہیں","تمام پروٹینز اینزائم ہیں","C","Additional",""
"Punjab Board","Class 9","Biology","Chapter 7","7.2 ENZYMES","MCQ","Medium","1","What is true about cofactors?","کوفیکٹر کے بارے میں کیا درست ہے؟","Break hydrogen bond in proteins","Help facilitate enzyme activity","Increase activation energy","Are composed of proteins","پروٹینز میں ہائڈروجن بانڈز کو توڑناہے","اینزائم کی سرگرمی کو آسان بناتے میں مدد کرتا ہے","ایکٹویشن انرجی میں اضافہ کرتا ہے","پروٹینز پر مشتمل ہوتا ہے","B","Additional",""
"Punjab Board","Class 9","Biology","Chapter 7","7.2 ENZYMES","MCQ","Medium","1","The catalytic region on enzyme recognize and binds the substrate and carries the reaction. This region is called as:","اینزائم کے مالیکیول کا وہ حصہ جو سبسٹریٹ کی پہچان کرتا ہےاور اس کے ساتھ جڑ جاتا ہے کہلاتا ہے:","Cofactor","Activator","Inhibitor","Active site","کو فیکٹر","ایکٹیویٹر","مزاحمت","ایکٹیو سائٹ","D","Additional",""
"Punjab Board","Class 9","Biology","Chapter 7","7.2 ENZYMES","MCQ","Medium","1","The active site of an enzyme:","کسی اینزائم کی ایکٹیو سائٹ:","Never changes","Forms no chemical bond with substrate","Determines by its structure the specificity of the enzyme","None","تبدیل نہیں ہوتی","سبٹریٹ کے ساتھ کوئی کیمیکل بانڈ نہیں بناتی","ساخت سے معلوم کی جاتی ہے","کوئی نہیں","C","Additional",""
"Punjab Board","Class 9","Biology","Chapter 7","7.2 ENZYMES","MCQ","Medium","1","Ionization of amino acids at the active site is affected by?","ایکٹوسائٹ پر ایمائنو ایسڈ کی آئیونائزیشن پر اثر پڑےگا؟","Change in temperature","Change in substrate concentration","Change in pH","Change in temperature and substrate concentration","ٹمپریچر میں تبدیلی","سبسٹریٹ کنسنٹریشن","PH میں تبدیلی","ٹمپریچر میں سبسٹریٹ کی کنسنٹریشن میں تبدیلی","C","Additional",""
"Punjab Board","Class 9","Biology","Chapter 7","7.2 ENZYMES","MCQ","Medium","1","In the presence of enzymes, reactions proceed at a:","اینزائمز کی موجودگی میں،ری ایکشن آگے بڑھتا ہے:","Slower rate","Faster rate","Medium rate","Very slow rate","سست رفتا سے","تیز رفتار سے","درمیانی رفتار سے","بہت سست رفتار","B","Additional",""
"Punjab Board","Class 9","Biology","Chapter 7","7.2 ENZYMES","MCQ","Medium","1","Which of the following are not changed during the biochemical reaction?","بایئوکیمیکل ری ایکشن کے دوران مندرجہ ذیل میں سے کون تبدیل نہیں ہوتے:","Substrate","Products","Enzymes","ES complex","سبسٹریٹ","پروٹینز","اینزائمز","ES کمپلیکس","C","Additional",""
"Punjab Board","Class 9","Biology","Chapter 7","7.2 ENZYMES","MCQ","Medium","1","Enzymes convert the subtrate into different molecule called:","اینزائم سبسٹریٹ کو مختلف مالیکیول میں بدلتے ہیں جنہیں کہتے ہیں:","Reactants","Products","Inhibitors","Biomolecules","ری ایکٹنٹس","پروڈکٹس","ایہیبٹرز","بائیومالیکیولز","B","Additional",""
"Punjab Board","Class 9","Biology","Chapter 7","7.2 ENZYMES","MCQ","Medium","1","How many basic types of co-factors are there?","کو-فیکٹر کی بنیادی اقسام کتنی ہیں؟","2","3","4","5","","","","","A","Additional",""
"Punjab Board","Class 9","Biology","Chapter 7","7.3 MECHANISM OF ENZYME ACTION","MCQ","Medium","1","Enzymes are specific in their action because:","اینزائم اپنے عمل میں مخصوص ہیں کیونکہ :","Their active sites fit specific substrates","They are always proteins","They are consumed in reactions","They work only at high temperatures","ان کی ایکٹو سائٹس مخصوص سبسٹریٹ ساتھ مناسبت رکھتی ہے","وہ ہمیشہ پروٹین ہیں","وہ ری ایکشن میں استعمال ہوجاتے ہیں","وہ صرف زیادہ ٹمپریچر پر کام کرتے ہیں","A","Exercise",""
"Punjab Board","Class 9","Biology","Chapter 7","7.3 MECHANISM OF ENZYME ACTION","MCQ","Medium","1","What is TRUE according to the induced fit model of enzyme action?","انڈیو سڈ فٹ کے مطابق کیا درست ہے؟","Enzyme's active site changes shape to bind the substrate","Substrate changes shape to bind to active site","No shape changes occur in active site or substrate","Substrate attaches the enzyme at a site other that active site","اینزائم کی ایکٹو سائٹ میں تبدیلی آتی ہے تاکہ سبسٹریٹ سے جڑ سکے","ایکٹو سائٹ سے جڑنے کےلیے سبسٹریٹ اپنی شکل تبدیلی کرتا ہے","ایکٹو سائٹ یا سبسٹریٹ میں شکل میں کوئی تبدیلی نہیں ہوتی","سبسٹریٹ اینزائم کے ساتھ ایکٹو سائٹ کے علاوہ کسی اور مقام سے جڑتا ہے","A","Exercise",""
"Punjab Board","Class 9","Biology","Chapter 7","7.3 MECHANISM OF ENZYME ACTION","MCQ","Medium","1","Which model of enzyme action was proposed by Emil Fischer in 1894?","ایمل فشر نے1894 میں اینزائمز ایکشن کا کونسا ماڈل تجویز کیا تھا؟","Induced fit model","Lock and key model","Substrate binding model","Catalytic flexibility model","انڈیوسڈ فٹماڈل","لاک اینڈ کی ماڈل","سبسٹریٹ بائنڈنگ ماڈل","کیٹالیٹک لچکدار ماڈل","B","Additional",""
"Punjab Board","Class 9","Biology","Chapter 7","7.3 MECHANISM OF ENZYME ACTION","MCQ","Medium","1","In the lock and key model, what is formed when the substrate binds to the enzyme's active site?","لاک اینڈ کی ماڈل میں جب ایک سبسٹریٹ اینزائمز کی ایکٹوسائٹ سے جڑتا ہےتوکیا بنتاہے؟","A product-enzyme complex","A catalyst-substrate complex","An enzyme-substrate complex","A flexible binding region","ایک پروڈکٹ اینزائمز کمپلیس","ایک کیٹلالسٹ-سبسٹریٹ کمپلیس","ایک اینزائمز سبسٹریٹ کمپلیس","ایک لچکدار بندھن کا علاقہ","C","Additional",""
"Punjab Board","Class 9","Biology","Chapter 7","7.3 MECHANISM OF ENZYME ACTION","MCQ","Medium","1","What happens to the substrate after the enzyme catalyzes the reaction?","اینزائم کے ری ایکشن کو متحرک کرنے کے بعد سبسٹریٹ کا کیا کام کرتا ہے؟","It remains unchanged and is stored in the active site","It transforms into products, which are released","It breaks the enzyme apart","It permanently binds to the enzyme","یہ تبدیل نہیں ہوتی اور اسے ایکٹوسائٹ میں محفوظ کیا جانا چائیے","یہ پراڈکٹس میں تبدیل ہوتی ہے جو خارج کیا جاتا ہے","یہ اینزائم کی سرگرمی کو کم کرتی ہے۔","یہ مستقل طور پر اینزائم سے جڑجاتی ہے","B","Additional",""
"Punjab Board","Class 9","Biology","Chapter 7","7.3 MECHANISM OF ENZYME ACTION","MCQ","Medium","1","Which model of enzyme action was proposed by Daniel Koshland in 1958?","ڈینٹل کو شلیڈ 1958 میں اینازئمز یکشن کا کونسا ماڈل تجویز کیا تھا؟","Lock and key model","Induced fit model","Substrate activation model","Enzyme-product model","لاک اینڈ کی","انڈیوسڈ ماڈل","سبسٹریٹ ایکٹیویشن","اینزائمز پروڈکٹ ماڈل","B","Additional",""
"Punjab Board","Class 9","Biology","Chapter 7","7.3 MECHANISM OF ENZYME ACTION","MCQ","Medium","1","What does the induced fit model propose about the active site of an enzyme?","انڈیوسڈفِٹ ماڈل ایک اینزائمز کی ایکٹوسائٹ کے بارے میں کیا تجویز کرتاہے؟","It has a fixed shape that matches the substrate","It is flexible and reshapes to fit the substrate","It does not interact directly with the substrate","It acts as a rigid scaffold for reactions","یہ مقررہ شکل رکھتا ہے جو کہ سبسٹریٹ سے ملتی ہے","یہ لچکدار ہے اور سبسٹریٹ کو فٹ کرنے کے لیے نئی شکل دیتا ہے","یہ سبسٹریٹ کے ساتھ براہ راست تعامل نہیں کرتا ہے","یہ ری ایکشنز کے لیے ایک سخت سہارے کے طور پر کام کرتاہے","B","Additional",""
"Punjab Board","Class 9","Biology","Chapter 7","7.3 MECHANISM OF ENZYME ACTION","MCQ","Medium","1","What is the main advantage of the induced fit model?","انڈیوسڈفِٹ ماڈل کا اہم فائدہ کیا ہے؟","It allows for a more dynamic and adaptable catalytic process","It eliminates the need for enzyme-substrate binding","It ensures that the substrate remains unchanged after the reaction","It simplifies the enzyme's structure","یہ زیادہ متحرک اور موافقت پذیرکیٹالیٹک عمل کی اجازت دیتا ہے","یہ اینزائمز کو سبسٹریٹ کے ساتھ جڑنے کی ضرورت کو ختم کرتاہے","یہ یقینی بناتا ہے کہ ری ایکشن کے بعد سبسٹریٹ میں کوئی تبدیلی نہیں ہوتی","یہ اینزائمز کی ساخت کوآسان بناتا ہے","A","Additional",""
"Punjab Board","Class 9","Biology","Chapter 7","7.3 MECHANISM OF ENZYME ACTION","MCQ","Medium","1","Who proposed the lock model in the email Fisher?","ایمیل فشر نے لاک ماڈل کس نے تجویز کیا؟","1697","1958","1894","1858","","","","","C","Additional",""
"Punjab Board","Class 9","Biology","Chapter 7","7.4 FACTORS THAT AFFECT THE ACTIVITY OF ENZYMES","MCQ","Medium","1","What can happen if an enzyme is exposed to temperature that is higher than its optional temperature?","کیا ہوسکتا ہے اگر ایک اینزائم کو ایسے ٹمپریچر کا سامنا کرنا پڑے جو اس کے اپٹیمم ٹمپریچر سے زیادہ ہو؟","Enzyme activity rate will increase","Enzyme's shape will change, potentially reducing its activity","Enzyme will speed up the reaction and remain stable","Enzyme will become a substrate itself","اینزائم کے کام کی رفتار میں اضافہ ہوگا","اینزائم کی شکل تبدیل ہوجائے گی جو ممکنہ طور پر اس کی سرگرمی کو کم کردے گی","اینزائم ری ایکشن کو تیز کرے گا اور مستحکم رہے گا","اینزائم خود ایک سبسٹریٹ بن جائے گا","B","Exercise",""
"Punjab Board","Class 9","Biology","Chapter 7","7.4 FACTORS THAT AFFECT THE ACTIVITY OF ENZYMES","MCQ","Medium","1","How does increasing temperature affect enzyme activity?","ٹمپریچر میں اضافہ اینزائم کی سرگرمی کو کس طرح متاثر کرتا ہے؟","Increases activity to a point","Always decreases activity","Makes enzymes non-functional","No effect on enzyme","اینزائم کے کام کی رفتار کو ایک حد تک بڑھاتا ہے","کام کی رفتارکو ہمیشہ کم کرتا ہے","اینزائم کو غیر فعال بناتا ہے","اینزائم پر کوئی اثر نہیں ڈالتا","A","Exercise",""
"Punjab Board","Class 9","Biology","Chapter 7","7.4 FACTORS THAT AFFECT THE ACTIVITY OF ENZYMES","MCQ","Medium","1","An enzyme works best at a pH of 7.4. It is placed in an acidic solution with a pH of 4.0. How will this affect the enzyme?","ایک اینزائم 7.4 کے pH پر بہترین کام کرتا ہے۔ اسے 4.0 کے pH والے تیزابی محلول میں رکھا جاتا ہے۔ یہ قدم اینزائم کو کس طرح متاثر کرے گا؟","The active site will be modified, reducing substrate binding","The enzyme will catalyse reactions faster due to increased H ions","The enzyme will gain additional active sites","The substrate will become inactive in an acidic environment","ایکٹو سائٹ میں تبدیلی آجائے گی جس سے سبسٹریٹ کے ساتھ جڑنا کم ہو جائے گا","ہائڈورجن آئنز میں اضافے کی وجہ سے اینزائم ری ایکشن کو زیادہ تیز کردے گا","اینزائم اضافی ایکٹو سائٹس حاصل کرے گا","تیزابی ماحول میں سبسٹریٹ غیر فعال ہوجائے گا","A","Exercise",""
"Punjab Board","Class 9","Biology","Chapter 7","7.4 FACTORS THAT AFFECT THE ACTIVITY OF ENZYMES","MCQ","Medium","1","What is TRUE about the optimum pH values of the following enzymes of digestive system?","ڈائی جسٹوسسٹم کے مندرجہ ذیل اینزائم کی اپٹیمم pH کے بارے میں کیا درست ہے؟","Pepsin works at low pH while trypsin works at high pH","Both work at high pH","Both work at low pH","Pepsin works at low pH while trypsin works at low pH","پیپسن کم pH پر کام کرتا ہے جبکہ ٹرپسن زیادہ pH پر کام کرتا ہے","دونوں زیادہ pH پر کام کرتے ہیں","دونوں کم pH پر کام کرتے ہیں","پیپسن زیادہ pH پر کام کرتا ہے جبکہ ٹرپسن کم pH پر کام کرتا ہے","A","Exercise",""
"Punjab Board","Class 9","Biology","Chapter 7","7.4 FACTORS THAT AFFECT THE ACTIVITY OF ENZYMES","MCQ","Medium","1","Enzymes are sensitive to which factor in the fluid they work in?","جس میڈیم میں اینزائم کام کرتے ہیں،وہ اس میں کس عنصر کے لیے حساس ہوتے ہیں۔","Temperature","Hydrogen ion concentration (pH)","Light intensity","Salt concentration","ٹمپریچر","ہائیڈروجن آئن کا ارتکاز(پی ایچ)","روشنی کی شدت","سالٹ کا ارتکاز","B","Additional",""
"Punjab Board","Class 9","Biology","Chapter 7","7.4 FACTORS THAT AFFECT THE ACTIVITY OF ENZYMES","MCQ","Medium","1","What happens when the pH changes for an enzyme?","اس کا کیا ہوتا ہے،جب ایک اینزائمز کے لیے ُpH تبدیل ہوتی ہے؟","It increases the enzyme's activity","It alters the ionization of amino acids at the active site, slowing or blocking enzyme activity","It strengthens the enzyme's bond with the substrate","It increases the enzyme's temperature","یہ اینزائمز کی سرگرمی کو بڑھاتاہے","یہ ایکٹوسائٹ پر ایمائنوایسڈکی آئیونائزیشن کو تبدیل کرتا ہے،اینزائمز کی سرگرمی کی سست یا روک دیتاہے","یہ سبسٹریٹ کے ساتھ اینزائمز کے بانڈ کو مضبوط کرتاہے","یہ اینزائمز کا ذریعہ حرارت بڑھاتا ہے","B","Additional",""
"Punjab Board","Class 9","Biology","Chapter 7","7.4 FACTORS THAT AFFECT THE ACTIVITY OF ENZYMES","MCQ","Medium","1","What is the optimal pH range for the enzyme pepsin?","اینزائمزپیپسن کے لیے آپٹیکلpH کیا ہے؟","pH 7.7-8.0","pH 1.5-2.0","pH 6.0-7.0","pH 5.0-6.0","","","","","B","Additional",""
"Punjab Board","Class 9","Biology","Chapter 7","7.4 FACTORS THAT AFFECT THE ACTIVITY OF ENZYMES","MCQ","Medium","1","Where does pepsin work in the body?","پیپسن جسم میں کہاں کام کرتاہے؟","Small intestine","Stomach","Bloodstream","Liver","چھوٹی آنٹ میں","معدہ میں","خون کا دھارا","جگر میں","B","Additional",""
"Punjab Board","Class 9","Biology","Chapter 7","7.4 FACTORS THAT AFFECT THE ACTIVITY OF ENZYMES","MCQ","Medium","1","What is the optimal pH range for the enzyme trypsin?","اینزائمزٹرپسن کے لیے بہترین pH کیا ہے؟","pH 1.5-2.0","pH 4.5-5.0","pH 7.7-8.0","pH 10.0-10.5","","","","","C","Additional",""
"Punjab Board","Class 9","Biology","Chapter 7","7.4 FACTORS THAT AFFECT THE ACTIVITY OF ENZYMES","MCQ","Medium","1","Where does trypsin function in the body?","ٹرپسن جسم میں کہاںکام کرتا ہے؟","Stomach","Small intestine","Brain","Heart","معدہ میں","چھوٹی آنت میں","دماغ میں","دل میں","B","Additional",""
"Punjab Board","Class 9","Biology","Chapter 7","7.4 FACTORS THAT AFFECT THE ACTIVITY OF ENZYMES","MCQ","Medium","1","How does an increase in substrate concentration affect the rate of an enzyme-catalyzed reaction?","سبسٹریٹ کی کنسنٹریشن میں اضافہ اینزائمز-کیٹالالزڈ ری ایکشن کی رفتار کی کیسے متاثر کرتا ہے؟","It slows down the reaction","It accelerates the rate of reaction","It has no effect on the reaction","It changes the enzyme’s structure","یہ ری ایکشن کو سست کر دیتا ہے","یہ ری ایکشن کی رفتار کو تیز کر دیتا ہے","اس کا ری ایکشن پر کوئی اثر نہیں ہوتا","یہ اینزائمز کی سخت کو تبدیل کر دیتا ہے","B","Additional",""
"Punjab Board","Class 9","Biology","Chapter 7","7.4 FACTORS THAT AFFECT THE ACTIVITY OF ENZYMES","MCQ","Medium","1","Change in the pH can alter the active site by affecting the:","pH میں تبدیلی سے ایکٹوسائٹ پر اثر پر سکتا ہے:","Ionization of amino acids","Shape of substrate","Ionization of cofactor","Ionization of coenzyme","ایمائنو ایسڈ کی آنئونائزیشن","سبسٹریٹ کی شکل","کوفیکٹر کی آنئونائزیشن","کواینزائم کی آنئونائزیشن","A","Additional",""
"Punjab Board","Class 9","Biology","Chapter 7","7.4 FACTORS THAT AFFECT THE ACTIVITY OF ENZYMES","MCQ","Medium","1","Enzyme pepsin in th stomach has an optimum pH of about:","معدے میں اینزائم پیپسن کی زیادہ سے زیادہ pH ہے:","3","4","2","5","","","","","C","Additional",""
"Punjab Board","Class 9","Biology","Chapter 7","7.4 FACTORS THAT AFFECT THE ACTIVITY OF ENZYMES","MCQ","Medium","1","Pepsin enzyme works in:","پیپسن اینزائم کام کرتا ہے:","Stomach","Large intestine","Small intestine","Heart","معدہ میں","بڑی آنت میں","چھوٹی آنت میں","دل میں","A","Additional",""
"Punjab Board","Class 9","Biology","Chapter 7","7.4 FACTORS THAT AFFECT THE ACTIVITY OF ENZYMES","MCQ","Medium","1","Increase ad decrease in temperature beyond the optimum temperature will:","آپٹیم ٹمپریچر میں حد سے زیادہ کمی اور اضافہ کرے گا:","Increase the rate of reaction","Decrease the rate of reaction","No affect the rate of reaction","Denature the enzyme","ری ایکشن کی رفتار میں اضافہ","ری ایکشن کی رفتار میں کمی","ری ایکشن کی رفتار پر کوئی اثر نہیں ہوتا","اینزائم کی ڈی نیچر","B","Additional",""
"Punjab Board","Class 9","Biology","Chapter 7","7.4 FACTORS THAT AFFECT THE ACTIVITY OF ENZYMES","MCQ","Medium","1","Pepsin produce in:","پیپسن کہاں بنتا ہے؟","Oral cavity","Stomach","Large intestine","Small intestine","منھ میں","معدہ میں","لارج انٹسٹائن میں","سمال انٹسٹائن میں","B","Additional",""
"Punjab Board","Class 9","Biology","Chapter 7","7.5 ENZYME INHIBITION","MCQ","Medium","1","How does competitive inhibitor affect enzyme action?","مسابقتی مزاحم اینزائم کے کام پر کس طرح اثر ڈالتا ہے؟","Attaches with the substrate","Changes enzyme shape","Attaches and blocks the active site","Blocks the cofactors","سبسٹریٹ کا ساتھ جڑ جاتا ہے","اینزائم کی شکل تبدیل کرتا ہے","ایکٹو سائٹ کے ساتھ جڑ کر اسے بلاک کرتا ہے","کو فیکٹرز کو بلاک کرتا ہے","C","Exercise",""
"Punjab Board","Class 9","Biology","Chapter 7","7.5 ENZYME INHIBITION","MCQ","Medium","1","What is the phenomenon called when certain substances bind to enzymes and decrease their activity?","اس منظر کو کیا کہاجاتا ہےجب مخصوص مادے اینزائمز کے ساتھ جڑے ہیں اور اس کی سرگرمی کو روک دیتے ہیں:","Enzyme activation","Enzyme inhibition","Enzyme catalysis","Enzyme synthesis","اینزائمز ایکٹیویشن","اینزائمز کی مزاحمت","اینزائمز کیٹالسس","اینزائمز کی تیاری","B","Additional",""
"Punjab Board","Class 9","Biology","Chapter 7","7.5 ENZYME INHIBITION","MCQ","Medium","1","Which type of enzyme inhibition occurs when inhibitors resemble the enzyme's substrate?","اینزائمز کی مزاحمت کس قسم کی ہوتی ہے جب مزاحم اینزائمز کی سبسٹریٹ سے جڑتے ہیں۔","Competitive inhibition","Non-competitive inhibition","Allosteric inhibition","Irreversible inhibition","مسابقتی مزاحمت","غیر مسابقتی مزاحمت","اللوسڑک مزاحمت","اردبورسیبل مزاحمت","A","Additional",""
"Punjab Board","Class 9","Biology","Chapter 7","7.5 ENZYME INHIBITION","MCQ","Medium","1","What happens when a competitive inhibitor binds to the active site of an enzyme?","کیا ہوتا ہے جب ایک مسابقتی مزاحمت اینزائم کی ایکٹوسائٹ سے جڑتا ہے؟","It increases the enzyme's activity","It decreases the enzyme's activity","It blocks the substrate from attaching","It changes the enzyme's shape","یہ اینزائمز کی سرگرمی کو بڑھاتاہے","یہ اینزائمز کی سرگرمی کو کم کرتا ہے","یہ سبسٹریٹ کو جڑنے سے روکتا ہے۔","یہ اینزائمز کی شکل کو تبدیل کرتا ہے","C","Additional",""
"Punjab Board","Class 9","Biology","Chapter 7","7.5 ENZYME INHIBITION","MCQ","Medium","1","Which of the following is an example of a competitive inhibitor?","مندرجہ ذیل میں سے کونسا مسابقتی انہیٹرکی مثال ہے؟","Heavy metals like mercury","Certain antibiotics","Certain drugs used in cancer therapy","Enzyme cofactors","مرکری جیسی بھاری دھاتیں","کچھ اینٹی بائیوٹکس","کینسر کے علاج میں استعمال ہونےوالی کچھ دوائیں","اینزائم کوفیکٹرز","B","Additional",""
"Punjab Board","Class 9","Biology","Chapter 7","7.5 ENZYME INHIBITION","MCQ","Medium","1","What happens when a non-competitive inhibitor binds to an enzyme?","کیا ہوتا ہے جب ایک غیر مسابقتی انہیٹر ایک اینزائم سے بڑا ہوتا ہے؟","It changes the enzyme's shape and blocks the substrate","It increases the enzyme's activity","It decreases the enzyme's activity","It has no effect on the enzyme","یہ اینزائم کی شکل کو تبدیل کرتا ہے اور سبسٹریٹ کوروکتا ہے","یہ اینزائم کی سرگرمی کو بڑھاتا ہے","یہ اینزائم کی سرگرمی کو کم کرتاہے","اس کا اینزائم پر کوئی اثر نہیں ہوتا","A","Additional",""
"Punjab Board","Class 9","Biology","Chapter 7","7.5 ENZYME INHIBITION","MCQ","Medium","1","What is the name of the inhibitor that binds to the active site of an enzyme?","وہ مزاحم جواینزائم کی ایکٹوسائٹ پرآکرجُڑتا ہے، کیا کہلاتا ہے؟","Competitive interference","Non-Competitive interference","Both a and b","None of these","مسابقی مزاحم","غیرمسابقی مزاحم","A اور B دونوں","ان میں سے کوئی نہیں","A","Additional",""
"Punjab Board","Class 9","Biology","Chapter 7","7.5 ENZYME INHIBITION","MCQ","Medium","1","These are antibiotics:","اینٹی بایوٹکس ہوتی ہیں۔","Competitive interference","Non-Competitive interference","Oils","Nucleic acids","مسابقی مزاحم","غیرمسابقی مزاحم","چکنائیاں","نیوکلئیک ایسڈز","A","Additional",""
"Punjab Board","Class 9","Biology","Chapter 7","7.5 ENZYME INHIBITION","MCQ","Medium","1","An example of a non-competitive inhibition is:","غیر مسابقی مزاحم کی مثال ہے:","Antibiotics","Mercury","Toxic substances","Poison","اینٹی بایوٹکس","مرکری","زہریلے مادے","زہر","B","Additional",""
"Punjab Board","Class 9","Biology","Chapter 8","8.1 ATP: THE CELL'S ENERGY CURRENCY","MCQ","Medium","1","When we get energy from ATP, which bonds are broken?","جب ہم ATP سے توانائی لیتے ہیں تو اس کے کون سے بانڈز ٹوٹتے ہیں؟","P-P bonds","C-H bonds","C-N bonds","C-O bonds","P-P بانڈز","C-H بانڈز","C-N بانڈز","C-O بانڈز","A","Exercise",""
"Punjab Board","Class 9","Biology","Chapter 8","8.1 ATP: THE CELL'S ENERGY CURRENCY","MCQ","Medium","1","The major energy currency of all cells is:","سیل کی سب سے بڑی انرجی کرنسی ہے؟","ADP","ATP","AMP","P-bonds","اے ڈی پی","اے ٹی پی","اے ایم پی","پی بانڈز","B","Additional",""
"Punjab Board","Class 9","Biology","Chapter 8","8.1 ATP: THE CELL'S ENERGY CURRENCY","MCQ","Medium","1","There are ...... P-bonds in an ATP molecule:","اے ٹی پی مالیکیول میں p بانڈز ہوتے ہیں:","Three","Nine","Six","Four","تین","نو","چھ","چار","A","Additional",""
"Punjab Board","Class 9","Biology","Chapter 8","8.1 ATP: THE CELL'S ENERGY CURRENCY","MCQ","Medium","1","The study of energy transformations in living organisms is:","جانداروں میں توانائی کی تبدیلیوں کا مطالعہ ہے:","Cytology","Bioenergetics","Physiology","Taxonomy","سائٹولوجی","بائیوانرجیٹکس","فزیالوجی","ٹیکسونومی","B","Additional",""
"Punjab Board","Class 9","Biology","Chapter 8","8.1 ATP: THE CELL'S ENERGY CURRENCY","MCQ","Medium","1","The number of phosphate groups in an ATP molecule is:","ایک اے ٹی پی مالیکیول میں فاسفیٹ گروپس کی تعداد ہے:","2","3","4","5","","","","","B","Additional",""
"Punjab Board","Class 9","Biology","Chapter 8","8.1 ATP: THE CELL'S ENERGY CURRENCY","MCQ","Medium","1","Ribose is:","رائبوز ہے:","Three carbon sugar","Four carbon sugar","Five carbon sugar","Six carbon sugar","تین کاربن والی شوگر","چار کاربن والی شوگر","پانچ کاربن والی شوگر","چھ کاربن والی شوگر","C","Additional",""
"Punjab Board","Class 9","Biology","Chapter 8","8.1 ATP: THE CELL'S ENERGY CURRENCY","MCQ","Medium","1","Which sugar is included in ATP?","اے ٹی پی میں کون سی شوگر شامل ہوتی ہے؟","Glucose","Fructose","Ribose","Maltose","گلوکوز","فرکٹوز","رائبوز","مالٹوز","C","Additional",""
"Punjab Board","Class 9","Biology","Chapter 8","8.1 ATP: THE CELL'S ENERGY CURRENCY","MCQ","Medium","1","The number of ATP sub-units is:","اے ٹی پی کے سب یونٹس کی تعداد ہے:","2","3","4","5","","","","","B","Additional",""
"Punjab Board","Class 9","Biology","Chapter 8","8.1 ATP: THE CELL'S ENERGY CURRENCY","MCQ","Medium","1","What is the energy of the cell?","سیل کی توانائی کون سی ہے؟","FADH","Glucose","ATP","Mitochondria","FADH","گلوکوز","ATP","مائٹوکانڈریا","C","Additional",""
"Punjab Board","Class 9","Biology","Chapter 8","8.1 ATP: THE CELL'S ENERGY CURRENCY","MCQ","Medium","1","In the ATP molecule, there is a base consisting of nitrogen.","اے ٹی پی مالیکیول میں نائٹروجن پر مشتمل بیس ہوتا ہے:","Ribose","Adenine","Phosphate group","None","رائبوز","ایڈینین","فاسفیٹ گروپ","کوئی نہیں","B","Additional",""
"Punjab Board","Class 9","Biology","Chapter 8","8.1 ATP: THE CELL'S ENERGY CURRENCY","MCQ","Medium","1","What bonds are formed between the two phosphate groups in ATP?","اے ٹی پی میں دو فاسفیٹ گروپس کے درمیان کون سے بانڈز ہوتے ہیں؟","Covalent bonds","Ionic bonds","Both","None","کوویلنٹ بانڈز","آئیونک بانڈز","دونوں","کوئی نہیں","A","Additional",""
"Punjab Board","Class 9","Biology","Chapter 8","8.1 ATP: THE CELL'S ENERGY CURRENCY","MCQ","Medium","1","How many Pi are released when ATP is converted to ADP?","جب ATP, ADP میں تبدیل ہوتا ہت تو کتنے Pi خارج ہوتے ہیں؟","1","2","3","4","","","","","A","Additional",""
"Punjab Board","Class 9","Biology","Chapter 8","8.1 ATP: THE CELL'S ENERGY CURRENCY","MCQ","Medium","1","How many calories are released per mole when a phosphate bond breaks?","ایک فاسفیٹ بانڈ کے ٹوٹنے سے تقریباً کتنی کیلوریز فی مول توانائی خارج ہوتی ہے؟","7.2","7.3","3.7","2.7","","","","","B","Additional",""
"Punjab Board","Class 9","Biology","Chapter 8","8.1 ATP: THE CELL'S ENERGY CURRENCY","MCQ","Medium","1","The emission of electrons from a molecule is called:","کسی مالیکیول سے الیکٹرانز کا نکلنا کہلاتا ہے:","Redox reaction","Reduction","Oxidation","Transfer of electrons","ریڈوکس ری ایکشن","ریڈکشن","آکسیڈیشن","الیکٹران کی منتقلی","C","Additional",""
"Punjab Board","Class 9","Biology","Chapter 8","8.1 ATP: THE CELL'S ENERGY CURRENCY","MCQ","Medium","1","What is called the acquisition of electrons?","الیکٹرانز کا حاصل ہونا کیا کہلاتا ہے؟","Oxidation","Reduction","Redox reaction","All are correct","آکسڈیشن","ریڈکشن","ریڈوکس ری ایکشن","تمام درست ہیں","B","Additional",""
"Punjab Board","Class 9","Biology","Chapter 8","8.2 PHOTOSYNTHESIS","MCQ","Medium","1","Light reactions of photosynthesis occur in;","فوٹو سنتھی سیز کے لائٹ ری ایکشنز کہاں ہوتے ہیں؟","Plasma membrane of cell","Cytoplasm of cell","Stroma of chloroplasts","Thylakoids of chloroplasts","پلازما ممبرین","سائٹوپلازم","کلوروپلاسٹ کا سٹروما","کلوروپلاسٹ کے تھائلکیوائڈز","D","Exercise",""
"Punjab Board","Class 9","Biology","Chapter 8","8.2 PHOTOSYNTHESIS","MCQ","Medium","1","Which type of chlorophyll is most common in plants?","پودوں میں کلوروفل کی کون سی قسم سب سے زیادہ عام ہے؟","Chlorophyll a","Chlorophyll b","Chlorophyll c","Chlorophyll d","کلوروفل -A","کلوروفل -B","کلوروفل -C","کلوروفل -D","A","Exercise",""
"Punjab Board","Class 9","Biology","Chapter 8","8.2 PHOTOSYNTHESIS","MCQ","Medium","1","Which wavelengths of light are absorbed to maximum by chlorophylls?","کلوروفل روشنی کی کون سی ویو لینتھ کو سب سے زیادہ جذب کرتے ہیں؟","Green and blue","Green and red","Red and blue","Only green","سبز اور نیلی","سبز اور سرخ","سرخ اور نیلی","صرف سبز","C","Exercise",""
"Punjab Board","Class 9","Biology","Chapter 8","8.2 PHOTOSYNTHESIS","MCQ","Medium","1","Where do the dark reactions of photosynthesis occur?","فوٹو سنتھی سیز کے ڈارک ری ایکشنز کہاں ہوتے ہیں؟","Stroma of chloroplast","Thylakoids of chloroplast","Outer membrane","Cytoplasm","کلوروپلاسٹ کا سٹروما","کلوروپلاسٹ کے تھائل کلوائڈز","کلوروپلاسٹ کی بیرونی جھلی","سائٹو پلازم","A","Exercise",""
"Punjab Board","Class 9","Biology","Chapter 8","8.2 PHOTOSYNTHESIS","MCQ","Medium","1","Which molecule donates electrons in the light-dependent reactions of photosynthesis?","فوٹو سنتھی کے لائٹ ری ایکشنز میں کون سا مالیکیول الیکٹرونز دیتا ہے؟","NADPH","Water","Oxygen","Carbon dioxide","NADPH","پانی","آکسیجن","کابن ڈائی آکسائیڈ","B","Exercise",""
"Punjab Board","Class 9","Biology","Chapter 8","8.2 PHOTOSYNTHESIS","MCQ","Medium","1","The mechanism of ATP synthesis is:","اے ٹی پی کی تیاری کا میکانزم ہے:","Phosphorylation","Photosynthesis","Respiration","Glucose","فاسفوریلیشن","فوٹو سینتھی سیز","ریسپائریشن","گلوکوز","A","Additional",""
"Punjab Board","Class 9","Biology","Chapter 8","8.2 PHOTOSYNTHESIS","MCQ","Medium","1","What are the products of light reaction in photosynthesis?","فوٹو سیتھی سیز میں لائٹ ری ایکشن کی پروڈکٹس کیا ہیں؟","ATP, NADPH and oxygen","ATP and NADP","ATP, PGA and oxygen","PGA and oxygen","اے ٹی پی این اے ڈی پی ایچ اور آکسیجن","اے ٹی پی اور این اے ڈی پی","اے ٹی پی، پی جی اے اور آکسیجن","پی جی اے اور آکسیجن","A","Additional",""
"Punjab Board","Class 9","Biology","Chapter 8","8.2 PHOTOSYNTHESIS","MCQ","Medium","1","Which of the following processes if used by plants to make oxygen during the process of photosynthesis?","مندرجہ ذیل میں سے کونسا عمل پودے میں فوٹو سینتھی سیز کرنے کے عمل کے دوران آکسیجن بنانے کےلیے استعمال ہوتے ہیں؟","Intake of water","Intake of CO2","Photolysis of water","Calvin cycle","پانی کی مقدار","کاربن ڈائی آکسائیڈ کی مقدار","پانی کے فوٹو لائسز","کیلون سکیل","C","Additional",""
"Punjab Board","Class 9","Biology","Chapter 8","8.2 PHOTOSYNTHESIS","MCQ","Medium","1","A child left a carton on the lawn for two days. when the carton was picked up, the grass under it had turned yellow. what caused the grass to change colour?","ایک بچہ دو دن سے لان میں ایک کارٹن چھوڑ کرگیاجب کارٹن اٹھایا تو اس کے نیچے کی گھاس پیلی پڑ گئی،گھاس کا رنگ بدلنے کی وجہ کیا ہے؟","Lack of oxygen","Lack of carbon dioxide","Lack of light","Lack of water","آکسیجن کی کمی","کاربن ڈائی آکسائیڈ کی کمی","روشنی کی کمی","پانی کی کمی","C","Additional",""
"Punjab Board","Class 9","Biology","Chapter 8","8.2 PHOTOSYNTHESIS","MCQ","Medium","1","In which component of leaf cells, chlorophyll is present?","پتے کے سیلز کے کس حصے میں کلوروفل موجود ہے؟","Stroma","Thylakoid","Plasma membrane","Cytoplasm","سٹروما","تھیلاکائیڈ","پلازما ممبرین","سائٹو پلازم","B","Additional",""
"Punjab Board","Class 9","Biology","Chapter 8","8.2 PHOTOSYNTHESIS","MCQ","Medium","1","Which of the following is not a product of the light-dependent reactions of photosynthesis?","مندرجہ ذیل میں سے کون سا فوٹوسنتھیسز کے روشنی پر منحصر رد عمل کی پیداوار نہیں ہے؟","Oxygen","ATP","NADPH","Glucose","آکسیجن","اے ٹی پی","این اے ڈی پی ایچ","گلوکوز","D","Additional",""
"Punjab Board","Class 9","Biology","Chapter 8","8.2 PHOTOSYNTHESIS","MCQ","Medium","1","In which part of the plant cell does photosynthesis occur?","پودے کے سیل کے کس حصے میں فوٹو سینتھی سیز ہوتی ہے؟","Mitochondria","Nucleus","Ribosome","Chloroplast","مائٹوکونڈریا","نیو کلئیس","رائبوسوم","کلوروپلاسٹ","D","Additional",""
"Punjab Board","Class 9","Biology","Chapter 8","8.2 PHOTOSYNTHESIS","MCQ","Medium","1","Identify the raw meterial of the process of photosynthesis is:","فوٹوسینتھی سیز کے خام اجزاءہیں:","Sun Light","Carbon dioxide","Water","All of these","سورج کی روشنی","کاربن ڈائی آکسائیڈ","پانی","پہلے تمام","D","Additional",""
"Punjab Board","Class 9","Biology","Chapter 8","8.2 PHOTOSYNTHESIS","MCQ","Medium","1","Dark reactions was discovered by:","ڈارک ری ایکشنز کو کس نے دریافت کیا؟","Malvin Calvin","Abu Al Sina","Darwin","Jabir Bin Hayan","میلون کیلون","بوعلی سینا","ڈارون","جابربن حیان","A","Additional",""
"Punjab Board","Class 9","Biology","Chapter 8","8.2 PHOTOSYNTHESIS","MCQ","Medium","1","The substances that absorb the visible light called:","وہ مادے جوروشنی کو جذب کرتے ہیں کہلاتے ہیں:","Pigments","Resins","Dye","Photocell","پگمنٹس","ریزنز","ڈائی","فوٹوسیل","A","Additional",""
"Punjab Board","Class 9","Biology","Chapter 8","8.2 PHOTOSYNTHESIS","MCQ","Medium","1","The main pigment of plants is:","پودوں کا مرکزی پگمنٹ ہے:","Carotenoids","Chlorophyll-b","Chlorophyll-a","All of these","کیروٹینائنڈ","کلوروفل-b","کلوروفل-a","پہلے تمام","C","Additional",""
"Punjab Board","Class 9","Biology","Chapter 8","8.2 PHOTOSYNTHESIS","MCQ","Medium","1","How much light absorbed by plant leaf?","پتے پر پڑنے والی روشنی کا کتنا فیصد جذب ہوتا ہے؟","01%","02%","03%","04%","","","","","A","Additional",""
"Punjab Board","Class 9","Biology","Chapter 8","8.3 CELLULAR RESPIRATION","MCQ","Medium","1","When yeast ferments glucose, the products are;","جب ییسٹ گلوکوز کی فرمنٹیشن کرتا ہے تو، مصنوعات بنتی ہیں؟","Alcohol and CO2","Alcohol and water","Lactic acid","CO2 and H2O","الکوحل اور کاربن ڈائی آکسائیڈ","الکوحل اور پانی","لیکٹک ایسڈ","کاربن ڈائی آکسائیڈ اور H2O","A","Exercise",""
"Punjab Board","Class 9","Biology","Chapter 8","8.3 CELLULAR RESPIRATION","MCQ","Medium","1","Which process in aerobic respiration produces the most ATP?","ایروبک ریسپریشن میں کون سا عمل سب سے زیادہ اے ٹی پی پیدا کرتا ہے؟","Glycolysis","Krebs cycle","Electron transport chain","Fermentation","گلائکولائیسز","کریبز سائیکل","الیکٹرون ٹرانسپورٹ چین","فرمنٹیشن","C","Exercise",""
"Punjab Board","Class 9","Biology","Chapter 8","8.3 CELLULAR RESPIRATION","MCQ","Medium","1","How many ATP molecules are the net profit from one glucose molecule during anaerobic respiration?","این ایروبک ریسپریشن کے دوران ایک گلوکوز مالیکیول سے کتنے اے ٹی پی مالیکیول بطور خالص منافع حاصل ہوتے ہیں؟","2","4","12","36","","","","","A","Exercise",""
"Punjab Board","Class 9","Biology","Chapter 8","8.3 CELLULAR RESPIRATION","MCQ","Medium","1","What is a common byproduct of anaerobic respiration in animal cells?","جانوروں کے سیلز میں این ایروبک ریسپریشن کا ایک عام بائی پراڈکٹ کون سا ہے؟","Oxygen","Water","Lactic acid","Carbon dioxide","آکسیجن","پانی","لیکٹک ایسڈ","کاربن ڈائی آکسائیڈ","C","Exercise",""
"Punjab Board","Class 9","Biology","Chapter 8","8.3 CELLULAR RESPIRATION","MCQ","Medium","1","Glycolysis is the breakdown of:","گلائکو لائسز میں توڑا جاتا ہے:","Fructose","Glucose","Lactose","Maltose","فریکٹوز","گلوکوز","لیکٹوس","مالٹوز","B","Additional",""
"Punjab Board","Class 9","Biology","Chapter 8","8.3 CELLULAR RESPIRATION","MCQ","Medium","1","In aerobic respiration pyruvic acid changes to:","ایروبک ریسپائریشن میں پائی رووک ایسڈ تبدیل ہوتا ہے:","Glucose","Fructose","Acetyl CoA","Citric acid","گلوکوز","فریکٹوز","ایسٹائل CoA","سائٹرک ایسڈ","C","Additional",""
"Punjab Board","Class 9","Biology","Chapter 8","8.3 CELLULAR RESPIRATION","MCQ","Medium","1","Which of these uses oxygen as the final acceptor?","ان میں سے کونسی آکسیجن کو حتمی قبول کنندہ کے طور پراستعمال کرتا ہے؟","Glycolysis","Electron transport chain","Krebs cycle","Photosynthesis","گلائکولیسس","الیکٹرون ٹرانسپورٹ چین","کربس سائیکل","فوٹو سینتھی سیز","B","Additional",""
"Punjab Board","Class 9","Biology","Chapter 8","8.3 CELLULAR RESPIRATION","MCQ","Medium","1","Which of these produces carbon dioxide?","ان میں سے کون کاربن ڈائی آکسائیڈ پیدا کرتا ہے؟","Krebs cycle","Electron transport chain","Glycolysis","Photosynthesis","کربس سائیکل","الیکٹرون ٹرانسپورٹ چین","گلائکولائسز","فوٹو سینتھی سیز","A","Additional",""
"Punjab Board","Class 9","Biology","Chapter 8","8.3 CELLULAR RESPIRATION","MCQ","Medium","1","Which of these can enter into Krebs cycle?","ان میں سے کون کربس سائیکل میں داخل ہوسکتا ہے؟","Glucose","Pyruvic acid","Citric acid","Acetyl CoA","گلوکوز","پائروک ایسڈ","سائٹرک ایسڈ","Acetyl CoA","D","Additional",""
"Punjab Board","Class 9","Biology","Chapter 8","8.3 CELLULAR RESPIRATION","MCQ","Medium","1","Alcholic fermentation occurs in:","الکحلک فرمنٹیشن پائی جاتی ہے:","Bacteria","Yeast","Man","Bacteria and yeast","بیکٹیریا","ییسٹ","آدمی","بیکٹیریا اور ییسٹ","D","Additional",""
"Punjab Board","Class 9","Biology","Chapter 8","8.3 CELLULAR RESPIRATION","MCQ","Medium","1","Lactic acid fermentation occurs in:","لیکٹک ایسڈ فرمنٹیشن ہوتی ہے:","Protozoans","Skeletal muscles of humans","Aerobes","Yeasts","پروٹوزوز","انسانوں کے سکیلٹل مسلز","ایروبز","ییسٹ","B","Additional",""
"Punjab Board","Class 9","Biology","Chapter 8","8.3 CELLULAR RESPIRATION","MCQ","Medium","1","After strenuous exercise you get tired because skeletal muscles accumulate:","سخت ورزش کے بعد آپ تھک جاتے ہیں کیونکہ سکیلٹیل مسلز جمع کرتے ہیں:","Lactic acid only","Ethyl alcohol","Lactic acid and CO2","Ethyl alcohol and CO2","صرف لیکٹک ایسڈ","ایتھائل الکحل","لیکٹک ایسڈ اور کاربن ڈائی آکسائیڈ","ایتھل الکحل اور کاربن دائی آکسائیڈ","A","Additional",""
"Punjab Board","Class 9","Biology","Chapter 8","8.3 CELLULAR RESPIRATION","MCQ","Medium","1","Where does the Krebs cycle occur in a cell?","سیل میں کربیز سائیکل کہاں ہوتا ہے؟","Nucleus","Mitochondria","Chlorophyll","Ribosome","نیوکلئیس","مائٹو کنڈریا","کلوروفائل","رائبو سومز","B","Additional",""
"Punjab Board","Class 9","Biology","Chapter 8","8.3 CELLULAR RESPIRATION","MCQ","Medium","1","Types of cellular respiration are:","سیلولرریسپیریشن کی اقسام کتنی ہیں؟","2","3","4","5","","","","","A","Additional",""
"Punjab Board","Class 9","Biology","Chapter 8","8.3 CELLULAR RESPIRATION","MCQ","Medium","1","How many molecules of pyruvic acids are produce in cellular respiration?","سیلولرریسپیریشن میں پائی رووک ایسڈ کے کتنے مالیکیول بنتے ہیں؟","2","3","4","5","","","","","A","Additional",""
"Punjab Board","Class 9","Biology","Chapter 8","8.3 CELLULAR RESPIRATION","MCQ","Medium","1","Which one of the following is main purpose of fermentation?","فرمنٹیشن کا اصل مقصد ہے؟","To produce oxygen","To produce energy","To synthesize protein","All of the above","آکسیجن بنانا","توانائی پیدا کرنا","پروٹین بنانا","یہ سب","B","Additional",""
"Punjab Board","Class 9","Biology","Chapter 8","8.3 CELLULAR RESPIRATION","MCQ","Medium","1","Identify the organism used for making cheese and yogurt:","دہی اور پنیر بنانے کے لیے استعمال ہونے والے جاندار کی شناخت کریں:","Bacteria","Fungus","Algae","Viruses","بیکٹیریا","فنجائی","الجی","وائرس","A","Additional",""
"Punjab Board","Class 9","Biology","Chapter 8","8.3 CELLULAR RESPIRATION","MCQ","Medium","1","Soy sauce is made through the fermentation by a:","سویا ساس کس جاندار کے ذریعے فرمنٹیشن سے بنتی ہے؟","Bacteria","Fungus","Algae","Virus","بیکٹیریا","فنگس","الجی","وائرس","B","Additional",""
"Punjab Board","Class 9","Biology","Chapter 8","8.3 CELLULAR RESPIRATION","MCQ","Medium","1","Break down of glucose in first step of respiration called:","سیلولر ریسپیریشن کے پہلے مرحلے میں گلوکوز کا ٹوٹنا کیا کہلاتا ہے؟","Electrolysis","Hydrolysis","Glycolysis","All of the above","الیکٹرولائسز","ہائڈرولائسز","گلائکولائسز","مذکورہ تمام","C","Additional",""
"Punjab Board","Class 9","Biology","Chapter 9","9.1 NUTRITION IN PLANTS","MCQ","Medium","1","Which of the following plant nutrients is required in large amount?","پودے کے مندرجہ ذیل نیوٹرنٹس میں کون سا بڑی مقدار میں ضروری ہے؟","Iron","Zinc","Potassium","Boron","آئرن","زنک","پوٹاشیم","بورون","C","Exercise",""
"Punjab Board","Class 9","Biology","Chapter 9","9.1 NUTRITION IN PLANTS","MCQ","Medium","1","Which element is required by plants for the formation of chlorophyll?","کلوروفل بنانے کےلیے پودوں کو کون سا ایلیمنٹ درکار ہوتا ہے؟","Phosphorus","Calcium","Magnesium","Sulphur","فاسفورس","کیلشیم","میگنیشیم","سلفر","C","Exercise",""
"Punjab Board","Class 9","Biology","Chapter 9","9.1 NUTRITION IN PLANTS","MCQ","Medium","1","From which process plants get their food:","کس عمل سے پودے اپنی خوراک حاصل کرتے ہیں؟","Respiration","Photosynthesis","Oxidation","Gaseous Exchange","ریسپائریشن","فوٹوسینتھی سیز","آکسیڈیشن","گیسوں کا تبادلہ","B","Additional",""
"Punjab Board","Class 9","Biology","Chapter 9","9.1 NUTRITION IN PLANTS","MCQ","Medium","1","Which of the following is the example of autotrophic organisms:","مندرجہ ذیل میں سے کونسی آٹوٹروفک جانداروں کی مثال ہے؟","Algae","Plants","Bacteria","All of these","الجی","پودے","بیکٹیریا","یہ تمام","D","Additional",""
"Punjab Board","Class 9","Biology","Chapter 9","9.1 NUTRITION IN PLANTS","MCQ","Medium","1","Which of the following is the example of macro nutrients:","مندرجہ ذیل میں سے میکرونیوٹرینٹس کی مثال ہے:","Calcium","Zinc","Chlorine","Boron","کیلشیم","زنک","کلورین","بورون","A","Additional",""
"Punjab Board","Class 9","Biology","Chapter 9","9.1 NUTRITION IN PLANTS","MCQ","Medium","1","Which macro nutrients regulate the opening and closing of stomata:","کونسے مائیکرونیوٹرینٹس سٹومیٹا کے کھلنے اور بند ہونےکو منظم کرتے ہیں:","Potassium","Calcium","Sulphur","Oxygen","پوٹاشیم","کیلشیم","سلفر","آکسیجن","A","Additional",""
"Punjab Board","Class 9","Biology","Chapter 9","9.1 NUTRITION IN PLANTS","MCQ","Medium","1","Which micro nutrient is necessary for photosynthesis:","کونسا مائیکرونیوٹرینٹ فوٹوسینتھی کے لیے ضروری ہے:","Boron","Chlorine","Iron","Copper","بورون","کلورین","آئرن","کاپر","C","Additional",""
"Punjab Board","Class 9","Biology","Chapter 9","9.1 NUTRITION IN PLANTS","MCQ","Medium","1","The part of chlorophyll ......:","کلوروفل کا حصہ......:","Magnesium","Copper","Zinc","Oxygen","میگنیشم","کاپر","زنک","آکسیجن","A","Additional",""
"Punjab Board","Class 9","Biology","Chapter 9","9.1 NUTRITION IN PLANTS","MCQ","Medium","1","Which nutrient helps in fruit formation and germination of seeds:","کونسا نیوٹریئٹ پھل بنانے کوبیجوں کے لگنے میں مدد کرتا ہے:","Oxygen","Copper","Iron","Magnesium","آکسیجن","کاپر","آئرن","میگنشیم","D","Additional",""
"Punjab Board","Class 9","Biology","Chapter 9","9.1 NUTRITION IN PLANTS","MCQ","Medium","1","Which of the following elements are micronutrients for plants?","مندرجہ ذیل میں سے کونسے عناصر پودوں کے مائیکرونیوٹرینٹس ہیں:","Nitrogen","Zinc","Carbon","Phosphorus","نائٹروجن","زنک","کاربن","فاسفورس","B","Additional",""
"Punjab Board","Class 9","Biology","Chapter 9","9.1 NUTRITION IN PLANTS","MCQ","Medium","1","What roles does magnesium play in plants?","پودوں میں میگنیشیم کا کردار ہے؟","Aids in water transport","Is a component of chlorophyll","Promotes early root formation","Involved in enzyme functions","پانی کی ٹرانسپوڑٹ کا ذمہ دار ہے","کلوروفل کا حصہ ہے","جڑ بنانے میں اضافہ کرتا ہے","اینزائم کے فعل میں شامل ہے","B","Additional",""
"Punjab Board","Class 9","Biology","Chapter 9","9.1 NUTRITION IN PLANTS","MCQ","Medium","1","Which of the following is a component of proteins, chlorophyll, and enzymes?","درج ذیل میں سے کون سا پروٹینز،کلوروفل اور اینزائمزکا جزو ہے؟","Nitrogen","Zinc","Iron","Aluminum","نائٹروجن","زنک","آئرن","ایلومینیم","A","Additional",""
"Punjab Board","Class 9","Biology","Chapter 9","9.1 NUTRITION IN PLANTS","MCQ","Medium","1","Which of the following is not a macronutrient?","درج ذیل میں سے کون سا میکرنیوٹرینٹ نہیں ہے؟","Oxygen","Nitrogen","Sulphur","Iron","آکسیجن","نائٹرجن","سلفر","آئرن","D","Additional",""
"Punjab Board","Class 9","Biology","Chapter 9","9.1 NUTRITION IN PLANTS","MCQ","Medium","1","Macronutrient essential for plant growth is:","پودوں کی نشوونما کے لیے لازمی میکرونیوٹرینٹ ہے:","Boron","Copper","Nitrogen","Manganese","بورون","کاپر","نائٹروجن","میگنیشیم","C","Additional",""
"Punjab Board","Class 9","Biology","Chapter 9","9.2 TRANSPORT IN PLANTS","MCQ","Medium","1","The primary function of root hairs is:","روٹ ہیئرز کا بنیادی کام ہے:","Transport of nutrients","Storage of food","Increase surface area for absorption","Synthesis of proteins","نیوٹرینٹس کی ٹرانسپورٹ کرنا","خوراک کا ذخیرہ کرنا","پانی جذب کرنے کےلیے سطح کے رقبے میں اضافہ","پروٹینز کی تیاری","C","Exercise",""
"Punjab Board","Class 9","Biology","Chapter 9","9.2 TRANSPORT IN PLANTS","MCQ","Medium","1","Root hairs absorb salts from soil by;","روٹ ہیئر مٹی سے نمکیات کیسے جذب کرتے ہیں؟","Diffusion","Osmosis","Active transport","Filtration","ڈفیوژن","اوسموس","ایکٹوٹرانسپورٹ","فلٹریشن","C","Exercise",""
"Punjab Board","Class 9","Biology","Chapter 9","9.2 TRANSPORT IN PLANTS","MCQ","Medium","1","Water moves from the soil into root cells by:","پانی مٹی سے جڑ کے سیلز میں کیسے منتقل ہوتا ہے؟","Osmosis","Active transport","Diffusion","Bulk flow","اوسموس","ایکٹیوٹرانسپورٹ","ڈفیوژن","بڑے پیمانے پر بہاؤ","A","Exercise",""
"Punjab Board","Class 9","Biology","Chapter 9","9.2 TRANSPORT IN PLANTS","MCQ","Medium","1","Xylem is responsible for the transport of ......:","زائیلم کی نقل وحمل کےلیے ضروری ہے:","Water","Salts","Minerals","Water and salts","پانی","نمکیات","منرلز","پانی اور نمکیات","D","Additional",""
"Punjab Board","Class 9","Biology","Chapter 9","9.2 TRANSPORT IN PLANTS","MCQ","Medium","1","Which of the following is responsible for the transport of food:","مندرجہ ذیل میں سے خوراک کی ٹرانسپورٹ کا ذمہ دار ہے:","Xylem","Calcium","Phloem","Magnesium","زائلم","کیلشیم","فلوئم","میگنیشیم","C","Additional",""
"Punjab Board","Class 9","Biology","Chapter 9","9.2 TRANSPORT IN PLANTS","MCQ","Medium","1","Movement of molecules from an area of higher concentration to an area of lower concentration is called ......:","مالیکیولز کا زیادہ ارتکاز والے علاقہ سے کم ارتکاز والے علاقے کی طرف جانا......کہلاتاہے؟","Osmosis","Transpiration","Respiration","Diffusion","اوسموسز","ٹرانسپائریشن","ریسپائریشن","ڈیفیوژن","D","Additional",""
"Punjab Board","Class 9","Biology","Chapter 9","9.2 TRANSPORT IN PLANTS","MCQ","Medium","1","In organisms, the diffusion of molecules is of ...... types:","جانداروں میں،مالیکیولزکی ڈیفیوژن کی ......اقسام ہیں۔","Two","Three","Four","Five","دو","تین","چار","پانچ","A","Additional",""
"Punjab Board","Class 9","Biology","Chapter 9","9.2 TRANSPORT IN PLANTS","MCQ","Medium","1","Water moves from ......:","پانی حرکت کرتا ہے:","Epidermis to cortex","Cortex to epidermis","Lower concentration to higher concentration","Higher concentration to lower concentration","ایپی ڈرمس سے کارٹیکس","کارٹیکس سے ایپی ڈرمس","کم ارتکاز سے زیادہ","زیادہ سے کم ارتکاز کی طرف","D","Additional",""
"Punjab Board","Class 9","Biology","Chapter 9","9.2 TRANSPORT IN PLANTS","MCQ","Medium","1","Which of the following is the innermost boundary of cortex:","مندرجہ ذیل میں سے کارٹیکس کے سب سے اندرونی طرف تہہ ہے؟","Endodermis","Cortex","Pericycle","Xylem","اینڈوڈرمس","کارٹیکس","پیری سائیکل","زائلم","A","Additional",""
"Punjab Board","Class 9","Biology","Chapter 9","9.2 TRANSPORT IN PLANTS","MCQ","Medium","1","Xylem and Phloem collectively called ......:","زائلم کو فلوئم میں مجموعی طور پر کہا جاتا ہے......؟","Pericycle","Endodermis","Vascular bundle","Epidermis","پیری سائیکل","اینڈوڈرمس","ویسکولربنڈل","ایپی ڈرمس","C","Additional",""
"Punjab Board","Class 9","Biology","Chapter 9","9.2 TRANSPORT IN PLANTS","MCQ","Medium","1","Absorption of water molecules through root hairs is due to:","روٹ ہیئرز کے ذریعے پانی کے مالیکیولز کا جذب ہوناوجہ سے ہے۔","Active transport","Diffusion","Osmosis","Pressure flow","ایکٹوٹرانسپورٹ","ڈیفیوژن","اوسموسس","پریشرفلو","C","Additional",""
"Punjab Board","Class 9","Biology","Chapter 9","9.2 TRANSPORT IN PLANTS","MCQ","Medium","1","When you suck a cold drink using drinking straw. It resembles with:","جب آپ پائپ کو استعمال کرتے ہوئے کولڈڈرنک پیتے ہیں۔یہ مشابہت رکھتا ہے۔","Diffusion","Flow of material in xylem","Flow of material in phloem","Root pressure","ڈیفیوژن","زائیلم میں میٹریل کا بہاؤ","فلوئم میں میٹریل کا بہاؤ","روٹ پریشر","B","Additional",""
"Punjab Board","Class 9","Biology","Chapter 9","9.2 TRANSPORT IN PLANTS","MCQ","Medium","1","Which component is not the part of the plant's vascular system?","کونسا جزوپودوں کے ویسکولرسسٹم کا حصہ نہیں ہے؟","Xylem","Phloem","Root hairs","Stomata","زائیلم","فلوئم","روت ہییئرز","سٹومٹا","D","Additional",""
"Punjab Board","Class 9","Biology","Chapter 9","9.2 TRANSPORT IN PLANTS","MCQ","Medium","1","Where plants prepare food?","پودےخوراک کہاں تیارکرتے ہیں؟","Roots","Stem","Leaves","All of these","جڑوں میں","تنا میں","پتے میں","پہلے تمام","C","Additional",""
"Punjab Board","Class 9","Biology","Chapter 9","9.2 TRANSPORT IN PLANTS","MCQ","Medium","1","In Roots zone of cells inside the epidermis is:","ایپی ڈرمس کے بالکل نیچے سیلز کا چوڑاعلاقہ ہوتا ہے:","Endoderm","Cortex","Xylem","Phloem","اینڈوڈرمس","کارٹیکس","زائیلم","فلوئم","B","Additional",""
"Punjab Board","Class 9","Biology","Chapter 9","9.3 TRANSPIRATION","MCQ","Medium","1","The transpiration is regulated by:","ٹرانسپائریشن کو کس کے ذریعے کنٹرول کیاجاتا ہے؟","Mesophyll","Guard cells","Xylem","Phloem","میزوفل","گارڈ سیلز","زائیلم","فلوئم","B","Exercise",""
"Punjab Board","Class 9","Biology","Chapter 9","9.3 TRANSPIRATION","MCQ","Medium","1","Under which condition, there will be high rate of transpiration?","کس حالت میں ٹرانسپائریشن کی رفتار زیادہ ہوگی؟","High humidity","Low light intensity","Wind","Waterlogged soil","زیادہ نمی","روشنی کی کم شدت","حرکت کرتی ہوا","پانی سے بھری مٹی","C","Exercise",""
"Punjab Board","Class 9","Biology","Chapter 9","9.3 TRANSPIRATION","MCQ","Medium","1","Which ion plays a role in the opening of Stomata?","سٹومیٹا کے کھولنے میں کون سا آئن کردار ادا کرتا ہے؟","Sodium (Na+)","Potassium (K+)","Calcium (Ca2+)","Magnesium (Mg2+)","سوڈیم","پوٹاشیم","کیلشیم","میگنیشیم","B","Exercise",""
"Punjab Board","Class 9","Biology","Chapter 9","9.3 TRANSPIRATION","MCQ","Medium","1","The loss of water in the form of vapours from plant surface is called ......:","پودوں کی سطح سے بخارات کی صورت میں پانی کے ضیاع کو کہتےہیں؟","Respiration","Transpiration","Diffusion","Osmosis","ریسپائرشن","ٹرانسپائریشن","ڈیفیوژن","اوسموسس","B","Additional",""
"Punjab Board","Class 9","Biology","Chapter 9","9.3 TRANSPIRATION","MCQ","Medium","1","Which one factor is not affecting the rate of transpiration:","کونسا ایک عنصر ٹراسپائریشن کی رفتار پراثر انداز نہیں ہوتا؟","Temperature","Wind","Water","Humidity","ٹمپریچر","ہوا","پانی","ہوامیں نمی","C","Additional",""
"Punjab Board","Class 9","Biology","Chapter 9","9.3 TRANSPIRATION","MCQ","Medium","1","The rate of transpiration is increased when:","ٹرانسپائریشن کی رفتار بڑھتی ہے جب:","Light is low","Temperature decreases","Humidity increase","None of these","روشنی کم ہوتی ہے","ٹمپریچر کم ہوتا ہے","نمی بڑھتی ہے","ان میں سے کوئی بھی نہیں","D","Additional",""
"Punjab Board","Class 9","Biology","Chapter 9","9.3 TRANSPIRATION","MCQ","Medium","1","What are the roles of stomata in plants?","پودوں میں سٹومیٹا کا کیا کردار ہے؟","Gaseous exchange","Water absorption","Transpiration","Nutrient uptake","گیسوں کا تبادلہ","پانی کا ا نجذاب","ٹرانسپائریشن","غذائی اجزاء کا اخراج","A","Additional",""
"Punjab Board","Class 9","Biology","Chapter 9","9.3 TRANSPIRATION","MCQ","Medium","1","Which of the following are not types of transpiration?","مندرجہ ذیل میں سے ٹرانسپائریشن کی اقسام نہیں ہے:","Stomata","Cuticular","Lenticular","Root","سٹومیٹا","کیوٹیکولر","لینٹیکولر","جڑ","D","Additional",""
"Punjab Board","Class 9","Biology","Chapter 9","9.3 TRANSPIRATION","MCQ","Medium","1","Each stomata guarded by:","سٹومیٹا کے اردگرد کیا پائے جاتے ہیں:","Mesophyll cells","Guard cells","Xylem","Phloem","میزوفل سیلز","گارڈسیلز","زائیلم","فلوئم","B","Additional",""
"Punjab Board","Class 9","Biology","Chapter 9","9.3 TRANSPIRATION","MCQ","Medium","1","How many guard cells covered a stomata?","ایک سٹومیٹا کے اردگردکتنے گارڈسیلز ہوتے ہیں؟","2","3","4","5","","","","","A","Additional",""
"Punjab Board","Class 9","Biology","Chapter 9","9.3 TRANSPIRATION","MCQ","Medium","1","When Stomata remain open?","سٹومیٹا کب کھلا رہتا ہے:","When guard cells remains turgid","When guard cell become soft","When there is no water is guard cells","None of these","جب گارڈسیلز ٹرجڈہوں","جب گارڈسیلز نرم ہوجائیں","A اور B دونوں","ان میں سے کوئی نہیں","A","Additional",""
"Punjab Board","Class 9","Biology","Chapter 9","9.3 TRANSPIRATION","MCQ","Medium","1","Identify the factor that effect the rate of transpiration?","کون سا عمل ٹرانسپائریشن کی رفتارکو متاثر کرتا ہے؟","Temperature","Wind","Humidity","All of these","درجہ حرارت","ہوا","نمی","پہلے تمام","D","Additional",""
"Punjab Board","Class 9","Biology","Chapter 9","9.3 TRANSPIRATION","MCQ","Medium","1","Stomata are present:","سٹومیٹا موجود ہوتے ہیں:","Lower surface of leaves","Stoms of plants","In Roots","In petals of flowers","پتون کی نچلی سطح پر","پودوں کے تنوں میں","جڑوں میں","پھولوں کی پتیوں میں","A","Additional",""
"Punjab Board","Class 9","Biology","Chapter 9","9.4 TRANSPORT OF WATER AND SALTS IN PLANTS","MCQ","Medium","1","Which part of plant cannot push the absorbed water and salts to the leaves of plant:","مندرجہ ذیل میں سے کونسا حصہ جذب شدہ پانی اور نمکیات کو پودے کی پتوں تک نہیں پہنچا سکتا:","Shoot","Leaves","Branches","Root","شوٹ","پتے","شاخیں","جڑ","D","Additional",""
"Punjab Board","Class 9","Biology","Chapter 9","9.4 TRANSPORT OF WATER AND SALTS IN PLANTS","MCQ","Medium","1","Most of the uptake of water and mineral from soil takes place through:","مٹی سے پانی اور معدنیات کا زیادہ تر اخراج اس کے ذریعے ہوتاہے؟","Epidermal cells","Root cap","Root","Root hair","ایپی ڈرمل سیلز","روٹ کیپ","روٹ","روٹ ہیئر","D","Additional",""
"Punjab Board","Class 9","Biology","Chapter 9","9.4 TRANSPORT OF WATER AND SALTS IN PLANTS","MCQ","Medium","1","Which of the following is not function of roots in plants?","مندرجہ ذیل میں سے پودوں میں جڑوں کا کام نہیں ہے؟","Absorption of water","Photosynthesis","Anchor the plant","Nutrient absorption","پانی کا انجذاب","فوٹوسینتھی سیز","پودوں کو اس کی جگہ پر گاڑھے رکھنا","غذائی اجزاء کا انجذاب","B","Additional",""
"Punjab Board","Class 9","Biology","Chapter 9","9.4 TRANSPORT OF WATER AND SALTS IN PLANTS","MCQ","Medium","1","Which process is not involved in water transport in plants?","پودوں میں پانی کی نقل وحمل میں کونسا عمل شامل نہیں ہے؟","Transpiration","Photosynthesis","Root pressure","Capillary action","ٹرانسپائریشن","فوٹوسینتھی سیز","روٹ پریشر","کیپلیری ایکشن","B","Additional",""
"Punjab Board","Class 9","Biology","Chapter 9","9.4 TRANSPORT OF WATER AND SALTS IN PLANTS","MCQ","Medium","1","The absorbed water reaches from the roots to the leaves:","جذب شدہ پانی جڑوں سے پتوں تک پہنچتا:","Tragedy","Transpirational","Evaporation","Condensation","ٹرجڈی سے","ٹانسپائریشنل سے","ایویپوریشن سے","کنڈنسیشن سے","B","Additional",""
"Punjab Board","Class 9","Biology","Chapter 9","9.4 TRANSPORT OF WATER AND SALTS IN PLANTS","MCQ","Medium","1","Contiunous water column is created in xylem due to:","زائیلم میں پانی کا مسلسل کالم بنتا ہے:","Force of attraction among water molecules","Narrow diameter of xylem vessels","Force of water molecules with walls of xylem vessels","All of these","پانی کے مالیکیولز کے درمیان کشش کی قوت سے","زائلم ویسلزکے تنگ ڈایامیٹر کی وجہ سے","پانی کےمالیکیولز کی زائلم کی دیواروں سے چپکنے کی قوت سے","ان سب کی وجہ سے","D","Additional",""
"Punjab Board","Class 9","Biology","Chapter 9","9.5 TRANSLOCATION OF FOOD IN PLANTS","MCQ","Medium","1","In most plants the food is transported in the form of:","زیادہ تر پودوں میں خوراک کو کون سی شکل میں ٹرانسپورٹ کیا جاتا ہے؟","Glucose","Sucrose","Starch","Maltose","گلوکوز","سکروز","سٹارچ","مالٹوز","B","Exercise",""
"Punjab Board","Class 9","Biology","Chapter 9","9.5 TRANSLOCATION OF FOOD IN PLANTS","MCQ","Medium","1","What is TRUE according to the pressure flow mechanism of food transport?","خوراک کی ٹرانسپورٹ کے پریشر فلو میکانزم کے مطابق کیا درست ہے؟","Water enters the source, creating pressure","Water is pulled from the sink","Movement of food in phloem is due to gravity","Solutes move from low to high concentration","پانی ماخذ میں داخل ہوتا ہے، جس سے پریشر پیدا ہوتا ہے","سنک سے پانی نکالا جاتا ہے","فلوئم میں خوراک کی نقل و حرکت کشش ثقل کی وجہ سے ہوتی ہے","سولیوٹ کم سے زیادہ ارتکاز کی طرف منتقل ہوتے ہیں","A","Exercise",""
"Punjab Board","Class 9","Biology","Chapter 9","9.5 TRANSLOCATION OF FOOD IN PLANTS","MCQ","Medium","1","Which of the following is two-way passage of food:","مندرجہ ذیل میں سے خوراک کے لیے دو طرفہ راستہ ہے:","Xylem","Phloem","Epidermis","Cortex","زائیلم","فلوئم","ایپی ڈرمس","کارٹیکس","B","Additional",""
"Punjab Board","Class 9","Biology","Chapter 9","9.5 TRANSLOCATION OF FOOD IN PLANTS","MCQ","Medium","1","Sucrose enters the sieve tubes of phloem by ......:","سکروز فلوئم کی سیوٹیوبز میں ...... کے ذریعے داخل ہوتا ہے؟","Passive transport","Osmosis","Diffusion","Active transport","پیسوٹرانسپورٹ","اوسموسس","ڈیفیوژن","ایکٹوٹرانسپورٹ","D","Additional",""
"Punjab Board","Class 9","Biology","Chapter 9","9.5 TRANSLOCATION OF FOOD IN PLANTS","MCQ","Medium","1","The sugar moves through phloem is mostly in the form of:","شوگر فلوئم کے ذریعے حرکت کرتی ہےزیادہ تر شکل میں ہوتی ہے:","Glucose","Sucrose","Maltose","Lactose","گلوکوز","سکروز","مالٹوز","لیکٹوز","B","Additional",""
"Punjab Board","Class 9","Biology","Chapter 9","9.5 TRANSLOCATION OF FOOD IN PLANTS","MCQ","Medium","1","What is the role of companion cells in the translocation process?","خوراک کی منتقلی کے عمل کمپینئن سیلز کا کیا کردار ہے؟","They store excess solutes in the phloem","They help regular water potential in the xylem","They actively transport sugar into the phloem's sieve tube elements","They assist in the absorption of water by roots","یہ فلوئم میں اضافی سولیوٹس جمع کرتے ہیں","یہ زائیلم میں پانی کی باقاعدہ صلاحیت میں مدد کرتے ہیں","یہ فعال طور پر شوگر کو فلوئم کی سیوٹیوب میں ٹرانسپورٹ کرتے ہیں","یہ جڑوں کے ذریعے پانی کے انجذاب میں مدد کرتے ہیں","C","Additional",""
"Punjab Board","Class 9","Biology","Chapter 9","9.5 TRANSLOCATION OF FOOD IN PLANTS","MCQ","Medium","1","What drives the translocation of organic solutes in plants?","پودوں مین آرگینک سولیوٹس کی نقل و حمل کی کیا وجہ ہے؟","Difference in sugar concentration","Difference in leaf size","Difference in root structure","Difference in stem length","شوگر کی کیسٹریشن میں فرق","پتے کے سائز میں فرق","جڑ کی ساخت میں فرق","تنے کی لمبائی میں فرق","A","Additional",""
"Punjab Board","Class 9","Biology","Chapter 9","9.5 TRANSLOCATION OF FOOD IN PLANTS","MCQ","Medium","1","Pressure flow machanism is about:","پریشر فلومیکانزم بارے میں ہے:","Translocation of food","Transport of water","Opening of stomata","Tranpiration","خوراک کی منتقلی","پانی کی ٹرانسپورٹ","سٹومیٹا کا کھانا","ٹرانسپاریشن","A","Additional",""
"Punjab Board","Class 9","Biology","Chapter 9","9.5 TRANSLOCATION OF FOOD IN PLANTS","MCQ","Medium","1","According to pressure-flow theory one of the following is not a sink:","پریشر فلوتھیوری کے مطابق مندرجہ ذیل میں سے ایک سنک نہیں ہے۔","Root","Leaves","Stem tubers","Fruits","جڑ","پتے","تنے کے ٹیوبرز","پھل","B","Additional",""
"Punjab Board","Class 9","Biology","Chapter 9","9.5 TRANSLOCATION OF FOOD IN PLANTS","MCQ","Medium","1","Xylem is a passage for transport of water and salts:","زائیلم پانی اور نمکیات کی ٹرانسپورٹ کا راستہ ہے:","One-way","Two-way","Three-way","Conditional","یک طرفہ","دوطوفہ","تین طرفہ","مشروط","A","Additional",""
"Punjab Board","Class 9","Biology","Chapter 9","9.5 TRANSLOCATION OF FOOD IN PLANTS","MCQ","Medium","1","The mechanism which explains the transportation of food in plants is called:","پودوں میں خوراک کی ٹرانسپورٹ کی وضاحت کرنے والانظام کہلاتاہے:","Cohesion Tension Theory","Pressure Flow Mechanism","Photosynthesis","Respiration","کوہیژن تیشن تھیوری","پریشر فلومیکانزم","فوٹوسنتھی سیز","ریسپریشن","B","Additional",""
"Punjab Board","Class 9","Biology","Chapter 9","9.6 GASEOUS EXCHANGE IN PLANTS","MCQ","Medium","1","During daytime, all plant cells are carrying out__:","دن کے وقت پودوں کے تمام سیلز کر رہےہوتے ہیں:","Diffusion","Osmosis","1 Active transport","Cellular respiration","ڈیفیوژن","اوسموسس","ایکٹوٹرانساپورٹ","سیلولرریسپائریشن","D","Additional",""
"Punjab Board","Class 9","Biology","Chapter 9","9.6 GASEOUS EXCHANGE IN PLANTS","MCQ","Medium","1","During daytime, green parts of plants carrying out_:","دن کے وقت پودوں کے سبز حصّے کر رہے ہوتے ہیں:","Cellular respiration","Diffusion","Osmosis","Photosynthesis","سیلولر ریسپائریشن","ڈیفیوژن","اوسموسس","فوٹوسینتھی سسز","D","Additional",""
"Punjab Board","Class 9","Biology","Chapter 9","9.6 GASEOUS EXCHANGE IN PLANTS","MCQ","Medium","1","Which process do not occur through bark:","کونسا عمل چھال کے ذریعے نہیں ہوتا؟","Gaseous Exchange","Osmosis","Diffusion","Photosynthesis","گیسوں کا تبادلہ","اوسموسس","ڈیفیوژن","فوٹوسینتھی سسز","A","Additional",""
"Punjab Board","Class 9","Biology","Chapter 9","9.6 GASEOUS EXCHANGE IN PLANTS","MCQ","Medium","1","When the rate of photosynthesis become equal to that rate of respiration in the plant body. Which of the following pattern of gaseous exchange occurs between plants and its environment:","جب فوٹوسینتھی سز کی شرح کے جسم میں ریسپائریشن کی شرح کے برابر ہوتی ہےتو مندرجہ ذیل میں سے پودوں اور اس کے ماحول کے درمیان گیسوں کے تبادلے مین سے کونسا نمونہ ہے؟","Carbon dioxide","Oxygen is absorbed and carbon dioxide is released","Both carbon dioxide and oxygen are absorbed","Neither carbon dioxide nor oxygen are absorbed","کاربن ڈائی آکسائڈ","آکسیجن جذب ہوتی ہیں اور کاربن ڈائی آکسائڈ خارج ہوتی ہے","کاربن ڈائی آکسائڈ اور آکسیجن دونوں جذب ہوتے ہیں","کاربن ڈائی آکسائڈ اور آکسیجن جذب نہیں ہوتی","D","Additional",""
"Punjab Board","Class 9","Biology","Chapter 9","9.6 GASEOUS EXCHANGE IN PLANTS","MCQ","Medium","1","What is produce during respiration?","ریسپائریشن کے دوران کیا بنتا ہے؟","CO2","H2O","CO2 and H2O","N2","","","","","C","Additional",""
"Punjab Board","Class 9","Biology","Chapter 9","9.6 GASEOUS EXCHANGE IN PLANTS","MCQ","Medium","1","What are not the function of leaves in plants?","پودوں میں پتوں کا کیا کام نہیں ہے؟","Photosynthesis","Water storage","Waste storage","Gas exchange","فوتوسینتھی سسز","پانی کا ذخیرہ","بے کارمادوں کا ذخیرہ","گیس کا تبادلہ","B","Additional",""
"Punjab Board","Class 9","Biology","Chapter 9","9.6 GASEOUS EXCHANGE IN PLANTS","MCQ","Medium","1","Plants take in oxygen from the environment and release carbon dioxide:","پودے ماحول سے آکسیجن لے کر کاربن ڈائی آکسائیڈ خارج کرتے ہیں:","During the day","At night","All the time","None","دن کے وقت","رات کو","ہر وقت","کوئی نہیں","B","Additional",""
"Punjab Board","Class 9","Biology","Chapter 9","9.6 GASEOUS EXCHANGE IN PLANTS","MCQ","Medium","1","When do leaves release oxygen and take in carbon dioxide?","پتے کب آکسیجن خارج کرکے کاربن ڈائی آکسائیڈ لیتے ہیں؟","Night","Day","Midnight","All the time","رات","دن","آدھی رات","ہر وقت","B","Additional",""
"Punjab Board","Class 9","Biology","Chapter 9","9.6 GASEOUS EXCHANGE IN PLANTS","MCQ","Medium","1","The wood stem's surface cover with:","لکڑی والے تنوں کی پوری سطح ڈھکی ہوتی ہے:","Cuticle","Epidermis","Bark","Stomata","کیوٹیکل","ایپی ڈرمس","چھال","سٹومیٹا","C","Additional",""
"Punjab Board","Class 9","Biology","Chapter 9","9.7 MECHANISMS FOR EXCRETION IN PLANTS","MCQ","Medium","1","How many types of transpiration are there:","ٹرانسپاریشن کی کتنی اقسام ہیں؟","Two","Three","Four","Five","دو","تین","چار","پانچ","B","Additional",""
"Punjab Board","Class 9","Biology","Chapter 9","9.7 MECHANISMS FOR EXCRETION IN PLANTS","MCQ","Medium","1","Keekar Tree excretes......:","کیکر کے درخت کا اخراج ......:","Resins","Gums","Mucilage","Maize","ریزنز","گمز","میوسیلج","مکئی","B","Additional",""
"Punjab Board","Class 9","Biology","Chapter 9","9.7 MECHANISMS FOR EXCRETION IN PLANTS","MCQ","Medium","1","Rubber plants excretes:","ربڑ کے پودے کا اخراجی مادہ کیا ہے؟","Latex","Resins","Gums","Mucilage","لیٹکس","ریزنز","گمز","میوسیلیج","A","Additional",""
"Punjab Board","Class 9","Biology","Chapter 9","9.7 MECHANISMS FOR EXCRETION IN PLANTS","MCQ","Medium","1","Mucilage is the waste product of:","میوسیلیج کس کا فضلہ ہوتا ہے؟","Coniferous trees","Keekar","Rubber plant","Ladyfinger","کونی فردرخت","کیکر","ربڑ پلانٹ","بھنڈی","D","Additional",""
"Punjab Board","Class 9","Biology","Chapter 9","9.7 MECHANISMS FOR EXCRETION IN PLANTS","MCQ","Medium","1","Which gas is waste product of plant at night?","رات کے وقت پودوں کا فضلہ گیس ہے؟","Oxygen","Carbon dioxide","Oxygen and Carbon dioxide","None of these","آکسیجن","کاربن ڈائی آکسائیڈ","آکسیجن اورکاربن ڈائی آکسائیڈ","کوئی نہیں","B","Additional",""
"Punjab Board","Class 9","Biology","Chapter 9","9.7 MECHANISMS FOR EXCRETION IN PLANTS","MCQ","Medium","1","Metabolic waste of coniferous trees is:","کونی فر درختوں کامیٹابولک فضلہ کیا ہے؟","Resin","Gums","Mucilage","All of these","ریزنز","گمز","میوسیلیج","پہلے تمام","A","Additional",""
"Punjab Board","Class 9","Biology","Chapter 9","9.7 MECHANISMS FOR EXCRETION IN PLANTS","MCQ","Medium","1","Latexes are produce in:","لیٹکس کس میں پیدا ہوتے ہیں؟","Rubber plant","Ladyfinger","Coniferous trees","All of these","ربڑ پلانٹ","بھنڈی","کونی فر درخت","ان سب میں","A","Additional",""
"Punjab Board","Class 9","Biology","Chapter 9","9.8 OSMOTIC ADJUSTMENTS IN PLANTS","MCQ","Medium","1","Succulent organs are present in:","کن پودوں میں سکولینٹ آرگنز موجود ہوتے ہیں؟","Xerophytes","Hydrophytes","Mesophytes","Halophytes","زیرو فائٹس","ہائیڈورفائٹس","میزوفائٹس","ہیلو فائٹس","A","Exercise",""
"Punjab Board","Class 9","Biology","Chapter 9","9.8 OSMOTIC ADJUSTMENTS IN PLANTS","MCQ","Medium","1","Which of the following is the example of Hydrophytes:","مندرجہ ذیل میں سے کونسی ہائیڈوفائٹس کی مثال ہے:","Rose","Grass","Cacti","Water Lily","گلاب","گھاس","کیکٹائی","کنول","D","Additional",""
"Punjab Board","Class 9","Biology","Chapter 9","9.8 OSMOTIC ADJUSTMENTS IN PLANTS","MCQ","Medium","1","?Which of the following is not the example of Mesophytes:","مندرجہ ذیل میں سے میزوفاٹس کی مثال نہیں ہے:","Cacti","Rose","Clover","Maize","کیکٹائی","گلاب","سی شاخہ","مکئی","A","Additional",""
"Punjab Board","Class 9","Biology","Chapter 9","9.8 OSMOTIC ADJUSTMENTS IN PLANTS","MCQ","Medium","1","Which category of plants stores a small amount of water and has a thin cuticle?","پودوں کی کونسی قسم پانی کی تھوڑی مقدار کو ذخیرہ کرتی ہے اور پتلی کیوٹیکل رکھتی ہے۔","Hydrophytes","Xerophytes","Mesophyte","Succulents","ہائیڈروفائٹس","زیروفائٹس","میسروفائٹس","ہائیڈروفائٹس","C","Additional",""
"Punjab Board","Class 9","Biology","Chapter 9","9.8 OSMOTIC ADJUSTMENTS IN PLANTS","MCQ","Medium","1","What is a key role of leaves in managing waste in plants?","پودوں میں بے کار مادوں کے انتظام میں پتوں کا کیا کردار ہے؟","Storing waste materials","Producing chlorophyll","Absorbing water from the soil","Converting waste into energy","بےکار مادے کو ذخیرہ کرنا","کلوروفل بنانا","مٹی سے پانی جذب کرنا","بے کار مادے کو انرجی میں تبدیل کرنا","A","Additional",""
"Punjab Board","Class 9","Biology","Chapter 9","9.8 OSMOTIC ADJUSTMENTS IN PLANTS","MCQ","Medium","1","Which of the following is not a characteristic of xerophyte?","کونسی زیروفائٹ کی خصوصیت نہیں ہے؟","Have deep roots","Presence of parenchyma","Have broad leaves","Less number of stomata is present","گہری جڑیں رکھتے","پیرنکائمہ کی موجودگی","چوڑے پتے ہیں","سٹومیٹا کی کم تعداد موجود ہے","C","Additional",""
"Punjab Board","Class 9","Biology","Chapter 9","9.8 OSMOTIC ADJUSTMENTS IN PLANTS","MCQ","Medium","1","The plants, which live completely or partially submerged in fresh water are:","پودے، جو تازہ پانی میں مکمل ڈوبے رہتے ہیں۔وہ ہیں:","Xerophytes","Halophytes","Mesophytes","Hydrophytes","زیروفائٹس","ہیلوفائٹس","میزوفائٹس","ہائیڈرومائٹس","D","Additional",""
"Punjab Board","Class 9","Biology","Chapter 9","9.8 OSMOTIC ADJUSTMENTS IN PLANTS","MCQ","Medium","1","All of the following are the adaptation of xerophytes except:","مندرجہ ذیل میں سے تمام زیروفائٹس کی موافقین ہیں سوائے:","Thick cuticle","Large number of stomata","Sunken stomata","Deep root system","موٹی کیوٹیکل","سٹومیٹا کی بڑی تعداد","ڈوباہواسٹومیٹا","گہرا روٹ سسٹم","B","Additional",""
"Punjab Board","Class 9","Biology","Chapter 9","9.8 OSMOTIC ADJUSTMENTS IN PLANTS","MCQ","Medium","1","Which of the following are ways hydrophytes adapt to osmotic conditions?","مندرجہ ذیل میں سے کونسے طریقے ہیں جن سے ہائیڈروفائٹس اوسموٹک حالات کے مطابق ڈھلتےہیں:","Developing deep roots","Having thick cuticle","Producing large leaves","Developing sunken stomata","تیار ہوئی گہری جڑیں","موٹی کیوٹیکل رکھتے","بڑے پتے بنانا","ٹوٹے ہوئے سٹومیٹا کی نشونما","C","Additional",""
"Punjab Board","Class 9","Biology","Chapter 9","9.8 OSMOTIC ADJUSTMENTS IN PLANTS","MCQ","Medium","1","Which class of plants posses succulent organs?","کون سی جماعت کے پودے رس دار اعضارکھتے ہیں؟","Hydrophytes","Xerophytes","Mesophytes","All of these","ہائیڈروفائٹس","زیروفائٹس","میزوفائٹس","پہلے تمام","B","Additional",""
"Punjab Board","Class 9","Biology","Chapter 9","9.8 OSMOTIC ADJUSTMENTS IN PLANTS","MCQ","Medium","1","Xerophytes plants live in:","زیروفائٹس اگتے ہیں:","Water","Terrestrial environment","Extremely dry environment","In marine water","تازہ پانی میں","معتدل ماحول میں","صحراؤں میں","غمگین پانی میں","C","Additional",""
"Punjab Board","Class 9","Biology","Chapter 9","9.8 OSMOTIC ADJUSTMENTS IN PLANTS","MCQ","Medium","1","Example of Xerophytes is:","زیروفائٹس کی مثال ہے:","Cactus","Rose","Sea grasses","Water lily","کیکٹس میں","گلاب میں","سمندری گھاس میں","نمکین پانی میں","A","Additional",""
"Punjab Board","Class 9","Biology","Chapter 10","10.1 TYPES OF ASEXUAL REPRODUCTION","MCQ","Medium","1","Which of the following organisms commonly reproduce by binary fission?","مندرجہ ذیل میں سے کون سا جاندار عام طور پر بائنری فشن کے ذریعہ ریپروڈکشن کرتے ہیں؟","Yeast","Bacteria","Rhizopus","Plants","ییسٹ","بیکٹریا","رائزوپس","پودے","B","Exercise",""
"Punjab Board","Class 9","Biology","Chapter 10","10.1 TYPES OF ASEXUAL REPRODUCTION","MCQ","Medium","1","What is the primary method of reproduction in yeast?","ییسٹ میں ریپروڈکشن کا بنیادی طریقہ کیا ہے؟","Binary fission","Spore formation","Budding","Fragmentation","بائنری فشن","سپوربنانا","بڈنگ","فریگمنٹیشن","C","Exercise",""
"Punjab Board","Class 9","Biology","Chapter 10","10.1 TYPES OF ASEXUAL REPRODUCTION","MCQ","Medium","1","Which of the following statements is true about spore formation in fungi?","فنجائی میں سپور بنانے کے بارے میں کیا درست ہے؟","They produce spores during sexual reproduction","They produce two kinds of spores","Spores can only grow into new fungi in dry environments","Spores are produced to withstand harsh conditions","وہ سیکشوئل ریپروڈکشن کے دوران سپور بناتے ہیں","وہ دو قسم کے سپور بناتے ہیں","سپور صرف خشک ماحول میں نئے فنجائی میں نمو پاسکتے ہیں","سپور سخت حالات کا مقابلہ کرنے کےلیے پیدا کیے جاتے ہیں","D","Exercise",""
"Punjab Board","Class 9","Biology","Chapter 10","10.1 TYPES OF ASEXUAL REPRODUCTION","MCQ","Medium","1","What happens in some bacteria during harsh conditions?","سخت نامناسب حالات کے دوران کچھ بیکٹیریا میں کیا ہوتا ہے؟","Creation of a bud that detaches from the cell","Formation of thick-walled endospores","Splitting the cell into two identical daughter cells","Fusion of two bacteria cells","ایک بڈبناتے ہیں جو سیل سے الگ ہوجاتی ہے","موٹی دیواروں والے اینڈو سپورز بناتے ہیں","سیل کو دو ایک جیسے ڈاٹر سیل میں تقسیم کرتے ہیں","بیکٹیریا کے دو سیلز آپس میں ضم ہوجاتے ہیں","B","Exercise",""
"Punjab Board","Class 9","Biology","Chapter 10","10.1 TYPES OF ASEXUAL REPRODUCTION","MCQ","Medium","1","Which of the following is an example of vegetative propagation through runners?","درج ذیل میں سے کون سا پودا رنرز کے ذریعہ ویجی ٹیٹوپروپیگیشن کرتا ہے؟","Potato","Strawberry","Onion","Ginger","آلو","سٹرابیری","پیاز","ادرک","B","Exercise",""
"Punjab Board","Class 9","Biology","Chapter 10","10.1 TYPES OF ASEXUAL REPRODUCTION","MCQ","Medium","1","Which plant propagates through tubers?","کون سا پودا ٹیوبرز کے ذریعے نسل بڑھاتا ہے؟","Onion","Potato","Ginger","Garlic","پیاز","آلو","ادرک","لہسن","B","Exercise",""
"Punjab Board","Class 9","Biology","Chapter 10","10.1 TYPES OF ASEXUAL REPRODUCTION","MCQ","Medium","1","The horizontal aboveground stem, which produces leaves and roots at its nodes;","زمین کے اوپر افقی تناؤ، جو اپنے نوڈز پر پتے اور جڑیں پیدا کرتا ہے:","Stolon","Bulb","Rhizome","Corm","سٹولون","بلب","رائزوم","کورم","A","Exercise",""
"Punjab Board","Class 9","Biology","Chapter 10","10.1 TYPES OF ASEXUAL REPRODUCTION","MCQ","Medium","1","Which of these does NOT help a plant for vegetative propagation?","ان میں سے کون سا حصہ پودے کی ویجی ٹیٹوپروپیگیشن میں مدد نہیں کرتا؟","Rhizome","Corm","Runner","Flower","رائزوم","کورم","رنر","پھول","D","Exercise",""
"Punjab Board","Class 9","Biology","Chapter 10","10.1 TYPES OF ASEXUAL REPRODUCTION","MCQ","Medium","1","The process in which organism produce new organisms of their own kind is known as:","وہ عمل جس میں جاندار اپنے نئے جاندارپیدا کرتے ہیں:","Reproduction","Respiration","Reduction","Circulation","ریپروڈکشن","ریسریسپائریشن","ریڈکشن","سرکولیشن","A","Additional",""
"Punjab Board","Class 9","Biology","Chapter 10","10.1 TYPES OF ASEXUAL REPRODUCTION","MCQ","Medium","1","There are ...... main kinds of the reproduction:","ریپروڈکشن کی........اقسام ہیں:","One","Two","Three","Four","ایک","دو","تین","چار","A","Additional",""
"Punjab Board","Class 9","Biology","Chapter 10","10.1 TYPES OF ASEXUAL REPRODUCTION","MCQ","Medium","1","Essential process for continuation of species is called:","سپی شیز کے تسلسل کے لیے ضروری عمل کو کہا جاتا ہے:","Respiration","Cloning","Reproduction","Location","ریسپائریشن","کلوننگ","ریپروڈکشن","لوکیشن","C","Additional",""
"Punjab Board","Class 9","Biology","Chapter 10","10.1 TYPES OF ASEXUAL REPRODUCTION","MCQ","Medium","1","The usual method of reproduction in bacteria called:","بیکٹیریا میں ریپروڈکشن کا عام طریقہ کہلاتا ہے:","Binary fission","Budding","Spore formation","None","بائنری فیشن","بڈنگ","سپور کا بننا","کوئی نہیں","A","Additional",""
"Punjab Board","Class 9","Biology","Chapter 10","10.1 TYPES OF ASEXUAL REPRODUCTION","MCQ","Medium","1","Amoeba reproduces a sexually by:","امبیا اےسیکشوئل ریپرڈکشن کرتا ہے بذریعہ:","Budding","Binary fission","Fragmentation","Spore formation","بڈنگ","بائنری فشن","فریگمنٹشن","سپور بنا کر","B","Additional",""
"Punjab Board","Class 9","Biology","Chapter 10","10.1 TYPES OF ASEXUAL REPRODUCTION","MCQ","Medium","1","Planarians reproduce a sexually by:","پلینریا اےسیکشوئل ری پروڈکشن کرتا ہے بذریعہ:","Binary fission","Reproduction","Respiration","None","بائنری فشن","ریپروڈکشن","ریسپائریشن","کوئی نہیں","D","Additional",""
"Punjab Board","Class 9","Biology","Chapter 10","10.1 TYPES OF ASEXUAL REPRODUCTION","MCQ","Medium","1","Process of budding occurs in:","بڈنگ کا عمل ان میں ہوتا ہے:","Paramecium","Hydra","Rhizopus","Amoeba","پیرامیٹیم","ہائیڈرا","رائی زوپس","امیبا","A","Additional",""
"Punjab Board","Class 9","Biology","Chapter 10","10.1 TYPES OF ASEXUAL REPRODUCTION","MCQ","Medium","1","Rhizopus reproduce a sexually by the process of:","رائی زوپس عمل کے ذریعے ریپروڈکشن کرتا ہے:","Fragmentation","Budding","Spore formation","Corms","فریگممٹیشن","بڈنگ","سپورکا بننا","کورم","C","Additional",""
"Punjab Board","Class 9","Biology","Chapter 10","10.1 TYPES OF ASEXUAL REPRODUCTION","MCQ","Medium","1","In which type of the reproduction method buds are formed:","ریپروڈکشن کے کونسے طریقے سے بڈزبنتے ہیں:","Regeneration","Fragmentation","Budding","Binary fission","ری جنریشن","فریگمنٹیشن","بڈنگ","بائنری فشن","C","Additional",""
"Punjab Board","Class 9","Biology","Chapter 10","10.1 TYPES OF ASEXUAL REPRODUCTION","MCQ","Medium","1","Growing a new plant from any parts of the plant is called:","پودے کے کسی بھی حصے پرنیا پودا بنانا کہلاتا ہے:","Sport formation","Vegetative propagation","Both","None","سپور کا بنا","ویجی ٹیٹو","دونوں","کوئی نہیں","D","Additional",""
"Punjab Board","Class 9","Biology","Chapter 10","10.1 TYPES OF ASEXUAL REPRODUCTION","MCQ","Medium","1","Strawberry reproduce by using its:","سٹرابیری استعمال کر کے ریپروڈکشن کرتی ہے:","Bulbs","Stolon","Tuber","Rhizome","بلبز","سٹولون","ٹیوبر","رائی زوم","B","Additional",""
"Punjab Board","Class 9","Biology","Chapter 10","10.1 TYPES OF ASEXUAL REPRODUCTION","MCQ","Medium","1","Potato reproduce by:","آلو اس کے ذریعے ریپروڈکشن کرتے ہیں:","Bulbs","Tuber","Rhizomes","Suckers","بلبز","ٹیوبر","رائی زومز","سکرز","B","Additional",""
"Punjab Board","Class 9","Biology","Chapter 10","10.1 TYPES OF ASEXUAL REPRODUCTION","MCQ","Medium","1","Sugarcane reproduce by using:","شکر قندی استعمال کر کے ری پروڈکشن کرتی ہے:","Stolon","Tuber","Rhizomes","Suckers","سٹولون","ٹیوبر","رائی زومز","گرافٹنگ","A","Additional",""
"Punjab Board","Class 9","Biology","Chapter 10","10.1 TYPES OF ASEXUAL REPRODUCTION","MCQ","Medium","1","Tulips reproduce by:","گلِ لالہ ریپرڈکشن کرتاہے بذریعہ:","Natural vegetative propagation","Artificial vegetative propagation","Grafting","Cutting","قدرتی ویجی ٹیٹو پروپیگیشن سے","مصنوعی ویجی ٹیٹو پروپیگیشن سے","گرافٹنگ سے","کٹنگ سے","D","Additional",""
"Punjab Board","Class 9","Biology","Chapter 10","10.1 TYPES OF ASEXUAL REPRODUCTION","MCQ","Medium","1","Source of budding in garlic:","لہسن میں بڈنگ کا ذریعہ:","Bulbs","Rhizomes","Corms","stem tumors","ببلز","رائی زومز","کورمز","سٹیم ٹیوبر","C","Additional",""
"Punjab Board","Class 9","Biology","Chapter 10","10.1 TYPES OF ASEXUAL REPRODUCTION","MCQ","Medium","1","Source of budding in bananas:","کیلے میں بڈنگ کا ذریعہ:","Bulbs","Rhizome","Stem tubers","Corms","ببلز","رائی زوم","سٹیم ٹیوبرز","کوزمز","A","Additional",""
"Punjab Board","Class 9","Biology","Chapter 10","10.1 TYPES OF ASEXUAL REPRODUCTION","MCQ","Medium","1","Bryophyllum reproduces by:","برائیو فائیلم پروڈکشن کرتا ہےبذریعہ:","Stem","Modified leaves","Stolen","Tuber","تنا","ترمیم شدہ پتا","سٹولون","ٹیوبر","B","Additional",""
"Punjab Board","Class 9","Biology","Chapter 10","10.1 TYPES OF ASEXUAL REPRODUCTION","MCQ","Medium","1","These are horizontal stem:","یہ افقی تنے ہیں:","Tubers","Rhizomes","Suckers","None","ٹیوبرز","رائی زومز","سکرز","کوئی نہیں","B","Additional",""
"Punjab Board","Class 9","Biology","Chapter 10","10.1 TYPES OF ASEXUAL REPRODUCTION","MCQ","Medium","1","In Bryophyllum, small plantlet that are much like tiny versions of the parent plant, are created along the:","برائی فائلم میں چھوٹے پلانٹ جوکہ پیرنٹ پلانٹ سے کسی بھی طرح کے ہوتے ہیں،اس کے ساتھ ہی بنائے جاتے ہیں:","Root tip","Edges of its leaves","Stem surface","All of these","جڑ کی ٹوک","اس کے پتوں کے کنارے","تنے کی سطح","یہ تمام","B","Additional",""
"Punjab Board","Class 9","Biology","Chapter 10","10.1 TYPES OF ASEXUAL REPRODUCTION","MCQ","Medium","1","Spores are produced in a structure known as:","سپورز ساخت میں پتےہیں جنہیں کہتے ہیں:","Capsule","Sporangium","Bud","Sporangiophore","کیپسول","سپورنجیم","بڈ","سپورنجیو فور","B","Additional",""
"Punjab Board","Class 9","Biology","Chapter 10","10.1 TYPES OF ASEXUAL REPRODUCTION","MCQ","Medium","1","The offspring from asexual reproduction in plants are likely to:","پودوں میں اے سیکشوئل ریپروڈکشن سے نئے پودے ملتے ہیں۔","Be more resistant that their parent to disease","Develop into a new variety","Grow bigger than their parent","Have the same flower colour as their parent","پیرنٹ سے آنے والی بیماری سے زیادہ مزاحمت کرتے ہیں","نئی ورائٹیز میں پیدا ہوتے ہیں","اپنے پیرنٹ سے زیادہ بڑھتے ہیں","پھول کا رنگ اپنے والدین جیسا رکھتے ہیں","D","Additional",""
"Punjab Board","Class 9","Biology","Chapter 10","10.1 TYPES OF ASEXUAL REPRODUCTION","MCQ","Medium","1","A horizontal underground stem with scale leavers and nodes is called:","ایک افقی تنا ہے جو زمین کے نیچے نوڈز اور پتوں کے سکیل رکھتاہے کہلاتا ہے:","Tuber","Bulb","Rhizome","Corm","ٹیوبر","بلب","رائی زوم","کورم","C","Additional",""
"Punjab Board","Class 9","Biology","Chapter 10","10.1 TYPES OF ASEXUAL REPRODUCTION","MCQ","Medium","1","In binary fission of amoeba, the offspring lack genetic variation because they:","امبیا کی بائنری فشن میں،اولاد میں جینیاتی تغیرات کی کمی ہےکیونکہ وہ:","Are limited in number","Are produced asexually","Are unicellular organisms","Contain a single chromosome","تعداد میں محدود ہیں","غیر جنسی طور پر پیدا ہوتے ہیں","یونی سلولر جاندار ہیں","ایک ہی کروموسوم پر مشتمل ہے","B","Additional",""
"Punjab Board","Class 9","Biology","Chapter 10","10.1 TYPES OF ASEXUAL REPRODUCTION","MCQ","Medium","1","Growing an entirely new plant from part of the original plant is called:","اصل پودے کے حصے سے نیا پودا اگانا کہلاتا ہے:","Budding","Regeneration","Fragmentation","Vegetative propagation","بڈنگ","ری جنریشن","فریگنٹیشن","ویجی ٹیٹو پروپیگیشن","D","Additional",""
"Punjab Board","Class 9","Biology","Chapter 10","10.1 TYPES OF ASEXUAL REPRODUCTION","MCQ","Medium","1","Rhizopus reproduces asexually by:","رائزوپس اے سیکشوئل ریپروڈکشن کرنا ہے بذریعہ:","Binary fission","Budding","Spore formation","Endospore formation","بائنری فشن","بلڈنگ","سپوربنا کر","اینڈو سپور بنا کر","C","Additional",""
"Punjab Board","Class 9","Biology","Chapter 10","10.1 TYPES OF ASEXUAL REPRODUCTION","MCQ","Medium","1","A corn develops into new garlic plant. This process of reproduction is called:","ایک کورم لہسن کے نئے پودے میں تیار ہوتاہے۔تولید کے اس عمل کے کہتے ہیں:","Vegetative propagation","Regeneration","Meiosis","Gametogensis","ویجی ٹیٹو پروپیگیشن","جنریشن","می اوسس","گیمیٹو جینیس","A","Additional",""
"Punjab Board","Class 9","Biology","Chapter 10","10.1 TYPES OF ASEXUAL REPRODUCTION","MCQ","Medium","1","During binary fission, the nucleus of parent organisms divides into two by:","بائنری فشن کے دوران، آبائی جانداروں کانیوکلیس دو میں تقسیم ہوتا ہےبذریعہ:","Sexual reproduction","Meiosis","Mitosis","Asexual reproduction","سیکشوئل​​​​​​​ ریپروڈکشن","می اوسس","مائی ٹوسس","اے سیکشوئل​​​​​​​ ریپروڈکشن","C","Additional",""
"Punjab Board","Class 9","Biology","Chapter 10","10.1 TYPES OF ASEXUAL REPRODUCTION","MCQ","Medium","1","In fungi the spore is covered by a thick wall called:","فنجائی میں سپورایک موٹی دیوار سے ڈھکاہوتاہےجسےکہتے ہیں۔","Sporangium","Sporophyte","Cyst","Endospores","سپورنیجیم","سپورونائٹ","سسٹ","اینڈوسپورز","C","Additional",""
"Punjab Board","Class 9","Biology","Chapter 10","10.1 TYPES OF ASEXUAL REPRODUCTION","MCQ","Medium","1","Spores which are formed inside bacterial cells are called:","بیکٹیریا کے سیلز کے اندر والے سپورز کو کہتے ہیں:","Cysts","Spores","Endospore","All of these","سسٹ","سپورز","اینڈوسپور","یہ تمام","C","Additional",""
"Punjab Board","Class 9","Biology","Chapter 10","10.1 TYPES OF ASEXUAL REPRODUCTION","MCQ","Medium","1","It reproduces by bulbs:","یہ بلبز کے ذریعے ریپروڈکشن کرتا ہے:","Garlic","Ginger","Ferms","Tulips","لہسن","ادرک","فرنز","گلِ لالہ","D","Additional",""
"Punjab Board","Class 9","Biology","Chapter 10","10.1 TYPES OF ASEXUAL REPRODUCTION","MCQ","Medium","1","That structure of Rhizopus which is include in reproduction are:","رائزوپس میں وہ ساخت جوری پروڈکشن میں شامل ہوتی ہے:","Bud","Node","Sporangium","All of these","بڈ","نوڈ","اسپورینجیم","یہ سب","C","Additional",""
"Punjab Board","Class 9","Biology","Chapter 10","10.2 ARTIFICIAL PROPAGATION","MCQ","Medium","1","Which one is an artificial vegetative propagation:","کونسی ایک مصنوعی ویجی ٹیٹو پروپیگیشن ہے:","Bulbs","Corms","Rhizomes","Grafting","بلبز","کورمز","رائی زومز","گرافٹنگ","D","Additional",""
"Punjab Board","Class 9","Biology","Chapter 10","10.2 ARTIFICIAL PROPAGATION","MCQ","Medium","1","The method in which humans humans produce new plants by using vegetative propagation of plant:","وہ طریقہ جس میں انسان پودے کی ویجی ٹیٹو پروپیگیشن استعمال کر کے نئے پودے بناتے ہیں:","Natural propagation","Artificial propagation","Both","None","قدرتی پروپیگیشن","مصنوعی پروپیگیشن","دونوں","کوئی نہیں","A","Additional",""
"Punjab Board","Class 9","Biology","Chapter 10","10.2 ARTIFICIAL PROPAGATION","MCQ","Medium","1","Roses and grape Vines are grown from:","گلاب اور انگور کی بیلیں اگائی ہیں:","Stem cuttings","Root cutting","Leaf cutting","None","تنےکی قلموں سے","جڑ کی قلموں","پتے کی قلموں سے","کوئی نہیں","A","Additional",""
"Punjab Board","Class 9","Biology","Chapter 10","10.2 ARTIFICIAL PROPAGATION","MCQ","Medium","1","Which method is used to increase crop production:","فصل کی پیداوار بڑھانے کے لیے کونسا طریقہ استعمال کیا جاتا ہے:","Artificial propagation","Natural propagation","Cutting","Grafting","مصنوعی پروپیگیشن","قدرتی پروپیگیشن","کٹنگ","گرافٹنگ","A","Additional",""
"Punjab Board","Class 9","Biology","Chapter 10","10.2 ARTIFICIAL PROPAGATION","MCQ","Medium","1","Which method is used to many ornamental trees of shrubs:","جھاڑیوں اور بہت سے آرائشی درختوں کےلیے کونسا طریقہ استعمال کیا جاتا ہے:","Cutting","Grafting","Both","None","کٹنگ","گرافٹنگ","دونوں","کوئی نہیں","B","Additional",""
"Punjab Board","Class 9","Biology","Chapter 10","10.2 ARTIFICIAL PROPAGATION","MCQ","Medium","1","Almond, Plum and cherries are reproduced by:","بادام،آلو بخارا،چیری بنتے ہیں بذریعہ:","Cutting","Grafting","Suckers","Bulbs","کٹنگ","سکرز","گرافٹنگ","کورم","A","Additional",""
"Punjab Board","Class 9","Biology","Chapter 10","10.2 ARTIFICIAL PROPAGATION","MCQ","Medium","1","In which one of the following method of artificial vegetative propagation, a new plant can be grown on another plant?","مصنوعی ویجی ٹیٹو پروپیگیشن کے مندرجہ ذیل طریقوں میں سے کس میں ایک نئے پودے کو دوسرے پودے پر اگایا جاتا ہے:","Cutting","Tissue culturing","Cloning","Grafting","کٹنگ","ٹشو کلچرنگ","کلوننگ","گرافٹنگ","D","Additional",""
"Punjab Board","Class 9","Biology","Chapter 10","10.3 SEXUAL REPRODUCTION IN PLANTS","MCQ","Medium","1","Which part of the flower is responsible for producing pollen?","پھول کا کون سا حصہ پولن پیدا کرنے کا ذمہ دار ہے؟","Stigma","Anther","Ovary","Petal","سٹگما","اینتھر","اووری","پٹیل","B","Exercise",""
"Punjab Board","Class 9","Biology","Chapter 10","10.3 SEXUAL REPRODUCTION IN PLANTS","MCQ","Medium","1","Which of the following is NOT a part of carpel?","مندرجہ ذیل میں سے کون سا کارپل کا حصہ نہیں ہے؟","Filament","Style","Stigma","Ovary","فلامنٹ","سٹائل","سٹگما","اووری","A","Exercise",""
"Punjab Board","Class 9","Biology","Chapter 10","10.3 SEXUAL REPRODUCTION IN PLANTS","MCQ","Medium","1","Which structure forms the female gametophyte in flowering plants?","پھول دار پودوں میں کون سی ساخت سے مادہ گیمیٹوفائٹ بنتا ہے؟","Pollen grain","Ovule","Anther","Sepal","پولن گرین","اوویول","اینتھر","سیپل","B","Exercise",""
"Punjab Board","Class 9","Biology","Chapter 10","10.3 SEXUAL REPRODUCTION IN PLANTS","MCQ","Medium","1","The male gametophyte in flowering plants is known as:","پھول دار پودوں میں نر گیمیٹو فائٹ کو کیا کہتے ہیں؟","Pollen grain","Embryo sac","Ovary","Carpel","پولن گرین","ایمبریو سیک","اووری","کارپل","A","Exercise",""
"Punjab Board","Class 9","Biology","Chapter 10","10.3 SEXUAL REPRODUCTION IN PLANTS","MCQ","Medium","1","In the life cycle of flowering plants, which structure is triploid (3n)?","پھول دار پودوں کے لائف سائیکل میں کون سی ساخت ٹریپلائڈ ہے؟","Egg","Fusion nucleus","Endosperm nucleus","Sperm","ایگ سیل","فیوژن نیوکلیس","اینڈوسپرم نیوکلیس","سپرم","C","Exercise",""
"Punjab Board","Class 9","Biology","Chapter 10","10.3 SEXUAL REPRODUCTION IN PLANTS","MCQ","Medium","1","Embryo sac is formed inside;","ایمبریو سیک کس ساخت کے اندر بنتا ہے:","Filament","Anther","Style","Ovule","فلامنٹ","اینتھر","سٹائل","اوویول","D","Exercise",""
"Punjab Board","Class 9","Biology","Chapter 10","10.3 SEXUAL REPRODUCTION IN PLANTS","MCQ","Medium","1","Double fertilization involves;","ڈبل فرٹیلائزیشن کا مطلب ہے:","Fertilization of the egg by two male gametes","Fertilization of two eggs in the same embryo sac by two sperms","Fertilization of the egg and the fusion nucleus by two sperms","Fertilization of the egg and the tube cell by two sperms","ایگ سیل کی دو گیمیٹس کے ذریعے فرٹیلائزیشن","ایک ہی ایمبریوسیک میں دو ایگ سیلز کی دو سپرمز کے ذریعہ فرٹیلائزیشن","ایگ سیل اور فیوژن نیوکلیس کی دو سپرمز کے ذریعہ فرٹیلائزیشن","ایگ سیل اور ٹیوب سیل کی دو سپرمز کے ذریعہ فرٹیلائزیشن","C","Exercise",""
"Punjab Board","Class 9","Biology","Chapter 10","10.3 SEXUAL REPRODUCTION IN PLANTS","MCQ","Medium","1","Which generation produces spores:","کونسی نسل سپورزپیدا کرتے ہیں:","Sporophyte","Gametophyte","Both","None","سپورفائٹ","گیمٹوفائٹ","دونوں","کوئی نہیں","A","Additional",""
"Punjab Board","Class 9","Biology","Chapter 10","10.3 SEXUAL REPRODUCTION IN PLANTS","MCQ","Medium","1","Female reproductive part of a flower is called:","پھول کا ری پروڈکٹیو حصہ ہے:","Androecium","Gynoecium","Calyx","Corolla","اینڈوشیم","گائی نیشم","کیلکس","کرولا","B","Additional",""
"Punjab Board","Class 9","Biology","Chapter 10","10.3 SEXUAL REPRODUCTION IN PLANTS","MCQ","Medium","1","The unit of androecium is:","اینڈونسیم کی اکائی ہے:","Stamen","Anther","Pollen grain","Gametes","سٹیمن","اینتھر","پولن کرینز","گیمٹس","A","Additional",""
"Punjab Board","Class 9","Biology","Chapter 10","10.3 SEXUAL REPRODUCTION IN PLANTS","MCQ","Medium","1","Calyx is aftermost whorl of flower and bears colour:","کیلکس سب سے بیرونی گھیرا ہے اور اس کا رنگ ہے:","Red","Green","Blue","White","سرخ","سبز","نیلا سفید","سفید","B","Additional",""
"Punjab Board","Class 9","Biology","Chapter 10","10.3 SEXUAL REPRODUCTION IN PLANTS","MCQ","Medium","1","Unit of corolla is called:","کرولاکی اکائی کہلاتی ہے:","Carpals","Petals","Stamens","Sepals","کارپلز","پیٹلز","سٹیمنز","سیپلز","B","Additional",""
"Punjab Board","Class 9","Biology","Chapter 10","10.3 SEXUAL REPRODUCTION IN PLANTS","MCQ","Medium","1","It is not a part of a carpal:","یہ کارپل کا حصہ نہیں ہے:","Ovary","Anther","Stigma","Style","اووری","اینتھر","سٹگما","سٹائل","B","Additional",""
"Punjab Board","Class 9","Biology","Chapter 10","10.3 SEXUAL REPRODUCTION IN PLANTS","MCQ","Medium","1","Male reproductive part of a flower is called:","پھول کا ری پروڈکٹیو حصہ ہے:","Carpal","Stamen","Ovary","Sapal","کاریل","سٹیمن","اووری","سیپل","B","Additional",""
"Punjab Board","Class 9","Biology","Chapter 10","10.3 SEXUAL REPRODUCTION IN PLANTS","MCQ","Medium","1","The female reproductive organ of a flower is:","پھول کا مادہ ری پروڈکٹیو آرگن ہے:","Stamen","Carpel","Sepal","Petal","سٹیمن","کارپل","سیپل","پیٹل","A","Additional",""
"Punjab Board","Class 9","Biology","Chapter 10","10.3 SEXUAL REPRODUCTION IN PLANTS","MCQ","Medium","1","In some flowers one or more carpels are fused to form a structure called:","کچھ پھولوں میں ایک یا زیادہ کارپل مل کر ایک ساخت بناتے ہیں جسے کہتے ہیں:","Carpels","Pistil","Stamens","Petals","کارپلز","پسٹل","سٹیمز","پیلز","B","Additional",""
"Punjab Board","Class 9","Biology","Chapter 10","10.3 SEXUAL REPRODUCTION IN PLANTS","MCQ","Medium","1","The tip of style is called:","سٹائل کے کنارے کو کہتے ہیں:","Stigma","Style","Ovary","Ovule","سٹگما","سٹائل","اووری","اوویول","A","Additional",""
"Punjab Board","Class 9","Biology","Chapter 10","10.3 SEXUAL REPRODUCTION IN PLANTS","MCQ","Medium","1","The enlarged base of carpel is called:","کارپل کے بڑے حصے کو کہتے ہیں:","Ovary","Ovules","Style","Stigma","اووری","اوویولز","سٹائل","سٹگما","A","Additional",""
"Punjab Board","Class 9","Biology","Chapter 10","10.3 SEXUAL REPRODUCTION IN PLANTS","MCQ","Medium","1","Inside megaspore ...... haploid nuclei are formed by meiosis:","میگاسپور کے اندر......​​​​​​​ ہیلائڈنیوکلی می اوسس کے ذریعے بنتی ہیں:","Two","Three","Four","Five","ایک","تین","چار","پانچ","A","Additional",""
"Punjab Board","Class 9","Biology","Chapter 10","10.3 SEXUAL REPRODUCTION IN PLANTS","MCQ","Medium","1","Microspore in plants is also term as:","پودوں میں مائیکروسپوربھی اصطلاح ہے:","Pollen grains","Pollen tube","Germ nucleus","Megaspore","پولن گریز","پولن ٹیوب","جرم نیوکلئس","میگاسپور","A","Additional",""
"Punjab Board","Class 9","Biology","Chapter 10","10.3 SEXUAL REPRODUCTION IN PLANTS","MCQ","Medium","1","Generative cell will form ...... sperms:","جنریٹیوسیل سے بنے ...... سپرمز:","2","3","4","5","","","","","A","Additional",""
"Punjab Board","Class 9","Biology","Chapter 10","10.3 SEXUAL REPRODUCTION IN PLANTS","MCQ","Medium","1","The transfer of pollen grains from an anther to a stigma called:","پولن گرینز کی اینتھر سے سٹگما پرمنتقلی کو کہتے ہیں:","Pollination","Fertilization","Cross pollination","Self pollination","پولی نیشن","فرٹیلائزشن","کراس پولی نیشن","سیلف پولی نیشن","A","Additional",""
"Punjab Board","Class 9","Biology","Chapter 10","10.3 SEXUAL REPRODUCTION IN PLANTS","MCQ","Medium","1","The zygote eventually develops into an:","آخر زائیکوٹ نمو پا جاتا ہے:","Zygote","Embryo","Both","None","زائیگوٹ","ایبریو","دونوں","کوئی نہیں","A","Additional",""
"Punjab Board","Class 9","Biology","Chapter 10","10.3 SEXUAL REPRODUCTION IN PLANTS","MCQ","Medium","1","When second sperm fuses with fission nucleus producing:","جب دوسرا سپرم فیوژن نیوکلئیس کے ساتھ ملتا ہے، توبنتا ہے:","Generative nucleus","Triploid nucleus","Endosperm","None","جنریٹونیوکلیئس","ٹرپلائیڈ نیوکلیئس","اینڈوسپرم","کوئی نہیں","A","Additional",""
"Punjab Board","Class 9","Biology","Chapter 10","10.3 SEXUAL REPRODUCTION IN PLANTS","MCQ","Medium","1","After fertilization ovary changes into:","فرٹیلائزیشن کے بعد اووری کس میں تبدیل ہوتی ہے:","Seed","Fruit","Leaf","Stem","بیج","پھل","پتا","تنا","A","Additional",""
"Punjab Board","Class 9","Biology","Chapter 10","10.3 SEXUAL REPRODUCTION IN PLANTS","MCQ","Medium","1","Which of the following is the benefit of sexual reproduction?","مندرجہ ذیل میں سے کونسا سیکشوئل ریپروڈکشن کافائدہ ہے؟","This is rapid of reproduction","This is complex mechanism of reproduction","It can occur any time in life cycle","It contributes genetic variability in successive generation","یہ ریپروڈکشن کو تیز کرتا ہے","یہ ریپروڈکشن کا ایک پیچیدہ میکانزم ہے","یہ زندگی میں کسی بھی وقت پر سکتا ہے","نسل میں جینیاتی تبدیلیوں میں حصّہ ڈالتا ہے","D","Additional",""
"Punjab Board","Class 9","Biology","Chapter 10","10.3 SEXUAL REPRODUCTION IN PLANTS","MCQ","Medium","1","Zygote in flowering plants develops into:","پھولدار پودوں میں زائیگوٹ بنتا ہے:","Endosprem","Embryo","Micropyle","Seed coat","اینڈوسپرم میں","ایمبریو میں","مائیکروپائل میں","سیڈ کوٹ میں","B","Additional",""
"Punjab Board","Class 9","Biology","Chapter 10","10.3 SEXUAL REPRODUCTION IN PLANTS","MCQ","Medium","1","Which of the following part of the plan that's been changed and adapted for the job of reproduction?","مندرجہ ذیل میں پودے کا کونسا حصہ جیسے ریپروڈکشن کے کام کے لیے تبدیل کیا جاتا اور مطابقت بنایا جاتا ہے:","Flower","Leaver","Root","Meristematic tissue","پھول","پتا","جڑ","میری سٹیمٹک ٹشو","A","Additional",""
"Punjab Board","Class 9","Biology","Chapter 10","10.3 SEXUAL REPRODUCTION IN PLANTS","MCQ","Medium","1","Which of the following parts of the flower are called accessary whorls?","پھول کے مندرجہ ذیل حصّوں میں سے کونسے اہم گھیرے ہیں:","Androecium and gynoecium","Calyx and corolla","Androecium and corolla","Calyx and gynoecium","اینڈوشیم اور گائی نیشیم","کیلکس اور کرولا","اینڈوشیم اور کرولا","کیلکس اورگائی نیشیم","B","Additional",""
"Punjab Board","Class 9","Biology","Chapter 10","10.3 SEXUAL REPRODUCTION IN PLANTS","MCQ","Medium","1","Fruit is formed by the enlargement of:","پھل کی توسیع سے بنتا ہے:","Embryo in the ovule","Ovary containing the seed","Anthers","Sepal","اوول میں ایمبریو","اووری جس سے بیج بنتا ہے","اینتھر","سپیل","B","Additional",""
"Punjab Board","Class 9","Biology","Chapter 10","10.3 SEXUAL REPRODUCTION IN PLANTS","MCQ","Medium","1","How many sperms are involved in fertilization in a flower?","ایک پھول میں فرٹیلائزیشن میں کتنے سپرمز شامل ہیں:","One","Two","Three","Four","ایک","دو","تین","چار","B","Additional",""
"Punjab Board","Class 9","Biology","Chapter 10","10.3 SEXUAL REPRODUCTION IN PLANTS","MCQ","Medium","1","After fertilization which structure develops into the seed of a flowering plant?","فرٹیلائزیشن کے بعد پھولدارا پودے کے بیج میں کونسی ساخت استعمال ہوتی ہے:","Carpel","Ovum","Ovule","Style","کارپل","اووم","اوویول","سٹائل","C","Additional",""
"Punjab Board","Class 9","Biology","Chapter 10","10.3 SEXUAL REPRODUCTION IN PLANTS","MCQ","Medium","1","Which flower structure produce pollen?","پھول کی کونسی ساخت پولن پیدا کرتی ہے؟","Anther","Petal","Carpel","Stigma","اینتھر","پیٹل","کاریل","سٹگما","A","Additional",""
"Punjab Board","Class 9","Biology","Chapter 10","10.3 SEXUAL REPRODUCTION IN PLANTS","MCQ","Medium","1","In a flower, the embryo sac is formed inside the:","ایک پھول میں، ایمبریوسیک اندر بنتا ہے:","Anther","Filament","Ovule","Style","اینتھر کے","فلامنٹ کے","اوول کے","سٹائل کے","C","Additional",""
"Punjab Board","Class 9","Biology","Chapter 10","10.3 SEXUAL REPRODUCTION IN PLANTS","MCQ","Medium","1","The endosperm nucleus is:","اینڈوسپرم نیوکلئیس ہے:","Haploid","Diploid","Triploid","Tetraploid","ہیلائڈ","ڈیلائڈ","ٹرپلائیڈ","ٹیٹراپلائیڈ","C","Additional",""
"Punjab Board","Class 9","Biology","Chapter 10","10.3 SEXUAL REPRODUCTION IN PLANTS","MCQ","Medium","1","Pollination is the transfer of pollens:","پولی نیشن پولنز کی منتقلی ہے:","Anther to stigma","Stigma to anther","Sepal to petal","Petal to sepal","اینتھر سے سٹگما پر","سٹگما سےا ینتھر پر","سپیل سے پیٹل پر","پیٹل سےسپیل","A","Additional",""
"Punjab Board","Class 9","Biology","Chapter 10","10.3 SEXUAL REPRODUCTION IN PLANTS","MCQ","Medium","1","Part of flower which change into fruit is:","پھول کا وہ حصہ جو پھل میں تبدیل ہوتاہے:","Ovule","Ovary","Petals","Anther","اوویول","اووری","پیٹلز","اینتھر","B","Additional",""
"Punjab Board","Class 9","Biology","Chapter 10","10.3 SEXUAL REPRODUCTION IN PLANTS","MCQ","Medium","1","The second whorl of the flower is:","پھول کا دوسرا گھیرا ہے:","Calyx","Corollas","Andrecium","Gynoecium","کیلکس","کرولا","اینڈوشیم","گائی نیشم","B","Additional",""
"Punjab Board","Class 9","Biology","Chapter 11","11.1 INTRODUCTION OF BIOSTATISTICS","MCQ","Medium","1","What is the primary purpose of biostatistics?","بائیو سٹیٹسٹکس کا بنیادی مقصد کیا ہے؟","To analyse financial data","To apply statistical methods to biological sciences","To design engineering models","To study historical events","مالیاتی ڈیٹا کا تجزیہ کرنا","بائیولوجیکل سائنس میں شماریاتی طریقوں کا اطلاق","انجینئرنگ ماڈل ڈیزائن کرنا","تاریخی واقعات کا مطالعہ کرنا","B","Exercise",""
"Punjab Board","Class 9","Biology","Chapter 11","11.1 INTRODUCTION OF BIOSTATISTICS","MCQ","Medium","1","In biostatistics, which method is used to predict future outcomes based on current data?","بائیو سٹیٹسکس میں موجودہ ڈیٹا کی بنیاد پر مستقبل کے نتائج کی پشین گوئی کرنے کےلیے کون سا طریقہ استعمال کیا جاتا ہے؟","Designing experiments","Drawing charts","Taking average","Analysing data","تجربات ڈئزائن کرنا","چارٹ بنانا","اوسط نکالنا","ڈیٹا کا تجزیہ کرنا","D","Exercise",""
"Punjab Board","Class 9","Biology","Chapter 11","11.1 INTRODUCTION OF BIOSTATISTICS","MCQ","Medium","1","Which branch of statistics applies statistical method to biological sciences:","سٹیٹسٹکس کی کون سی شاخ حیاتیاتی علوم پر شماریاتی طریقہ کا اطلاق کرتی ہے:","Biostat","Inferential","Mathematical","All","بائیو سٹیٹ","تخمینہ دار","ریاضیاتی","تمام","A","Additional",""
"Punjab Board","Class 9","Biology","Chapter 11","11.1 INTRODUCTION OF BIOSTATISTICS","MCQ","Medium","1","Which branch of statistics involves applying statistical technique to analyse data:","سٹیٹسکس کی کون سی شاخ میں ڈیٹا کا تجزیہ کرنے کےلیے شماریاتی تکنیک کا شمار ہوتا ہے؟","Biostatistics","Inferential","Mathematical","All","بائیو سٹیٹسکس","تخمینہ دار","ریاضیاتی","تمام","A","Additional",""
"Punjab Board","Class 9","Biology","Chapter 11","11.1 INTRODUCTION OF BIOSTATISTICS","MCQ","Medium","1","Which use of biostatistics helps to guide public health intervention:","بائیو سٹیٹکس کا کون سا استعمال سے عوامی صحت کی رہنمائی میں مدد ملتی ہے؟","Interpreting results","Predicting outcomes","Public health","None","نتائج کی ترجمانی کرنا","نتائج کی پیش گوئی کرنا","عوامی صحت","کوئی نہیں","C","Additional",""
"Punjab Board","Class 9","Biology","Chapter 11","11.1 INTRODUCTION OF BIOSTATISTICS","MCQ","Medium","1","Which use of biostatistics help in planning vaccination campaigns:","بائیو سٹیٹکس کے کون سے استعمال سے ویکسی نیشن کی منصوبہ بندی میں مدد کرتی ہے؟","Predicting outcomes","Public health","Policy making","None","نتائج کی پیش گوئی","عوامی صحت","پالیسی سازی","کوئی نہیں","D","Additional",""
"Punjab Board","Class 9","Biology","Chapter 11","11.1 INTRODUCTION OF BIOSTATISTICS","MCQ","Medium","1","There are .... major uses of biostatistics:","بائیو سٹیٹکسکس کے بنیادی استعمال ہیں:","3","4","5","6","","","","","B","Additional",""
"Punjab Board","Class 9","Biology","Chapter 11","11.1 INTRODUCTION OF BIOSTATISTICS","MCQ","Medium","1","How many examples of uses of biostatistics?","بائیو سٹیٹکس کے استعمال کی کتنی مثالیں ہیں:","2","3","4","5","","","","","A","Additional",""
"Punjab Board","Class 9","Biology","Chapter 11","11.1 INTRODUCTION OF BIOSTATISTICS","MCQ","Medium","1","Which study is used to identify genetic marker:","جینیاتی مارکز کی شناخت کےلیے کون سا مطالعہ استعمال کیا جاتا ہے:","Epidemiology","Genetics","Agriculture","Clinical trials","وبائی امراض","جینٹکس","زراعت","کلینیکل ٹرائلز","B","Additional",""
"Punjab Board","Class 9","Biology","Chapter 11","11.1 INTRODUCTION OF BIOSTATISTICS","MCQ","Medium","1","Which helps in analysing crop yield:","جو فصل کی پیداوار کا تجزیہ کرنے میں مدد کرتا ہے؟","Agriculture","Clinical trials","Genetics","Epidemiology","زراعت","کلینکل ٹرائلز","جنیٹکس","وبائی امراض","A","Additional",""
"Punjab Board","Class 9","Biology","Chapter 11","11.1 INTRODUCTION OF BIOSTATISTICS","MCQ","Medium","1","Biostatistics is essential for:","بائیو سٹیٹکس کے لیے ضروری ہے:","Designing biological experiments","Clinical trials","Epidemiological studies","All above","بائیولوجیکل تجربات ڈیزائن کرنا","کلینکل ٹرائلز","وبائی امراض کا علم","یہ تمام","D","Additional",""
"Punjab Board","Class 9","Biology","Chapter 11","11.1 INTRODUCTION OF BIOSTATISTICS","MCQ","Medium","1","Genetic studies use biostatistics to identify genetic markers linked to diseases like:","جینیاتی مطالعات بیماریوں سے منسلک جینیاتی مارکروں کی شناخت کے لیے بائیوسٹیٹسٹکس کا استعمال کرتے ہیں جیسے:","Hepatitis","Cancer","Diabetes","Both b and C","ہیپاٹائٹس","کینسر","ذیابیطس","بی اور سی دونوں","D","Additional",""
"Punjab Board","Class 9","Biology","Chapter 11","11.2 MEAN, MEDIAN, AND MODE","MCQ","Medium","1","Which of the following best describes the mean of a data set?","مندرجہ ذیل میں سے کون سا بیان ڈیٹا سیٹ کی مین کو بہترین طور پر بیان کرتا ہے؟","The most frequently occurring value","The middle value when data is ordered","The sum of all values divided by the number of values","The difference between the highest and lowest values","سب سے زیادہ تکرار سے ہونے والی ویلیو","جب ڈیٹا ترتیب میں ہوتو درمیانی ویلیو","تمام ویلیوز کا مجموعہ جسے ویلیوز کی تعداد سے تقسیم کیا گیا ہو","سب سے زیادہ اور سب سے کم ویلیو کے درمیان فرق","C","Exercise",""
"Punjab Board","Class 9","Biology","Chapter 11","11.2 MEAN, MEDIAN, AND MODE","MCQ","Medium","1","If the data set is 5,8,12,15,20, what is the median?","اگر ڈیٹا سیٹ 5,8,12,15,20, ہے تو میڈین کیا ہوگی؟","8","12","15","20","","","","","B","Exercise",""
"Punjab Board","Class 9","Biology","Chapter 11","11.2 MEAN, MEDIAN, AND MODE","MCQ","Medium","1","What is the mean of the data set: 7,8,9,10,11?","ڈیٹا سیٹ 7,8,9,10,11 ہے تو مین کیا ہوگی؟","7","8","9","10","","","","","C","Exercise",""
"Punjab Board","Class 9","Biology","Chapter 11","11.2 MEAN, MEDIAN, AND MODE","MCQ","Medium","1","When the number of values in a data set is even, how is the median calculated?","جب ڈیٹا سیٹ میں ویلیو کی تعداد جفت ہو تو میڈین کیسے معلوم کی جاتی ہے؟","By choosing the middle value","By taking the average of the two middle values","By selecting the most frequent value","By adding all values and dividing by the total number of values","درمیانی ویلیو کا انتخاب کرکے","دو درمیانی ویلیوز کا اوسط لے کر","سب سے زیادہ کثرت سے موجود ویلیو کا انتخاب کرکے","تمام ویلیوز کو شامل کرکے اور ویلیوز کی کل تعداد سے تقسیم کرکے","B","Exercise",""
"Punjab Board","Class 9","Biology","Chapter 11","11.2 MEAN, MEDIAN, AND MODE","MCQ","Medium","1","In a data set with values 3,3,6,7,8,9,9, what is the mode?","ڈیٹا سیٹ، 3,3,6,7,8,9,9 ہے تو موڈ کیا ہوگا؟","3","6","7","Both 3 and 9","3","6","7","3 اور 9 دونوں","D","Exercise",""
"Punjab Board","Class 9","Biology","Chapter 11","11.2 MEAN, MEDIAN, AND MODE","MCQ","Medium","1","If a data set has no repeated values, what is the mode?","اگر ڈیٹا سیٹ میں ایسی کوئی ویلیو نہیں ہے جس کی تکرار ہوتو موڈ کیا ہوگا؟","The highest value","The average of the data set","There is no mode","The median value","سب سے زیادہ ویلیو","ڈیٹا سیٹ کی اوسط","کوئی موڈ نہیں ہے","میڈین ویلیو","C","Exercise",""
"Punjab Board","Class 9","Biology","Chapter 11","11.2 MEAN, MEDIAN, AND MODE","MCQ","Medium","1","Which helps to summarize and identify data set:","ڈیٹا سیٹ کا خلاصہ اور شناخت کرنے میں مدد دیتا ہے:","Mean","Median","Mode","All","مین","میڈین","موڈ","تمام","D","Additional",""
"Punjab Board","Class 9","Biology","Chapter 11","11.2 MEAN, MEDIAN, AND MODE","MCQ","Medium","1","The second name of mean is:","مین کا دوسرا نام ہے:","Average","Sum","Data","None","اوسط","مجموعہ","ڈیٹا","کوئی نہیں","A","Additional",""
"Punjab Board","Class 9","Biology","Chapter 11","11.2 MEAN, MEDIAN, AND MODE","MCQ","Medium","1","The central value of a data set represent:","ڈیٹا سیٹ کی مرکزی ویلیو کو ظاہر کرتا ہے:","Mean","Median","Mode","Data","مین","میڈین","موڈ","ڈیٹا","B","Additional",""
"Punjab Board","Class 9","Biology","Chapter 11","11.2 MEAN, MEDIAN, AND MODE","MCQ","Medium","1","The unit of mean is:","مین کا یونٹ ہے:","m","cm","km","None of these","","","","","A","Additional",""
"Punjab Board","Class 9","Biology","Chapter 11","11.2 MEAN, MEDIAN, AND MODE","MCQ","Medium","1","Which gives middle value:","درمیانی ویلیو دیتا ہے:","Median","Mean","Data","Mode","میڈین","مین","ڈیٹا","موڈ","B","Additional",""
"Punjab Board","Class 9","Biology","Chapter 11","11.2 MEAN, MEDIAN, AND MODE","MCQ","Medium","1","Median is average of two middle value, if number of values is:","میڈین دو درمیانی ویلیوز کا اوسط ہے اگر ویلیوز کا نمبر ہے:","Even","Odd","Both","None","جفت","طاق","دونوں","کوئی نہیں","A","Additional",""
"Punjab Board","Class 9","Biology","Chapter 11","11.2 MEAN, MEDIAN, AND MODE","MCQ","Medium","1","Which is used to arrange data in ascending order:","ڈیٹا میں موجود ویلیوز کو بڑھتی ہوئی ترتیب میں لکھا جاتا ہے:","Mode","Median","Mean","None","موڈ","میڈین","مین","کوئی نہیں","B","Additional",""
"Punjab Board","Class 9","Biology","Chapter 11","11.2 MEAN, MEDIAN, AND MODE","MCQ","Medium","1","They are .... steps to calculate median;","میڈین معلوم کرنے کے ...... مراحل ہیں:","2","3","4","5","","","","","B","Additional",""
"Punjab Board","Class 9","Biology","Chapter 11","11.2 MEAN, MEDIAN, AND MODE","MCQ","Medium","1","Steps to calculate the mode are:","موڈ کو معلوم کرنے کے مراحل ہیں؟","1","2","3","4","","","","","B","Additional",""
"Punjab Board","Class 9","Biology","Chapter 11","11.2 MEAN, MEDIAN, AND MODE","MCQ","Medium","1","Mode highlights the most:","موڈ سب سے زیادہ نمایاں کرتا ہے:","Frequent value","High value","Middle value","Centre value","بار بار آنے والی قیمت","اعلیٰ قیمت","درمیانی قیمت","مرکزی قیمت","A","Additional",""
"Punjab Board","Class 9","Biology","Chapter 11","11.2 MEAN, MEDIAN, AND MODE","MCQ","Medium","1","If all values have same to frequency ,then this data set has no:","اگر تمام ویلیوز کی تکرار ایک ہی ہو تو ڈیٹا سیٹ کیا نہیں رکھتا؟","Median","Mode","Data","Mean","میڈین","موڈ","ڈیٹا","مین","B","Additional",""
"Punjab Board","Class 9","Biology","Chapter 11","11.2 MEAN, MEDIAN, AND MODE","MCQ","Medium","1","lf is the value 155+160/2, then median of this value is:","اگر ویلیوز 155+160/2,ہوں تو پھر اس ویلیو کا میڈین ہے:","157.5","157.6","157.7","157.9","","","","","A","Additional",""
"Punjab Board","Class 9","Biology","Chapter 11","11.2 MEAN, MEDIAN, AND MODE","MCQ","Medium","1","If the data set is, 150 ,160, 165, 155, 170 what is the median:","اگر ڈیٹا سیٹ 150 ,160, 165, 155, 170 ہوتو میڈین کیا ہوگا؟","160cm","165cm","150cm","155cm","","","","","A","Additional",""
"Punjab Board","Class 9","Biology","Chapter 11","11.2 MEAN, MEDIAN, AND MODE","MCQ","Medium","1","What is the mode of data set :150 ,160 165 ,155, 160?","ڈیٹا سیٹ 150 ,160 ,165 ,155, 160 کا موڈ ہوگا:","150","160","Both","None","","","","","B","Additional",""
"Punjab Board","Class 9","Biology","Chapter 11","11.2 MEAN, MEDIAN, AND MODE","MCQ","Medium","1","In a data set with values :150 ,160,165, 155 ,170 what is mean?","اگر ڈیٹا سیٹ 150 ,160,165, 155 ,170 ہوتو مین کیا ہوگی؟","150cm","160cm","170cm","180cm","","","","","B","Additional",""
"Punjab Board","Class 9","Biology","Chapter 11","11.2 MEAN, MEDIAN, AND MODE","MCQ","Medium","1","The value that appear most frequently in a data:","وہ ویلیو جو ڈیٹا میں اکثر ظاہر ہوتی ہے:","Mode","Mean","Median","All above","موڈ","مین","میڈین","یہ تمام","A","Additional",""
"Punjab Board","Class 9","Biology","Chapter 11","11.2 MEAN, MEDIAN, AND MODE","MCQ","Medium","1","The middle value of a data set when the values are arranged in ascending or descending order is called:","جب ڈیٹا سیٹ میں موجود ویلیوز کو بڑھتی ہوئی یا کم ہوتی ہوئی ترتیب میں منظم کیا جائے تو ڈیٹا سیٹ کی درمیانی قیمت کو کہتے ہیں؟","Mean","Median","Mode","None above","مین","میڈین","موڈ","ان میں سے کوئی نہیں","B","Additional",""
"Punjab Board","Class 9","Biology","Chapter 11","11.3 BAR CHART","MCQ","Medium","1","In a bar chart, what does the height or length of each bar represent?","بار چارٹ میں ہر بار کی اونچائی یا لمبائی ظاہر کرتی ہے؟","The total number of categories","The value of the corresponding category","The average of all values","The difference between the highest and lowest values","اقسام کی کل تعداد","متعلقہ قسم کی ویلیو","تمام ویلیوز کی اوسط","سب سے زیادہ اور سب سے کم ویلیوز میں فرق","B","Exercise",""
"Punjab Board","Class 9","Biology","Chapter 11","11.3 BAR CHART","MCQ","Medium","1","When constructing a bar chart, which axis usually represents the categories?","بار چارٹ بناتے وقت کون سا axis عام طور پر اقسام کو ظاہر کرتا ہے؟","Vertical axis (y-axis)","Horizontal axis (x-axis)","Both axes equally represent the categories","Neither axis represents the categories","عموری محور یعنی y-axis","افقی محور یعنی x-axis","دونوں محور یکساں طور پر اقسام کو ظاہر کرتے ہیں","کوئی بھی محور اقسام کو ظاہر نہیں کرتا","B","Exercise",""
"Punjab Board","Class 9","Biology","Chapter 11","11.3 BAR CHART","MCQ","Medium","1","How many steps to create bar chart?","بار چارٹ بنانے کے کتنے مراحل ہیں؟","5","6","7","8","","","","","C","Additional",""
"Punjab Board","Class 9","Biology","Chapter 11","11.3 BAR CHART","MCQ","Medium","1","The graphical representation of data called:","ڈیٹا کا گراف کی شکل میں اظہار ہے:","Bar chart","Data","Both","None","بار چارٹ","ڈیٹا","دونوں","کوئی نہیں","A","Additional",""
"Punjab Board","Class 9","Biology","Chapter 11","11.3 BAR CHART","MCQ","Medium","1","Which of the following is effective for comparing different categories and visually representing the distribution of data:","مندرجہ ذیل میں سے کون سا مختلف زمروں کا موازنہ کرنے اور اعداد و شمار کی تقسیم کی بصری نمائندگی کرنے کے لیے مؤثر ہے:","Mode","Mean","Median","Bar charts","موڈ","مین","میڈین","بار چارٹس","D","Additional",""