Title,Subject,Grade,Board,Scope,Unit,NoteType,Author,FileURL,Description
Class 9 Biology (New Syllabus) - Full Book Complete Notes,Biology,9,PCTB (Punjab Curriculum & Textbook Board),FULL_BOOK,,Full Book Complete,TaleemCity / PakParcha,https://drive.google.com/file/d/16hr2HFT9WFqBWI1Muwo10-aXtAkJXuq6/preview,"### Comprehensive Biology Class 9 (Full Book Complete Syllabus) Notes & Solutions

These Biology notes for Class 9 (Class 9 Biology (New Syllabus) - Full Book Complete Notes) are prepared strictly according to the Single National Curriculum (SNC 2025–2026) and Punjab Curriculum and Textbook Board (PCTB) standards.

#### 📌 Included In This Resource:
1. **Multiple Choice Questions (MCQs):** Carefully curated objective questions with verified answer keys.
2. **Short Answer Questions:** Concise, exam-targeted answers highlighting key definitions, laws, and concepts.
3. **Long & Detailed Questions:** Step-by-step explanations, diagrams, derivations, and board-standard headings.
4. **Textbook Solved Exercises & Numericals:** Complete solved numericals and exercises with given data, formula substitution, and final units.

#### 🏛️ Board Compatibility:
- **Punjab Boards:** Lahore, Rawalpindi, Gujranwala, Faisalabad, Multan, Sargodha, Sahiwal, Bahawalpur, DG Khan.
- **Federal Board (FBISE):** Islamabad & Cantonment Institutions.
- **KPK & Sindh Boards:** Aligned with Single National Curriculum standards.

#### 💡 Exam Preparation Tips:
- Review past 5-year board questions included at the end of each topic.
- Practice diagrams, derivations, and formulas regularly.
- Memorize key definitions and bold terms for maximum score."
Class 9 Biology (New Syllabus) - Unit 1 - Long Questions (New),Biology,9,PCTB (Punjab Curriculum & Textbook Board),CHAPTER_WISE,1,Long Questions,TaleemCity / PakParcha,https://drive.google.com/file/d/1g9p8d81WMU0fL0gU8y5WV53X_SdCPANQ/preview,"### Comprehensive Biology Class 9 (Unit 1) Notes & Solutions

These Biology notes for Class 9 (Class 9 Biology (New Syllabus) - Unit 1 - Long Questions (New)) are prepared strictly according to the Single National Curriculum (SNC 2025–2026) and Punjab Curriculum and Textbook Board (PCTB) standards.

#### 📌 Included In This Resource:
1. **Multiple Choice Questions (MCQs):** Carefully curated objective questions with verified answer keys.
2. **Short Answer Questions:** Concise, exam-targeted answers highlighting key definitions, laws, and concepts.
3. **Long & Detailed Questions:** Step-by-step explanations, diagrams, derivations, and board-standard headings.
4. **Textbook Solved Exercises & Numericals:** Complete solved numericals and exercises with given data, formula substitution, and final units.

#### 🏛️ Board Compatibility:
- **Punjab Boards:** Lahore, Rawalpindi, Gujranwala, Faisalabad, Multan, Sargodha, Sahiwal, Bahawalpur, DG Khan.
- **Federal Board (FBISE):** Islamabad & Cantonment Institutions.
- **KPK & Sindh Boards:** Aligned with Single National Curriculum standards.

#### 💡 Exam Preparation Tips:
- Review past 5-year board questions included at the end of each topic.
- Practice diagrams, derivations, and formulas regularly.
- Memorize key definitions and bold terms for maximum score."
Class 9 Biology (New Syllabus) - Unit 1 - MCQâs (New),Biology,9,PCTB (Punjab Curriculum & Textbook Board),CHAPTER_WISE,1,Solved MCQs,TaleemCity / PakParcha,https://drive.google.com/file/d/19k7AtNj8Y3ZEKeQhCdoegCrcaAtTNFva/preview,"### Comprehensive Biology Class 9 (Unit 1) Notes & Solutions

These Biology notes for Class 9 (Class 9 Biology (New Syllabus) - Unit 1 - MCQâs (New)) are prepared strictly according to the Single National Curriculum (SNC 2025–2026) and Punjab Curriculum and Textbook Board (PCTB) standards.

#### 📌 Included In This Resource:
1. **Multiple Choice Questions (MCQs):** Carefully curated objective questions with verified answer keys.
2. **Short Answer Questions:** Concise, exam-targeted answers highlighting key definitions, laws, and concepts.
3. **Long & Detailed Questions:** Step-by-step explanations, diagrams, derivations, and board-standard headings.
4. **Textbook Solved Exercises & Numericals:** Complete solved numericals and exercises with given data, formula substitution, and final units.

#### 🏛️ Board Compatibility:
- **Punjab Boards:** Lahore, Rawalpindi, Gujranwala, Faisalabad, Multan, Sargodha, Sahiwal, Bahawalpur, DG Khan.
- **Federal Board (FBISE):** Islamabad & Cantonment Institutions.
- **KPK & Sindh Boards:** Aligned with Single National Curriculum standards.

#### 💡 Exam Preparation Tips:
- Review past 5-year board questions included at the end of each topic.
- Practice diagrams, derivations, and formulas regularly.
- Memorize key definitions and bold terms for maximum score."
Class 9 Biology (New Syllabus) - Unit 1 - Short Questions (New),Biology,9,PCTB (Punjab Curriculum & Textbook Board),CHAPTER_WISE,1,Short Questions,TaleemCity / PakParcha,https://drive.google.com/file/d/1FHt1mjMm6We5uuuvB-ZHV84nO0ioOkzv/preview,"### Comprehensive Biology Class 9 (Unit 1) Notes & Solutions

These Biology notes for Class 9 (Class 9 Biology (New Syllabus) - Unit 1 - Short Questions (New)) are prepared strictly according to the Single National Curriculum (SNC 2025–2026) and Punjab Curriculum and Textbook Board (PCTB) standards.

#### 📌 Included In This Resource:
1. **Multiple Choice Questions (MCQs):** Carefully curated objective questions with verified answer keys.
2. **Short Answer Questions:** Concise, exam-targeted answers highlighting key definitions, laws, and concepts.
3. **Long & Detailed Questions:** Step-by-step explanations, diagrams, derivations, and board-standard headings.
4. **Textbook Solved Exercises & Numericals:** Complete solved numericals and exercises with given data, formula substitution, and final units.

#### 🏛️ Board Compatibility:
- **Punjab Boards:** Lahore, Rawalpindi, Gujranwala, Faisalabad, Multan, Sargodha, Sahiwal, Bahawalpur, DG Khan.
- **Federal Board (FBISE):** Islamabad & Cantonment Institutions.
- **KPK & Sindh Boards:** Aligned with Single National Curriculum standards.

#### 💡 Exam Preparation Tips:
- Review past 5-year board questions included at the end of each topic.
- Practice diagrams, derivations, and formulas regularly.
- Memorize key definitions and bold terms for maximum score."
Class 9 Biology (New Syllabus) - Unit 2 - Long Questions (New),Biology,9,PCTB (Punjab Curriculum & Textbook Board),CHAPTER_WISE,2,Long Questions,TaleemCity / PakParcha,https://drive.google.com/file/d/1xx9vHpzIOEsPspvg_tW_LnVV_qOECUCU/preview,"### Comprehensive Biology Class 9 (Unit 2) Notes & Solutions

These Biology notes for Class 9 (Class 9 Biology (New Syllabus) - Unit 2 - Long Questions (New)) are prepared strictly according to the Single National Curriculum (SNC 2025–2026) and Punjab Curriculum and Textbook Board (PCTB) standards.

#### 📌 Included In This Resource:
1. **Multiple Choice Questions (MCQs):** Carefully curated objective questions with verified answer keys.
2. **Short Answer Questions:** Concise, exam-targeted answers highlighting key definitions, laws, and concepts.
3. **Long & Detailed Questions:** Step-by-step explanations, diagrams, derivations, and board-standard headings.
4. **Textbook Solved Exercises & Numericals:** Complete solved numericals and exercises with given data, formula substitution, and final units.

#### 🏛️ Board Compatibility:
- **Punjab Boards:** Lahore, Rawalpindi, Gujranwala, Faisalabad, Multan, Sargodha, Sahiwal, Bahawalpur, DG Khan.
- **Federal Board (FBISE):** Islamabad & Cantonment Institutions.
- **KPK & Sindh Boards:** Aligned with Single National Curriculum standards.

#### 💡 Exam Preparation Tips:
- Review past 5-year board questions included at the end of each topic.
- Practice diagrams, derivations, and formulas regularly.
- Memorize key definitions and bold terms for maximum score."
Class 9 Biology (New Syllabus) - Unit 2 - MCQâs (New),Biology,9,PCTB (Punjab Curriculum & Textbook Board),CHAPTER_WISE,2,Solved MCQs,TaleemCity / PakParcha,https://drive.google.com/file/d/1t6ZV0ySRryv7li2P3jnbBN6dPN0IqSoU/preview,"### Comprehensive Biology Class 9 (Unit 2) Notes & Solutions

These Biology notes for Class 9 (Class 9 Biology (New Syllabus) - Unit 2 - MCQâs (New)) are prepared strictly according to the Single National Curriculum (SNC 2025–2026) and Punjab Curriculum and Textbook Board (PCTB) standards.

#### 📌 Included In This Resource:
1. **Multiple Choice Questions (MCQs):** Carefully curated objective questions with verified answer keys.
2. **Short Answer Questions:** Concise, exam-targeted answers highlighting key definitions, laws, and concepts.
3. **Long & Detailed Questions:** Step-by-step explanations, diagrams, derivations, and board-standard headings.
4. **Textbook Solved Exercises & Numericals:** Complete solved numericals and exercises with given data, formula substitution, and final units.

#### 🏛️ Board Compatibility:
- **Punjab Boards:** Lahore, Rawalpindi, Gujranwala, Faisalabad, Multan, Sargodha, Sahiwal, Bahawalpur, DG Khan.
- **Federal Board (FBISE):** Islamabad & Cantonment Institutions.
- **KPK & Sindh Boards:** Aligned with Single National Curriculum standards.

#### 💡 Exam Preparation Tips:
- Review past 5-year board questions included at the end of each topic.
- Practice diagrams, derivations, and formulas regularly.
- Memorize key definitions and bold terms for maximum score."
Class 9 Biology (New Syllabus) - Unit 2 - Short Questions (New),Biology,9,PCTB (Punjab Curriculum & Textbook Board),CHAPTER_WISE,2,Short Questions,TaleemCity / PakParcha,https://drive.google.com/file/d/1CIYxVVzsS82MUReeBC2Mnd_2Ilq5PSPD/preview,"### Comprehensive Biology Class 9 (Unit 2) Notes & Solutions

These Biology notes for Class 9 (Class 9 Biology (New Syllabus) - Unit 2 - Short Questions (New)) are prepared strictly according to the Single National Curriculum (SNC 2025–2026) and Punjab Curriculum and Textbook Board (PCTB) standards.

#### 📌 Included In This Resource:
1. **Multiple Choice Questions (MCQs):** Carefully curated objective questions with verified answer keys.
2. **Short Answer Questions:** Concise, exam-targeted answers highlighting key definitions, laws, and concepts.
3. **Long & Detailed Questions:** Step-by-step explanations, diagrams, derivations, and board-standard headings.
4. **Textbook Solved Exercises & Numericals:** Complete solved numericals and exercises with given data, formula substitution, and final units.

#### 🏛️ Board Compatibility:
- **Punjab Boards:** Lahore, Rawalpindi, Gujranwala, Faisalabad, Multan, Sargodha, Sahiwal, Bahawalpur, DG Khan.
- **Federal Board (FBISE):** Islamabad & Cantonment Institutions.
- **KPK & Sindh Boards:** Aligned with Single National Curriculum standards.

#### 💡 Exam Preparation Tips:
- Review past 5-year board questions included at the end of each topic.
- Practice diagrams, derivations, and formulas regularly.
- Memorize key definitions and bold terms for maximum score."
Class 9 Biology (New Syllabus) - Unit 3 - Long Questions (New),Biology,9,PCTB (Punjab Curriculum & Textbook Board),CHAPTER_WISE,3,Long Questions,TaleemCity / PakParcha,https://drive.google.com/file/d/1s9msyGnFML0QOpmvjWYan2Fj1YiaL3Hp/preview,"### Comprehensive Biology Class 9 (Unit 3) Notes & Solutions

These Biology notes for Class 9 (Class 9 Biology (New Syllabus) - Unit 3 - Long Questions (New)) are prepared strictly according to the Single National Curriculum (SNC 2025–2026) and Punjab Curriculum and Textbook Board (PCTB) standards.

#### 📌 Included In This Resource:
1. **Multiple Choice Questions (MCQs):** Carefully curated objective questions with verified answer keys.
2. **Short Answer Questions:** Concise, exam-targeted answers highlighting key definitions, laws, and concepts.
3. **Long & Detailed Questions:** Step-by-step explanations, diagrams, derivations, and board-standard headings.
4. **Textbook Solved Exercises & Numericals:** Complete solved numericals and exercises with given data, formula substitution, and final units.

#### 🏛️ Board Compatibility:
- **Punjab Boards:** Lahore, Rawalpindi, Gujranwala, Faisalabad, Multan, Sargodha, Sahiwal, Bahawalpur, DG Khan.
- **Federal Board (FBISE):** Islamabad & Cantonment Institutions.
- **KPK & Sindh Boards:** Aligned with Single National Curriculum standards.

#### 💡 Exam Preparation Tips:
- Review past 5-year board questions included at the end of each topic.
- Practice diagrams, derivations, and formulas regularly.
- Memorize key definitions and bold terms for maximum score."
Class 9 Biology (New Syllabus) - Unit 3 - MCQâs (New),Biology,9,PCTB (Punjab Curriculum & Textbook Board),CHAPTER_WISE,3,Solved MCQs,TaleemCity / PakParcha,https://drive.google.com/file/d/1J8S2tTPIZpf33Jww534W0i4o07q2OhUO/preview,"### Comprehensive Biology Class 9 (Unit 3) Notes & Solutions

These Biology notes for Class 9 (Class 9 Biology (New Syllabus) - Unit 3 - MCQâs (New)) are prepared strictly according to the Single National Curriculum (SNC 2025–2026) and Punjab Curriculum and Textbook Board (PCTB) standards.

#### 📌 Included In This Resource:
1. **Multiple Choice Questions (MCQs):** Carefully curated objective questions with verified answer keys.
2. **Short Answer Questions:** Concise, exam-targeted answers highlighting key definitions, laws, and concepts.
3. **Long & Detailed Questions:** Step-by-step explanations, diagrams, derivations, and board-standard headings.
4. **Textbook Solved Exercises & Numericals:** Complete solved numericals and exercises with given data, formula substitution, and final units.

#### 🏛️ Board Compatibility:
- **Punjab Boards:** Lahore, Rawalpindi, Gujranwala, Faisalabad, Multan, Sargodha, Sahiwal, Bahawalpur, DG Khan.
- **Federal Board (FBISE):** Islamabad & Cantonment Institutions.
- **KPK & Sindh Boards:** Aligned with Single National Curriculum standards.

#### 💡 Exam Preparation Tips:
- Review past 5-year board questions included at the end of each topic.
- Practice diagrams, derivations, and formulas regularly.
- Memorize key definitions and bold terms for maximum score."
Class 9 Biology (New Syllabus) - Unit 3 - Short Questions (New),Biology,9,PCTB (Punjab Curriculum & Textbook Board),CHAPTER_WISE,3,Short Questions,TaleemCity / PakParcha,https://drive.google.com/file/d/1LKVKw4I9nOIa_nxLtWM6AUq4N2EShBCE/preview,"### Comprehensive Biology Class 9 (Unit 3) Notes & Solutions

These Biology notes for Class 9 (Class 9 Biology (New Syllabus) - Unit 3 - Short Questions (New)) are prepared strictly according to the Single National Curriculum (SNC 2025–2026) and Punjab Curriculum and Textbook Board (PCTB) standards.

#### 📌 Included In This Resource:
1. **Multiple Choice Questions (MCQs):** Carefully curated objective questions with verified answer keys.
2. **Short Answer Questions:** Concise, exam-targeted answers highlighting key definitions, laws, and concepts.
3. **Long & Detailed Questions:** Step-by-step explanations, diagrams, derivations, and board-standard headings.
4. **Textbook Solved Exercises & Numericals:** Complete solved numericals and exercises with given data, formula substitution, and final units.

#### 🏛️ Board Compatibility:
- **Punjab Boards:** Lahore, Rawalpindi, Gujranwala, Faisalabad, Multan, Sargodha, Sahiwal, Bahawalpur, DG Khan.
- **Federal Board (FBISE):** Islamabad & Cantonment Institutions.
- **KPK & Sindh Boards:** Aligned with Single National Curriculum standards.

#### 💡 Exam Preparation Tips:
- Review past 5-year board questions included at the end of each topic.
- Practice diagrams, derivations, and formulas regularly.
- Memorize key definitions and bold terms for maximum score."
Class 9 Biology (New Syllabus) - Unit 4 - Long Questions (New),Biology,9,PCTB (Punjab Curriculum & Textbook Board),CHAPTER_WISE,4,Long Questions,TaleemCity / PakParcha,https://drive.google.com/file/d/1hhfqiykJK7AE0CrR_p5WJd9zhzk6zcUS/preview,"### Comprehensive Biology Class 9 (Unit 4) Notes & Solutions

These Biology notes for Class 9 (Class 9 Biology (New Syllabus) - Unit 4 - Long Questions (New)) are prepared strictly according to the Single National Curriculum (SNC 2025–2026) and Punjab Curriculum and Textbook Board (PCTB) standards.

#### 📌 Included In This Resource:
1. **Multiple Choice Questions (MCQs):** Carefully curated objective questions with verified answer keys.
2. **Short Answer Questions:** Concise, exam-targeted answers highlighting key definitions, laws, and concepts.
3. **Long & Detailed Questions:** Step-by-step explanations, diagrams, derivations, and board-standard headings.
4. **Textbook Solved Exercises & Numericals:** Complete solved numericals and exercises with given data, formula substitution, and final units.

#### 🏛️ Board Compatibility:
- **Punjab Boards:** Lahore, Rawalpindi, Gujranwala, Faisalabad, Multan, Sargodha, Sahiwal, Bahawalpur, DG Khan.
- **Federal Board (FBISE):** Islamabad & Cantonment Institutions.
- **KPK & Sindh Boards:** Aligned with Single National Curriculum standards.

#### 💡 Exam Preparation Tips:
- Review past 5-year board questions included at the end of each topic.
- Practice diagrams, derivations, and formulas regularly.
- Memorize key definitions and bold terms for maximum score."
Class 9 Biology (New Syllabus) - Unit 4 - MCQâs (New),Biology,9,PCTB (Punjab Curriculum & Textbook Board),CHAPTER_WISE,4,Solved MCQs,TaleemCity / PakParcha,https://drive.google.com/file/d/1CQ6_CcJDD5cy8whIRsl3_kdoVHaIvtcK/preview,"### Comprehensive Biology Class 9 (Unit 4) Notes & Solutions

These Biology notes for Class 9 (Class 9 Biology (New Syllabus) - Unit 4 - MCQâs (New)) are prepared strictly according to the Single National Curriculum (SNC 2025–2026) and Punjab Curriculum and Textbook Board (PCTB) standards.

#### 📌 Included In This Resource:
1. **Multiple Choice Questions (MCQs):** Carefully curated objective questions with verified answer keys.
2. **Short Answer Questions:** Concise, exam-targeted answers highlighting key definitions, laws, and concepts.
3. **Long & Detailed Questions:** Step-by-step explanations, diagrams, derivations, and board-standard headings.
4. **Textbook Solved Exercises & Numericals:** Complete solved numericals and exercises with given data, formula substitution, and final units.

#### 🏛️ Board Compatibility:
- **Punjab Boards:** Lahore, Rawalpindi, Gujranwala, Faisalabad, Multan, Sargodha, Sahiwal, Bahawalpur, DG Khan.
- **Federal Board (FBISE):** Islamabad & Cantonment Institutions.
- **KPK & Sindh Boards:** Aligned with Single National Curriculum standards.

#### 💡 Exam Preparation Tips:
- Review past 5-year board questions included at the end of each topic.
- Practice diagrams, derivations, and formulas regularly.
- Memorize key definitions and bold terms for maximum score."
Class 9 Biology (New Syllabus) - Unit 4 - Short Questions (New),Biology,9,PCTB (Punjab Curriculum & Textbook Board),CHAPTER_WISE,4,Short Questions,TaleemCity / PakParcha,https://drive.google.com/file/d/1HJ6yFoAXz0yHvEUgzWyLLg3ZZEsSMeqI/preview,"### Comprehensive Biology Class 9 (Unit 4) Notes & Solutions

These Biology notes for Class 9 (Class 9 Biology (New Syllabus) - Unit 4 - Short Questions (New)) are prepared strictly according to the Single National Curriculum (SNC 2025–2026) and Punjab Curriculum and Textbook Board (PCTB) standards.

#### 📌 Included In This Resource:
1. **Multiple Choice Questions (MCQs):** Carefully curated objective questions with verified answer keys.
2. **Short Answer Questions:** Concise, exam-targeted answers highlighting key definitions, laws, and concepts.
3. **Long & Detailed Questions:** Step-by-step explanations, diagrams, derivations, and board-standard headings.
4. **Textbook Solved Exercises & Numericals:** Complete solved numericals and exercises with given data, formula substitution, and final units.

#### 🏛️ Board Compatibility:
- **Punjab Boards:** Lahore, Rawalpindi, Gujranwala, Faisalabad, Multan, Sargodha, Sahiwal, Bahawalpur, DG Khan.
- **Federal Board (FBISE):** Islamabad & Cantonment Institutions.
- **KPK & Sindh Boards:** Aligned with Single National Curriculum standards.

#### 💡 Exam Preparation Tips:
- Review past 5-year board questions included at the end of each topic.
- Practice diagrams, derivations, and formulas regularly.
- Memorize key definitions and bold terms for maximum score."
Class 9 Biology (New Syllabus) - Unit 5 - Long Questions (New),Biology,9,PCTB (Punjab Curriculum & Textbook Board),CHAPTER_WISE,5,Long Questions,TaleemCity / PakParcha,https://drive.google.com/file/d/1Ztbr5c3l1tlVBo-wCHn8AR7_HIEFvQ9E/preview,"### Comprehensive Biology Class 9 (Unit 5) Notes & Solutions

These Biology notes for Class 9 (Class 9 Biology (New Syllabus) - Unit 5 - Long Questions (New)) are prepared strictly according to the Single National Curriculum (SNC 2025–2026) and Punjab Curriculum and Textbook Board (PCTB) standards.

#### 📌 Included In This Resource:
1. **Multiple Choice Questions (MCQs):** Carefully curated objective questions with verified answer keys.
2. **Short Answer Questions:** Concise, exam-targeted answers highlighting key definitions, laws, and concepts.
3. **Long & Detailed Questions:** Step-by-step explanations, diagrams, derivations, and board-standard headings.
4. **Textbook Solved Exercises & Numericals:** Complete solved numericals and exercises with given data, formula substitution, and final units.

#### 🏛️ Board Compatibility:
- **Punjab Boards:** Lahore, Rawalpindi, Gujranwala, Faisalabad, Multan, Sargodha, Sahiwal, Bahawalpur, DG Khan.
- **Federal Board (FBISE):** Islamabad & Cantonment Institutions.
- **KPK & Sindh Boards:** Aligned with Single National Curriculum standards.

#### 💡 Exam Preparation Tips:
- Review past 5-year board questions included at the end of each topic.
- Practice diagrams, derivations, and formulas regularly.
- Memorize key definitions and bold terms for maximum score."
Class 9 Biology (New Syllabus) - Unit 5 - MCQâs (New),Biology,9,PCTB (Punjab Curriculum & Textbook Board),CHAPTER_WISE,5,Solved MCQs,TaleemCity / PakParcha,https://drive.google.com/file/d/1oDQFHiA3S8pcMk0WUj7nifcyDCYwES5l/preview,"### Comprehensive Biology Class 9 (Unit 5) Notes & Solutions

These Biology notes for Class 9 (Class 9 Biology (New Syllabus) - Unit 5 - MCQâs (New)) are prepared strictly according to the Single National Curriculum (SNC 2025–2026) and Punjab Curriculum and Textbook Board (PCTB) standards.

#### 📌 Included In This Resource:
1. **Multiple Choice Questions (MCQs):** Carefully curated objective questions with verified answer keys.
2. **Short Answer Questions:** Concise, exam-targeted answers highlighting key definitions, laws, and concepts.
3. **Long & Detailed Questions:** Step-by-step explanations, diagrams, derivations, and board-standard headings.
4. **Textbook Solved Exercises & Numericals:** Complete solved numericals and exercises with given data, formula substitution, and final units.

#### 🏛️ Board Compatibility:
- **Punjab Boards:** Lahore, Rawalpindi, Gujranwala, Faisalabad, Multan, Sargodha, Sahiwal, Bahawalpur, DG Khan.
- **Federal Board (FBISE):** Islamabad & Cantonment Institutions.
- **KPK & Sindh Boards:** Aligned with Single National Curriculum standards.

#### 💡 Exam Preparation Tips:
- Review past 5-year board questions included at the end of each topic.
- Practice diagrams, derivations, and formulas regularly.
- Memorize key definitions and bold terms for maximum score."
Class 9 Biology (New Syllabus) - Unit 5 - Short Questions (New),Biology,9,PCTB (Punjab Curriculum & Textbook Board),CHAPTER_WISE,5,Short Questions,TaleemCity / PakParcha,https://drive.google.com/file/d/1gTSDDN3RCWyQsRwh18ip4JqcQfxwVzQH/preview,"### Comprehensive Biology Class 9 (Unit 5) Notes & Solutions

These Biology notes for Class 9 (Class 9 Biology (New Syllabus) - Unit 5 - Short Questions (New)) are prepared strictly according to the Single National Curriculum (SNC 2025–2026) and Punjab Curriculum and Textbook Board (PCTB) standards.

#### 📌 Included In This Resource:
1. **Multiple Choice Questions (MCQs):** Carefully curated objective questions with verified answer keys.
2. **Short Answer Questions:** Concise, exam-targeted answers highlighting key definitions, laws, and concepts.
3. **Long & Detailed Questions:** Step-by-step explanations, diagrams, derivations, and board-standard headings.
4. **Textbook Solved Exercises & Numericals:** Complete solved numericals and exercises with given data, formula substitution, and final units.

#### 🏛️ Board Compatibility:
- **Punjab Boards:** Lahore, Rawalpindi, Gujranwala, Faisalabad, Multan, Sargodha, Sahiwal, Bahawalpur, DG Khan.
- **Federal Board (FBISE):** Islamabad & Cantonment Institutions.
- **KPK & Sindh Boards:** Aligned with Single National Curriculum standards.

#### 💡 Exam Preparation Tips:
- Review past 5-year board questions included at the end of each topic.
- Practice diagrams, derivations, and formulas regularly.
- Memorize key definitions and bold terms for maximum score."
Class 9 Biology (New Syllabus) - Unit 6 - Long Questions (New),Biology,9,PCTB (Punjab Curriculum & Textbook Board),CHAPTER_WISE,6,Long Questions,TaleemCity / PakParcha,https://drive.google.com/file/d/1ugryEYeHqFBCV9M59OWhoia8WjZrkdqg/preview,"### Comprehensive Biology Class 9 (Unit 6) Notes & Solutions

These Biology notes for Class 9 (Class 9 Biology (New Syllabus) - Unit 6 - Long Questions (New)) are prepared strictly according to the Single National Curriculum (SNC 2025–2026) and Punjab Curriculum and Textbook Board (PCTB) standards.

#### 📌 Included In This Resource:
1. **Multiple Choice Questions (MCQs):** Carefully curated objective questions with verified answer keys.
2. **Short Answer Questions:** Concise, exam-targeted answers highlighting key definitions, laws, and concepts.
3. **Long & Detailed Questions:** Step-by-step explanations, diagrams, derivations, and board-standard headings.
4. **Textbook Solved Exercises & Numericals:** Complete solved numericals and exercises with given data, formula substitution, and final units.

#### 🏛️ Board Compatibility:
- **Punjab Boards:** Lahore, Rawalpindi, Gujranwala, Faisalabad, Multan, Sargodha, Sahiwal, Bahawalpur, DG Khan.
- **Federal Board (FBISE):** Islamabad & Cantonment Institutions.
- **KPK & Sindh Boards:** Aligned with Single National Curriculum standards.

#### 💡 Exam Preparation Tips:
- Review past 5-year board questions included at the end of each topic.
- Practice diagrams, derivations, and formulas regularly.
- Memorize key definitions and bold terms for maximum score."
Class 9 Biology (New Syllabus) - Unit 6 - MCQâs (New),Biology,9,PCTB (Punjab Curriculum & Textbook Board),CHAPTER_WISE,6,Solved MCQs,TaleemCity / PakParcha,https://drive.google.com/file/d/1Z8trMQulDhvXR6V986AHpTbq9yK33XKY/preview,"### Comprehensive Biology Class 9 (Unit 6) Notes & Solutions

These Biology notes for Class 9 (Class 9 Biology (New Syllabus) - Unit 6 - MCQâs (New)) are prepared strictly according to the Single National Curriculum (SNC 2025–2026) and Punjab Curriculum and Textbook Board (PCTB) standards.

#### 📌 Included In This Resource:
1. **Multiple Choice Questions (MCQs):** Carefully curated objective questions with verified answer keys.
2. **Short Answer Questions:** Concise, exam-targeted answers highlighting key definitions, laws, and concepts.
3. **Long & Detailed Questions:** Step-by-step explanations, diagrams, derivations, and board-standard headings.
4. **Textbook Solved Exercises & Numericals:** Complete solved numericals and exercises with given data, formula substitution, and final units.

#### 🏛️ Board Compatibility:
- **Punjab Boards:** Lahore, Rawalpindi, Gujranwala, Faisalabad, Multan, Sargodha, Sahiwal, Bahawalpur, DG Khan.
- **Federal Board (FBISE):** Islamabad & Cantonment Institutions.
- **KPK & Sindh Boards:** Aligned with Single National Curriculum standards.

#### 💡 Exam Preparation Tips:
- Review past 5-year board questions included at the end of each topic.
- Practice diagrams, derivations, and formulas regularly.
- Memorize key definitions and bold terms for maximum score."
Class 9 Biology (New Syllabus) - Unit 6 - Short Questions (New),Biology,9,PCTB (Punjab Curriculum & Textbook Board),CHAPTER_WISE,6,Short Questions,TaleemCity / PakParcha,https://drive.google.com/file/d/13glqH6F6JvghMzPI1BQBhSdmBG8D03ir/preview,"### Comprehensive Biology Class 9 (Unit 6) Notes & Solutions

These Biology notes for Class 9 (Class 9 Biology (New Syllabus) - Unit 6 - Short Questions (New)) are prepared strictly according to the Single National Curriculum (SNC 2025–2026) and Punjab Curriculum and Textbook Board (PCTB) standards.

#### 📌 Included In This Resource:
1. **Multiple Choice Questions (MCQs):** Carefully curated objective questions with verified answer keys.
2. **Short Answer Questions:** Concise, exam-targeted answers highlighting key definitions, laws, and concepts.
3. **Long & Detailed Questions:** Step-by-step explanations, diagrams, derivations, and board-standard headings.
4. **Textbook Solved Exercises & Numericals:** Complete solved numericals and exercises with given data, formula substitution, and final units.

#### 🏛️ Board Compatibility:
- **Punjab Boards:** Lahore, Rawalpindi, Gujranwala, Faisalabad, Multan, Sargodha, Sahiwal, Bahawalpur, DG Khan.
- **Federal Board (FBISE):** Islamabad & Cantonment Institutions.
- **KPK & Sindh Boards:** Aligned with Single National Curriculum standards.

#### 💡 Exam Preparation Tips:
- Review past 5-year board questions included at the end of each topic.
- Practice diagrams, derivations, and formulas regularly.
- Memorize key definitions and bold terms for maximum score."
Class 9 Biology (New Syllabus) - Unit 7 - Long Questions (New),Biology,9,PCTB (Punjab Curriculum & Textbook Board),CHAPTER_WISE,7,Long Questions,TaleemCity / PakParcha,https://drive.google.com/file/d/11mIN9YNSQc9GripbZ9p5yB_EOYOs3hYT/preview,"### Comprehensive Biology Class 9 (Unit 7) Notes & Solutions

These Biology notes for Class 9 (Class 9 Biology (New Syllabus) - Unit 7 - Long Questions (New)) are prepared strictly according to the Single National Curriculum (SNC 2025–2026) and Punjab Curriculum and Textbook Board (PCTB) standards.

#### 📌 Included In This Resource:
1. **Multiple Choice Questions (MCQs):** Carefully curated objective questions with verified answer keys.
2. **Short Answer Questions:** Concise, exam-targeted answers highlighting key definitions, laws, and concepts.
3. **Long & Detailed Questions:** Step-by-step explanations, diagrams, derivations, and board-standard headings.
4. **Textbook Solved Exercises & Numericals:** Complete solved numericals and exercises with given data, formula substitution, and final units.

#### 🏛️ Board Compatibility:
- **Punjab Boards:** Lahore, Rawalpindi, Gujranwala, Faisalabad, Multan, Sargodha, Sahiwal, Bahawalpur, DG Khan.
- **Federal Board (FBISE):** Islamabad & Cantonment Institutions.
- **KPK & Sindh Boards:** Aligned with Single National Curriculum standards.

#### 💡 Exam Preparation Tips:
- Review past 5-year board questions included at the end of each topic.
- Practice diagrams, derivations, and formulas regularly.
- Memorize key definitions and bold terms for maximum score."
Class 9 Biology (New Syllabus) - Unit 7 - MCQâs (New),Biology,9,PCTB (Punjab Curriculum & Textbook Board),CHAPTER_WISE,7,Solved MCQs,TaleemCity / PakParcha,https://drive.google.com/file/d/1T7Ak-K_CWj9NCfS7kYRl6pkfNRwcz0-q/preview,"### Comprehensive Biology Class 9 (Unit 7) Notes & Solutions

These Biology notes for Class 9 (Class 9 Biology (New Syllabus) - Unit 7 - MCQâs (New)) are prepared strictly according to the Single National Curriculum (SNC 2025–2026) and Punjab Curriculum and Textbook Board (PCTB) standards.

#### 📌 Included In This Resource:
1. **Multiple Choice Questions (MCQs):** Carefully curated objective questions with verified answer keys.
2. **Short Answer Questions:** Concise, exam-targeted answers highlighting key definitions, laws, and concepts.
3. **Long & Detailed Questions:** Step-by-step explanations, diagrams, derivations, and board-standard headings.
4. **Textbook Solved Exercises & Numericals:** Complete solved numericals and exercises with given data, formula substitution, and final units.

#### 🏛️ Board Compatibility:
- **Punjab Boards:** Lahore, Rawalpindi, Gujranwala, Faisalabad, Multan, Sargodha, Sahiwal, Bahawalpur, DG Khan.
- **Federal Board (FBISE):** Islamabad & Cantonment Institutions.
- **KPK & Sindh Boards:** Aligned with Single National Curriculum standards.

#### 💡 Exam Preparation Tips:
- Review past 5-year board questions included at the end of each topic.
- Practice diagrams, derivations, and formulas regularly.
- Memorize key definitions and bold terms for maximum score."
Class 9 Biology (New Syllabus) - Unit 7 - Short Questions (New),Biology,9,PCTB (Punjab Curriculum & Textbook Board),CHAPTER_WISE,7,Short Questions,TaleemCity / PakParcha,https://drive.google.com/file/d/1ORlJF16J9QF514XxqLenaTrIeuXyQ70A/preview,"### Comprehensive Biology Class 9 (Unit 7) Notes & Solutions

These Biology notes for Class 9 (Class 9 Biology (New Syllabus) - Unit 7 - Short Questions (New)) are prepared strictly according to the Single National Curriculum (SNC 2025–2026) and Punjab Curriculum and Textbook Board (PCTB) standards.

#### 📌 Included In This Resource:
1. **Multiple Choice Questions (MCQs):** Carefully curated objective questions with verified answer keys.
2. **Short Answer Questions:** Concise, exam-targeted answers highlighting key definitions, laws, and concepts.
3. **Long & Detailed Questions:** Step-by-step explanations, diagrams, derivations, and board-standard headings.
4. **Textbook Solved Exercises & Numericals:** Complete solved numericals and exercises with given data, formula substitution, and final units.

#### 🏛️ Board Compatibility:
- **Punjab Boards:** Lahore, Rawalpindi, Gujranwala, Faisalabad, Multan, Sargodha, Sahiwal, Bahawalpur, DG Khan.
- **Federal Board (FBISE):** Islamabad & Cantonment Institutions.
- **KPK & Sindh Boards:** Aligned with Single National Curriculum standards.

#### 💡 Exam Preparation Tips:
- Review past 5-year board questions included at the end of each topic.
- Practice diagrams, derivations, and formulas regularly.
- Memorize key definitions and bold terms for maximum score."
Class 9 Biology (New Syllabus) - Unit 8 - Long Questions (New),Biology,9,PCTB (Punjab Curriculum & Textbook Board),CHAPTER_WISE,8,Long Questions,TaleemCity / PakParcha,https://drive.google.com/file/d/1tYcymjKV3QPqUXlRzhZlbIiLDmtyDLCC/preview,"### Comprehensive Biology Class 9 (Unit 8) Notes & Solutions

These Biology notes for Class 9 (Class 9 Biology (New Syllabus) - Unit 8 - Long Questions (New)) are prepared strictly according to the Single National Curriculum (SNC 2025–2026) and Punjab Curriculum and Textbook Board (PCTB) standards.

#### 📌 Included In This Resource:
1. **Multiple Choice Questions (MCQs):** Carefully curated objective questions with verified answer keys.
2. **Short Answer Questions:** Concise, exam-targeted answers highlighting key definitions, laws, and concepts.
3. **Long & Detailed Questions:** Step-by-step explanations, diagrams, derivations, and board-standard headings.
4. **Textbook Solved Exercises & Numericals:** Complete solved numericals and exercises with given data, formula substitution, and final units.

#### 🏛️ Board Compatibility:
- **Punjab Boards:** Lahore, Rawalpindi, Gujranwala, Faisalabad, Multan, Sargodha, Sahiwal, Bahawalpur, DG Khan.
- **Federal Board (FBISE):** Islamabad & Cantonment Institutions.
- **KPK & Sindh Boards:** Aligned with Single National Curriculum standards.

#### 💡 Exam Preparation Tips:
- Review past 5-year board questions included at the end of each topic.
- Practice diagrams, derivations, and formulas regularly.
- Memorize key definitions and bold terms for maximum score."
Class 9 Biology (New Syllabus) - Unit 8 - MCQâs (New),Biology,9,PCTB (Punjab Curriculum & Textbook Board),CHAPTER_WISE,8,Solved MCQs,TaleemCity / PakParcha,https://drive.google.com/file/d/1q47cEP_xpb49cIHlicDAJeSCJ3jqvAES/preview,"### Comprehensive Biology Class 9 (Unit 8) Notes & Solutions

These Biology notes for Class 9 (Class 9 Biology (New Syllabus) - Unit 8 - MCQâs (New)) are prepared strictly according to the Single National Curriculum (SNC 2025–2026) and Punjab Curriculum and Textbook Board (PCTB) standards.

#### 📌 Included In This Resource:
1. **Multiple Choice Questions (MCQs):** Carefully curated objective questions with verified answer keys.
2. **Short Answer Questions:** Concise, exam-targeted answers highlighting key definitions, laws, and concepts.
3. **Long & Detailed Questions:** Step-by-step explanations, diagrams, derivations, and board-standard headings.
4. **Textbook Solved Exercises & Numericals:** Complete solved numericals and exercises with given data, formula substitution, and final units.

#### 🏛️ Board Compatibility:
- **Punjab Boards:** Lahore, Rawalpindi, Gujranwala, Faisalabad, Multan, Sargodha, Sahiwal, Bahawalpur, DG Khan.
- **Federal Board (FBISE):** Islamabad & Cantonment Institutions.
- **KPK & Sindh Boards:** Aligned with Single National Curriculum standards.

#### 💡 Exam Preparation Tips:
- Review past 5-year board questions included at the end of each topic.
- Practice diagrams, derivations, and formulas regularly.
- Memorize key definitions and bold terms for maximum score."
Class 9 Biology (New Syllabus) - Unit 8 - Short Questions (New),Biology,9,PCTB (Punjab Curriculum & Textbook Board),CHAPTER_WISE,8,Short Questions,TaleemCity / PakParcha,https://drive.google.com/file/d/1_Zy6ZSAhSI5gGAmt1lFAY-lK6lvX1eY5/preview,"### Comprehensive Biology Class 9 (Unit 8) Notes & Solutions

These Biology notes for Class 9 (Class 9 Biology (New Syllabus) - Unit 8 - Short Questions (New)) are prepared strictly according to the Single National Curriculum (SNC 2025–2026) and Punjab Curriculum and Textbook Board (PCTB) standards.

#### 📌 Included In This Resource:
1. **Multiple Choice Questions (MCQs):** Carefully curated objective questions with verified answer keys.
2. **Short Answer Questions:** Concise, exam-targeted answers highlighting key definitions, laws, and concepts.
3. **Long & Detailed Questions:** Step-by-step explanations, diagrams, derivations, and board-standard headings.
4. **Textbook Solved Exercises & Numericals:** Complete solved numericals and exercises with given data, formula substitution, and final units.

#### 🏛️ Board Compatibility:
- **Punjab Boards:** Lahore, Rawalpindi, Gujranwala, Faisalabad, Multan, Sargodha, Sahiwal, Bahawalpur, DG Khan.
- **Federal Board (FBISE):** Islamabad & Cantonment Institutions.
- **KPK & Sindh Boards:** Aligned with Single National Curriculum standards.

#### 💡 Exam Preparation Tips:
- Review past 5-year board questions included at the end of each topic.
- Practice diagrams, derivations, and formulas regularly.
- Memorize key definitions and bold terms for maximum score."
Class 9 Biology (New Syllabus) - Unit 9 - Long Questions (New),Biology,9,PCTB (Punjab Curriculum & Textbook Board),CHAPTER_WISE,9,Long Questions,TaleemCity / PakParcha,https://drive.google.com/file/d/18YOzuUz7239wFy1mcEJaWXBsMkRflNOg/preview,"### Comprehensive Biology Class 9 (Unit 9) Notes & Solutions

These Biology notes for Class 9 (Class 9 Biology (New Syllabus) - Unit 9 - Long Questions (New)) are prepared strictly according to the Single National Curriculum (SNC 2025–2026) and Punjab Curriculum and Textbook Board (PCTB) standards.

#### 📌 Included In This Resource:
1. **Multiple Choice Questions (MCQs):** Carefully curated objective questions with verified answer keys.
2. **Short Answer Questions:** Concise, exam-targeted answers highlighting key definitions, laws, and concepts.
3. **Long & Detailed Questions:** Step-by-step explanations, diagrams, derivations, and board-standard headings.
4. **Textbook Solved Exercises & Numericals:** Complete solved numericals and exercises with given data, formula substitution, and final units.

#### 🏛️ Board Compatibility:
- **Punjab Boards:** Lahore, Rawalpindi, Gujranwala, Faisalabad, Multan, Sargodha, Sahiwal, Bahawalpur, DG Khan.
- **Federal Board (FBISE):** Islamabad & Cantonment Institutions.
- **KPK & Sindh Boards:** Aligned with Single National Curriculum standards.

#### 💡 Exam Preparation Tips:
- Review past 5-year board questions included at the end of each topic.
- Practice diagrams, derivations, and formulas regularly.
- Memorize key definitions and bold terms for maximum score."
Class 9 Biology (New Syllabus) - Unit 9 - MCQâs (New),Biology,9,PCTB (Punjab Curriculum & Textbook Board),CHAPTER_WISE,9,Solved MCQs,TaleemCity / PakParcha,https://drive.google.com/file/d/1SEKD_kpIA3QAWUKpAD24WWQvycoFWm6g/preview,"### Comprehensive Biology Class 9 (Unit 9) Notes & Solutions

These Biology notes for Class 9 (Class 9 Biology (New Syllabus) - Unit 9 - MCQâs (New)) are prepared strictly according to the Single National Curriculum (SNC 2025–2026) and Punjab Curriculum and Textbook Board (PCTB) standards.

#### 📌 Included In This Resource:
1. **Multiple Choice Questions (MCQs):** Carefully curated objective questions with verified answer keys.
2. **Short Answer Questions:** Concise, exam-targeted answers highlighting key definitions, laws, and concepts.
3. **Long & Detailed Questions:** Step-by-step explanations, diagrams, derivations, and board-standard headings.
4. **Textbook Solved Exercises & Numericals:** Complete solved numericals and exercises with given data, formula substitution, and final units.

#### 🏛️ Board Compatibility:
- **Punjab Boards:** Lahore, Rawalpindi, Gujranwala, Faisalabad, Multan, Sargodha, Sahiwal, Bahawalpur, DG Khan.
- **Federal Board (FBISE):** Islamabad & Cantonment Institutions.
- **KPK & Sindh Boards:** Aligned with Single National Curriculum standards.

#### 💡 Exam Preparation Tips:
- Review past 5-year board questions included at the end of each topic.
- Practice diagrams, derivations, and formulas regularly.
- Memorize key definitions and bold terms for maximum score."
Class 9 Biology (New Syllabus) - Unit 9 - Short Questions (New),Biology,9,PCTB (Punjab Curriculum & Textbook Board),CHAPTER_WISE,9,Short Questions,TaleemCity / PakParcha,https://drive.google.com/file/d/1MKN-uIFgab2Pp77cdApJeV66oBZg0sZZ/preview,"### Comprehensive Biology Class 9 (Unit 9) Notes & Solutions

These Biology notes for Class 9 (Class 9 Biology (New Syllabus) - Unit 9 - Short Questions (New)) are prepared strictly according to the Single National Curriculum (SNC 2025–2026) and Punjab Curriculum and Textbook Board (PCTB) standards.

#### 📌 Included In This Resource:
1. **Multiple Choice Questions (MCQs):** Carefully curated objective questions with verified answer keys.
2. **Short Answer Questions:** Concise, exam-targeted answers highlighting key definitions, laws, and concepts.
3. **Long & Detailed Questions:** Step-by-step explanations, diagrams, derivations, and board-standard headings.
4. **Textbook Solved Exercises & Numericals:** Complete solved numericals and exercises with given data, formula substitution, and final units.

#### 🏛️ Board Compatibility:
- **Punjab Boards:** Lahore, Rawalpindi, Gujranwala, Faisalabad, Multan, Sargodha, Sahiwal, Bahawalpur, DG Khan.
- **Federal Board (FBISE):** Islamabad & Cantonment Institutions.
- **KPK & Sindh Boards:** Aligned with Single National Curriculum standards.

#### 💡 Exam Preparation Tips:
- Review past 5-year board questions included at the end of each topic.
- Practice diagrams, derivations, and formulas regularly.
- Memorize key definitions and bold terms for maximum score."
Class 9 Biology (New Syllabus) - Unit 10 - Long Questions (New),Biology,9,PCTB (Punjab Curriculum & Textbook Board),CHAPTER_WISE,10,Long Questions,TaleemCity / PakParcha,https://drive.google.com/file/d/1TxcMFbxQk4amfvB3dFkac6zJQ3MfuIN1/preview,"### Comprehensive Biology Class 9 (Unit 10) Notes & Solutions

These Biology notes for Class 9 (Class 9 Biology (New Syllabus) - Unit 10 - Long Questions (New)) are prepared strictly according to the Single National Curriculum (SNC 2025–2026) and Punjab Curriculum and Textbook Board (PCTB) standards.

#### 📌 Included In This Resource:
1. **Multiple Choice Questions (MCQs):** Carefully curated objective questions with verified answer keys.
2. **Short Answer Questions:** Concise, exam-targeted answers highlighting key definitions, laws, and concepts.
3. **Long & Detailed Questions:** Step-by-step explanations, diagrams, derivations, and board-standard headings.
4. **Textbook Solved Exercises & Numericals:** Complete solved numericals and exercises with given data, formula substitution, and final units.

#### 🏛️ Board Compatibility:
- **Punjab Boards:** Lahore, Rawalpindi, Gujranwala, Faisalabad, Multan, Sargodha, Sahiwal, Bahawalpur, DG Khan.
- **Federal Board (FBISE):** Islamabad & Cantonment Institutions.
- **KPK & Sindh Boards:** Aligned with Single National Curriculum standards.

#### 💡 Exam Preparation Tips:
- Review past 5-year board questions included at the end of each topic.
- Practice diagrams, derivations, and formulas regularly.
- Memorize key definitions and bold terms for maximum score."
Class 9 Biology (New Syllabus) - Unit 10 - MCQâs (New),Biology,9,PCTB (Punjab Curriculum & Textbook Board),CHAPTER_WISE,10,Solved MCQs,TaleemCity / PakParcha,https://drive.google.com/file/d/1oM_oFg05SWae0ZjAo0F3VSTKtrkSBw5y/preview,"### Comprehensive Biology Class 9 (Unit 10) Notes & Solutions

These Biology notes for Class 9 (Class 9 Biology (New Syllabus) - Unit 10 - MCQâs (New)) are prepared strictly according to the Single National Curriculum (SNC 2025–2026) and Punjab Curriculum and Textbook Board (PCTB) standards.

#### 📌 Included In This Resource:
1. **Multiple Choice Questions (MCQs):** Carefully curated objective questions with verified answer keys.
2. **Short Answer Questions:** Concise, exam-targeted answers highlighting key definitions, laws, and concepts.
3. **Long & Detailed Questions:** Step-by-step explanations, diagrams, derivations, and board-standard headings.
4. **Textbook Solved Exercises & Numericals:** Complete solved numericals and exercises with given data, formula substitution, and final units.

#### 🏛️ Board Compatibility:
- **Punjab Boards:** Lahore, Rawalpindi, Gujranwala, Faisalabad, Multan, Sargodha, Sahiwal, Bahawalpur, DG Khan.
- **Federal Board (FBISE):** Islamabad & Cantonment Institutions.
- **KPK & Sindh Boards:** Aligned with Single National Curriculum standards.

#### 💡 Exam Preparation Tips:
- Review past 5-year board questions included at the end of each topic.
- Practice diagrams, derivations, and formulas regularly.
- Memorize key definitions and bold terms for maximum score."
Class 9 Biology (New Syllabus) - Unit 10 - Short Questions (New),Biology,9,PCTB (Punjab Curriculum & Textbook Board),CHAPTER_WISE,10,Short Questions,TaleemCity / PakParcha,https://drive.google.com/file/d/190c3pZ9S1-iO7x9JAqx5abadtNEKG2hk/preview,"### Comprehensive Biology Class 9 (Unit 10) Notes & Solutions

These Biology notes for Class 9 (Class 9 Biology (New Syllabus) - Unit 10 - Short Questions (New)) are prepared strictly according to the Single National Curriculum (SNC 2025–2026) and Punjab Curriculum and Textbook Board (PCTB) standards.

#### 📌 Included In This Resource:
1. **Multiple Choice Questions (MCQs):** Carefully curated objective questions with verified answer keys.
2. **Short Answer Questions:** Concise, exam-targeted answers highlighting key definitions, laws, and concepts.
3. **Long & Detailed Questions:** Step-by-step explanations, diagrams, derivations, and board-standard headings.
4. **Textbook Solved Exercises & Numericals:** Complete solved numericals and exercises with given data, formula substitution, and final units.

#### 🏛️ Board Compatibility:
- **Punjab Boards:** Lahore, Rawalpindi, Gujranwala, Faisalabad, Multan, Sargodha, Sahiwal, Bahawalpur, DG Khan.
- **Federal Board (FBISE):** Islamabad & Cantonment Institutions.
- **KPK & Sindh Boards:** Aligned with Single National Curriculum standards.

#### 💡 Exam Preparation Tips:
- Review past 5-year board questions included at the end of each topic.
- Practice diagrams, derivations, and formulas regularly.
- Memorize key definitions and bold terms for maximum score."
Class 9 Biology (New Syllabus) - Unit 11 - Long Questions (New),Biology,9,PCTB (Punjab Curriculum & Textbook Board),CHAPTER_WISE,11,Long Questions,TaleemCity / PakParcha,https://drive.google.com/file/d/1BC0FGl8UYYsfuB-srAzEgX83hq4tQdyy/preview,"### Comprehensive Biology Class 9 (Unit 11) Notes & Solutions

These Biology notes for Class 9 (Class 9 Biology (New Syllabus) - Unit 11 - Long Questions (New)) are prepared strictly according to the Single National Curriculum (SNC 2025–2026) and Punjab Curriculum and Textbook Board (PCTB) standards.

#### 📌 Included In This Resource:
1. **Multiple Choice Questions (MCQs):** Carefully curated objective questions with verified answer keys.
2. **Short Answer Questions:** Concise, exam-targeted answers highlighting key definitions, laws, and concepts.
3. **Long & Detailed Questions:** Step-by-step explanations, diagrams, derivations, and board-standard headings.
4. **Textbook Solved Exercises & Numericals:** Complete solved numericals and exercises with given data, formula substitution, and final units.

#### 🏛️ Board Compatibility:
- **Punjab Boards:** Lahore, Rawalpindi, Gujranwala, Faisalabad, Multan, Sargodha, Sahiwal, Bahawalpur, DG Khan.
- **Federal Board (FBISE):** Islamabad & Cantonment Institutions.
- **KPK & Sindh Boards:** Aligned with Single National Curriculum standards.

#### 💡 Exam Preparation Tips:
- Review past 5-year board questions included at the end of each topic.
- Practice diagrams, derivations, and formulas regularly.
- Memorize key definitions and bold terms for maximum score."
Class 9 Biology (New Syllabus) - Unit 11 - MCQâs (New),Biology,9,PCTB (Punjab Curriculum & Textbook Board),CHAPTER_WISE,11,Solved MCQs,TaleemCity / PakParcha,https://drive.google.com/file/d/1iGkUJdEuHjFlCpo0YuLgLRBmXRBRKHih/preview,"### Comprehensive Biology Class 9 (Unit 11) Notes & Solutions

These Biology notes for Class 9 (Class 9 Biology (New Syllabus) - Unit 11 - MCQâs (New)) are prepared strictly according to the Single National Curriculum (SNC 2025–2026) and Punjab Curriculum and Textbook Board (PCTB) standards.

#### 📌 Included In This Resource:
1. **Multiple Choice Questions (MCQs):** Carefully curated objective questions with verified answer keys.
2. **Short Answer Questions:** Concise, exam-targeted answers highlighting key definitions, laws, and concepts.
3. **Long & Detailed Questions:** Step-by-step explanations, diagrams, derivations, and board-standard headings.
4. **Textbook Solved Exercises & Numericals:** Complete solved numericals and exercises with given data, formula substitution, and final units.

#### 🏛️ Board Compatibility:
- **Punjab Boards:** Lahore, Rawalpindi, Gujranwala, Faisalabad, Multan, Sargodha, Sahiwal, Bahawalpur, DG Khan.
- **Federal Board (FBISE):** Islamabad & Cantonment Institutions.
- **KPK & Sindh Boards:** Aligned with Single National Curriculum standards.

#### 💡 Exam Preparation Tips:
- Review past 5-year board questions included at the end of each topic.
- Practice diagrams, derivations, and formulas regularly.
- Memorize key definitions and bold terms for maximum score."
Class 9 Biology (New Syllabus) - Unit 11 - Short Questions (New),Biology,9,PCTB (Punjab Curriculum & Textbook Board),CHAPTER_WISE,11,Short Questions,TaleemCity / PakParcha,https://drive.google.com/file/d/1qigE0hXzLtPSUekMMDEMIsVMkdRdg8pw/preview,"### Comprehensive Biology Class 9 (Unit 11) Notes & Solutions

These Biology notes for Class 9 (Class 9 Biology (New Syllabus) - Unit 11 - Short Questions (New)) are prepared strictly according to the Single National Curriculum (SNC 2025–2026) and Punjab Curriculum and Textbook Board (PCTB) standards.

#### 📌 Included In This Resource:
1. **Multiple Choice Questions (MCQs):** Carefully curated objective questions with verified answer keys.
2. **Short Answer Questions:** Concise, exam-targeted answers highlighting key definitions, laws, and concepts.
3. **Long & Detailed Questions:** Step-by-step explanations, diagrams, derivations, and board-standard headings.
4. **Textbook Solved Exercises & Numericals:** Complete solved numericals and exercises with given data, formula substitution, and final units.

#### 🏛️ Board Compatibility:
- **Punjab Boards:** Lahore, Rawalpindi, Gujranwala, Faisalabad, Multan, Sargodha, Sahiwal, Bahawalpur, DG Khan.
- **Federal Board (FBISE):** Islamabad & Cantonment Institutions.
- **KPK & Sindh Boards:** Aligned with Single National Curriculum standards.

#### 💡 Exam Preparation Tips:
- Review past 5-year board questions included at the end of each topic.
- Practice diagrams, derivations, and formulas regularly.
- Memorize key definitions and bold terms for maximum score."
Class 9 Chemistry (New Syllabus) - Full Book Complete Notes,Chemistry,9,PCTB (Punjab Curriculum & Textbook Board),FULL_BOOK,,Full Book Complete,TaleemCity / PakParcha,https://drive.google.com/file/d/1cgvc3CPabb59AQhY07KA2hsjDuM3Y90x/preview,"### Comprehensive Chemistry Class 9 (Full Book Complete Syllabus) Notes & Solutions

These Chemistry notes for Class 9 (Class 9 Chemistry (New Syllabus) - Full Book Complete Notes) are prepared strictly according to the Single National Curriculum (SNC 2025–2026) and Punjab Curriculum and Textbook Board (PCTB) standards.

#### 📌 Included In This Resource:
1. **Multiple Choice Questions (MCQs):** Carefully curated objective questions with verified answer keys.
2. **Short Answer Questions:** Concise, exam-targeted answers highlighting key definitions, laws, and concepts.
3. **Long & Detailed Questions:** Step-by-step explanations, diagrams, derivations, and board-standard headings.
4. **Textbook Solved Exercises & Numericals:** Complete solved numericals and exercises with given data, formula substitution, and final units.

#### 🏛️ Board Compatibility:
- **Punjab Boards:** Lahore, Rawalpindi, Gujranwala, Faisalabad, Multan, Sargodha, Sahiwal, Bahawalpur, DG Khan.
- **Federal Board (FBISE):** Islamabad & Cantonment Institutions.
- **KPK & Sindh Boards:** Aligned with Single National Curriculum standards.

#### 💡 Exam Preparation Tips:
- Review past 5-year board questions included at the end of each topic.
- Practice diagrams, derivations, and formulas regularly.
- Memorize key definitions and bold terms for maximum score."
Class 9 Chemistry (New Syllabus) - Unit 1 - Long Questions (New),Chemistry,9,PCTB (Punjab Curriculum & Textbook Board),CHAPTER_WISE,1,Long Questions,TaleemCity / PakParcha,https://drive.google.com/file/d/15N6gE-qscN4W-a4F7wW6DG2uE3LDD0eg/preview,"### Comprehensive Chemistry Class 9 (Unit 1) Notes & Solutions

These Chemistry notes for Class 9 (Class 9 Chemistry (New Syllabus) - Unit 1 - Long Questions (New)) are prepared strictly according to the Single National Curriculum (SNC 2025–2026) and Punjab Curriculum and Textbook Board (PCTB) standards.

#### 📌 Included In This Resource:
1. **Multiple Choice Questions (MCQs):** Carefully curated objective questions with verified answer keys.
2. **Short Answer Questions:** Concise, exam-targeted answers highlighting key definitions, laws, and concepts.
3. **Long & Detailed Questions:** Step-by-step explanations, diagrams, derivations, and board-standard headings.
4. **Textbook Solved Exercises & Numericals:** Complete solved numericals and exercises with given data, formula substitution, and final units.

#### 🏛️ Board Compatibility:
- **Punjab Boards:** Lahore, Rawalpindi, Gujranwala, Faisalabad, Multan, Sargodha, Sahiwal, Bahawalpur, DG Khan.
- **Federal Board (FBISE):** Islamabad & Cantonment Institutions.
- **KPK & Sindh Boards:** Aligned with Single National Curriculum standards.

#### 💡 Exam Preparation Tips:
- Review past 5-year board questions included at the end of each topic.
- Practice diagrams, derivations, and formulas regularly.
- Memorize key definitions and bold terms for maximum score."
Class 9 Chemistry (New Syllabus) - Unit 1 - MCQ's (New),Chemistry,9,PCTB (Punjab Curriculum & Textbook Board),CHAPTER_WISE,1,Solved MCQs,TaleemCity / PakParcha,https://drive.google.com/file/d/1zPWHGBFAu8hJwH6ANBlXnLNXkyOTF_0g/preview,"### Comprehensive Chemistry Class 9 (Unit 1) Notes & Solutions

These Chemistry notes for Class 9 (Class 9 Chemistry (New Syllabus) - Unit 1 - MCQ's (New)) are prepared strictly according to the Single National Curriculum (SNC 2025–2026) and Punjab Curriculum and Textbook Board (PCTB) standards.

#### 📌 Included In This Resource:
1. **Multiple Choice Questions (MCQs):** Carefully curated objective questions with verified answer keys.
2. **Short Answer Questions:** Concise, exam-targeted answers highlighting key definitions, laws, and concepts.
3. **Long & Detailed Questions:** Step-by-step explanations, diagrams, derivations, and board-standard headings.
4. **Textbook Solved Exercises & Numericals:** Complete solved numericals and exercises with given data, formula substitution, and final units.

#### 🏛️ Board Compatibility:
- **Punjab Boards:** Lahore, Rawalpindi, Gujranwala, Faisalabad, Multan, Sargodha, Sahiwal, Bahawalpur, DG Khan.
- **Federal Board (FBISE):** Islamabad & Cantonment Institutions.
- **KPK & Sindh Boards:** Aligned with Single National Curriculum standards.

#### 💡 Exam Preparation Tips:
- Review past 5-year board questions included at the end of each topic.
- Practice diagrams, derivations, and formulas regularly.
- Memorize key definitions and bold terms for maximum score."
Class 9 Chemistry (New Syllabus) - Unit 1 - Short Questions (New),Chemistry,9,PCTB (Punjab Curriculum & Textbook Board),CHAPTER_WISE,1,Short Questions,TaleemCity / PakParcha,https://drive.google.com/file/d/1ctBMvIh89TB2TJAy5hDPC6LFqVLD0zAq/preview,"### Comprehensive Chemistry Class 9 (Unit 1) Notes & Solutions

These Chemistry notes for Class 9 (Class 9 Chemistry (New Syllabus) - Unit 1 - Short Questions (New)) are prepared strictly according to the Single National Curriculum (SNC 2025–2026) and Punjab Curriculum and Textbook Board (PCTB) standards.

#### 📌 Included In This Resource:
1. **Multiple Choice Questions (MCQs):** Carefully curated objective questions with verified answer keys.
2. **Short Answer Questions:** Concise, exam-targeted answers highlighting key definitions, laws, and concepts.
3. **Long & Detailed Questions:** Step-by-step explanations, diagrams, derivations, and board-standard headings.
4. **Textbook Solved Exercises & Numericals:** Complete solved numericals and exercises with given data, formula substitution, and final units.

#### 🏛️ Board Compatibility:
- **Punjab Boards:** Lahore, Rawalpindi, Gujranwala, Faisalabad, Multan, Sargodha, Sahiwal, Bahawalpur, DG Khan.
- **Federal Board (FBISE):** Islamabad & Cantonment Institutions.
- **KPK & Sindh Boards:** Aligned with Single National Curriculum standards.

#### 💡 Exam Preparation Tips:
- Review past 5-year board questions included at the end of each topic.
- Practice diagrams, derivations, and formulas regularly.
- Memorize key definitions and bold terms for maximum score."
Class 9 Chemistry (New Syllabus) - Unit 2 - Long Questions (New),Chemistry,9,PCTB (Punjab Curriculum & Textbook Board),CHAPTER_WISE,2,Long Questions,TaleemCity / PakParcha,https://drive.google.com/file/d/10SfzgTRZH9jjTVMTjXTVVfIoVSlD0x3R/preview,"### Comprehensive Chemistry Class 9 (Unit 2) Notes & Solutions

These Chemistry notes for Class 9 (Class 9 Chemistry (New Syllabus) - Unit 2 - Long Questions (New)) are prepared strictly according to the Single National Curriculum (SNC 2025–2026) and Punjab Curriculum and Textbook Board (PCTB) standards.

#### 📌 Included In This Resource:
1. **Multiple Choice Questions (MCQs):** Carefully curated objective questions with verified answer keys.
2. **Short Answer Questions:** Concise, exam-targeted answers highlighting key definitions, laws, and concepts.
3. **Long & Detailed Questions:** Step-by-step explanations, diagrams, derivations, and board-standard headings.
4. **Textbook Solved Exercises & Numericals:** Complete solved numericals and exercises with given data, formula substitution, and final units.

#### 🏛️ Board Compatibility:
- **Punjab Boards:** Lahore, Rawalpindi, Gujranwala, Faisalabad, Multan, Sargodha, Sahiwal, Bahawalpur, DG Khan.
- **Federal Board (FBISE):** Islamabad & Cantonment Institutions.
- **KPK & Sindh Boards:** Aligned with Single National Curriculum standards.

#### 💡 Exam Preparation Tips:
- Review past 5-year board questions included at the end of each topic.
- Practice diagrams, derivations, and formulas regularly.
- Memorize key definitions and bold terms for maximum score."
Class 9 Chemistry (New Syllabus) - Unit 2 - MCQ's (New),Chemistry,9,PCTB (Punjab Curriculum & Textbook Board),CHAPTER_WISE,2,Solved MCQs,TaleemCity / PakParcha,https://drive.google.com/file/d/1zEzP_ndFZ5f3FUiSdmq8MjZO_7YuFNxG/preview,"### Comprehensive Chemistry Class 9 (Unit 2) Notes & Solutions

These Chemistry notes for Class 9 (Class 9 Chemistry (New Syllabus) - Unit 2 - MCQ's (New)) are prepared strictly according to the Single National Curriculum (SNC 2025–2026) and Punjab Curriculum and Textbook Board (PCTB) standards.

#### 📌 Included In This Resource:
1. **Multiple Choice Questions (MCQs):** Carefully curated objective questions with verified answer keys.
2. **Short Answer Questions:** Concise, exam-targeted answers highlighting key definitions, laws, and concepts.
3. **Long & Detailed Questions:** Step-by-step explanations, diagrams, derivations, and board-standard headings.
4. **Textbook Solved Exercises & Numericals:** Complete solved numericals and exercises with given data, formula substitution, and final units.

#### 🏛️ Board Compatibility:
- **Punjab Boards:** Lahore, Rawalpindi, Gujranwala, Faisalabad, Multan, Sargodha, Sahiwal, Bahawalpur, DG Khan.
- **Federal Board (FBISE):** Islamabad & Cantonment Institutions.
- **KPK & Sindh Boards:** Aligned with Single National Curriculum standards.

#### 💡 Exam Preparation Tips:
- Review past 5-year board questions included at the end of each topic.
- Practice diagrams, derivations, and formulas regularly.
- Memorize key definitions and bold terms for maximum score."
Class 9 Chemistry (New Syllabus) - Unit 2 - Short Questions (New),Chemistry,9,PCTB (Punjab Curriculum & Textbook Board),CHAPTER_WISE,2,Short Questions,TaleemCity / PakParcha,https://drive.google.com/file/d/1PiSaH9Wd5P5i4axl_c0B8BTHSeUBzu0y/preview,"### Comprehensive Chemistry Class 9 (Unit 2) Notes & Solutions

These Chemistry notes for Class 9 (Class 9 Chemistry (New Syllabus) - Unit 2 - Short Questions (New)) are prepared strictly according to the Single National Curriculum (SNC 2025–2026) and Punjab Curriculum and Textbook Board (PCTB) standards.

#### 📌 Included In This Resource:
1. **Multiple Choice Questions (MCQs):** Carefully curated objective questions with verified answer keys.
2. **Short Answer Questions:** Concise, exam-targeted answers highlighting key definitions, laws, and concepts.
3. **Long & Detailed Questions:** Step-by-step explanations, diagrams, derivations, and board-standard headings.
4. **Textbook Solved Exercises & Numericals:** Complete solved numericals and exercises with given data, formula substitution, and final units.

#### 🏛️ Board Compatibility:
- **Punjab Boards:** Lahore, Rawalpindi, Gujranwala, Faisalabad, Multan, Sargodha, Sahiwal, Bahawalpur, DG Khan.
- **Federal Board (FBISE):** Islamabad & Cantonment Institutions.
- **KPK & Sindh Boards:** Aligned with Single National Curriculum standards.

#### 💡 Exam Preparation Tips:
- Review past 5-year board questions included at the end of each topic.
- Practice diagrams, derivations, and formulas regularly.
- Memorize key definitions and bold terms for maximum score."
Class 9 Chemistry (New Syllabus) - Unit 3 - Long Questions (New),Chemistry,9,PCTB (Punjab Curriculum & Textbook Board),CHAPTER_WISE,3,Long Questions,TaleemCity / PakParcha,https://drive.google.com/file/d/1Ss59tD4fvJ1tg2_q9dE69QWzRpkf13c7/preview,"### Comprehensive Chemistry Class 9 (Unit 3) Notes & Solutions

These Chemistry notes for Class 9 (Class 9 Chemistry (New Syllabus) - Unit 3 - Long Questions (New)) are prepared strictly according to the Single National Curriculum (SNC 2025–2026) and Punjab Curriculum and Textbook Board (PCTB) standards.

#### 📌 Included In This Resource:
1. **Multiple Choice Questions (MCQs):** Carefully curated objective questions with verified answer keys.
2. **Short Answer Questions:** Concise, exam-targeted answers highlighting key definitions, laws, and concepts.
3. **Long & Detailed Questions:** Step-by-step explanations, diagrams, derivations, and board-standard headings.
4. **Textbook Solved Exercises & Numericals:** Complete solved numericals and exercises with given data, formula substitution, and final units.

#### 🏛️ Board Compatibility:
- **Punjab Boards:** Lahore, Rawalpindi, Gujranwala, Faisalabad, Multan, Sargodha, Sahiwal, Bahawalpur, DG Khan.
- **Federal Board (FBISE):** Islamabad & Cantonment Institutions.
- **KPK & Sindh Boards:** Aligned with Single National Curriculum standards.

#### 💡 Exam Preparation Tips:
- Review past 5-year board questions included at the end of each topic.
- Practice diagrams, derivations, and formulas regularly.
- Memorize key definitions and bold terms for maximum score."
Class 9 Chemistry (New Syllabus) - Unit 3 - MCQ's (New),Chemistry,9,PCTB (Punjab Curriculum & Textbook Board),CHAPTER_WISE,3,Solved MCQs,TaleemCity / PakParcha,https://drive.google.com/file/d/1QXfwOog2sPGOKBB15Rdci32XyTRSEU3R/preview,"### Comprehensive Chemistry Class 9 (Unit 3) Notes & Solutions

These Chemistry notes for Class 9 (Class 9 Chemistry (New Syllabus) - Unit 3 - MCQ's (New)) are prepared strictly according to the Single National Curriculum (SNC 2025–2026) and Punjab Curriculum and Textbook Board (PCTB) standards.

#### 📌 Included In This Resource:
1. **Multiple Choice Questions (MCQs):** Carefully curated objective questions with verified answer keys.
2. **Short Answer Questions:** Concise, exam-targeted answers highlighting key definitions, laws, and concepts.
3. **Long & Detailed Questions:** Step-by-step explanations, diagrams, derivations, and board-standard headings.
4. **Textbook Solved Exercises & Numericals:** Complete solved numericals and exercises with given data, formula substitution, and final units.

#### 🏛️ Board Compatibility:
- **Punjab Boards:** Lahore, Rawalpindi, Gujranwala, Faisalabad, Multan, Sargodha, Sahiwal, Bahawalpur, DG Khan.
- **Federal Board (FBISE):** Islamabad & Cantonment Institutions.
- **KPK & Sindh Boards:** Aligned with Single National Curriculum standards.

#### 💡 Exam Preparation Tips:
- Review past 5-year board questions included at the end of each topic.
- Practice diagrams, derivations, and formulas regularly.
- Memorize key definitions and bold terms for maximum score."
Class 9 Chemistry (New Syllabus) - Unit 3 - Short Questions (New),Chemistry,9,PCTB (Punjab Curriculum & Textbook Board),CHAPTER_WISE,3,Short Questions,TaleemCity / PakParcha,https://drive.google.com/file/d/1EdKTGBlyL4QVmjcmK_6bfAAVFgLigl5d/preview,"### Comprehensive Chemistry Class 9 (Unit 3) Notes & Solutions

These Chemistry notes for Class 9 (Class 9 Chemistry (New Syllabus) - Unit 3 - Short Questions (New)) are prepared strictly according to the Single National Curriculum (SNC 2025–2026) and Punjab Curriculum and Textbook Board (PCTB) standards.

#### 📌 Included In This Resource:
1. **Multiple Choice Questions (MCQs):** Carefully curated objective questions with verified answer keys.
2. **Short Answer Questions:** Concise, exam-targeted answers highlighting key definitions, laws, and concepts.
3. **Long & Detailed Questions:** Step-by-step explanations, diagrams, derivations, and board-standard headings.
4. **Textbook Solved Exercises & Numericals:** Complete solved numericals and exercises with given data, formula substitution, and final units.

#### 🏛️ Board Compatibility:
- **Punjab Boards:** Lahore, Rawalpindi, Gujranwala, Faisalabad, Multan, Sargodha, Sahiwal, Bahawalpur, DG Khan.
- **Federal Board (FBISE):** Islamabad & Cantonment Institutions.
- **KPK & Sindh Boards:** Aligned with Single National Curriculum standards.

#### 💡 Exam Preparation Tips:
- Review past 5-year board questions included at the end of each topic.
- Practice diagrams, derivations, and formulas regularly.
- Memorize key definitions and bold terms for maximum score."
Class 9 Chemistry (New Syllabus) - Unit 4 - Long Questions (New),Chemistry,9,PCTB (Punjab Curriculum & Textbook Board),CHAPTER_WISE,4,Long Questions,TaleemCity / PakParcha,https://drive.google.com/file/d/18SvdGhGUdkHkG8u9tbe6uDxCFvDWlGt7/preview,"### Comprehensive Chemistry Class 9 (Unit 4) Notes & Solutions

These Chemistry notes for Class 9 (Class 9 Chemistry (New Syllabus) - Unit 4 - Long Questions (New)) are prepared strictly according to the Single National Curriculum (SNC 2025–2026) and Punjab Curriculum and Textbook Board (PCTB) standards.

#### 📌 Included In This Resource:
1. **Multiple Choice Questions (MCQs):** Carefully curated objective questions with verified answer keys.
2. **Short Answer Questions:** Concise, exam-targeted answers highlighting key definitions, laws, and concepts.
3. **Long & Detailed Questions:** Step-by-step explanations, diagrams, derivations, and board-standard headings.
4. **Textbook Solved Exercises & Numericals:** Complete solved numericals and exercises with given data, formula substitution, and final units.

#### 🏛️ Board Compatibility:
- **Punjab Boards:** Lahore, Rawalpindi, Gujranwala, Faisalabad, Multan, Sargodha, Sahiwal, Bahawalpur, DG Khan.
- **Federal Board (FBISE):** Islamabad & Cantonment Institutions.
- **KPK & Sindh Boards:** Aligned with Single National Curriculum standards.

#### 💡 Exam Preparation Tips:
- Review past 5-year board questions included at the end of each topic.
- Practice diagrams, derivations, and formulas regularly.
- Memorize key definitions and bold terms for maximum score."
Class 9 Chemistry (New Syllabus) - Unit 4 - MCQ's (New),Chemistry,9,PCTB (Punjab Curriculum & Textbook Board),CHAPTER_WISE,4,Solved MCQs,TaleemCity / PakParcha,https://drive.google.com/file/d/1BSEmBXp32p_vSVOTIzr0uajD96Jotf9y/preview,"### Comprehensive Chemistry Class 9 (Unit 4) Notes & Solutions

These Chemistry notes for Class 9 (Class 9 Chemistry (New Syllabus) - Unit 4 - MCQ's (New)) are prepared strictly according to the Single National Curriculum (SNC 2025–2026) and Punjab Curriculum and Textbook Board (PCTB) standards.

#### 📌 Included In This Resource:
1. **Multiple Choice Questions (MCQs):** Carefully curated objective questions with verified answer keys.
2. **Short Answer Questions:** Concise, exam-targeted answers highlighting key definitions, laws, and concepts.
3. **Long & Detailed Questions:** Step-by-step explanations, diagrams, derivations, and board-standard headings.
4. **Textbook Solved Exercises & Numericals:** Complete solved numericals and exercises with given data, formula substitution, and final units.

#### 🏛️ Board Compatibility:
- **Punjab Boards:** Lahore, Rawalpindi, Gujranwala, Faisalabad, Multan, Sargodha, Sahiwal, Bahawalpur, DG Khan.
- **Federal Board (FBISE):** Islamabad & Cantonment Institutions.
- **KPK & Sindh Boards:** Aligned with Single National Curriculum standards.

#### 💡 Exam Preparation Tips:
- Review past 5-year board questions included at the end of each topic.
- Practice diagrams, derivations, and formulas regularly.
- Memorize key definitions and bold terms for maximum score."
Class 9 Chemistry (New Syllabus) - Unit 4 - Short Questions (New),Chemistry,9,PCTB (Punjab Curriculum & Textbook Board),CHAPTER_WISE,4,Short Questions,TaleemCity / PakParcha,https://drive.google.com/file/d/1cvUsn3qIedINXZSns_FAgksHy-kc63Gd/preview,"### Comprehensive Chemistry Class 9 (Unit 4) Notes & Solutions

These Chemistry notes for Class 9 (Class 9 Chemistry (New Syllabus) - Unit 4 - Short Questions (New)) are prepared strictly according to the Single National Curriculum (SNC 2025–2026) and Punjab Curriculum and Textbook Board (PCTB) standards.

#### 📌 Included In This Resource:
1. **Multiple Choice Questions (MCQs):** Carefully curated objective questions with verified answer keys.
2. **Short Answer Questions:** Concise, exam-targeted answers highlighting key definitions, laws, and concepts.
3. **Long & Detailed Questions:** Step-by-step explanations, diagrams, derivations, and board-standard headings.
4. **Textbook Solved Exercises & Numericals:** Complete solved numericals and exercises with given data, formula substitution, and final units.

#### 🏛️ Board Compatibility:
- **Punjab Boards:** Lahore, Rawalpindi, Gujranwala, Faisalabad, Multan, Sargodha, Sahiwal, Bahawalpur, DG Khan.
- **Federal Board (FBISE):** Islamabad & Cantonment Institutions.
- **KPK & Sindh Boards:** Aligned with Single National Curriculum standards.

#### 💡 Exam Preparation Tips:
- Review past 5-year board questions included at the end of each topic.
- Practice diagrams, derivations, and formulas regularly.
- Memorize key definitions and bold terms for maximum score."
Class 9 Chemistry (New Syllabus) - Unit 5 - Long Questions (New),Chemistry,9,PCTB (Punjab Curriculum & Textbook Board),CHAPTER_WISE,5,Long Questions,TaleemCity / PakParcha,https://drive.google.com/file/d/1K0Tw-p1IWQnoKE0wdikIy8kdMnsyZoYQ/preview,"### Comprehensive Chemistry Class 9 (Unit 5) Notes & Solutions

These Chemistry notes for Class 9 (Class 9 Chemistry (New Syllabus) - Unit 5 - Long Questions (New)) are prepared strictly according to the Single National Curriculum (SNC 2025–2026) and Punjab Curriculum and Textbook Board (PCTB) standards.

#### 📌 Included In This Resource:
1. **Multiple Choice Questions (MCQs):** Carefully curated objective questions with verified answer keys.
2. **Short Answer Questions:** Concise, exam-targeted answers highlighting key definitions, laws, and concepts.
3. **Long & Detailed Questions:** Step-by-step explanations, diagrams, derivations, and board-standard headings.
4. **Textbook Solved Exercises & Numericals:** Complete solved numericals and exercises with given data, formula substitution, and final units.

#### 🏛️ Board Compatibility:
- **Punjab Boards:** Lahore, Rawalpindi, Gujranwala, Faisalabad, Multan, Sargodha, Sahiwal, Bahawalpur, DG Khan.
- **Federal Board (FBISE):** Islamabad & Cantonment Institutions.
- **KPK & Sindh Boards:** Aligned with Single National Curriculum standards.

#### 💡 Exam Preparation Tips:
- Review past 5-year board questions included at the end of each topic.
- Practice diagrams, derivations, and formulas regularly.
- Memorize key definitions and bold terms for maximum score."
Class 9 Chemistry (New Syllabus) - Unit 5 - MCQ's (New),Chemistry,9,PCTB (Punjab Curriculum & Textbook Board),CHAPTER_WISE,5,Solved MCQs,TaleemCity / PakParcha,https://drive.google.com/file/d/1QNOSaQWTnUfYPxlYNWv8u1lkCYye5KW2/preview,"### Comprehensive Chemistry Class 9 (Unit 5) Notes & Solutions

These Chemistry notes for Class 9 (Class 9 Chemistry (New Syllabus) - Unit 5 - MCQ's (New)) are prepared strictly according to the Single National Curriculum (SNC 2025–2026) and Punjab Curriculum and Textbook Board (PCTB) standards.

#### 📌 Included In This Resource:
1. **Multiple Choice Questions (MCQs):** Carefully curated objective questions with verified answer keys.
2. **Short Answer Questions:** Concise, exam-targeted answers highlighting key definitions, laws, and concepts.
3. **Long & Detailed Questions:** Step-by-step explanations, diagrams, derivations, and board-standard headings.
4. **Textbook Solved Exercises & Numericals:** Complete solved numericals and exercises with given data, formula substitution, and final units.

#### 🏛️ Board Compatibility:
- **Punjab Boards:** Lahore, Rawalpindi, Gujranwala, Faisalabad, Multan, Sargodha, Sahiwal, Bahawalpur, DG Khan.
- **Federal Board (FBISE):** Islamabad & Cantonment Institutions.
- **KPK & Sindh Boards:** Aligned with Single National Curriculum standards.

#### 💡 Exam Preparation Tips:
- Review past 5-year board questions included at the end of each topic.
- Practice diagrams, derivations, and formulas regularly.
- Memorize key definitions and bold terms for maximum score."
Class 9 Chemistry (New Syllabus) - Unit 5 - Short Questions (New),Chemistry,9,PCTB (Punjab Curriculum & Textbook Board),CHAPTER_WISE,5,Short Questions,TaleemCity / PakParcha,https://drive.google.com/file/d/11_r3u3ZxpUbeiEm3arjI_uO0h2EjinUe/preview,"### Comprehensive Chemistry Class 9 (Unit 5) Notes & Solutions

These Chemistry notes for Class 9 (Class 9 Chemistry (New Syllabus) - Unit 5 - Short Questions (New)) are prepared strictly according to the Single National Curriculum (SNC 2025–2026) and Punjab Curriculum and Textbook Board (PCTB) standards.

#### 📌 Included In This Resource:
1. **Multiple Choice Questions (MCQs):** Carefully curated objective questions with verified answer keys.
2. **Short Answer Questions:** Concise, exam-targeted answers highlighting key definitions, laws, and concepts.
3. **Long & Detailed Questions:** Step-by-step explanations, diagrams, derivations, and board-standard headings.
4. **Textbook Solved Exercises & Numericals:** Complete solved numericals and exercises with given data, formula substitution, and final units.

#### 🏛️ Board Compatibility:
- **Punjab Boards:** Lahore, Rawalpindi, Gujranwala, Faisalabad, Multan, Sargodha, Sahiwal, Bahawalpur, DG Khan.
- **Federal Board (FBISE):** Islamabad & Cantonment Institutions.
- **KPK & Sindh Boards:** Aligned with Single National Curriculum standards.

#### 💡 Exam Preparation Tips:
- Review past 5-year board questions included at the end of each topic.
- Practice diagrams, derivations, and formulas regularly.
- Memorize key definitions and bold terms for maximum score."
Class 9 Chemistry (New Syllabus) - Unit 6 - Long Questions (New),Chemistry,9,PCTB (Punjab Curriculum & Textbook Board),CHAPTER_WISE,6,Long Questions,TaleemCity / PakParcha,https://drive.google.com/file/d/1zvB5ozkBGMyj6CO1A9KONq3Wla2a70Vx/preview,"### Comprehensive Chemistry Class 9 (Unit 6) Notes & Solutions

These Chemistry notes for Class 9 (Class 9 Chemistry (New Syllabus) - Unit 6 - Long Questions (New)) are prepared strictly according to the Single National Curriculum (SNC 2025–2026) and Punjab Curriculum and Textbook Board (PCTB) standards.

#### 📌 Included In This Resource:
1. **Multiple Choice Questions (MCQs):** Carefully curated objective questions with verified answer keys.
2. **Short Answer Questions:** Concise, exam-targeted answers highlighting key definitions, laws, and concepts.
3. **Long & Detailed Questions:** Step-by-step explanations, diagrams, derivations, and board-standard headings.
4. **Textbook Solved Exercises & Numericals:** Complete solved numericals and exercises with given data, formula substitution, and final units.

#### 🏛️ Board Compatibility:
- **Punjab Boards:** Lahore, Rawalpindi, Gujranwala, Faisalabad, Multan, Sargodha, Sahiwal, Bahawalpur, DG Khan.
- **Federal Board (FBISE):** Islamabad & Cantonment Institutions.
- **KPK & Sindh Boards:** Aligned with Single National Curriculum standards.

#### 💡 Exam Preparation Tips:
- Review past 5-year board questions included at the end of each topic.
- Practice diagrams, derivations, and formulas regularly.
- Memorize key definitions and bold terms for maximum score."
Class 9 Chemistry (New Syllabus) - Unit 6 - MCQ's (New),Chemistry,9,PCTB (Punjab Curriculum & Textbook Board),CHAPTER_WISE,6,Solved MCQs,TaleemCity / PakParcha,https://drive.google.com/file/d/1cr34lbK4MTVrTe42UKuU8PqE1IQnzNcH/preview,"### Comprehensive Chemistry Class 9 (Unit 6) Notes & Solutions

These Chemistry notes for Class 9 (Class 9 Chemistry (New Syllabus) - Unit 6 - MCQ's (New)) are prepared strictly according to the Single National Curriculum (SNC 2025–2026) and Punjab Curriculum and Textbook Board (PCTB) standards.

#### 📌 Included In This Resource:
1. **Multiple Choice Questions (MCQs):** Carefully curated objective questions with verified answer keys.
2. **Short Answer Questions:** Concise, exam-targeted answers highlighting key definitions, laws, and concepts.
3. **Long & Detailed Questions:** Step-by-step explanations, diagrams, derivations, and board-standard headings.
4. **Textbook Solved Exercises & Numericals:** Complete solved numericals and exercises with given data, formula substitution, and final units.

#### 🏛️ Board Compatibility:
- **Punjab Boards:** Lahore, Rawalpindi, Gujranwala, Faisalabad, Multan, Sargodha, Sahiwal, Bahawalpur, DG Khan.
- **Federal Board (FBISE):** Islamabad & Cantonment Institutions.
- **KPK & Sindh Boards:** Aligned with Single National Curriculum standards.

#### 💡 Exam Preparation Tips:
- Review past 5-year board questions included at the end of each topic.
- Practice diagrams, derivations, and formulas regularly.
- Memorize key definitions and bold terms for maximum score."
Class 9 Chemistry (New Syllabus) - Unit 6 - Short Questions (New),Chemistry,9,PCTB (Punjab Curriculum & Textbook Board),CHAPTER_WISE,6,Short Questions,TaleemCity / PakParcha,https://drive.google.com/file/d/1-0Cd-SJvuzQDswM6ITkMfvMjvm3UpDtT/preview,"### Comprehensive Chemistry Class 9 (Unit 6) Notes & Solutions

These Chemistry notes for Class 9 (Class 9 Chemistry (New Syllabus) - Unit 6 - Short Questions (New)) are prepared strictly according to the Single National Curriculum (SNC 2025–2026) and Punjab Curriculum and Textbook Board (PCTB) standards.

#### 📌 Included In This Resource:
1. **Multiple Choice Questions (MCQs):** Carefully curated objective questions with verified answer keys.
2. **Short Answer Questions:** Concise, exam-targeted answers highlighting key definitions, laws, and concepts.
3. **Long & Detailed Questions:** Step-by-step explanations, diagrams, derivations, and board-standard headings.
4. **Textbook Solved Exercises & Numericals:** Complete solved numericals and exercises with given data, formula substitution, and final units.

#### 🏛️ Board Compatibility:
- **Punjab Boards:** Lahore, Rawalpindi, Gujranwala, Faisalabad, Multan, Sargodha, Sahiwal, Bahawalpur, DG Khan.
- **Federal Board (FBISE):** Islamabad & Cantonment Institutions.
- **KPK & Sindh Boards:** Aligned with Single National Curriculum standards.

#### 💡 Exam Preparation Tips:
- Review past 5-year board questions included at the end of each topic.
- Practice diagrams, derivations, and formulas regularly.
- Memorize key definitions and bold terms for maximum score."
Class 9 Chemistry (New Syllabus) - Unit 7 - Long Questions (New),Chemistry,9,PCTB (Punjab Curriculum & Textbook Board),CHAPTER_WISE,7,Long Questions,TaleemCity / PakParcha,https://drive.google.com/file/d/1TBSr1MxtyHm2laOsAqKeTQAF617TtXjR/preview,"### Comprehensive Chemistry Class 9 (Unit 7) Notes & Solutions

These Chemistry notes for Class 9 (Class 9 Chemistry (New Syllabus) - Unit 7 - Long Questions (New)) are prepared strictly according to the Single National Curriculum (SNC 2025–2026) and Punjab Curriculum and Textbook Board (PCTB) standards.

#### 📌 Included In This Resource:
1. **Multiple Choice Questions (MCQs):** Carefully curated objective questions with verified answer keys.
2. **Short Answer Questions:** Concise, exam-targeted answers highlighting key definitions, laws, and concepts.
3. **Long & Detailed Questions:** Step-by-step explanations, diagrams, derivations, and board-standard headings.
4. **Textbook Solved Exercises & Numericals:** Complete solved numericals and exercises with given data, formula substitution, and final units.

#### 🏛️ Board Compatibility:
- **Punjab Boards:** Lahore, Rawalpindi, Gujranwala, Faisalabad, Multan, Sargodha, Sahiwal, Bahawalpur, DG Khan.
- **Federal Board (FBISE):** Islamabad & Cantonment Institutions.
- **KPK & Sindh Boards:** Aligned with Single National Curriculum standards.

#### 💡 Exam Preparation Tips:
- Review past 5-year board questions included at the end of each topic.
- Practice diagrams, derivations, and formulas regularly.
- Memorize key definitions and bold terms for maximum score."
Class 9 Chemistry (New Syllabus) - Unit 7 - MCQ's (New),Chemistry,9,PCTB (Punjab Curriculum & Textbook Board),CHAPTER_WISE,7,Solved MCQs,TaleemCity / PakParcha,https://drive.google.com/file/d/1hL0-KXMV7xA81yaNeVl6e7sJkgK8qP2b/preview,"### Comprehensive Chemistry Class 9 (Unit 7) Notes & Solutions

These Chemistry notes for Class 9 (Class 9 Chemistry (New Syllabus) - Unit 7 - MCQ's (New)) are prepared strictly according to the Single National Curriculum (SNC 2025–2026) and Punjab Curriculum and Textbook Board (PCTB) standards.

#### 📌 Included In This Resource:
1. **Multiple Choice Questions (MCQs):** Carefully curated objective questions with verified answer keys.
2. **Short Answer Questions:** Concise, exam-targeted answers highlighting key definitions, laws, and concepts.
3. **Long & Detailed Questions:** Step-by-step explanations, diagrams, derivations, and board-standard headings.
4. **Textbook Solved Exercises & Numericals:** Complete solved numericals and exercises with given data, formula substitution, and final units.

#### 🏛️ Board Compatibility:
- **Punjab Boards:** Lahore, Rawalpindi, Gujranwala, Faisalabad, Multan, Sargodha, Sahiwal, Bahawalpur, DG Khan.
- **Federal Board (FBISE):** Islamabad & Cantonment Institutions.
- **KPK & Sindh Boards:** Aligned with Single National Curriculum standards.

#### 💡 Exam Preparation Tips:
- Review past 5-year board questions included at the end of each topic.
- Practice diagrams, derivations, and formulas regularly.
- Memorize key definitions and bold terms for maximum score."
Class 9 Chemistry (New Syllabus) - Unit 7 - Short Questions (New),Chemistry,9,PCTB (Punjab Curriculum & Textbook Board),CHAPTER_WISE,7,Short Questions,TaleemCity / PakParcha,https://drive.google.com/file/d/17bT0jWCKMzaeyeFrShNxRgezuWd_l-By/preview,"### Comprehensive Chemistry Class 9 (Unit 7) Notes & Solutions

These Chemistry notes for Class 9 (Class 9 Chemistry (New Syllabus) - Unit 7 - Short Questions (New)) are prepared strictly according to the Single National Curriculum (SNC 2025–2026) and Punjab Curriculum and Textbook Board (PCTB) standards.

#### 📌 Included In This Resource:
1. **Multiple Choice Questions (MCQs):** Carefully curated objective questions with verified answer keys.
2. **Short Answer Questions:** Concise, exam-targeted answers highlighting key definitions, laws, and concepts.
3. **Long & Detailed Questions:** Step-by-step explanations, diagrams, derivations, and board-standard headings.
4. **Textbook Solved Exercises & Numericals:** Complete solved numericals and exercises with given data, formula substitution, and final units.

#### 🏛️ Board Compatibility:
- **Punjab Boards:** Lahore, Rawalpindi, Gujranwala, Faisalabad, Multan, Sargodha, Sahiwal, Bahawalpur, DG Khan.
- **Federal Board (FBISE):** Islamabad & Cantonment Institutions.
- **KPK & Sindh Boards:** Aligned with Single National Curriculum standards.

#### 💡 Exam Preparation Tips:
- Review past 5-year board questions included at the end of each topic.
- Practice diagrams, derivations, and formulas regularly.
- Memorize key definitions and bold terms for maximum score."
Class 9 Chemistry (New Syllabus) - Unit 8 - Long Questions (New),Chemistry,9,PCTB (Punjab Curriculum & Textbook Board),CHAPTER_WISE,8,Long Questions,TaleemCity / PakParcha,https://drive.google.com/file/d/1vQGcYwklmHOFqcEV6qiI_TRHrHjbVKJQ/preview,"### Comprehensive Chemistry Class 9 (Unit 8) Notes & Solutions

These Chemistry notes for Class 9 (Class 9 Chemistry (New Syllabus) - Unit 8 - Long Questions (New)) are prepared strictly according to the Single National Curriculum (SNC 2025–2026) and Punjab Curriculum and Textbook Board (PCTB) standards.

#### 📌 Included In This Resource:
1. **Multiple Choice Questions (MCQs):** Carefully curated objective questions with verified answer keys.
2. **Short Answer Questions:** Concise, exam-targeted answers highlighting key definitions, laws, and concepts.
3. **Long & Detailed Questions:** Step-by-step explanations, diagrams, derivations, and board-standard headings.
4. **Textbook Solved Exercises & Numericals:** Complete solved numericals and exercises with given data, formula substitution, and final units.

#### 🏛️ Board Compatibility:
- **Punjab Boards:** Lahore, Rawalpindi, Gujranwala, Faisalabad, Multan, Sargodha, Sahiwal, Bahawalpur, DG Khan.
- **Federal Board (FBISE):** Islamabad & Cantonment Institutions.
- **KPK & Sindh Boards:** Aligned with Single National Curriculum standards.

#### 💡 Exam Preparation Tips:
- Review past 5-year board questions included at the end of each topic.
- Practice diagrams, derivations, and formulas regularly.
- Memorize key definitions and bold terms for maximum score."
Class 9 Chemistry (New Syllabus) - Unit 8 - MCQ's (New),Chemistry,9,PCTB (Punjab Curriculum & Textbook Board),CHAPTER_WISE,8,Solved MCQs,TaleemCity / PakParcha,https://drive.google.com/file/d/13uXTzOfpo_n1kX5Y1oGbZIesEhPRHMid/preview,"### Comprehensive Chemistry Class 9 (Unit 8) Notes & Solutions

These Chemistry notes for Class 9 (Class 9 Chemistry (New Syllabus) - Unit 8 - MCQ's (New)) are prepared strictly according to the Single National Curriculum (SNC 2025–2026) and Punjab Curriculum and Textbook Board (PCTB) standards.

#### 📌 Included In This Resource:
1. **Multiple Choice Questions (MCQs):** Carefully curated objective questions with verified answer keys.
2. **Short Answer Questions:** Concise, exam-targeted answers highlighting key definitions, laws, and concepts.
3. **Long & Detailed Questions:** Step-by-step explanations, diagrams, derivations, and board-standard headings.
4. **Textbook Solved Exercises & Numericals:** Complete solved numericals and exercises with given data, formula substitution, and final units.

#### 🏛️ Board Compatibility:
- **Punjab Boards:** Lahore, Rawalpindi, Gujranwala, Faisalabad, Multan, Sargodha, Sahiwal, Bahawalpur, DG Khan.
- **Federal Board (FBISE):** Islamabad & Cantonment Institutions.
- **KPK & Sindh Boards:** Aligned with Single National Curriculum standards.

#### 💡 Exam Preparation Tips:
- Review past 5-year board questions included at the end of each topic.
- Practice diagrams, derivations, and formulas regularly.
- Memorize key definitions and bold terms for maximum score."
Class 9 Chemistry (New Syllabus) - Unit 8 - Short Questions (New),Chemistry,9,PCTB (Punjab Curriculum & Textbook Board),CHAPTER_WISE,8,Short Questions,TaleemCity / PakParcha,https://drive.google.com/file/d/1QeXJWoHPgUI9m3VUp1UdZW0CcNcJnkW_/preview,"### Comprehensive Chemistry Class 9 (Unit 8) Notes & Solutions

These Chemistry notes for Class 9 (Class 9 Chemistry (New Syllabus) - Unit 8 - Short Questions (New)) are prepared strictly according to the Single National Curriculum (SNC 2025–2026) and Punjab Curriculum and Textbook Board (PCTB) standards.

#### 📌 Included In This Resource:
1. **Multiple Choice Questions (MCQs):** Carefully curated objective questions with verified answer keys.
2. **Short Answer Questions:** Concise, exam-targeted answers highlighting key definitions, laws, and concepts.
3. **Long & Detailed Questions:** Step-by-step explanations, diagrams, derivations, and board-standard headings.
4. **Textbook Solved Exercises & Numericals:** Complete solved numericals and exercises with given data, formula substitution, and final units.

#### 🏛️ Board Compatibility:
- **Punjab Boards:** Lahore, Rawalpindi, Gujranwala, Faisalabad, Multan, Sargodha, Sahiwal, Bahawalpur, DG Khan.
- **Federal Board (FBISE):** Islamabad & Cantonment Institutions.
- **KPK & Sindh Boards:** Aligned with Single National Curriculum standards.

#### 💡 Exam Preparation Tips:
- Review past 5-year board questions included at the end of each topic.
- Practice diagrams, derivations, and formulas regularly.
- Memorize key definitions and bold terms for maximum score."
Class 9 Chemistry (New Syllabus) - Unit 9 - Long Questions (New),Chemistry,9,PCTB (Punjab Curriculum & Textbook Board),CHAPTER_WISE,9,Long Questions,TaleemCity / PakParcha,https://drive.google.com/file/d/1GU1yOc_w1gqzEUpz64M827SIIRMQSBdm/preview,"### Comprehensive Chemistry Class 9 (Unit 9) Notes & Solutions

These Chemistry notes for Class 9 (Class 9 Chemistry (New Syllabus) - Unit 9 - Long Questions (New)) are prepared strictly according to the Single National Curriculum (SNC 2025–2026) and Punjab Curriculum and Textbook Board (PCTB) standards.

#### 📌 Included In This Resource:
1. **Multiple Choice Questions (MCQs):** Carefully curated objective questions with verified answer keys.
2. **Short Answer Questions:** Concise, exam-targeted answers highlighting key definitions, laws, and concepts.
3. **Long & Detailed Questions:** Step-by-step explanations, diagrams, derivations, and board-standard headings.
4. **Textbook Solved Exercises & Numericals:** Complete solved numericals and exercises with given data, formula substitution, and final units.

#### 🏛️ Board Compatibility:
- **Punjab Boards:** Lahore, Rawalpindi, Gujranwala, Faisalabad, Multan, Sargodha, Sahiwal, Bahawalpur, DG Khan.
- **Federal Board (FBISE):** Islamabad & Cantonment Institutions.
- **KPK & Sindh Boards:** Aligned with Single National Curriculum standards.

#### 💡 Exam Preparation Tips:
- Review past 5-year board questions included at the end of each topic.
- Practice diagrams, derivations, and formulas regularly.
- Memorize key definitions and bold terms for maximum score."
Class 9 Chemistry (New Syllabus) - Unit 9 - MCQ's (New),Chemistry,9,PCTB (Punjab Curriculum & Textbook Board),CHAPTER_WISE,9,Solved MCQs,TaleemCity / PakParcha,https://drive.google.com/file/d/1GeEAOnH6cU-3auI_i-3kJeFFNI1LU6S2/preview,"### Comprehensive Chemistry Class 9 (Unit 9) Notes & Solutions

These Chemistry notes for Class 9 (Class 9 Chemistry (New Syllabus) - Unit 9 - MCQ's (New)) are prepared strictly according to the Single National Curriculum (SNC 2025–2026) and Punjab Curriculum and Textbook Board (PCTB) standards.

#### 📌 Included In This Resource:
1. **Multiple Choice Questions (MCQs):** Carefully curated objective questions with verified answer keys.
2. **Short Answer Questions:** Concise, exam-targeted answers highlighting key definitions, laws, and concepts.
3. **Long & Detailed Questions:** Step-by-step explanations, diagrams, derivations, and board-standard headings.
4. **Textbook Solved Exercises & Numericals:** Complete solved numericals and exercises with given data, formula substitution, and final units.

#### 🏛️ Board Compatibility:
- **Punjab Boards:** Lahore, Rawalpindi, Gujranwala, Faisalabad, Multan, Sargodha, Sahiwal, Bahawalpur, DG Khan.
- **Federal Board (FBISE):** Islamabad & Cantonment Institutions.
- **KPK & Sindh Boards:** Aligned with Single National Curriculum standards.

#### 💡 Exam Preparation Tips:
- Review past 5-year board questions included at the end of each topic.
- Practice diagrams, derivations, and formulas regularly.
- Memorize key definitions and bold terms for maximum score."
Class 9 Chemistry (New Syllabus) - Unit 9 - Short Questions (New),Chemistry,9,PCTB (Punjab Curriculum & Textbook Board),CHAPTER_WISE,9,Short Questions,TaleemCity / PakParcha,https://drive.google.com/file/d/1xvcEN6PT-f7HR8Dnqgq06FTeWlSlR3wJ/preview,"### Comprehensive Chemistry Class 9 (Unit 9) Notes & Solutions

These Chemistry notes for Class 9 (Class 9 Chemistry (New Syllabus) - Unit 9 - Short Questions (New)) are prepared strictly according to the Single National Curriculum (SNC 2025–2026) and Punjab Curriculum and Textbook Board (PCTB) standards.

#### 📌 Included In This Resource:
1. **Multiple Choice Questions (MCQs):** Carefully curated objective questions with verified answer keys.
2. **Short Answer Questions:** Concise, exam-targeted answers highlighting key definitions, laws, and concepts.
3. **Long & Detailed Questions:** Step-by-step explanations, diagrams, derivations, and board-standard headings.
4. **Textbook Solved Exercises & Numericals:** Complete solved numericals and exercises with given data, formula substitution, and final units.

#### 🏛️ Board Compatibility:
- **Punjab Boards:** Lahore, Rawalpindi, Gujranwala, Faisalabad, Multan, Sargodha, Sahiwal, Bahawalpur, DG Khan.
- **Federal Board (FBISE):** Islamabad & Cantonment Institutions.
- **KPK & Sindh Boards:** Aligned with Single National Curriculum standards.

#### 💡 Exam Preparation Tips:
- Review past 5-year board questions included at the end of each topic.
- Practice diagrams, derivations, and formulas regularly.
- Memorize key definitions and bold terms for maximum score."
Class 9 Chemistry (New Syllabus) - Unit 10 - Long Questions (New),Chemistry,9,PCTB (Punjab Curriculum & Textbook Board),CHAPTER_WISE,10,Long Questions,TaleemCity / PakParcha,https://drive.google.com/file/d/1XQqtZqMu5L93Ug38xwpGB0BZ6oEfqGQq/preview,"### Comprehensive Chemistry Class 9 (Unit 10) Notes & Solutions

These Chemistry notes for Class 9 (Class 9 Chemistry (New Syllabus) - Unit 10 - Long Questions (New)) are prepared strictly according to the Single National Curriculum (SNC 2025–2026) and Punjab Curriculum and Textbook Board (PCTB) standards.

#### 📌 Included In This Resource:
1. **Multiple Choice Questions (MCQs):** Carefully curated objective questions with verified answer keys.
2. **Short Answer Questions:** Concise, exam-targeted answers highlighting key definitions, laws, and concepts.
3. **Long & Detailed Questions:** Step-by-step explanations, diagrams, derivations, and board-standard headings.
4. **Textbook Solved Exercises & Numericals:** Complete solved numericals and exercises with given data, formula substitution, and final units.

#### 🏛️ Board Compatibility:
- **Punjab Boards:** Lahore, Rawalpindi, Gujranwala, Faisalabad, Multan, Sargodha, Sahiwal, Bahawalpur, DG Khan.
- **Federal Board (FBISE):** Islamabad & Cantonment Institutions.
- **KPK & Sindh Boards:** Aligned with Single National Curriculum standards.

#### 💡 Exam Preparation Tips:
- Review past 5-year board questions included at the end of each topic.
- Practice diagrams, derivations, and formulas regularly.
- Memorize key definitions and bold terms for maximum score."
Class 9 Chemistry (New Syllabus) - Unit 10 - MCQ's (New),Chemistry,9,PCTB (Punjab Curriculum & Textbook Board),CHAPTER_WISE,10,Solved MCQs,TaleemCity / PakParcha,https://drive.google.com/file/d/1CCmqinqGcfVRH4X4s9TmjtdsvRvLyWBG/preview,"### Comprehensive Chemistry Class 9 (Unit 10) Notes & Solutions

These Chemistry notes for Class 9 (Class 9 Chemistry (New Syllabus) - Unit 10 - MCQ's (New)) are prepared strictly according to the Single National Curriculum (SNC 2025–2026) and Punjab Curriculum and Textbook Board (PCTB) standards.

#### 📌 Included In This Resource:
1. **Multiple Choice Questions (MCQs):** Carefully curated objective questions with verified answer keys.
2. **Short Answer Questions:** Concise, exam-targeted answers highlighting key definitions, laws, and concepts.
3. **Long & Detailed Questions:** Step-by-step explanations, diagrams, derivations, and board-standard headings.
4. **Textbook Solved Exercises & Numericals:** Complete solved numericals and exercises with given data, formula substitution, and final units.

#### 🏛️ Board Compatibility:
- **Punjab Boards:** Lahore, Rawalpindi, Gujranwala, Faisalabad, Multan, Sargodha, Sahiwal, Bahawalpur, DG Khan.
- **Federal Board (FBISE):** Islamabad & Cantonment Institutions.
- **KPK & Sindh Boards:** Aligned with Single National Curriculum standards.

#### 💡 Exam Preparation Tips:
- Review past 5-year board questions included at the end of each topic.
- Practice diagrams, derivations, and formulas regularly.
- Memorize key definitions and bold terms for maximum score."
Class 9 Chemistry (New Syllabus) - Unit 10 - Short Questions (New),Chemistry,9,PCTB (Punjab Curriculum & Textbook Board),CHAPTER_WISE,10,Short Questions,TaleemCity / PakParcha,https://drive.google.com/file/d/1BsHH7HWqtUJ0bYyY35jdsM2e8IZdUXN2/preview,"### Comprehensive Chemistry Class 9 (Unit 10) Notes & Solutions

These Chemistry notes for Class 9 (Class 9 Chemistry (New Syllabus) - Unit 10 - Short Questions (New)) are prepared strictly according to the Single National Curriculum (SNC 2025–2026) and Punjab Curriculum and Textbook Board (PCTB) standards.

#### 📌 Included In This Resource:
1. **Multiple Choice Questions (MCQs):** Carefully curated objective questions with verified answer keys.
2. **Short Answer Questions:** Concise, exam-targeted answers highlighting key definitions, laws, and concepts.
3. **Long & Detailed Questions:** Step-by-step explanations, diagrams, derivations, and board-standard headings.
4. **Textbook Solved Exercises & Numericals:** Complete solved numericals and exercises with given data, formula substitution, and final units.

#### 🏛️ Board Compatibility:
- **Punjab Boards:** Lahore, Rawalpindi, Gujranwala, Faisalabad, Multan, Sargodha, Sahiwal, Bahawalpur, DG Khan.
- **Federal Board (FBISE):** Islamabad & Cantonment Institutions.
- **KPK & Sindh Boards:** Aligned with Single National Curriculum standards.

#### 💡 Exam Preparation Tips:
- Review past 5-year board questions included at the end of each topic.
- Practice diagrams, derivations, and formulas regularly.
- Memorize key definitions and bold terms for maximum score."
Class 9 Chemistry (New Syllabus) - Unit 11 - Long Questions (New),Chemistry,9,PCTB (Punjab Curriculum & Textbook Board),CHAPTER_WISE,11,Long Questions,TaleemCity / PakParcha,https://drive.google.com/file/d/1fOk4oqMNykZ3pILGWbxolNri4emKbmaz/preview,"### Comprehensive Chemistry Class 9 (Unit 11) Notes & Solutions

These Chemistry notes for Class 9 (Class 9 Chemistry (New Syllabus) - Unit 11 - Long Questions (New)) are prepared strictly according to the Single National Curriculum (SNC 2025–2026) and Punjab Curriculum and Textbook Board (PCTB) standards.

#### 📌 Included In This Resource:
1. **Multiple Choice Questions (MCQs):** Carefully curated objective questions with verified answer keys.
2. **Short Answer Questions:** Concise, exam-targeted answers highlighting key definitions, laws, and concepts.
3. **Long & Detailed Questions:** Step-by-step explanations, diagrams, derivations, and board-standard headings.
4. **Textbook Solved Exercises & Numericals:** Complete solved numericals and exercises with given data, formula substitution, and final units.

#### 🏛️ Board Compatibility:
- **Punjab Boards:** Lahore, Rawalpindi, Gujranwala, Faisalabad, Multan, Sargodha, Sahiwal, Bahawalpur, DG Khan.
- **Federal Board (FBISE):** Islamabad & Cantonment Institutions.
- **KPK & Sindh Boards:** Aligned with Single National Curriculum standards.

#### 💡 Exam Preparation Tips:
- Review past 5-year board questions included at the end of each topic.
- Practice diagrams, derivations, and formulas regularly.
- Memorize key definitions and bold terms for maximum score."
Class 9 Chemistry (New Syllabus) - Unit 11 - MCQ's (New),Chemistry,9,PCTB (Punjab Curriculum & Textbook Board),CHAPTER_WISE,11,Solved MCQs,TaleemCity / PakParcha,https://drive.google.com/file/d/1qLWRC5FlWfPD39XqJrBq2m_fYdypCvry/preview,"### Comprehensive Chemistry Class 9 (Unit 11) Notes & Solutions

These Chemistry notes for Class 9 (Class 9 Chemistry (New Syllabus) - Unit 11 - MCQ's (New)) are prepared strictly according to the Single National Curriculum (SNC 2025–2026) and Punjab Curriculum and Textbook Board (PCTB) standards.

#### 📌 Included In This Resource:
1. **Multiple Choice Questions (MCQs):** Carefully curated objective questions with verified answer keys.
2. **Short Answer Questions:** Concise, exam-targeted answers highlighting key definitions, laws, and concepts.
3. **Long & Detailed Questions:** Step-by-step explanations, diagrams, derivations, and board-standard headings.
4. **Textbook Solved Exercises & Numericals:** Complete solved numericals and exercises with given data, formula substitution, and final units.

#### 🏛️ Board Compatibility:
- **Punjab Boards:** Lahore, Rawalpindi, Gujranwala, Faisalabad, Multan, Sargodha, Sahiwal, Bahawalpur, DG Khan.
- **Federal Board (FBISE):** Islamabad & Cantonment Institutions.
- **KPK & Sindh Boards:** Aligned with Single National Curriculum standards.

#### 💡 Exam Preparation Tips:
- Review past 5-year board questions included at the end of each topic.
- Practice diagrams, derivations, and formulas regularly.
- Memorize key definitions and bold terms for maximum score."
Class 9 Chemistry (New Syllabus) - Unit 11 - Short Questions (New),Chemistry,9,PCTB (Punjab Curriculum & Textbook Board),CHAPTER_WISE,11,Short Questions,TaleemCity / PakParcha,https://drive.google.com/file/d/1cKE0x9-DtzOwdAtYbuib-1BNT-DkNul7/preview,"### Comprehensive Chemistry Class 9 (Unit 11) Notes & Solutions

These Chemistry notes for Class 9 (Class 9 Chemistry (New Syllabus) - Unit 11 - Short Questions (New)) are prepared strictly according to the Single National Curriculum (SNC 2025–2026) and Punjab Curriculum and Textbook Board (PCTB) standards.

#### 📌 Included In This Resource:
1. **Multiple Choice Questions (MCQs):** Carefully curated objective questions with verified answer keys.
2. **Short Answer Questions:** Concise, exam-targeted answers highlighting key definitions, laws, and concepts.
3. **Long & Detailed Questions:** Step-by-step explanations, diagrams, derivations, and board-standard headings.
4. **Textbook Solved Exercises & Numericals:** Complete solved numericals and exercises with given data, formula substitution, and final units.

#### 🏛️ Board Compatibility:
- **Punjab Boards:** Lahore, Rawalpindi, Gujranwala, Faisalabad, Multan, Sargodha, Sahiwal, Bahawalpur, DG Khan.
- **Federal Board (FBISE):** Islamabad & Cantonment Institutions.
- **KPK & Sindh Boards:** Aligned with Single National Curriculum standards.

#### 💡 Exam Preparation Tips:
- Review past 5-year board questions included at the end of each topic.
- Practice diagrams, derivations, and formulas regularly.
- Memorize key definitions and bold terms for maximum score."
Class 9 Chemistry (New Syllabus) - Unit 12 - Long Questions (New),Chemistry,9,PCTB (Punjab Curriculum & Textbook Board),CHAPTER_WISE,12,Long Questions,TaleemCity / PakParcha,https://drive.google.com/file/d/1WKmiHQfXYKsbRGvwnoPQENapZFDwKlIA/preview,"### Comprehensive Chemistry Class 9 (Unit 12) Notes & Solutions

These Chemistry notes for Class 9 (Class 9 Chemistry (New Syllabus) - Unit 12 - Long Questions (New)) are prepared strictly according to the Single National Curriculum (SNC 2025–2026) and Punjab Curriculum and Textbook Board (PCTB) standards.

#### 📌 Included In This Resource:
1. **Multiple Choice Questions (MCQs):** Carefully curated objective questions with verified answer keys.
2. **Short Answer Questions:** Concise, exam-targeted answers highlighting key definitions, laws, and concepts.
3. **Long & Detailed Questions:** Step-by-step explanations, diagrams, derivations, and board-standard headings.
4. **Textbook Solved Exercises & Numericals:** Complete solved numericals and exercises with given data, formula substitution, and final units.

#### 🏛️ Board Compatibility:
- **Punjab Boards:** Lahore, Rawalpindi, Gujranwala, Faisalabad, Multan, Sargodha, Sahiwal, Bahawalpur, DG Khan.
- **Federal Board (FBISE):** Islamabad & Cantonment Institutions.
- **KPK & Sindh Boards:** Aligned with Single National Curriculum standards.

#### 💡 Exam Preparation Tips:
- Review past 5-year board questions included at the end of each topic.
- Practice diagrams, derivations, and formulas regularly.
- Memorize key definitions and bold terms for maximum score."
Class 9 Chemistry (New Syllabus) - Unit 12 - MCQ's (New),Chemistry,9,PCTB (Punjab Curriculum & Textbook Board),CHAPTER_WISE,12,Solved MCQs,TaleemCity / PakParcha,https://drive.google.com/file/d/1vPYO4yp4Vfk8JqgEtuwDMrpOHIYXXGjR/preview,"### Comprehensive Chemistry Class 9 (Unit 12) Notes & Solutions

These Chemistry notes for Class 9 (Class 9 Chemistry (New Syllabus) - Unit 12 - MCQ's (New)) are prepared strictly according to the Single National Curriculum (SNC 2025–2026) and Punjab Curriculum and Textbook Board (PCTB) standards.

#### 📌 Included In This Resource:
1. **Multiple Choice Questions (MCQs):** Carefully curated objective questions with verified answer keys.
2. **Short Answer Questions:** Concise, exam-targeted answers highlighting key definitions, laws, and concepts.
3. **Long & Detailed Questions:** Step-by-step explanations, diagrams, derivations, and board-standard headings.
4. **Textbook Solved Exercises & Numericals:** Complete solved numericals and exercises with given data, formula substitution, and final units.

#### 🏛️ Board Compatibility:
- **Punjab Boards:** Lahore, Rawalpindi, Gujranwala, Faisalabad, Multan, Sargodha, Sahiwal, Bahawalpur, DG Khan.
- **Federal Board (FBISE):** Islamabad & Cantonment Institutions.
- **KPK & Sindh Boards:** Aligned with Single National Curriculum standards.

#### 💡 Exam Preparation Tips:
- Review past 5-year board questions included at the end of each topic.
- Practice diagrams, derivations, and formulas regularly.
- Memorize key definitions and bold terms for maximum score."
Class 9 Chemistry (New Syllabus) - Unit 12 - Short Questions (New),Chemistry,9,PCTB (Punjab Curriculum & Textbook Board),CHAPTER_WISE,12,Short Questions,TaleemCity / PakParcha,https://drive.google.com/file/d/1BvEhBk93SgjSAXG1G1GvZhsluWhdF5rX/preview,"### Comprehensive Chemistry Class 9 (Unit 12) Notes & Solutions

These Chemistry notes for Class 9 (Class 9 Chemistry (New Syllabus) - Unit 12 - Short Questions (New)) are prepared strictly according to the Single National Curriculum (SNC 2025–2026) and Punjab Curriculum and Textbook Board (PCTB) standards.

#### 📌 Included In This Resource:
1. **Multiple Choice Questions (MCQs):** Carefully curated objective questions with verified answer keys.
2. **Short Answer Questions:** Concise, exam-targeted answers highlighting key definitions, laws, and concepts.
3. **Long & Detailed Questions:** Step-by-step explanations, diagrams, derivations, and board-standard headings.
4. **Textbook Solved Exercises & Numericals:** Complete solved numericals and exercises with given data, formula substitution, and final units.

#### 🏛️ Board Compatibility:
- **Punjab Boards:** Lahore, Rawalpindi, Gujranwala, Faisalabad, Multan, Sargodha, Sahiwal, Bahawalpur, DG Khan.
- **Federal Board (FBISE):** Islamabad & Cantonment Institutions.
- **KPK & Sindh Boards:** Aligned with Single National Curriculum standards.

#### 💡 Exam Preparation Tips:
- Review past 5-year board questions included at the end of each topic.
- Practice diagrams, derivations, and formulas regularly.
- Memorize key definitions and bold terms for maximum score."
Class 9 Chemistry (New Syllabus) - Unit 13 - Long Questions (New),Chemistry,9,PCTB (Punjab Curriculum & Textbook Board),CHAPTER_WISE,13,Long Questions,TaleemCity / PakParcha,https://drive.google.com/file/d/1bioD7GxgHN3knRK3y2TpwCOad5xrN6V3/preview,"### Comprehensive Chemistry Class 9 (Unit 13) Notes & Solutions

These Chemistry notes for Class 9 (Class 9 Chemistry (New Syllabus) - Unit 13 - Long Questions (New)) are prepared strictly according to the Single National Curriculum (SNC 2025–2026) and Punjab Curriculum and Textbook Board (PCTB) standards.

#### 📌 Included In This Resource:
1. **Multiple Choice Questions (MCQs):** Carefully curated objective questions with verified answer keys.
2. **Short Answer Questions:** Concise, exam-targeted answers highlighting key definitions, laws, and concepts.
3. **Long & Detailed Questions:** Step-by-step explanations, diagrams, derivations, and board-standard headings.
4. **Textbook Solved Exercises & Numericals:** Complete solved numericals and exercises with given data, formula substitution, and final units.

#### 🏛️ Board Compatibility:
- **Punjab Boards:** Lahore, Rawalpindi, Gujranwala, Faisalabad, Multan, Sargodha, Sahiwal, Bahawalpur, DG Khan.
- **Federal Board (FBISE):** Islamabad & Cantonment Institutions.
- **KPK & Sindh Boards:** Aligned with Single National Curriculum standards.

#### 💡 Exam Preparation Tips:
- Review past 5-year board questions included at the end of each topic.
- Practice diagrams, derivations, and formulas regularly.
- Memorize key definitions and bold terms for maximum score."
Class 9 Chemistry (New Syllabus) - Unit 13 - MCQ's (New),Chemistry,9,PCTB (Punjab Curriculum & Textbook Board),CHAPTER_WISE,13,Solved MCQs,TaleemCity / PakParcha,https://drive.google.com/file/d/1eQ8LK82KycBYI0RvU8xedJw3r83DTT5H/preview,"### Comprehensive Chemistry Class 9 (Unit 13) Notes & Solutions

These Chemistry notes for Class 9 (Class 9 Chemistry (New Syllabus) - Unit 13 - MCQ's (New)) are prepared strictly according to the Single National Curriculum (SNC 2025–2026) and Punjab Curriculum and Textbook Board (PCTB) standards.

#### 📌 Included In This Resource:
1. **Multiple Choice Questions (MCQs):** Carefully curated objective questions with verified answer keys.
2. **Short Answer Questions:** Concise, exam-targeted answers highlighting key definitions, laws, and concepts.
3. **Long & Detailed Questions:** Step-by-step explanations, diagrams, derivations, and board-standard headings.
4. **Textbook Solved Exercises & Numericals:** Complete solved numericals and exercises with given data, formula substitution, and final units.

#### 🏛️ Board Compatibility:
- **Punjab Boards:** Lahore, Rawalpindi, Gujranwala, Faisalabad, Multan, Sargodha, Sahiwal, Bahawalpur, DG Khan.
- **Federal Board (FBISE):** Islamabad & Cantonment Institutions.
- **KPK & Sindh Boards:** Aligned with Single National Curriculum standards.

#### 💡 Exam Preparation Tips:
- Review past 5-year board questions included at the end of each topic.
- Practice diagrams, derivations, and formulas regularly.
- Memorize key definitions and bold terms for maximum score."
Class 9 Chemistry (New Syllabus) - Unit 13 - Short Questions (New),Chemistry,9,PCTB (Punjab Curriculum & Textbook Board),CHAPTER_WISE,13,Short Questions,TaleemCity / PakParcha,https://drive.google.com/file/d/1_giMHupUP45R6KZlFnmezJD18h9N5f0w/preview,"### Comprehensive Chemistry Class 9 (Unit 13) Notes & Solutions

These Chemistry notes for Class 9 (Class 9 Chemistry (New Syllabus) - Unit 13 - Short Questions (New)) are prepared strictly according to the Single National Curriculum (SNC 2025–2026) and Punjab Curriculum and Textbook Board (PCTB) standards.

#### 📌 Included In This Resource:
1. **Multiple Choice Questions (MCQs):** Carefully curated objective questions with verified answer keys.
2. **Short Answer Questions:** Concise, exam-targeted answers highlighting key definitions, laws, and concepts.
3. **Long & Detailed Questions:** Step-by-step explanations, diagrams, derivations, and board-standard headings.
4. **Textbook Solved Exercises & Numericals:** Complete solved numericals and exercises with given data, formula substitution, and final units.

#### 🏛️ Board Compatibility:
- **Punjab Boards:** Lahore, Rawalpindi, Gujranwala, Faisalabad, Multan, Sargodha, Sahiwal, Bahawalpur, DG Khan.
- **Federal Board (FBISE):** Islamabad & Cantonment Institutions.
- **KPK & Sindh Boards:** Aligned with Single National Curriculum standards.

#### 💡 Exam Preparation Tips:
- Review past 5-year board questions included at the end of each topic.
- Practice diagrams, derivations, and formulas regularly.
- Memorize key definitions and bold terms for maximum score."
Class 9 Computer Science (New Syllabus) - Full Book Complete Notes,Computer Science,9,PCTB (Punjab Curriculum & Textbook Board),FULL_BOOK,,Full Book Complete,TaleemCity / PakParcha,https://drive.google.com/file/d/1t6iJKtqnMKSj8lc5zrjW2-pnUgKihu5_/preview,"### Comprehensive Computer Science Class 9 (Full Book Complete Syllabus) Notes & Solutions

These Computer Science notes for Class 9 (Class 9 Computer Science (New Syllabus) - Full Book Complete Notes) are prepared strictly according to the Single National Curriculum (SNC 2025–2026) and Punjab Curriculum and Textbook Board (PCTB) standards.

#### 📌 Included In This Resource:
1. **Multiple Choice Questions (MCQs):** Carefully curated objective questions with verified answer keys.
2. **Short Answer Questions:** Concise, exam-targeted answers highlighting key definitions, laws, and concepts.
3. **Long & Detailed Questions:** Step-by-step explanations, diagrams, derivations, and board-standard headings.
4. **Textbook Solved Exercises & Numericals:** Complete solved numericals and exercises with given data, formula substitution, and final units.

#### 🏛️ Board Compatibility:
- **Punjab Boards:** Lahore, Rawalpindi, Gujranwala, Faisalabad, Multan, Sargodha, Sahiwal, Bahawalpur, DG Khan.
- **Federal Board (FBISE):** Islamabad & Cantonment Institutions.
- **KPK & Sindh Boards:** Aligned with Single National Curriculum standards.

#### 💡 Exam Preparation Tips:
- Review past 5-year board questions included at the end of each topic.
- Practice diagrams, derivations, and formulas regularly.
- Memorize key definitions and bold terms for maximum score."
Class 9 Computer Science (New Syllabus) - Unit 1 - Exercise Questions (New),Computer Science,9,PCTB (Punjab Curriculum & Textbook Board),CHAPTER_WISE,1,Solved Numericals,TaleemCity / PakParcha,https://drive.google.com/file/d/1lJXps7FSfyf19hjcGSYtXbGdCiBQOXWN/preview,"### Comprehensive Computer Science Class 9 (Unit 1) Notes & Solutions

These Computer Science notes for Class 9 (Class 9 Computer Science (New Syllabus) - Unit 1 - Exercise Questions (New)) are prepared strictly according to the Single National Curriculum (SNC 2025–2026) and Punjab Curriculum and Textbook Board (PCTB) standards.

#### 📌 Included In This Resource:
1. **Multiple Choice Questions (MCQs):** Carefully curated objective questions with verified answer keys.
2. **Short Answer Questions:** Concise, exam-targeted answers highlighting key definitions, laws, and concepts.
3. **Long & Detailed Questions:** Step-by-step explanations, diagrams, derivations, and board-standard headings.
4. **Textbook Solved Exercises & Numericals:** Complete solved numericals and exercises with given data, formula substitution, and final units.

#### 🏛️ Board Compatibility:
- **Punjab Boards:** Lahore, Rawalpindi, Gujranwala, Faisalabad, Multan, Sargodha, Sahiwal, Bahawalpur, DG Khan.
- **Federal Board (FBISE):** Islamabad & Cantonment Institutions.
- **KPK & Sindh Boards:** Aligned with Single National Curriculum standards.

#### 💡 Exam Preparation Tips:
- Review past 5-year board questions included at the end of each topic.
- Practice diagrams, derivations, and formulas regularly.
- Memorize key definitions and bold terms for maximum score."
Class 9 Computer Science (New Syllabus) - Unit 1 - Long Questions (New),Computer Science,9,PCTB (Punjab Curriculum & Textbook Board),CHAPTER_WISE,1,Long Questions,TaleemCity / PakParcha,https://drive.google.com/file/d/1yciF85s3e_DQL0lWSNGhJqlh87pW_OXx/preview,"### Comprehensive Computer Science Class 9 (Unit 1) Notes & Solutions

These Computer Science notes for Class 9 (Class 9 Computer Science (New Syllabus) - Unit 1 - Long Questions (New)) are prepared strictly according to the Single National Curriculum (SNC 2025–2026) and Punjab Curriculum and Textbook Board (PCTB) standards.

#### 📌 Included In This Resource:
1. **Multiple Choice Questions (MCQs):** Carefully curated objective questions with verified answer keys.
2. **Short Answer Questions:** Concise, exam-targeted answers highlighting key definitions, laws, and concepts.
3. **Long & Detailed Questions:** Step-by-step explanations, diagrams, derivations, and board-standard headings.
4. **Textbook Solved Exercises & Numericals:** Complete solved numericals and exercises with given data, formula substitution, and final units.

#### 🏛️ Board Compatibility:
- **Punjab Boards:** Lahore, Rawalpindi, Gujranwala, Faisalabad, Multan, Sargodha, Sahiwal, Bahawalpur, DG Khan.
- **Federal Board (FBISE):** Islamabad & Cantonment Institutions.
- **KPK & Sindh Boards:** Aligned with Single National Curriculum standards.

#### 💡 Exam Preparation Tips:
- Review past 5-year board questions included at the end of each topic.
- Practice diagrams, derivations, and formulas regularly.
- Memorize key definitions and bold terms for maximum score."
Class 9 Computer Science (New Syllabus) - Unit 1 - Short Questions &#038; MCQâs (New),Computer Science,9,PCTB (Punjab Curriculum & Textbook Board),CHAPTER_WISE,1,Solved MCQs,TaleemCity / PakParcha,https://drive.google.com/file/d/14AYfBW5EG_3FeG4lt8TPj3NHmGWP3X1f/preview,"### Comprehensive Computer Science Class 9 (Unit 1) Notes & Solutions

These Computer Science notes for Class 9 (Class 9 Computer Science (New Syllabus) - Unit 1 - Short Questions &#038; MCQâs (New)) are prepared strictly according to the Single National Curriculum (SNC 2025–2026) and Punjab Curriculum and Textbook Board (PCTB) standards.

#### 📌 Included In This Resource:
1. **Multiple Choice Questions (MCQs):** Carefully curated objective questions with verified answer keys.
2. **Short Answer Questions:** Concise, exam-targeted answers highlighting key definitions, laws, and concepts.
3. **Long & Detailed Questions:** Step-by-step explanations, diagrams, derivations, and board-standard headings.
4. **Textbook Solved Exercises & Numericals:** Complete solved numericals and exercises with given data, formula substitution, and final units.

#### 🏛️ Board Compatibility:
- **Punjab Boards:** Lahore, Rawalpindi, Gujranwala, Faisalabad, Multan, Sargodha, Sahiwal, Bahawalpur, DG Khan.
- **Federal Board (FBISE):** Islamabad & Cantonment Institutions.
- **KPK & Sindh Boards:** Aligned with Single National Curriculum standards.

#### 💡 Exam Preparation Tips:
- Review past 5-year board questions included at the end of each topic.
- Practice diagrams, derivations, and formulas regularly.
- Memorize key definitions and bold terms for maximum score."
Class 9 Computer Science (New Syllabus) - Unit 2 - Exercise Questions (New),Computer Science,9,PCTB (Punjab Curriculum & Textbook Board),CHAPTER_WISE,2,Solved Numericals,TaleemCity / PakParcha,https://drive.google.com/file/d/1kFA-Sli7dp4M_apqYGSSOR0i7xPtEOWc/preview,"### Comprehensive Computer Science Class 9 (Unit 2) Notes & Solutions

These Computer Science notes for Class 9 (Class 9 Computer Science (New Syllabus) - Unit 2 - Exercise Questions (New)) are prepared strictly according to the Single National Curriculum (SNC 2025–2026) and Punjab Curriculum and Textbook Board (PCTB) standards.

#### 📌 Included In This Resource:
1. **Multiple Choice Questions (MCQs):** Carefully curated objective questions with verified answer keys.
2. **Short Answer Questions:** Concise, exam-targeted answers highlighting key definitions, laws, and concepts.
3. **Long & Detailed Questions:** Step-by-step explanations, diagrams, derivations, and board-standard headings.
4. **Textbook Solved Exercises & Numericals:** Complete solved numericals and exercises with given data, formula substitution, and final units.

#### 🏛️ Board Compatibility:
- **Punjab Boards:** Lahore, Rawalpindi, Gujranwala, Faisalabad, Multan, Sargodha, Sahiwal, Bahawalpur, DG Khan.
- **Federal Board (FBISE):** Islamabad & Cantonment Institutions.
- **KPK & Sindh Boards:** Aligned with Single National Curriculum standards.

#### 💡 Exam Preparation Tips:
- Review past 5-year board questions included at the end of each topic.
- Practice diagrams, derivations, and formulas regularly.
- Memorize key definitions and bold terms for maximum score."
Class 9 Computer Science (New Syllabus) - Unit 2 - Long Questions (New),Computer Science,9,PCTB (Punjab Curriculum & Textbook Board),CHAPTER_WISE,2,Long Questions,TaleemCity / PakParcha,https://drive.google.com/file/d/1BlBA9qs23KP7kGnFqeNmt_Mo2CKe7Vkm/preview,"### Comprehensive Computer Science Class 9 (Unit 2) Notes & Solutions

These Computer Science notes for Class 9 (Class 9 Computer Science (New Syllabus) - Unit 2 - Long Questions (New)) are prepared strictly according to the Single National Curriculum (SNC 2025–2026) and Punjab Curriculum and Textbook Board (PCTB) standards.

#### 📌 Included In This Resource:
1. **Multiple Choice Questions (MCQs):** Carefully curated objective questions with verified answer keys.
2. **Short Answer Questions:** Concise, exam-targeted answers highlighting key definitions, laws, and concepts.
3. **Long & Detailed Questions:** Step-by-step explanations, diagrams, derivations, and board-standard headings.
4. **Textbook Solved Exercises & Numericals:** Complete solved numericals and exercises with given data, formula substitution, and final units.

#### 🏛️ Board Compatibility:
- **Punjab Boards:** Lahore, Rawalpindi, Gujranwala, Faisalabad, Multan, Sargodha, Sahiwal, Bahawalpur, DG Khan.
- **Federal Board (FBISE):** Islamabad & Cantonment Institutions.
- **KPK & Sindh Boards:** Aligned with Single National Curriculum standards.

#### 💡 Exam Preparation Tips:
- Review past 5-year board questions included at the end of each topic.
- Practice diagrams, derivations, and formulas regularly.
- Memorize key definitions and bold terms for maximum score."
Class 9 Computer Science (New Syllabus) - Unit 2 - Short Questions &#038; MCQâs (New),Computer Science,9,PCTB (Punjab Curriculum & Textbook Board),CHAPTER_WISE,2,Solved MCQs,TaleemCity / PakParcha,https://drive.google.com/file/d/1iVxLMV-Rq-Up9we6FmGY5ZzzOTSE8rWa/preview,"### Comprehensive Computer Science Class 9 (Unit 2) Notes & Solutions

These Computer Science notes for Class 9 (Class 9 Computer Science (New Syllabus) - Unit 2 - Short Questions &#038; MCQâs (New)) are prepared strictly according to the Single National Curriculum (SNC 2025–2026) and Punjab Curriculum and Textbook Board (PCTB) standards.

#### 📌 Included In This Resource:
1. **Multiple Choice Questions (MCQs):** Carefully curated objective questions with verified answer keys.
2. **Short Answer Questions:** Concise, exam-targeted answers highlighting key definitions, laws, and concepts.
3. **Long & Detailed Questions:** Step-by-step explanations, diagrams, derivations, and board-standard headings.
4. **Textbook Solved Exercises & Numericals:** Complete solved numericals and exercises with given data, formula substitution, and final units.

#### 🏛️ Board Compatibility:
- **Punjab Boards:** Lahore, Rawalpindi, Gujranwala, Faisalabad, Multan, Sargodha, Sahiwal, Bahawalpur, DG Khan.
- **Federal Board (FBISE):** Islamabad & Cantonment Institutions.
- **KPK & Sindh Boards:** Aligned with Single National Curriculum standards.

#### 💡 Exam Preparation Tips:
- Review past 5-year board questions included at the end of each topic.
- Practice diagrams, derivations, and formulas regularly.
- Memorize key definitions and bold terms for maximum score."
Class 9 Computer Science (New Syllabus) - Unit 3 - Exercise Questions (New),Computer Science,9,PCTB (Punjab Curriculum & Textbook Board),CHAPTER_WISE,3,Solved Numericals,TaleemCity / PakParcha,https://drive.google.com/file/d/1nlORU8dYM4WCm1VgyDCSsgQp1sMgCSYx/preview,"### Comprehensive Computer Science Class 9 (Unit 3) Notes & Solutions

These Computer Science notes for Class 9 (Class 9 Computer Science (New Syllabus) - Unit 3 - Exercise Questions (New)) are prepared strictly according to the Single National Curriculum (SNC 2025–2026) and Punjab Curriculum and Textbook Board (PCTB) standards.

#### 📌 Included In This Resource:
1. **Multiple Choice Questions (MCQs):** Carefully curated objective questions with verified answer keys.
2. **Short Answer Questions:** Concise, exam-targeted answers highlighting key definitions, laws, and concepts.
3. **Long & Detailed Questions:** Step-by-step explanations, diagrams, derivations, and board-standard headings.
4. **Textbook Solved Exercises & Numericals:** Complete solved numericals and exercises with given data, formula substitution, and final units.

#### 🏛️ Board Compatibility:
- **Punjab Boards:** Lahore, Rawalpindi, Gujranwala, Faisalabad, Multan, Sargodha, Sahiwal, Bahawalpur, DG Khan.
- **Federal Board (FBISE):** Islamabad & Cantonment Institutions.
- **KPK & Sindh Boards:** Aligned with Single National Curriculum standards.

#### 💡 Exam Preparation Tips:
- Review past 5-year board questions included at the end of each topic.
- Practice diagrams, derivations, and formulas regularly.
- Memorize key definitions and bold terms for maximum score."
Class 9 Computer Science (New Syllabus) - Unit 3 - Long Questions (New),Computer Science,9,PCTB (Punjab Curriculum & Textbook Board),CHAPTER_WISE,3,Long Questions,TaleemCity / PakParcha,https://drive.google.com/file/d/1TcJPvJmM8kx1sMB1OVAu1azYM2EJ-9xx/preview,"### Comprehensive Computer Science Class 9 (Unit 3) Notes & Solutions

These Computer Science notes for Class 9 (Class 9 Computer Science (New Syllabus) - Unit 3 - Long Questions (New)) are prepared strictly according to the Single National Curriculum (SNC 2025–2026) and Punjab Curriculum and Textbook Board (PCTB) standards.

#### 📌 Included In This Resource:
1. **Multiple Choice Questions (MCQs):** Carefully curated objective questions with verified answer keys.
2. **Short Answer Questions:** Concise, exam-targeted answers highlighting key definitions, laws, and concepts.
3. **Long & Detailed Questions:** Step-by-step explanations, diagrams, derivations, and board-standard headings.
4. **Textbook Solved Exercises & Numericals:** Complete solved numericals and exercises with given data, formula substitution, and final units.

#### 🏛️ Board Compatibility:
- **Punjab Boards:** Lahore, Rawalpindi, Gujranwala, Faisalabad, Multan, Sargodha, Sahiwal, Bahawalpur, DG Khan.
- **Federal Board (FBISE):** Islamabad & Cantonment Institutions.
- **KPK & Sindh Boards:** Aligned with Single National Curriculum standards.

#### 💡 Exam Preparation Tips:
- Review past 5-year board questions included at the end of each topic.
- Practice diagrams, derivations, and formulas regularly.
- Memorize key definitions and bold terms for maximum score."
Class 9 Computer Science (New Syllabus) - Unit 3 - Short Questions &#038; MCQâs (New),Computer Science,9,PCTB (Punjab Curriculum & Textbook Board),CHAPTER_WISE,3,Solved MCQs,TaleemCity / PakParcha,https://drive.google.com/file/d/1Bp4THouypOlhxBtQBd1LXhIBJMyO-3O4/preview,"### Comprehensive Computer Science Class 9 (Unit 3) Notes & Solutions

These Computer Science notes for Class 9 (Class 9 Computer Science (New Syllabus) - Unit 3 - Short Questions &#038; MCQâs (New)) are prepared strictly according to the Single National Curriculum (SNC 2025–2026) and Punjab Curriculum and Textbook Board (PCTB) standards.

#### 📌 Included In This Resource:
1. **Multiple Choice Questions (MCQs):** Carefully curated objective questions with verified answer keys.
2. **Short Answer Questions:** Concise, exam-targeted answers highlighting key definitions, laws, and concepts.
3. **Long & Detailed Questions:** Step-by-step explanations, diagrams, derivations, and board-standard headings.
4. **Textbook Solved Exercises & Numericals:** Complete solved numericals and exercises with given data, formula substitution, and final units.

#### 🏛️ Board Compatibility:
- **Punjab Boards:** Lahore, Rawalpindi, Gujranwala, Faisalabad, Multan, Sargodha, Sahiwal, Bahawalpur, DG Khan.
- **Federal Board (FBISE):** Islamabad & Cantonment Institutions.
- **KPK & Sindh Boards:** Aligned with Single National Curriculum standards.

#### 💡 Exam Preparation Tips:
- Review past 5-year board questions included at the end of each topic.
- Practice diagrams, derivations, and formulas regularly.
- Memorize key definitions and bold terms for maximum score."
Class 9 Computer Science (New Syllabus) - Unit 4 - Exercise Questions (New),Computer Science,9,PCTB (Punjab Curriculum & Textbook Board),CHAPTER_WISE,4,Solved Numericals,TaleemCity / PakParcha,https://drive.google.com/file/d/1PWhf9Q1co1lh9aEMsGU_FH9_RUptlBpj/preview,"### Comprehensive Computer Science Class 9 (Unit 4) Notes & Solutions

These Computer Science notes for Class 9 (Class 9 Computer Science (New Syllabus) - Unit 4 - Exercise Questions (New)) are prepared strictly according to the Single National Curriculum (SNC 2025–2026) and Punjab Curriculum and Textbook Board (PCTB) standards.

#### 📌 Included In This Resource:
1. **Multiple Choice Questions (MCQs):** Carefully curated objective questions with verified answer keys.
2. **Short Answer Questions:** Concise, exam-targeted answers highlighting key definitions, laws, and concepts.
3. **Long & Detailed Questions:** Step-by-step explanations, diagrams, derivations, and board-standard headings.
4. **Textbook Solved Exercises & Numericals:** Complete solved numericals and exercises with given data, formula substitution, and final units.

#### 🏛️ Board Compatibility:
- **Punjab Boards:** Lahore, Rawalpindi, Gujranwala, Faisalabad, Multan, Sargodha, Sahiwal, Bahawalpur, DG Khan.
- **Federal Board (FBISE):** Islamabad & Cantonment Institutions.
- **KPK & Sindh Boards:** Aligned with Single National Curriculum standards.

#### 💡 Exam Preparation Tips:
- Review past 5-year board questions included at the end of each topic.
- Practice diagrams, derivations, and formulas regularly.
- Memorize key definitions and bold terms for maximum score."
Class 9 Computer Science (New Syllabus) - Unit 4 - Long Questions (New),Computer Science,9,PCTB (Punjab Curriculum & Textbook Board),CHAPTER_WISE,4,Long Questions,TaleemCity / PakParcha,https://drive.google.com/file/d/1y4ZzAEUvufOIIv90AFjNV9voNiT0IYyT/preview,"### Comprehensive Computer Science Class 9 (Unit 4) Notes & Solutions

These Computer Science notes for Class 9 (Class 9 Computer Science (New Syllabus) - Unit 4 - Long Questions (New)) are prepared strictly according to the Single National Curriculum (SNC 2025–2026) and Punjab Curriculum and Textbook Board (PCTB) standards.

#### 📌 Included In This Resource:
1. **Multiple Choice Questions (MCQs):** Carefully curated objective questions with verified answer keys.
2. **Short Answer Questions:** Concise, exam-targeted answers highlighting key definitions, laws, and concepts.
3. **Long & Detailed Questions:** Step-by-step explanations, diagrams, derivations, and board-standard headings.
4. **Textbook Solved Exercises & Numericals:** Complete solved numericals and exercises with given data, formula substitution, and final units.

#### 🏛️ Board Compatibility:
- **Punjab Boards:** Lahore, Rawalpindi, Gujranwala, Faisalabad, Multan, Sargodha, Sahiwal, Bahawalpur, DG Khan.
- **Federal Board (FBISE):** Islamabad & Cantonment Institutions.
- **KPK & Sindh Boards:** Aligned with Single National Curriculum standards.

#### 💡 Exam Preparation Tips:
- Review past 5-year board questions included at the end of each topic.
- Practice diagrams, derivations, and formulas regularly.
- Memorize key definitions and bold terms for maximum score."
Class 9 Computer Science (New Syllabus) - Unit 4 - Short Questions &#038; MCQâs (New),Computer Science,9,PCTB (Punjab Curriculum & Textbook Board),CHAPTER_WISE,4,Solved MCQs,TaleemCity / PakParcha,https://drive.google.com/file/d/1W0Uys8LQHzseSAcjklnm237iS8Jb9fZw/preview,"### Comprehensive Computer Science Class 9 (Unit 4) Notes & Solutions

These Computer Science notes for Class 9 (Class 9 Computer Science (New Syllabus) - Unit 4 - Short Questions &#038; MCQâs (New)) are prepared strictly according to the Single National Curriculum (SNC 2025–2026) and Punjab Curriculum and Textbook Board (PCTB) standards.

#### 📌 Included In This Resource:
1. **Multiple Choice Questions (MCQs):** Carefully curated objective questions with verified answer keys.
2. **Short Answer Questions:** Concise, exam-targeted answers highlighting key definitions, laws, and concepts.
3. **Long & Detailed Questions:** Step-by-step explanations, diagrams, derivations, and board-standard headings.
4. **Textbook Solved Exercises & Numericals:** Complete solved numericals and exercises with given data, formula substitution, and final units.

#### 🏛️ Board Compatibility:
- **Punjab Boards:** Lahore, Rawalpindi, Gujranwala, Faisalabad, Multan, Sargodha, Sahiwal, Bahawalpur, DG Khan.
- **Federal Board (FBISE):** Islamabad & Cantonment Institutions.
- **KPK & Sindh Boards:** Aligned with Single National Curriculum standards.

#### 💡 Exam Preparation Tips:
- Review past 5-year board questions included at the end of each topic.
- Practice diagrams, derivations, and formulas regularly.
- Memorize key definitions and bold terms for maximum score."
Class 9 Computer Science (New Syllabus) - Unit 5 - Exercise Questions (New),Computer Science,9,PCTB (Punjab Curriculum & Textbook Board),CHAPTER_WISE,5,Solved Numericals,TaleemCity / PakParcha,https://drive.google.com/file/d/1tUp3AAbuEvEuOlOOthpJCSc5A9Wcsxoj/preview,"### Comprehensive Computer Science Class 9 (Unit 5) Notes & Solutions

These Computer Science notes for Class 9 (Class 9 Computer Science (New Syllabus) - Unit 5 - Exercise Questions (New)) are prepared strictly according to the Single National Curriculum (SNC 2025–2026) and Punjab Curriculum and Textbook Board (PCTB) standards.

#### 📌 Included In This Resource:
1. **Multiple Choice Questions (MCQs):** Carefully curated objective questions with verified answer keys.
2. **Short Answer Questions:** Concise, exam-targeted answers highlighting key definitions, laws, and concepts.
3. **Long & Detailed Questions:** Step-by-step explanations, diagrams, derivations, and board-standard headings.
4. **Textbook Solved Exercises & Numericals:** Complete solved numericals and exercises with given data, formula substitution, and final units.

#### 🏛️ Board Compatibility:
- **Punjab Boards:** Lahore, Rawalpindi, Gujranwala, Faisalabad, Multan, Sargodha, Sahiwal, Bahawalpur, DG Khan.
- **Federal Board (FBISE):** Islamabad & Cantonment Institutions.
- **KPK & Sindh Boards:** Aligned with Single National Curriculum standards.

#### 💡 Exam Preparation Tips:
- Review past 5-year board questions included at the end of each topic.
- Practice diagrams, derivations, and formulas regularly.
- Memorize key definitions and bold terms for maximum score."
Class 9 Computer Science (New Syllabus) - Unit 5 - Long Questions (New),Computer Science,9,PCTB (Punjab Curriculum & Textbook Board),CHAPTER_WISE,5,Long Questions,TaleemCity / PakParcha,https://drive.google.com/file/d/1OGVD4R6xqRp6D2YcZz-JWloKDRsQjENE/preview,"### Comprehensive Computer Science Class 9 (Unit 5) Notes & Solutions

These Computer Science notes for Class 9 (Class 9 Computer Science (New Syllabus) - Unit 5 - Long Questions (New)) are prepared strictly according to the Single National Curriculum (SNC 2025–2026) and Punjab Curriculum and Textbook Board (PCTB) standards.

#### 📌 Included In This Resource:
1. **Multiple Choice Questions (MCQs):** Carefully curated objective questions with verified answer keys.
2. **Short Answer Questions:** Concise, exam-targeted answers highlighting key definitions, laws, and concepts.
3. **Long & Detailed Questions:** Step-by-step explanations, diagrams, derivations, and board-standard headings.
4. **Textbook Solved Exercises & Numericals:** Complete solved numericals and exercises with given data, formula substitution, and final units.

#### 🏛️ Board Compatibility:
- **Punjab Boards:** Lahore, Rawalpindi, Gujranwala, Faisalabad, Multan, Sargodha, Sahiwal, Bahawalpur, DG Khan.
- **Federal Board (FBISE):** Islamabad & Cantonment Institutions.
- **KPK & Sindh Boards:** Aligned with Single National Curriculum standards.

#### 💡 Exam Preparation Tips:
- Review past 5-year board questions included at the end of each topic.
- Practice diagrams, derivations, and formulas regularly.
- Memorize key definitions and bold terms for maximum score."
Class 9 Computer Science (New Syllabus) - Unit 5 - Short Questions &#038; MCQâs (New),Computer Science,9,PCTB (Punjab Curriculum & Textbook Board),CHAPTER_WISE,5,Solved MCQs,TaleemCity / PakParcha,https://drive.google.com/file/d/1VPpJubwViE_80W_uJO9IRLUwtFKi-8rI/preview,"### Comprehensive Computer Science Class 9 (Unit 5) Notes & Solutions

These Computer Science notes for Class 9 (Class 9 Computer Science (New Syllabus) - Unit 5 - Short Questions &#038; MCQâs (New)) are prepared strictly according to the Single National Curriculum (SNC 2025–2026) and Punjab Curriculum and Textbook Board (PCTB) standards.

#### 📌 Included In This Resource:
1. **Multiple Choice Questions (MCQs):** Carefully curated objective questions with verified answer keys.
2. **Short Answer Questions:** Concise, exam-targeted answers highlighting key definitions, laws, and concepts.
3. **Long & Detailed Questions:** Step-by-step explanations, diagrams, derivations, and board-standard headings.
4. **Textbook Solved Exercises & Numericals:** Complete solved numericals and exercises with given data, formula substitution, and final units.

#### 🏛️ Board Compatibility:
- **Punjab Boards:** Lahore, Rawalpindi, Gujranwala, Faisalabad, Multan, Sargodha, Sahiwal, Bahawalpur, DG Khan.
- **Federal Board (FBISE):** Islamabad & Cantonment Institutions.
- **KPK & Sindh Boards:** Aligned with Single National Curriculum standards.

#### 💡 Exam Preparation Tips:
- Review past 5-year board questions included at the end of each topic.
- Practice diagrams, derivations, and formulas regularly.
- Memorize key definitions and bold terms for maximum score."
Class 9 Computer Science (New Syllabus) - Unit 6 - Exercise Questions (New),Computer Science,9,PCTB (Punjab Curriculum & Textbook Board),CHAPTER_WISE,6,Solved Numericals,TaleemCity / PakParcha,https://drive.google.com/file/d/1n3uTLXQCKmU9xW5718WLD4LlB0rubxx1/preview,"### Comprehensive Computer Science Class 9 (Unit 6) Notes & Solutions

These Computer Science notes for Class 9 (Class 9 Computer Science (New Syllabus) - Unit 6 - Exercise Questions (New)) are prepared strictly according to the Single National Curriculum (SNC 2025–2026) and Punjab Curriculum and Textbook Board (PCTB) standards.

#### 📌 Included In This Resource:
1. **Multiple Choice Questions (MCQs):** Carefully curated objective questions with verified answer keys.
2. **Short Answer Questions:** Concise, exam-targeted answers highlighting key definitions, laws, and concepts.
3. **Long & Detailed Questions:** Step-by-step explanations, diagrams, derivations, and board-standard headings.
4. **Textbook Solved Exercises & Numericals:** Complete solved numericals and exercises with given data, formula substitution, and final units.

#### 🏛️ Board Compatibility:
- **Punjab Boards:** Lahore, Rawalpindi, Gujranwala, Faisalabad, Multan, Sargodha, Sahiwal, Bahawalpur, DG Khan.
- **Federal Board (FBISE):** Islamabad & Cantonment Institutions.
- **KPK & Sindh Boards:** Aligned with Single National Curriculum standards.

#### 💡 Exam Preparation Tips:
- Review past 5-year board questions included at the end of each topic.
- Practice diagrams, derivations, and formulas regularly.
- Memorize key definitions and bold terms for maximum score."
Class 9 Computer Science (New Syllabus) - Unit 6 - Long Questions (New),Computer Science,9,PCTB (Punjab Curriculum & Textbook Board),CHAPTER_WISE,6,Long Questions,TaleemCity / PakParcha,https://drive.google.com/file/d/1_HkXFb4hLkAcfKfaVXjc9aFCr6m2dwjP/preview,"### Comprehensive Computer Science Class 9 (Unit 6) Notes & Solutions

These Computer Science notes for Class 9 (Class 9 Computer Science (New Syllabus) - Unit 6 - Long Questions (New)) are prepared strictly according to the Single National Curriculum (SNC 2025–2026) and Punjab Curriculum and Textbook Board (PCTB) standards.

#### 📌 Included In This Resource:
1. **Multiple Choice Questions (MCQs):** Carefully curated objective questions with verified answer keys.
2. **Short Answer Questions:** Concise, exam-targeted answers highlighting key definitions, laws, and concepts.
3. **Long & Detailed Questions:** Step-by-step explanations, diagrams, derivations, and board-standard headings.
4. **Textbook Solved Exercises & Numericals:** Complete solved numericals and exercises with given data, formula substitution, and final units.

#### 🏛️ Board Compatibility:
- **Punjab Boards:** Lahore, Rawalpindi, Gujranwala, Faisalabad, Multan, Sargodha, Sahiwal, Bahawalpur, DG Khan.
- **Federal Board (FBISE):** Islamabad & Cantonment Institutions.
- **KPK & Sindh Boards:** Aligned with Single National Curriculum standards.

#### 💡 Exam Preparation Tips:
- Review past 5-year board questions included at the end of each topic.
- Practice diagrams, derivations, and formulas regularly.
- Memorize key definitions and bold terms for maximum score."
Class 9 Computer Science (New Syllabus) - Unit 6 - Short Questions &#038; MCQâs (New),Computer Science,9,PCTB (Punjab Curriculum & Textbook Board),CHAPTER_WISE,6,Solved MCQs,TaleemCity / PakParcha,https://drive.google.com/file/d/1a1naZuMHo2vzmyiRprNx_ZJw3mD8-TuU/preview,"### Comprehensive Computer Science Class 9 (Unit 6) Notes & Solutions

These Computer Science notes for Class 9 (Class 9 Computer Science (New Syllabus) - Unit 6 - Short Questions &#038; MCQâs (New)) are prepared strictly according to the Single National Curriculum (SNC 2025–2026) and Punjab Curriculum and Textbook Board (PCTB) standards.

#### 📌 Included In This Resource:
1. **Multiple Choice Questions (MCQs):** Carefully curated objective questions with verified answer keys.
2. **Short Answer Questions:** Concise, exam-targeted answers highlighting key definitions, laws, and concepts.
3. **Long & Detailed Questions:** Step-by-step explanations, diagrams, derivations, and board-standard headings.
4. **Textbook Solved Exercises & Numericals:** Complete solved numericals and exercises with given data, formula substitution, and final units.

#### 🏛️ Board Compatibility:
- **Punjab Boards:** Lahore, Rawalpindi, Gujranwala, Faisalabad, Multan, Sargodha, Sahiwal, Bahawalpur, DG Khan.
- **Federal Board (FBISE):** Islamabad & Cantonment Institutions.
- **KPK & Sindh Boards:** Aligned with Single National Curriculum standards.

#### 💡 Exam Preparation Tips:
- Review past 5-year board questions included at the end of each topic.
- Practice diagrams, derivations, and formulas regularly.
- Memorize key definitions and bold terms for maximum score."
Class 9 Computer Science (New Syllabus) - Unit 7 - Exercise Questions (New),Computer Science,9,PCTB (Punjab Curriculum & Textbook Board),CHAPTER_WISE,7,Solved Numericals,TaleemCity / PakParcha,https://drive.google.com/file/d/1pZk1lK2-MvEgz7jWBMkGXAQqOWm2LP2q/preview,"### Comprehensive Computer Science Class 9 (Unit 7) Notes & Solutions

These Computer Science notes for Class 9 (Class 9 Computer Science (New Syllabus) - Unit 7 - Exercise Questions (New)) are prepared strictly according to the Single National Curriculum (SNC 2025–2026) and Punjab Curriculum and Textbook Board (PCTB) standards.

#### 📌 Included In This Resource:
1. **Multiple Choice Questions (MCQs):** Carefully curated objective questions with verified answer keys.
2. **Short Answer Questions:** Concise, exam-targeted answers highlighting key definitions, laws, and concepts.
3. **Long & Detailed Questions:** Step-by-step explanations, diagrams, derivations, and board-standard headings.
4. **Textbook Solved Exercises & Numericals:** Complete solved numericals and exercises with given data, formula substitution, and final units.

#### 🏛️ Board Compatibility:
- **Punjab Boards:** Lahore, Rawalpindi, Gujranwala, Faisalabad, Multan, Sargodha, Sahiwal, Bahawalpur, DG Khan.
- **Federal Board (FBISE):** Islamabad & Cantonment Institutions.
- **KPK & Sindh Boards:** Aligned with Single National Curriculum standards.

#### 💡 Exam Preparation Tips:
- Review past 5-year board questions included at the end of each topic.
- Practice diagrams, derivations, and formulas regularly.
- Memorize key definitions and bold terms for maximum score."
Class 9 Computer Science (New Syllabus) - Unit 7 - Long Questions (New),Computer Science,9,PCTB (Punjab Curriculum & Textbook Board),CHAPTER_WISE,7,Long Questions,TaleemCity / PakParcha,https://drive.google.com/file/d/14rc6xemeC_utQbD1SfELBtoA8DjZHhvD/preview,"### Comprehensive Computer Science Class 9 (Unit 7) Notes & Solutions

These Computer Science notes for Class 9 (Class 9 Computer Science (New Syllabus) - Unit 7 - Long Questions (New)) are prepared strictly according to the Single National Curriculum (SNC 2025–2026) and Punjab Curriculum and Textbook Board (PCTB) standards.

#### 📌 Included In This Resource:
1. **Multiple Choice Questions (MCQs):** Carefully curated objective questions with verified answer keys.
2. **Short Answer Questions:** Concise, exam-targeted answers highlighting key definitions, laws, and concepts.
3. **Long & Detailed Questions:** Step-by-step explanations, diagrams, derivations, and board-standard headings.
4. **Textbook Solved Exercises & Numericals:** Complete solved numericals and exercises with given data, formula substitution, and final units.

#### 🏛️ Board Compatibility:
- **Punjab Boards:** Lahore, Rawalpindi, Gujranwala, Faisalabad, Multan, Sargodha, Sahiwal, Bahawalpur, DG Khan.
- **Federal Board (FBISE):** Islamabad & Cantonment Institutions.
- **KPK & Sindh Boards:** Aligned with Single National Curriculum standards.

#### 💡 Exam Preparation Tips:
- Review past 5-year board questions included at the end of each topic.
- Practice diagrams, derivations, and formulas regularly.
- Memorize key definitions and bold terms for maximum score."
Class 9 Computer Science (New Syllabus) - Unit 7 - Short Questions &#038; MCQâs (New),Computer Science,9,PCTB (Punjab Curriculum & Textbook Board),CHAPTER_WISE,7,Solved MCQs,TaleemCity / PakParcha,https://drive.google.com/file/d/1t2bx5tXga61ItQrIMMAo3Naz6VlfF3sW/preview,"### Comprehensive Computer Science Class 9 (Unit 7) Notes & Solutions

These Computer Science notes for Class 9 (Class 9 Computer Science (New Syllabus) - Unit 7 - Short Questions &#038; MCQâs (New)) are prepared strictly according to the Single National Curriculum (SNC 2025–2026) and Punjab Curriculum and Textbook Board (PCTB) standards.

#### 📌 Included In This Resource:
1. **Multiple Choice Questions (MCQs):** Carefully curated objective questions with verified answer keys.
2. **Short Answer Questions:** Concise, exam-targeted answers highlighting key definitions, laws, and concepts.
3. **Long & Detailed Questions:** Step-by-step explanations, diagrams, derivations, and board-standard headings.
4. **Textbook Solved Exercises & Numericals:** Complete solved numericals and exercises with given data, formula substitution, and final units.

#### 🏛️ Board Compatibility:
- **Punjab Boards:** Lahore, Rawalpindi, Gujranwala, Faisalabad, Multan, Sargodha, Sahiwal, Bahawalpur, DG Khan.
- **Federal Board (FBISE):** Islamabad & Cantonment Institutions.
- **KPK & Sindh Boards:** Aligned with Single National Curriculum standards.

#### 💡 Exam Preparation Tips:
- Review past 5-year board questions included at the end of each topic.
- Practice diagrams, derivations, and formulas regularly.
- Memorize key definitions and bold terms for maximum score."
Class 9 Computer Science (New Syllabus) - Unit 8 - Exercise Questions (New),Computer Science,9,PCTB (Punjab Curriculum & Textbook Board),CHAPTER_WISE,8,Solved Numericals,TaleemCity / PakParcha,https://drive.google.com/file/d/19sMT12aQkLEdjcB0POxdDw4g-Tft-_J9/preview,"### Comprehensive Computer Science Class 9 (Unit 8) Notes & Solutions

These Computer Science notes for Class 9 (Class 9 Computer Science (New Syllabus) - Unit 8 - Exercise Questions (New)) are prepared strictly according to the Single National Curriculum (SNC 2025–2026) and Punjab Curriculum and Textbook Board (PCTB) standards.

#### 📌 Included In This Resource:
1. **Multiple Choice Questions (MCQs):** Carefully curated objective questions with verified answer keys.
2. **Short Answer Questions:** Concise, exam-targeted answers highlighting key definitions, laws, and concepts.
3. **Long & Detailed Questions:** Step-by-step explanations, diagrams, derivations, and board-standard headings.
4. **Textbook Solved Exercises & Numericals:** Complete solved numericals and exercises with given data, formula substitution, and final units.

#### 🏛️ Board Compatibility:
- **Punjab Boards:** Lahore, Rawalpindi, Gujranwala, Faisalabad, Multan, Sargodha, Sahiwal, Bahawalpur, DG Khan.
- **Federal Board (FBISE):** Islamabad & Cantonment Institutions.
- **KPK & Sindh Boards:** Aligned with Single National Curriculum standards.

#### 💡 Exam Preparation Tips:
- Review past 5-year board questions included at the end of each topic.
- Practice diagrams, derivations, and formulas regularly.
- Memorize key definitions and bold terms for maximum score."
Class 9 Computer Science (New Syllabus) - Unit 8 - Long Questions (New),Computer Science,9,PCTB (Punjab Curriculum & Textbook Board),CHAPTER_WISE,8,Long Questions,TaleemCity / PakParcha,https://drive.google.com/file/d/1d85RlWSh_9PojxAagYVQMePtmJlv1tE0/preview,"### Comprehensive Computer Science Class 9 (Unit 8) Notes & Solutions

These Computer Science notes for Class 9 (Class 9 Computer Science (New Syllabus) - Unit 8 - Long Questions (New)) are prepared strictly according to the Single National Curriculum (SNC 2025–2026) and Punjab Curriculum and Textbook Board (PCTB) standards.

#### 📌 Included In This Resource:
1. **Multiple Choice Questions (MCQs):** Carefully curated objective questions with verified answer keys.
2. **Short Answer Questions:** Concise, exam-targeted answers highlighting key definitions, laws, and concepts.
3. **Long & Detailed Questions:** Step-by-step explanations, diagrams, derivations, and board-standard headings.
4. **Textbook Solved Exercises & Numericals:** Complete solved numericals and exercises with given data, formula substitution, and final units.

#### 🏛️ Board Compatibility:
- **Punjab Boards:** Lahore, Rawalpindi, Gujranwala, Faisalabad, Multan, Sargodha, Sahiwal, Bahawalpur, DG Khan.
- **Federal Board (FBISE):** Islamabad & Cantonment Institutions.
- **KPK & Sindh Boards:** Aligned with Single National Curriculum standards.

#### 💡 Exam Preparation Tips:
- Review past 5-year board questions included at the end of each topic.
- Practice diagrams, derivations, and formulas regularly.
- Memorize key definitions and bold terms for maximum score."
Class 9 Computer Science (New Syllabus) - Unit 8 - Short Questions &#038; MCQâs (New),Computer Science,9,PCTB (Punjab Curriculum & Textbook Board),CHAPTER_WISE,8,Solved MCQs,TaleemCity / PakParcha,https://drive.google.com/file/d/15iWF0a_KKVkLQzQQFZiiicdumZTr0W3l/preview,"### Comprehensive Computer Science Class 9 (Unit 8) Notes & Solutions

These Computer Science notes for Class 9 (Class 9 Computer Science (New Syllabus) - Unit 8 - Short Questions &#038; MCQâs (New)) are prepared strictly according to the Single National Curriculum (SNC 2025–2026) and Punjab Curriculum and Textbook Board (PCTB) standards.

#### 📌 Included In This Resource:
1. **Multiple Choice Questions (MCQs):** Carefully curated objective questions with verified answer keys.
2. **Short Answer Questions:** Concise, exam-targeted answers highlighting key definitions, laws, and concepts.
3. **Long & Detailed Questions:** Step-by-step explanations, diagrams, derivations, and board-standard headings.
4. **Textbook Solved Exercises & Numericals:** Complete solved numericals and exercises with given data, formula substitution, and final units.

#### 🏛️ Board Compatibility:
- **Punjab Boards:** Lahore, Rawalpindi, Gujranwala, Faisalabad, Multan, Sargodha, Sahiwal, Bahawalpur, DG Khan.
- **Federal Board (FBISE):** Islamabad & Cantonment Institutions.
- **KPK & Sindh Boards:** Aligned with Single National Curriculum standards.

#### 💡 Exam Preparation Tips:
- Review past 5-year board questions included at the end of each topic.
- Practice diagrams, derivations, and formulas regularly.
- Memorize key definitions and bold terms for maximum score."
Class 9 Computer Science (New Syllabus) - Unit 9 - Exercise Questions (New),Computer Science,9,PCTB (Punjab Curriculum & Textbook Board),CHAPTER_WISE,9,Solved Numericals,TaleemCity / PakParcha,https://drive.google.com/file/d/1CQCVkZ_oFzZzPlw_Zcc2u3SgeYRTjAFG/preview,"### Comprehensive Computer Science Class 9 (Unit 9) Notes & Solutions

These Computer Science notes for Class 9 (Class 9 Computer Science (New Syllabus) - Unit 9 - Exercise Questions (New)) are prepared strictly according to the Single National Curriculum (SNC 2025–2026) and Punjab Curriculum and Textbook Board (PCTB) standards.

#### 📌 Included In This Resource:
1. **Multiple Choice Questions (MCQs):** Carefully curated objective questions with verified answer keys.
2. **Short Answer Questions:** Concise, exam-targeted answers highlighting key definitions, laws, and concepts.
3. **Long & Detailed Questions:** Step-by-step explanations, diagrams, derivations, and board-standard headings.
4. **Textbook Solved Exercises & Numericals:** Complete solved numericals and exercises with given data, formula substitution, and final units.

#### 🏛️ Board Compatibility:
- **Punjab Boards:** Lahore, Rawalpindi, Gujranwala, Faisalabad, Multan, Sargodha, Sahiwal, Bahawalpur, DG Khan.
- **Federal Board (FBISE):** Islamabad & Cantonment Institutions.
- **KPK & Sindh Boards:** Aligned with Single National Curriculum standards.

#### 💡 Exam Preparation Tips:
- Review past 5-year board questions included at the end of each topic.
- Practice diagrams, derivations, and formulas regularly.
- Memorize key definitions and bold terms for maximum score."
Class 9 Computer Science (New Syllabus) - Unit 9 - Long Questions (New),Computer Science,9,PCTB (Punjab Curriculum & Textbook Board),CHAPTER_WISE,9,Long Questions,TaleemCity / PakParcha,https://drive.google.com/file/d/1HxohqbG68AILtw0sN3Kx4aBgzp6OtLql/preview,"### Comprehensive Computer Science Class 9 (Unit 9) Notes & Solutions

These Computer Science notes for Class 9 (Class 9 Computer Science (New Syllabus) - Unit 9 - Long Questions (New)) are prepared strictly according to the Single National Curriculum (SNC 2025–2026) and Punjab Curriculum and Textbook Board (PCTB) standards.

#### 📌 Included In This Resource:
1. **Multiple Choice Questions (MCQs):** Carefully curated objective questions with verified answer keys.
2. **Short Answer Questions:** Concise, exam-targeted answers highlighting key definitions, laws, and concepts.
3. **Long & Detailed Questions:** Step-by-step explanations, diagrams, derivations, and board-standard headings.
4. **Textbook Solved Exercises & Numericals:** Complete solved numericals and exercises with given data, formula substitution, and final units.

#### 🏛️ Board Compatibility:
- **Punjab Boards:** Lahore, Rawalpindi, Gujranwala, Faisalabad, Multan, Sargodha, Sahiwal, Bahawalpur, DG Khan.
- **Federal Board (FBISE):** Islamabad & Cantonment Institutions.
- **KPK & Sindh Boards:** Aligned with Single National Curriculum standards.

#### 💡 Exam Preparation Tips:
- Review past 5-year board questions included at the end of each topic.
- Practice diagrams, derivations, and formulas regularly.
- Memorize key definitions and bold terms for maximum score."
Class 9 Computer Science (New Syllabus) - Unit 9 - Short Questions &#038; MCQâs (New),Computer Science,9,PCTB (Punjab Curriculum & Textbook Board),CHAPTER_WISE,9,Solved MCQs,TaleemCity / PakParcha,https://drive.google.com/file/d/1nlcrS3YfgzeJLrUhAGvE6arG3qAljWjW/preview,"### Comprehensive Computer Science Class 9 (Unit 9) Notes & Solutions

These Computer Science notes for Class 9 (Class 9 Computer Science (New Syllabus) - Unit 9 - Short Questions &#038; MCQâs (New)) are prepared strictly according to the Single National Curriculum (SNC 2025–2026) and Punjab Curriculum and Textbook Board (PCTB) standards.

#### 📌 Included In This Resource:
1. **Multiple Choice Questions (MCQs):** Carefully curated objective questions with verified answer keys.
2. **Short Answer Questions:** Concise, exam-targeted answers highlighting key definitions, laws, and concepts.
3. **Long & Detailed Questions:** Step-by-step explanations, diagrams, derivations, and board-standard headings.
4. **Textbook Solved Exercises & Numericals:** Complete solved numericals and exercises with given data, formula substitution, and final units.

#### 🏛️ Board Compatibility:
- **Punjab Boards:** Lahore, Rawalpindi, Gujranwala, Faisalabad, Multan, Sargodha, Sahiwal, Bahawalpur, DG Khan.
- **Federal Board (FBISE):** Islamabad & Cantonment Institutions.
- **KPK & Sindh Boards:** Aligned with Single National Curriculum standards.

#### 💡 Exam Preparation Tips:
- Review past 5-year board questions included at the end of each topic.
- Practice diagrams, derivations, and formulas regularly.
- Memorize key definitions and bold terms for maximum score."
Class 9 Computer Science (New Syllabus) - Unit 10 - Exercise Questions (New),Computer Science,9,PCTB (Punjab Curriculum & Textbook Board),CHAPTER_WISE,10,Solved Numericals,TaleemCity / PakParcha,https://drive.google.com/file/d/1zFcJi6aXTiGnzXj5PUGsGhM6QU32D4Xt/preview,"### Comprehensive Computer Science Class 9 (Unit 10) Notes & Solutions

These Computer Science notes for Class 9 (Class 9 Computer Science (New Syllabus) - Unit 10 - Exercise Questions (New)) are prepared strictly according to the Single National Curriculum (SNC 2025–2026) and Punjab Curriculum and Textbook Board (PCTB) standards.

#### 📌 Included In This Resource:
1. **Multiple Choice Questions (MCQs):** Carefully curated objective questions with verified answer keys.
2. **Short Answer Questions:** Concise, exam-targeted answers highlighting key definitions, laws, and concepts.
3. **Long & Detailed Questions:** Step-by-step explanations, diagrams, derivations, and board-standard headings.
4. **Textbook Solved Exercises & Numericals:** Complete solved numericals and exercises with given data, formula substitution, and final units.

#### 🏛️ Board Compatibility:
- **Punjab Boards:** Lahore, Rawalpindi, Gujranwala, Faisalabad, Multan, Sargodha, Sahiwal, Bahawalpur, DG Khan.
- **Federal Board (FBISE):** Islamabad & Cantonment Institutions.
- **KPK & Sindh Boards:** Aligned with Single National Curriculum standards.

#### 💡 Exam Preparation Tips:
- Review past 5-year board questions included at the end of each topic.
- Practice diagrams, derivations, and formulas regularly.
- Memorize key definitions and bold terms for maximum score."
Class 9 Computer Science (New Syllabus) - Unit 10 - Long Questions (New),Computer Science,9,PCTB (Punjab Curriculum & Textbook Board),CHAPTER_WISE,10,Long Questions,TaleemCity / PakParcha,https://drive.google.com/file/d/1HCOto3kFTpjXEQOuldo-ca5Ng0o_WERT/preview,"### Comprehensive Computer Science Class 9 (Unit 10) Notes & Solutions

These Computer Science notes for Class 9 (Class 9 Computer Science (New Syllabus) - Unit 10 - Long Questions (New)) are prepared strictly according to the Single National Curriculum (SNC 2025–2026) and Punjab Curriculum and Textbook Board (PCTB) standards.

#### 📌 Included In This Resource:
1. **Multiple Choice Questions (MCQs):** Carefully curated objective questions with verified answer keys.
2. **Short Answer Questions:** Concise, exam-targeted answers highlighting key definitions, laws, and concepts.
3. **Long & Detailed Questions:** Step-by-step explanations, diagrams, derivations, and board-standard headings.
4. **Textbook Solved Exercises & Numericals:** Complete solved numericals and exercises with given data, formula substitution, and final units.

#### 🏛️ Board Compatibility:
- **Punjab Boards:** Lahore, Rawalpindi, Gujranwala, Faisalabad, Multan, Sargodha, Sahiwal, Bahawalpur, DG Khan.
- **Federal Board (FBISE):** Islamabad & Cantonment Institutions.
- **KPK & Sindh Boards:** Aligned with Single National Curriculum standards.

#### 💡 Exam Preparation Tips:
- Review past 5-year board questions included at the end of each topic.
- Practice diagrams, derivations, and formulas regularly.
- Memorize key definitions and bold terms for maximum score."
Class 9 Computer Science (New Syllabus) - Unit 10 - Short Questions &#038; MCQâs (New),Computer Science,9,PCTB (Punjab Curriculum & Textbook Board),CHAPTER_WISE,10,Solved MCQs,TaleemCity / PakParcha,https://drive.google.com/file/d/1H6jewAhoSdGaEEJr8bhjqPwx6MnxUF1d/preview,"### Comprehensive Computer Science Class 9 (Unit 10) Notes & Solutions

These Computer Science notes for Class 9 (Class 9 Computer Science (New Syllabus) - Unit 10 - Short Questions &#038; MCQâs (New)) are prepared strictly according to the Single National Curriculum (SNC 2025–2026) and Punjab Curriculum and Textbook Board (PCTB) standards.

#### 📌 Included In This Resource:
1. **Multiple Choice Questions (MCQs):** Carefully curated objective questions with verified answer keys.
2. **Short Answer Questions:** Concise, exam-targeted answers highlighting key definitions, laws, and concepts.
3. **Long & Detailed Questions:** Step-by-step explanations, diagrams, derivations, and board-standard headings.
4. **Textbook Solved Exercises & Numericals:** Complete solved numericals and exercises with given data, formula substitution, and final units.

#### 🏛️ Board Compatibility:
- **Punjab Boards:** Lahore, Rawalpindi, Gujranwala, Faisalabad, Multan, Sargodha, Sahiwal, Bahawalpur, DG Khan.
- **Federal Board (FBISE):** Islamabad & Cantonment Institutions.
- **KPK & Sindh Boards:** Aligned with Single National Curriculum standards.

#### 💡 Exam Preparation Tips:
- Review past 5-year board questions included at the end of each topic.
- Practice diagrams, derivations, and formulas regularly.
- Memorize key definitions and bold terms for maximum score."
Class 9 Computer Science (New Syllabus) - Unit 11 - Exercise Questions (New),Computer Science,9,PCTB (Punjab Curriculum & Textbook Board),CHAPTER_WISE,11,Solved Numericals,TaleemCity / PakParcha,https://drive.google.com/file/d/1YiL-d2Gw4R5tRFp-0QS28TojLFOCHBRh/preview,"### Comprehensive Computer Science Class 9 (Unit 11) Notes & Solutions

These Computer Science notes for Class 9 (Class 9 Computer Science (New Syllabus) - Unit 11 - Exercise Questions (New)) are prepared strictly according to the Single National Curriculum (SNC 2025–2026) and Punjab Curriculum and Textbook Board (PCTB) standards.

#### 📌 Included In This Resource:
1. **Multiple Choice Questions (MCQs):** Carefully curated objective questions with verified answer keys.
2. **Short Answer Questions:** Concise, exam-targeted answers highlighting key definitions, laws, and concepts.
3. **Long & Detailed Questions:** Step-by-step explanations, diagrams, derivations, and board-standard headings.
4. **Textbook Solved Exercises & Numericals:** Complete solved numericals and exercises with given data, formula substitution, and final units.

#### 🏛️ Board Compatibility:
- **Punjab Boards:** Lahore, Rawalpindi, Gujranwala, Faisalabad, Multan, Sargodha, Sahiwal, Bahawalpur, DG Khan.
- **Federal Board (FBISE):** Islamabad & Cantonment Institutions.
- **KPK & Sindh Boards:** Aligned with Single National Curriculum standards.

#### 💡 Exam Preparation Tips:
- Review past 5-year board questions included at the end of each topic.
- Practice diagrams, derivations, and formulas regularly.
- Memorize key definitions and bold terms for maximum score."
Class 9 Computer Science (New Syllabus) - Unit 11 - Long Questions (New),Computer Science,9,PCTB (Punjab Curriculum & Textbook Board),CHAPTER_WISE,11,Long Questions,TaleemCity / PakParcha,https://drive.google.com/file/d/17_ncDyRm-I-7OnaB7_J9sKf9Rl5i8Fi4/preview,"### Comprehensive Computer Science Class 9 (Unit 11) Notes & Solutions

These Computer Science notes for Class 9 (Class 9 Computer Science (New Syllabus) - Unit 11 - Long Questions (New)) are prepared strictly according to the Single National Curriculum (SNC 2025–2026) and Punjab Curriculum and Textbook Board (PCTB) standards.

#### 📌 Included In This Resource:
1. **Multiple Choice Questions (MCQs):** Carefully curated objective questions with verified answer keys.
2. **Short Answer Questions:** Concise, exam-targeted answers highlighting key definitions, laws, and concepts.
3. **Long & Detailed Questions:** Step-by-step explanations, diagrams, derivations, and board-standard headings.
4. **Textbook Solved Exercises & Numericals:** Complete solved numericals and exercises with given data, formula substitution, and final units.

#### 🏛️ Board Compatibility:
- **Punjab Boards:** Lahore, Rawalpindi, Gujranwala, Faisalabad, Multan, Sargodha, Sahiwal, Bahawalpur, DG Khan.
- **Federal Board (FBISE):** Islamabad & Cantonment Institutions.
- **KPK & Sindh Boards:** Aligned with Single National Curriculum standards.

#### 💡 Exam Preparation Tips:
- Review past 5-year board questions included at the end of each topic.
- Practice diagrams, derivations, and formulas regularly.
- Memorize key definitions and bold terms for maximum score."
Class 9 Computer Science (New Syllabus) - Unit 11 - Short Questions &#038; MCQâs (New),Computer Science,9,PCTB (Punjab Curriculum & Textbook Board),CHAPTER_WISE,11,Solved MCQs,TaleemCity / PakParcha,https://drive.google.com/file/d/19u2u8Ng4uP9RgZvEse727nwMIAmmN9zX/preview,"### Comprehensive Computer Science Class 9 (Unit 11) Notes & Solutions

These Computer Science notes for Class 9 (Class 9 Computer Science (New Syllabus) - Unit 11 - Short Questions &#038; MCQâs (New)) are prepared strictly according to the Single National Curriculum (SNC 2025–2026) and Punjab Curriculum and Textbook Board (PCTB) standards.

#### 📌 Included In This Resource:
1. **Multiple Choice Questions (MCQs):** Carefully curated objective questions with verified answer keys.
2. **Short Answer Questions:** Concise, exam-targeted answers highlighting key definitions, laws, and concepts.
3. **Long & Detailed Questions:** Step-by-step explanations, diagrams, derivations, and board-standard headings.
4. **Textbook Solved Exercises & Numericals:** Complete solved numericals and exercises with given data, formula substitution, and final units.

#### 🏛️ Board Compatibility:
- **Punjab Boards:** Lahore, Rawalpindi, Gujranwala, Faisalabad, Multan, Sargodha, Sahiwal, Bahawalpur, DG Khan.
- **Federal Board (FBISE):** Islamabad & Cantonment Institutions.
- **KPK & Sindh Boards:** Aligned with Single National Curriculum standards.

#### 💡 Exam Preparation Tips:
- Review past 5-year board questions included at the end of each topic.
- Practice diagrams, derivations, and formulas regularly.
- Memorize key definitions and bold terms for maximum score."
Class 9 Computer Science (New Syllabus) - Unit 12 - Exercise Questions (New),Computer Science,9,PCTB (Punjab Curriculum & Textbook Board),CHAPTER_WISE,12,Solved Numericals,TaleemCity / PakParcha,https://drive.google.com/file/d/1KJWBzu-KqLuFZJfqc_pkEa-sZS9J0RNw/preview,"### Comprehensive Computer Science Class 9 (Unit 12) Notes & Solutions

These Computer Science notes for Class 9 (Class 9 Computer Science (New Syllabus) - Unit 12 - Exercise Questions (New)) are prepared strictly according to the Single National Curriculum (SNC 2025–2026) and Punjab Curriculum and Textbook Board (PCTB) standards.

#### 📌 Included In This Resource:
1. **Multiple Choice Questions (MCQs):** Carefully curated objective questions with verified answer keys.
2. **Short Answer Questions:** Concise, exam-targeted answers highlighting key definitions, laws, and concepts.
3. **Long & Detailed Questions:** Step-by-step explanations, diagrams, derivations, and board-standard headings.
4. **Textbook Solved Exercises & Numericals:** Complete solved numericals and exercises with given data, formula substitution, and final units.

#### 🏛️ Board Compatibility:
- **Punjab Boards:** Lahore, Rawalpindi, Gujranwala, Faisalabad, Multan, Sargodha, Sahiwal, Bahawalpur, DG Khan.
- **Federal Board (FBISE):** Islamabad & Cantonment Institutions.
- **KPK & Sindh Boards:** Aligned with Single National Curriculum standards.

#### 💡 Exam Preparation Tips:
- Review past 5-year board questions included at the end of each topic.
- Practice diagrams, derivations, and formulas regularly.
- Memorize key definitions and bold terms for maximum score."
Class 9 Computer Science (New Syllabus) - Unit 12 - Long Questions (New),Computer Science,9,PCTB (Punjab Curriculum & Textbook Board),CHAPTER_WISE,12,Long Questions,TaleemCity / PakParcha,https://drive.google.com/file/d/1cbCvcuYJptOCP6SGSZ-AIZ_CYzpIOCvg/preview,"### Comprehensive Computer Science Class 9 (Unit 12) Notes & Solutions

These Computer Science notes for Class 9 (Class 9 Computer Science (New Syllabus) - Unit 12 - Long Questions (New)) are prepared strictly according to the Single National Curriculum (SNC 2025–2026) and Punjab Curriculum and Textbook Board (PCTB) standards.

#### 📌 Included In This Resource:
1. **Multiple Choice Questions (MCQs):** Carefully curated objective questions with verified answer keys.
2. **Short Answer Questions:** Concise, exam-targeted answers highlighting key definitions, laws, and concepts.
3. **Long & Detailed Questions:** Step-by-step explanations, diagrams, derivations, and board-standard headings.
4. **Textbook Solved Exercises & Numericals:** Complete solved numericals and exercises with given data, formula substitution, and final units.

#### 🏛️ Board Compatibility:
- **Punjab Boards:** Lahore, Rawalpindi, Gujranwala, Faisalabad, Multan, Sargodha, Sahiwal, Bahawalpur, DG Khan.
- **Federal Board (FBISE):** Islamabad & Cantonment Institutions.
- **KPK & Sindh Boards:** Aligned with Single National Curriculum standards.

#### 💡 Exam Preparation Tips:
- Review past 5-year board questions included at the end of each topic.
- Practice diagrams, derivations, and formulas regularly.
- Memorize key definitions and bold terms for maximum score."
Class 9 Computer Science (New Syllabus) - Unit 12 - Short Questions &#038; MCQâs (New),Computer Science,9,PCTB (Punjab Curriculum & Textbook Board),CHAPTER_WISE,12,Solved MCQs,TaleemCity / PakParcha,https://drive.google.com/file/d/1yg35WVZy8FD1w1lNtI2fhMiirVVSjPq-/preview,"### Comprehensive Computer Science Class 9 (Unit 12) Notes & Solutions

These Computer Science notes for Class 9 (Class 9 Computer Science (New Syllabus) - Unit 12 - Short Questions &#038; MCQâs (New)) are prepared strictly according to the Single National Curriculum (SNC 2025–2026) and Punjab Curriculum and Textbook Board (PCTB) standards.

#### 📌 Included In This Resource:
1. **Multiple Choice Questions (MCQs):** Carefully curated objective questions with verified answer keys.
2. **Short Answer Questions:** Concise, exam-targeted answers highlighting key definitions, laws, and concepts.
3. **Long & Detailed Questions:** Step-by-step explanations, diagrams, derivations, and board-standard headings.
4. **Textbook Solved Exercises & Numericals:** Complete solved numericals and exercises with given data, formula substitution, and final units.

#### 🏛️ Board Compatibility:
- **Punjab Boards:** Lahore, Rawalpindi, Gujranwala, Faisalabad, Multan, Sargodha, Sahiwal, Bahawalpur, DG Khan.
- **Federal Board (FBISE):** Islamabad & Cantonment Institutions.
- **KPK & Sindh Boards:** Aligned with Single National Curriculum standards.

#### 💡 Exam Preparation Tips:
- Review past 5-year board questions included at the end of each topic.
- Practice diagrams, derivations, and formulas regularly.
- Memorize key definitions and bold terms for maximum score."
Class 9 English (New Syllabus) - Full Book Complete Notes,English,9,PCTB (Punjab Curriculum & Textbook Board),FULL_BOOK,,Full Book Complete,TaleemCity / PakParcha,https://drive.google.com/file/d/1QUH1bFia1D-OGmfNwescEGem9T_qYGcK/preview,"### Comprehensive English Class 9 (Full Book Complete Syllabus) Notes & Solutions

These English notes for Class 9 (Class 9 English (New Syllabus) - Full Book Complete Notes) are prepared strictly according to the Single National Curriculum (SNC 2025–2026) and Punjab Curriculum and Textbook Board (PCTB) standards.

#### 📌 Included In This Resource:
1. **Multiple Choice Questions (MCQs):** Carefully curated objective questions with verified answer keys.
2. **Short Answer Questions:** Concise, exam-targeted answers highlighting key definitions, laws, and concepts.
3. **Long & Detailed Questions:** Step-by-step explanations, diagrams, derivations, and board-standard headings.
4. **Textbook Solved Exercises & Numericals:** Complete solved numericals and exercises with given data, formula substitution, and final units.

#### 🏛️ Board Compatibility:
- **Punjab Boards:** Lahore, Rawalpindi, Gujranwala, Faisalabad, Multan, Sargodha, Sahiwal, Bahawalpur, DG Khan.
- **Federal Board (FBISE):** Islamabad & Cantonment Institutions.
- **KPK & Sindh Boards:** Aligned with Single National Curriculum standards.

#### 💡 Exam Preparation Tips:
- Review past 5-year board questions included at the end of each topic.
- Practice diagrams, derivations, and formulas regularly.
- Memorize key definitions and bold terms for maximum score."
Class 9 English (New Syllabus) - Unit 1 - Unit 1 â The Saviour of Mankind (New),English,9,PCTB (Punjab Curriculum & Textbook Board),CHAPTER_WISE,1,Chapter Questions,TaleemCity / PakParcha,https://drive.google.com/file/d/1Yik5RfqLCRHQXhCeFq1Tge-8J-zSRxLN/preview,"### Comprehensive English Class 9 (Unit 1) Notes & Solutions

These English notes for Class 9 (Class 9 English (New Syllabus) - Unit 1 - Unit 1 â The Saviour of Mankind (New)) are prepared strictly according to the Single National Curriculum (SNC 2025–2026) and Punjab Curriculum and Textbook Board (PCTB) standards.

#### 📌 Included In This Resource:
1. **Multiple Choice Questions (MCQs):** Carefully curated objective questions with verified answer keys.
2. **Short Answer Questions:** Concise, exam-targeted answers highlighting key definitions, laws, and concepts.
3. **Long & Detailed Questions:** Step-by-step explanations, diagrams, derivations, and board-standard headings.
4. **Textbook Solved Exercises & Numericals:** Complete solved numericals and exercises with given data, formula substitution, and final units.

#### 🏛️ Board Compatibility:
- **Punjab Boards:** Lahore, Rawalpindi, Gujranwala, Faisalabad, Multan, Sargodha, Sahiwal, Bahawalpur, DG Khan.
- **Federal Board (FBISE):** Islamabad & Cantonment Institutions.
- **KPK & Sindh Boards:** Aligned with Single National Curriculum standards.

#### 💡 Exam Preparation Tips:
- Review past 5-year board questions included at the end of each topic.
- Practice diagrams, derivations, and formulas regularly.
- Memorize key definitions and bold terms for maximum score."
Class 9 English (New Syllabus) - Unit 2 - Unit 2 â Patriotism (New),English,9,PCTB (Punjab Curriculum & Textbook Board),CHAPTER_WISE,2,Chapter Questions,TaleemCity / PakParcha,https://drive.google.com/file/d/1Ue6-8hfvWrskqXnuyMDEq_qLLIBXkQNJ/preview,"### Comprehensive English Class 9 (Unit 2) Notes & Solutions

These English notes for Class 9 (Class 9 English (New Syllabus) - Unit 2 - Unit 2 â Patriotism (New)) are prepared strictly according to the Single National Curriculum (SNC 2025–2026) and Punjab Curriculum and Textbook Board (PCTB) standards.

#### 📌 Included In This Resource:
1. **Multiple Choice Questions (MCQs):** Carefully curated objective questions with verified answer keys.
2. **Short Answer Questions:** Concise, exam-targeted answers highlighting key definitions, laws, and concepts.
3. **Long & Detailed Questions:** Step-by-step explanations, diagrams, derivations, and board-standard headings.
4. **Textbook Solved Exercises & Numericals:** Complete solved numericals and exercises with given data, formula substitution, and final units.

#### 🏛️ Board Compatibility:
- **Punjab Boards:** Lahore, Rawalpindi, Gujranwala, Faisalabad, Multan, Sargodha, Sahiwal, Bahawalpur, DG Khan.
- **Federal Board (FBISE):** Islamabad & Cantonment Institutions.
- **KPK & Sindh Boards:** Aligned with Single National Curriculum standards.

#### 💡 Exam Preparation Tips:
- Review past 5-year board questions included at the end of each topic.
- Practice diagrams, derivations, and formulas regularly.
- Memorize key definitions and bold terms for maximum score."
Class 9 English (New Syllabus) - Unit 3 - Unit 3 â Daffodils (New),English,9,PCTB (Punjab Curriculum & Textbook Board),CHAPTER_WISE,3,Chapter Questions,TaleemCity / PakParcha,https://drive.google.com/file/d/1bvpOfhOlrz5NtG1H6Dcy2H0ef9N8GuKx/preview,"### Comprehensive English Class 9 (Unit 3) Notes & Solutions

These English notes for Class 9 (Class 9 English (New Syllabus) - Unit 3 - Unit 3 â Daffodils (New)) are prepared strictly according to the Single National Curriculum (SNC 2025–2026) and Punjab Curriculum and Textbook Board (PCTB) standards.

#### 📌 Included In This Resource:
1. **Multiple Choice Questions (MCQs):** Carefully curated objective questions with verified answer keys.
2. **Short Answer Questions:** Concise, exam-targeted answers highlighting key definitions, laws, and concepts.
3. **Long & Detailed Questions:** Step-by-step explanations, diagrams, derivations, and board-standard headings.
4. **Textbook Solved Exercises & Numericals:** Complete solved numericals and exercises with given data, formula substitution, and final units.

#### 🏛️ Board Compatibility:
- **Punjab Boards:** Lahore, Rawalpindi, Gujranwala, Faisalabad, Multan, Sargodha, Sahiwal, Bahawalpur, DG Khan.
- **Federal Board (FBISE):** Islamabad & Cantonment Institutions.
- **KPK & Sindh Boards:** Aligned with Single National Curriculum standards.

#### 💡 Exam Preparation Tips:
- Review past 5-year board questions included at the end of each topic.
- Practice diagrams, derivations, and formulas regularly.
- Memorize key definitions and bold terms for maximum score."
Class 9 English (New Syllabus) - Unit 4 - Unit 4 â Hazrat Asma (New),English,9,PCTB (Punjab Curriculum & Textbook Board),CHAPTER_WISE,4,Chapter Questions,TaleemCity / PakParcha,https://drive.google.com/file/d/10blJcVpqNSdWs58Lrr5mb86Rd7SBmFk_/preview,"### Comprehensive English Class 9 (Unit 4) Notes & Solutions

These English notes for Class 9 (Class 9 English (New Syllabus) - Unit 4 - Unit 4 â Hazrat Asma (New)) are prepared strictly according to the Single National Curriculum (SNC 2025–2026) and Punjab Curriculum and Textbook Board (PCTB) standards.

#### 📌 Included In This Resource:
1. **Multiple Choice Questions (MCQs):** Carefully curated objective questions with verified answer keys.
2. **Short Answer Questions:** Concise, exam-targeted answers highlighting key definitions, laws, and concepts.
3. **Long & Detailed Questions:** Step-by-step explanations, diagrams, derivations, and board-standard headings.
4. **Textbook Solved Exercises & Numericals:** Complete solved numericals and exercises with given data, formula substitution, and final units.

#### 🏛️ Board Compatibility:
- **Punjab Boards:** Lahore, Rawalpindi, Gujranwala, Faisalabad, Multan, Sargodha, Sahiwal, Bahawalpur, DG Khan.
- **Federal Board (FBISE):** Islamabad & Cantonment Institutions.
- **KPK & Sindh Boards:** Aligned with Single National Curriculum standards.

#### 💡 Exam Preparation Tips:
- Review past 5-year board questions included at the end of each topic.
- Practice diagrams, derivations, and formulas regularly.
- Memorize key definitions and bold terms for maximum score."
Class 9 English (New Syllabus) - Unit 5 - Unit 5 â Women Empowerment through Entrepreneurship (New),English,9,PCTB (Punjab Curriculum & Textbook Board),CHAPTER_WISE,5,Chapter Questions,TaleemCity / PakParcha,https://drive.google.com/file/d/19O1A1J2mxtLT0yANIl8tIufGHdo6iYgz/preview,"### Comprehensive English Class 9 (Unit 5) Notes & Solutions

These English notes for Class 9 (Class 9 English (New Syllabus) - Unit 5 - Unit 5 â Women Empowerment through Entrepreneurship (New)) are prepared strictly according to the Single National Curriculum (SNC 2025–2026) and Punjab Curriculum and Textbook Board (PCTB) standards.

#### 📌 Included In This Resource:
1. **Multiple Choice Questions (MCQs):** Carefully curated objective questions with verified answer keys.
2. **Short Answer Questions:** Concise, exam-targeted answers highlighting key definitions, laws, and concepts.
3. **Long & Detailed Questions:** Step-by-step explanations, diagrams, derivations, and board-standard headings.
4. **Textbook Solved Exercises & Numericals:** Complete solved numericals and exercises with given data, formula substitution, and final units.

#### 🏛️ Board Compatibility:
- **Punjab Boards:** Lahore, Rawalpindi, Gujranwala, Faisalabad, Multan, Sargodha, Sahiwal, Bahawalpur, DG Khan.
- **Federal Board (FBISE):** Islamabad & Cantonment Institutions.
- **KPK & Sindh Boards:** Aligned with Single National Curriculum standards.

#### 💡 Exam Preparation Tips:
- Review past 5-year board questions included at the end of each topic.
- Practice diagrams, derivations, and formulas regularly.
- Memorize key definitions and bold terms for maximum score."
Class 9 English (New Syllabus) - Unit 6 - Unit 6 â The Value of Time (New),English,9,PCTB (Punjab Curriculum & Textbook Board),CHAPTER_WISE,6,Chapter Questions,TaleemCity / PakParcha,https://drive.google.com/file/d/1hifBpRtH0leBmgssOuccK__grm7MHEp1/preview,"### Comprehensive English Class 9 (Unit 6) Notes & Solutions

These English notes for Class 9 (Class 9 English (New Syllabus) - Unit 6 - Unit 6 â The Value of Time (New)) are prepared strictly according to the Single National Curriculum (SNC 2025–2026) and Punjab Curriculum and Textbook Board (PCTB) standards.

#### 📌 Included In This Resource:
1. **Multiple Choice Questions (MCQs):** Carefully curated objective questions with verified answer keys.
2. **Short Answer Questions:** Concise, exam-targeted answers highlighting key definitions, laws, and concepts.
3. **Long & Detailed Questions:** Step-by-step explanations, diagrams, derivations, and board-standard headings.
4. **Textbook Solved Exercises & Numericals:** Complete solved numericals and exercises with given data, formula substitution, and final units.

#### 🏛️ Board Compatibility:
- **Punjab Boards:** Lahore, Rawalpindi, Gujranwala, Faisalabad, Multan, Sargodha, Sahiwal, Bahawalpur, DG Khan.
- **Federal Board (FBISE):** Islamabad & Cantonment Institutions.
- **KPK & Sindh Boards:** Aligned with Single National Curriculum standards.

#### 💡 Exam Preparation Tips:
- Review past 5-year board questions included at the end of each topic.
- Practice diagrams, derivations, and formulas regularly.
- Memorize key definitions and bold terms for maximum score."
Class 9 English (New Syllabus) - Unit 7 - Unit 7 &#8211; If (New),English,9,PCTB (Punjab Curriculum & Textbook Board),CHAPTER_WISE,7,Chapter Questions,TaleemCity / PakParcha,https://drive.google.com/file/d/1ZzYgcECtsvBmUHP27jkG4LSIUf5jOJSR/preview,"### Comprehensive English Class 9 (Unit 7) Notes & Solutions

These English notes for Class 9 (Class 9 English (New Syllabus) - Unit 7 - Unit 7 &#8211; If (New)) are prepared strictly according to the Single National Curriculum (SNC 2025–2026) and Punjab Curriculum and Textbook Board (PCTB) standards.

#### 📌 Included In This Resource:
1. **Multiple Choice Questions (MCQs):** Carefully curated objective questions with verified answer keys.
2. **Short Answer Questions:** Concise, exam-targeted answers highlighting key definitions, laws, and concepts.
3. **Long & Detailed Questions:** Step-by-step explanations, diagrams, derivations, and board-standard headings.
4. **Textbook Solved Exercises & Numericals:** Complete solved numericals and exercises with given data, formula substitution, and final units.

#### 🏛️ Board Compatibility:
- **Punjab Boards:** Lahore, Rawalpindi, Gujranwala, Faisalabad, Multan, Sargodha, Sahiwal, Bahawalpur, DG Khan.
- **Federal Board (FBISE):** Islamabad & Cantonment Institutions.
- **KPK & Sindh Boards:** Aligned with Single National Curriculum standards.

#### 💡 Exam Preparation Tips:
- Review past 5-year board questions included at the end of each topic.
- Practice diagrams, derivations, and formulas regularly.
- Memorize key definitions and bold terms for maximum score."
Class 9 English (New Syllabus) - Unit 8 - Unit 8 &#8211; The Impact of Globalisation on Culture and Economy (New),English,9,PCTB (Punjab Curriculum & Textbook Board),CHAPTER_WISE,8,Chapter Questions,TaleemCity / PakParcha,https://drive.google.com/file/d/1uO57qn6F8_0Y4al-6CZpcRVQMRwljC6r/preview,"### Comprehensive English Class 9 (Unit 8) Notes & Solutions

These English notes for Class 9 (Class 9 English (New Syllabus) - Unit 8 - Unit 8 &#8211; The Impact of Globalisation on Culture and Economy (New)) are prepared strictly according to the Single National Curriculum (SNC 2025–2026) and Punjab Curriculum and Textbook Board (PCTB) standards.

#### 📌 Included In This Resource:
1. **Multiple Choice Questions (MCQs):** Carefully curated objective questions with verified answer keys.
2. **Short Answer Questions:** Concise, exam-targeted answers highlighting key definitions, laws, and concepts.
3. **Long & Detailed Questions:** Step-by-step explanations, diagrams, derivations, and board-standard headings.
4. **Textbook Solved Exercises & Numericals:** Complete solved numericals and exercises with given data, formula substitution, and final units.

#### 🏛️ Board Compatibility:
- **Punjab Boards:** Lahore, Rawalpindi, Gujranwala, Faisalabad, Multan, Sargodha, Sahiwal, Bahawalpur, DG Khan.
- **Federal Board (FBISE):** Islamabad & Cantonment Institutions.
- **KPK & Sindh Boards:** Aligned with Single National Curriculum standards.

#### 💡 Exam Preparation Tips:
- Review past 5-year board questions included at the end of each topic.
- Practice diagrams, derivations, and formulas regularly.
- Memorize key definitions and bold terms for maximum score."
Class 9 English (New Syllabus) - Unit 9 - Unit 9 &#8211; Quality Education A Key to Success (New),English,9,PCTB (Punjab Curriculum & Textbook Board),CHAPTER_WISE,9,Chapter Questions,TaleemCity / PakParcha,https://drive.google.com/file/d/15V9T1OK4DNoy57pRZkTyFmZGbdvy9s5O/preview,"### Comprehensive English Class 9 (Unit 9) Notes & Solutions

These English notes for Class 9 (Class 9 English (New Syllabus) - Unit 9 - Unit 9 &#8211; Quality Education A Key to Success (New)) are prepared strictly according to the Single National Curriculum (SNC 2025–2026) and Punjab Curriculum and Textbook Board (PCTB) standards.

#### 📌 Included In This Resource:
1. **Multiple Choice Questions (MCQs):** Carefully curated objective questions with verified answer keys.
2. **Short Answer Questions:** Concise, exam-targeted answers highlighting key definitions, laws, and concepts.
3. **Long & Detailed Questions:** Step-by-step explanations, diagrams, derivations, and board-standard headings.
4. **Textbook Solved Exercises & Numericals:** Complete solved numericals and exercises with given data, formula substitution, and final units.

#### 🏛️ Board Compatibility:
- **Punjab Boards:** Lahore, Rawalpindi, Gujranwala, Faisalabad, Multan, Sargodha, Sahiwal, Bahawalpur, DG Khan.
- **Federal Board (FBISE):** Islamabad & Cantonment Institutions.
- **KPK & Sindh Boards:** Aligned with Single National Curriculum standards.

#### 💡 Exam Preparation Tips:
- Review past 5-year board questions included at the end of each topic.
- Practice diagrams, derivations, and formulas regularly.
- Memorize key definitions and bold terms for maximum score."
Class 9 English (New Syllabus) - Unit 10 - Unit 10 &#8211; The Silent Predator and the Majestic Prey &#8211; Snow Leopard and Markhor (New),English,9,PCTB (Punjab Curriculum & Textbook Board),CHAPTER_WISE,10,Chapter Questions,TaleemCity / PakParcha,https://drive.google.com/file/d/1Xu0XnFpqnG5CRlCmcSIa3PeMitMSIs82/preview,"### Comprehensive English Class 9 (Unit 10) Notes & Solutions

These English notes for Class 9 (Class 9 English (New Syllabus) - Unit 10 - Unit 10 &#8211; The Silent Predator and the Majestic Prey &#8211; Snow Leopard and Markhor (New)) are prepared strictly according to the Single National Curriculum (SNC 2025–2026) and Punjab Curriculum and Textbook Board (PCTB) standards.

#### 📌 Included In This Resource:
1. **Multiple Choice Questions (MCQs):** Carefully curated objective questions with verified answer keys.
2. **Short Answer Questions:** Concise, exam-targeted answers highlighting key definitions, laws, and concepts.
3. **Long & Detailed Questions:** Step-by-step explanations, diagrams, derivations, and board-standard headings.
4. **Textbook Solved Exercises & Numericals:** Complete solved numericals and exercises with given data, formula substitution, and final units.

#### 🏛️ Board Compatibility:
- **Punjab Boards:** Lahore, Rawalpindi, Gujranwala, Faisalabad, Multan, Sargodha, Sahiwal, Bahawalpur, DG Khan.
- **Federal Board (FBISE):** Islamabad & Cantonment Institutions.
- **KPK & Sindh Boards:** Aligned with Single National Curriculum standards.

#### 💡 Exam Preparation Tips:
- Review past 5-year board questions included at the end of each topic.
- Practice diagrams, derivations, and formulas regularly.
- Memorize key definitions and bold terms for maximum score."
Class 9 English (New Syllabus) - Unit 11 - Unit 11 &#8211; The Dear Departed (New),English,9,PCTB (Punjab Curriculum & Textbook Board),CHAPTER_WISE,11,Chapter Questions,TaleemCity / PakParcha,https://drive.google.com/file/d/1D0iggB_wKupCrXt6wcEU_HKJwGn6Y4UF/preview,"### Comprehensive English Class 9 (Unit 11) Notes & Solutions

These English notes for Class 9 (Class 9 English (New Syllabus) - Unit 11 - Unit 11 &#8211; The Dear Departed (New)) are prepared strictly according to the Single National Curriculum (SNC 2025–2026) and Punjab Curriculum and Textbook Board (PCTB) standards.

#### 📌 Included In This Resource:
1. **Multiple Choice Questions (MCQs):** Carefully curated objective questions with verified answer keys.
2. **Short Answer Questions:** Concise, exam-targeted answers highlighting key definitions, laws, and concepts.
3. **Long & Detailed Questions:** Step-by-step explanations, diagrams, derivations, and board-standard headings.
4. **Textbook Solved Exercises & Numericals:** Complete solved numericals and exercises with given data, formula substitution, and final units.

#### 🏛️ Board Compatibility:
- **Punjab Boards:** Lahore, Rawalpindi, Gujranwala, Faisalabad, Multan, Sargodha, Sahiwal, Bahawalpur, DG Khan.
- **Federal Board (FBISE):** Islamabad & Cantonment Institutions.
- **KPK & Sindh Boards:** Aligned with Single National Curriculum standards.

#### 💡 Exam Preparation Tips:
- Review past 5-year board questions included at the end of each topic.
- Practice diagrams, derivations, and formulas regularly.
- Memorize key definitions and bold terms for maximum score."
Class 9 English (New Syllabus) - Unit 12 - Unit 12 â Urdu Translations,English,9,PCTB (Punjab Curriculum & Textbook Board),CHAPTER_WISE,12,Chapter Questions,TaleemCity / PakParcha,https://drive.google.com/file/d/17w-EAH9Zbs69XHZmqDxMyecKwC_1VpFN/preview,"### Comprehensive English Class 9 (Unit 12) Notes & Solutions

These English notes for Class 9 (Class 9 English (New Syllabus) - Unit 12 - Unit 12 â Urdu Translations) are prepared strictly according to the Single National Curriculum (SNC 2025–2026) and Punjab Curriculum and Textbook Board (PCTB) standards.

#### 📌 Included In This Resource:
1. **Multiple Choice Questions (MCQs):** Carefully curated objective questions with verified answer keys.
2. **Short Answer Questions:** Concise, exam-targeted answers highlighting key definitions, laws, and concepts.
3. **Long & Detailed Questions:** Step-by-step explanations, diagrams, derivations, and board-standard headings.
4. **Textbook Solved Exercises & Numericals:** Complete solved numericals and exercises with given data, formula substitution, and final units.

#### 🏛️ Board Compatibility:
- **Punjab Boards:** Lahore, Rawalpindi, Gujranwala, Faisalabad, Multan, Sargodha, Sahiwal, Bahawalpur, DG Khan.
- **Federal Board (FBISE):** Islamabad & Cantonment Institutions.
- **KPK & Sindh Boards:** Aligned with Single National Curriculum standards.

#### 💡 Exam Preparation Tips:
- Review past 5-year board questions included at the end of each topic.
- Practice diagrams, derivations, and formulas regularly.
- Memorize key definitions and bold terms for maximum score."
9th Eng Applications,English,9,PCTB (Punjab Curriculum & Textbook Board),CHAPTER_WISE,1,Chapter Questions,TaleemCity / PakParcha,https://drive.google.com/file/d/1aSUFCCTc_WcGdLfss5q7_SbMNe5Hjn-y/preview,"### Comprehensive English Class 9 (Unit 1) Notes & Solutions

These English notes for Class 9 (9th Eng Applications) are prepared strictly according to the Single National Curriculum (SNC 2025–2026) and Punjab Curriculum and Textbook Board (PCTB) standards.

#### 📌 Included In This Resource:
1. **Multiple Choice Questions (MCQs):** Carefully curated objective questions with verified answer keys.
2. **Short Answer Questions:** Concise, exam-targeted answers highlighting key definitions, laws, and concepts.
3. **Long & Detailed Questions:** Step-by-step explanations, diagrams, derivations, and board-standard headings.
4. **Textbook Solved Exercises & Numericals:** Complete solved numericals and exercises with given data, formula substitution, and final units.

#### 🏛️ Board Compatibility:
- **Punjab Boards:** Lahore, Rawalpindi, Gujranwala, Faisalabad, Multan, Sargodha, Sahiwal, Bahawalpur, DG Khan.
- **Federal Board (FBISE):** Islamabad & Cantonment Institutions.
- **KPK & Sindh Boards:** Aligned with Single National Curriculum standards.

#### 💡 Exam Preparation Tips:
- Review past 5-year board questions included at the end of each topic.
- Practice diagrams, derivations, and formulas regularly.
- Memorize key definitions and bold terms for maximum score."
9th Eng Idioms,English,9,PCTB (Punjab Curriculum & Textbook Board),CHAPTER_WISE,1,Chapter Questions,TaleemCity / PakParcha,https://drive.google.com/file/d/1bC601vhMLzTWf-h4utfFHNYEr7mfTXlW/preview,"### Comprehensive English Class 9 (Unit 1) Notes & Solutions

These English notes for Class 9 (9th Eng Idioms) are prepared strictly according to the Single National Curriculum (SNC 2025–2026) and Punjab Curriculum and Textbook Board (PCTB) standards.

#### 📌 Included In This Resource:
1. **Multiple Choice Questions (MCQs):** Carefully curated objective questions with verified answer keys.
2. **Short Answer Questions:** Concise, exam-targeted answers highlighting key definitions, laws, and concepts.
3. **Long & Detailed Questions:** Step-by-step explanations, diagrams, derivations, and board-standard headings.
4. **Textbook Solved Exercises & Numericals:** Complete solved numericals and exercises with given data, formula substitution, and final units.

#### 🏛️ Board Compatibility:
- **Punjab Boards:** Lahore, Rawalpindi, Gujranwala, Faisalabad, Multan, Sargodha, Sahiwal, Bahawalpur, DG Khan.
- **Federal Board (FBISE):** Islamabad & Cantonment Institutions.
- **KPK & Sindh Boards:** Aligned with Single National Curriculum standards.

#### 💡 Exam Preparation Tips:
- Review past 5-year board questions included at the end of each topic.
- Practice diagrams, derivations, and formulas regularly.
- Memorize key definitions and bold terms for maximum score."
9th Eng Letters,English,9,PCTB (Punjab Curriculum & Textbook Board),CHAPTER_WISE,1,Chapter Questions,TaleemCity / PakParcha,https://drive.google.com/file/d/1lVUzgdxstqhd5Hwnkrh8Zw8CjdzeICfu/preview,"### Comprehensive English Class 9 (Unit 1) Notes & Solutions

These English notes for Class 9 (9th Eng Letters) are prepared strictly according to the Single National Curriculum (SNC 2025–2026) and Punjab Curriculum and Textbook Board (PCTB) standards.

#### 📌 Included In This Resource:
1. **Multiple Choice Questions (MCQs):** Carefully curated objective questions with verified answer keys.
2. **Short Answer Questions:** Concise, exam-targeted answers highlighting key definitions, laws, and concepts.
3. **Long & Detailed Questions:** Step-by-step explanations, diagrams, derivations, and board-standard headings.
4. **Textbook Solved Exercises & Numericals:** Complete solved numericals and exercises with given data, formula substitution, and final units.

#### 🏛️ Board Compatibility:
- **Punjab Boards:** Lahore, Rawalpindi, Gujranwala, Faisalabad, Multan, Sargodha, Sahiwal, Bahawalpur, DG Khan.
- **Federal Board (FBISE):** Islamabad & Cantonment Institutions.
- **KPK & Sindh Boards:** Aligned with Single National Curriculum standards.

#### 💡 Exam Preparation Tips:
- Review past 5-year board questions included at the end of each topic.
- Practice diagrams, derivations, and formulas regularly.
- Memorize key definitions and bold terms for maximum score."
9th Eng Stories,English,9,PCTB (Punjab Curriculum & Textbook Board),CHAPTER_WISE,1,Chapter Questions,TaleemCity / PakParcha,https://drive.google.com/file/d/1HVFFTwYnX2Yorr4hzbwtAnlZeiv9RhIj/preview,"### Comprehensive English Class 9 (Unit 1) Notes & Solutions

These English notes for Class 9 (9th Eng Stories) are prepared strictly according to the Single National Curriculum (SNC 2025–2026) and Punjab Curriculum and Textbook Board (PCTB) standards.

#### 📌 Included In This Resource:
1. **Multiple Choice Questions (MCQs):** Carefully curated objective questions with verified answer keys.
2. **Short Answer Questions:** Concise, exam-targeted answers highlighting key definitions, laws, and concepts.
3. **Long & Detailed Questions:** Step-by-step explanations, diagrams, derivations, and board-standard headings.
4. **Textbook Solved Exercises & Numericals:** Complete solved numericals and exercises with given data, formula substitution, and final units.

#### 🏛️ Board Compatibility:
- **Punjab Boards:** Lahore, Rawalpindi, Gujranwala, Faisalabad, Multan, Sargodha, Sahiwal, Bahawalpur, DG Khan.
- **Federal Board (FBISE):** Islamabad & Cantonment Institutions.
- **KPK & Sindh Boards:** Aligned with Single National Curriculum standards.

#### 💡 Exam Preparation Tips:
- Review past 5-year board questions included at the end of each topic.
- Practice diagrams, derivations, and formulas regularly.
- Memorize key definitions and bold terms for maximum score."
Class 9 English (New Syllabus) - Full Book Complete Notes,English,9,PCTB (Punjab Curriculum & Textbook Board),FULL_BOOK,,Full Book Complete,TaleemCity / PakParcha,https://drive.google.com/file/d/18I4kMNKE-yiAramWCcmy8sGS0H79YKjw/preview,"### Comprehensive English Class 9 (Full Book Complete Syllabus) Notes & Solutions

These English notes for Class 9 (Class 9 English (New Syllabus) - Full Book Complete Notes) are prepared strictly according to the Single National Curriculum (SNC 2025–2026) and Punjab Curriculum and Textbook Board (PCTB) standards.

#### 📌 Included In This Resource:
1. **Multiple Choice Questions (MCQs):** Carefully curated objective questions with verified answer keys.
2. **Short Answer Questions:** Concise, exam-targeted answers highlighting key definitions, laws, and concepts.
3. **Long & Detailed Questions:** Step-by-step explanations, diagrams, derivations, and board-standard headings.
4. **Textbook Solved Exercises & Numericals:** Complete solved numericals and exercises with given data, formula substitution, and final units.

#### 🏛️ Board Compatibility:
- **Punjab Boards:** Lahore, Rawalpindi, Gujranwala, Faisalabad, Multan, Sargodha, Sahiwal, Bahawalpur, DG Khan.
- **Federal Board (FBISE):** Islamabad & Cantonment Institutions.
- **KPK & Sindh Boards:** Aligned with Single National Curriculum standards.

#### 💡 Exam Preparation Tips:
- Review past 5-year board questions included at the end of each topic.
- Practice diagrams, derivations, and formulas regularly.
- Memorize key definitions and bold terms for maximum score."
Complete Merged Book Notes,English,9,PCTB (Punjab Curriculum & Textbook Board),FULL_BOOK,,Full Book Complete,TaleemCity / PakParcha,https://drive.google.com/file/d/1KpXRWGx1C3tM3YAHtJky2JaG0EUv1os3/preview,"### Comprehensive English Class 9 (Full Book Complete Syllabus) Notes & Solutions

These English notes for Class 9 (Complete Merged Book Notes) are prepared strictly according to the Single National Curriculum (SNC 2025–2026) and Punjab Curriculum and Textbook Board (PCTB) standards.

#### 📌 Included In This Resource:
1. **Multiple Choice Questions (MCQs):** Carefully curated objective questions with verified answer keys.
2. **Short Answer Questions:** Concise, exam-targeted answers highlighting key definitions, laws, and concepts.
3. **Long & Detailed Questions:** Step-by-step explanations, diagrams, derivations, and board-standard headings.
4. **Textbook Solved Exercises & Numericals:** Complete solved numericals and exercises with given data, formula substitution, and final units.

#### 🏛️ Board Compatibility:
- **Punjab Boards:** Lahore, Rawalpindi, Gujranwala, Faisalabad, Multan, Sargodha, Sahiwal, Bahawalpur, DG Khan.
- **Federal Board (FBISE):** Islamabad & Cantonment Institutions.
- **KPK & Sindh Boards:** Aligned with Single National Curriculum standards.

#### 💡 Exam Preparation Tips:
- Review past 5-year board questions included at the end of each topic.
- Practice diagrams, derivations, and formulas regularly.
- Memorize key definitions and bold terms for maximum score."
Class 9 Islamiat (New Syllabus) - Unit 1 - Chapter 1 â Quran Majeed aur Hadees Nabwi (S.A.W) (New),Islamiat,9,PCTB (Punjab Curriculum & Textbook Board),CHAPTER_WISE,1,Chapter Questions,TaleemCity / PakParcha,https://drive.google.com/file/d/128xI8jDF26qh6K6x7M1FU6MdREuKj-6k/preview,"### Comprehensive Islamiat Class 9 (Unit 1) Notes & Solutions

These Islamiat notes for Class 9 (Class 9 Islamiat (New Syllabus) - Unit 1 - Chapter 1 â Quran Majeed aur Hadees Nabwi (S.A.W) (New)) are prepared strictly according to the Single National Curriculum (SNC 2025–2026) and Punjab Curriculum and Textbook Board (PCTB) standards.

#### 📌 Included In This Resource:
1. **Multiple Choice Questions (MCQs):** Carefully curated objective questions with verified answer keys.
2. **Short Answer Questions:** Concise, exam-targeted answers highlighting key definitions, laws, and concepts.
3. **Long & Detailed Questions:** Step-by-step explanations, diagrams, derivations, and board-standard headings.
4. **Textbook Solved Exercises & Numericals:** Complete solved numericals and exercises with given data, formula substitution, and final units.

#### 🏛️ Board Compatibility:
- **Punjab Boards:** Lahore, Rawalpindi, Gujranwala, Faisalabad, Multan, Sargodha, Sahiwal, Bahawalpur, DG Khan.
- **Federal Board (FBISE):** Islamabad & Cantonment Institutions.
- **KPK & Sindh Boards:** Aligned with Single National Curriculum standards.

#### 💡 Exam Preparation Tips:
- Review past 5-year board questions included at the end of each topic.
- Practice diagrams, derivations, and formulas regularly.
- Memorize key definitions and bold terms for maximum score."
Class 9 Islamiat (New Syllabus) - Unit 1 - Chapter 1 â Quran-e-Majid and Hadees-e-Nabwi (SAW),Islamiat,9,PCTB (Punjab Curriculum & Textbook Board),CHAPTER_WISE,1,Chapter Questions,TaleemCity / PakParcha,https://drive.google.com/file/d/17Gba7k6xohqugdDaFgjk-EMKBuOAZsoO/preview,"### Comprehensive Islamiat Class 9 (Unit 1) Notes & Solutions

These Islamiat notes for Class 9 (Class 9 Islamiat (New Syllabus) - Unit 1 - Chapter 1 â Quran-e-Majid and Hadees-e-Nabwi (SAW)) are prepared strictly according to the Single National Curriculum (SNC 2025–2026) and Punjab Curriculum and Textbook Board (PCTB) standards.

#### 📌 Included In This Resource:
1. **Multiple Choice Questions (MCQs):** Carefully curated objective questions with verified answer keys.
2. **Short Answer Questions:** Concise, exam-targeted answers highlighting key definitions, laws, and concepts.
3. **Long & Detailed Questions:** Step-by-step explanations, diagrams, derivations, and board-standard headings.
4. **Textbook Solved Exercises & Numericals:** Complete solved numericals and exercises with given data, formula substitution, and final units.

#### 🏛️ Board Compatibility:
- **Punjab Boards:** Lahore, Rawalpindi, Gujranwala, Faisalabad, Multan, Sargodha, Sahiwal, Bahawalpur, DG Khan.
- **Federal Board (FBISE):** Islamabad & Cantonment Institutions.
- **KPK & Sindh Boards:** Aligned with Single National Curriculum standards.

#### 💡 Exam Preparation Tips:
- Review past 5-year board questions included at the end of each topic.
- Practice diagrams, derivations, and formulas regularly.
- Memorize key definitions and bold terms for maximum score."
Class 9 Islamiat (New Syllabus) - Unit 2 - Chapter 2 â Imaniyat and Ibadaat,Islamiat,9,PCTB (Punjab Curriculum & Textbook Board),CHAPTER_WISE,2,Chapter Questions,TaleemCity / PakParcha,https://drive.google.com/file/d/1Oq07DHQfZYK54eKtYgTen8NkP82UliR4/preview,"### Comprehensive Islamiat Class 9 (Unit 2) Notes & Solutions

These Islamiat notes for Class 9 (Class 9 Islamiat (New Syllabus) - Unit 2 - Chapter 2 â Imaniyat and Ibadaat) are prepared strictly according to the Single National Curriculum (SNC 2025–2026) and Punjab Curriculum and Textbook Board (PCTB) standards.

#### 📌 Included In This Resource:
1. **Multiple Choice Questions (MCQs):** Carefully curated objective questions with verified answer keys.
2. **Short Answer Questions:** Concise, exam-targeted answers highlighting key definitions, laws, and concepts.
3. **Long & Detailed Questions:** Step-by-step explanations, diagrams, derivations, and board-standard headings.
4. **Textbook Solved Exercises & Numericals:** Complete solved numericals and exercises with given data, formula substitution, and final units.

#### 🏛️ Board Compatibility:
- **Punjab Boards:** Lahore, Rawalpindi, Gujranwala, Faisalabad, Multan, Sargodha, Sahiwal, Bahawalpur, DG Khan.
- **Federal Board (FBISE):** Islamabad & Cantonment Institutions.
- **KPK & Sindh Boards:** Aligned with Single National Curriculum standards.

#### 💡 Exam Preparation Tips:
- Review past 5-year board questions included at the end of each topic.
- Practice diagrams, derivations, and formulas regularly.
- Memorize key definitions and bold terms for maximum score."
Class 9 Islamiat (New Syllabus) - Unit 2 - Chapter 2 â Imaniyat aur Ibadaat (New),Islamiat,9,PCTB (Punjab Curriculum & Textbook Board),CHAPTER_WISE,2,Chapter Questions,TaleemCity / PakParcha,https://drive.google.com/file/d/18TMUIWdLHja0m4fY6nhE0P9sl1fg0QSi/preview,"### Comprehensive Islamiat Class 9 (Unit 2) Notes & Solutions

These Islamiat notes for Class 9 (Class 9 Islamiat (New Syllabus) - Unit 2 - Chapter 2 â Imaniyat aur Ibadaat (New)) are prepared strictly according to the Single National Curriculum (SNC 2025–2026) and Punjab Curriculum and Textbook Board (PCTB) standards.

#### 📌 Included In This Resource:
1. **Multiple Choice Questions (MCQs):** Carefully curated objective questions with verified answer keys.
2. **Short Answer Questions:** Concise, exam-targeted answers highlighting key definitions, laws, and concepts.
3. **Long & Detailed Questions:** Step-by-step explanations, diagrams, derivations, and board-standard headings.
4. **Textbook Solved Exercises & Numericals:** Complete solved numericals and exercises with given data, formula substitution, and final units.

#### 🏛️ Board Compatibility:
- **Punjab Boards:** Lahore, Rawalpindi, Gujranwala, Faisalabad, Multan, Sargodha, Sahiwal, Bahawalpur, DG Khan.
- **Federal Board (FBISE):** Islamabad & Cantonment Institutions.
- **KPK & Sindh Boards:** Aligned with Single National Curriculum standards.

#### 💡 Exam Preparation Tips:
- Review past 5-year board questions included at the end of each topic.
- Practice diagrams, derivations, and formulas regularly.
- Memorize key definitions and bold terms for maximum score."
Class 9 Islamiat (New Syllabus) - Unit 3 - Chapter 3 â Seerat un Nabi (S.A.W),Islamiat,9,PCTB (Punjab Curriculum & Textbook Board),CHAPTER_WISE,3,Chapter Questions,TaleemCity / PakParcha,https://drive.google.com/file/d/18bgFk7vNv6Lq0XIUuBFveNOLA4GsnJBM/preview,"### Comprehensive Islamiat Class 9 (Unit 3) Notes & Solutions

These Islamiat notes for Class 9 (Class 9 Islamiat (New Syllabus) - Unit 3 - Chapter 3 â Seerat un Nabi (S.A.W)) are prepared strictly according to the Single National Curriculum (SNC 2025–2026) and Punjab Curriculum and Textbook Board (PCTB) standards.

#### 📌 Included In This Resource:
1. **Multiple Choice Questions (MCQs):** Carefully curated objective questions with verified answer keys.
2. **Short Answer Questions:** Concise, exam-targeted answers highlighting key definitions, laws, and concepts.
3. **Long & Detailed Questions:** Step-by-step explanations, diagrams, derivations, and board-standard headings.
4. **Textbook Solved Exercises & Numericals:** Complete solved numericals and exercises with given data, formula substitution, and final units.

#### 🏛️ Board Compatibility:
- **Punjab Boards:** Lahore, Rawalpindi, Gujranwala, Faisalabad, Multan, Sargodha, Sahiwal, Bahawalpur, DG Khan.
- **Federal Board (FBISE):** Islamabad & Cantonment Institutions.
- **KPK & Sindh Boards:** Aligned with Single National Curriculum standards.

#### 💡 Exam Preparation Tips:
- Review past 5-year board questions included at the end of each topic.
- Practice diagrams, derivations, and formulas regularly.
- Memorize key definitions and bold terms for maximum score."
Class 9 Islamiat (New Syllabus) - Unit 4 - Chapter 4 â Akhlaq-o-Adab,Islamiat,9,PCTB (Punjab Curriculum & Textbook Board),CHAPTER_WISE,4,Chapter Questions,TaleemCity / PakParcha,https://drive.google.com/file/d/17JaUtLQYjNDYUMdTFo65Kdxl1lZmMBZQ/preview,"### Comprehensive Islamiat Class 9 (Unit 4) Notes & Solutions

These Islamiat notes for Class 9 (Class 9 Islamiat (New Syllabus) - Unit 4 - Chapter 4 â Akhlaq-o-Adab) are prepared strictly according to the Single National Curriculum (SNC 2025–2026) and Punjab Curriculum and Textbook Board (PCTB) standards.

#### 📌 Included In This Resource:
1. **Multiple Choice Questions (MCQs):** Carefully curated objective questions with verified answer keys.
2. **Short Answer Questions:** Concise, exam-targeted answers highlighting key definitions, laws, and concepts.
3. **Long & Detailed Questions:** Step-by-step explanations, diagrams, derivations, and board-standard headings.
4. **Textbook Solved Exercises & Numericals:** Complete solved numericals and exercises with given data, formula substitution, and final units.

#### 🏛️ Board Compatibility:
- **Punjab Boards:** Lahore, Rawalpindi, Gujranwala, Faisalabad, Multan, Sargodha, Sahiwal, Bahawalpur, DG Khan.
- **Federal Board (FBISE):** Islamabad & Cantonment Institutions.
- **KPK & Sindh Boards:** Aligned with Single National Curriculum standards.

#### 💡 Exam Preparation Tips:
- Review past 5-year board questions included at the end of each topic.
- Practice diagrams, derivations, and formulas regularly.
- Memorize key definitions and bold terms for maximum score."
9th Islamiat New 2026 Ch5 Notes,Islamiat,9,PCTB (Punjab Curriculum & Textbook Board),CHAPTER_WISE,5,Chapter Questions,TaleemCity / PakParcha,https://drive.google.com/file/d/1OISXkn0pliRfiKaARSU5AA4BqI9fjah7/preview,"### Comprehensive Islamiat Class 9 (Unit 5) Notes & Solutions

These Islamiat notes for Class 9 (9th Islamiat New 2026 Ch5 Notes) are prepared strictly according to the Single National Curriculum (SNC 2025–2026) and Punjab Curriculum and Textbook Board (PCTB) standards.

#### 📌 Included In This Resource:
1. **Multiple Choice Questions (MCQs):** Carefully curated objective questions with verified answer keys.
2. **Short Answer Questions:** Concise, exam-targeted answers highlighting key definitions, laws, and concepts.
3. **Long & Detailed Questions:** Step-by-step explanations, diagrams, derivations, and board-standard headings.
4. **Textbook Solved Exercises & Numericals:** Complete solved numericals and exercises with given data, formula substitution, and final units.

#### 🏛️ Board Compatibility:
- **Punjab Boards:** Lahore, Rawalpindi, Gujranwala, Faisalabad, Multan, Sargodha, Sahiwal, Bahawalpur, DG Khan.
- **Federal Board (FBISE):** Islamabad & Cantonment Institutions.
- **KPK & Sindh Boards:** Aligned with Single National Curriculum standards.

#### 💡 Exam Preparation Tips:
- Review past 5-year board questions included at the end of each topic.
- Practice diagrams, derivations, and formulas regularly.
- Memorize key definitions and bold terms for maximum score."
9th Islamiat New 2026 Ch6 Notes,Islamiat,9,PCTB (Punjab Curriculum & Textbook Board),CHAPTER_WISE,6,Chapter Questions,TaleemCity / PakParcha,https://drive.google.com/file/d/1AGCFG0fhsF1XohtxzcoiFmvvuG7Vabns/preview,"### Comprehensive Islamiat Class 9 (Unit 6) Notes & Solutions

These Islamiat notes for Class 9 (9th Islamiat New 2026 Ch6 Notes) are prepared strictly according to the Single National Curriculum (SNC 2025–2026) and Punjab Curriculum and Textbook Board (PCTB) standards.

#### 📌 Included In This Resource:
1. **Multiple Choice Questions (MCQs):** Carefully curated objective questions with verified answer keys.
2. **Short Answer Questions:** Concise, exam-targeted answers highlighting key definitions, laws, and concepts.
3. **Long & Detailed Questions:** Step-by-step explanations, diagrams, derivations, and board-standard headings.
4. **Textbook Solved Exercises & Numericals:** Complete solved numericals and exercises with given data, formula substitution, and final units.

#### 🏛️ Board Compatibility:
- **Punjab Boards:** Lahore, Rawalpindi, Gujranwala, Faisalabad, Multan, Sargodha, Sahiwal, Bahawalpur, DG Khan.
- **Federal Board (FBISE):** Islamabad & Cantonment Institutions.
- **KPK & Sindh Boards:** Aligned with Single National Curriculum standards.

#### 💡 Exam Preparation Tips:
- Review past 5-year board questions included at the end of each topic.
- Practice diagrams, derivations, and formulas regularly.
- Memorize key definitions and bold terms for maximum score."
9th Islamiat New 2026 Ch7 Notes,Islamiat,9,PCTB (Punjab Curriculum & Textbook Board),CHAPTER_WISE,7,Chapter Questions,TaleemCity / PakParcha,https://drive.google.com/file/d/1SVgCH87dthHhykDEHAsvwGa_den0tMaH/preview,"### Comprehensive Islamiat Class 9 (Unit 7) Notes & Solutions

These Islamiat notes for Class 9 (9th Islamiat New 2026 Ch7 Notes) are prepared strictly according to the Single National Curriculum (SNC 2025–2026) and Punjab Curriculum and Textbook Board (PCTB) standards.

#### 📌 Included In This Resource:
1. **Multiple Choice Questions (MCQs):** Carefully curated objective questions with verified answer keys.
2. **Short Answer Questions:** Concise, exam-targeted answers highlighting key definitions, laws, and concepts.
3. **Long & Detailed Questions:** Step-by-step explanations, diagrams, derivations, and board-standard headings.
4. **Textbook Solved Exercises & Numericals:** Complete solved numericals and exercises with given data, formula substitution, and final units.

#### 🏛️ Board Compatibility:
- **Punjab Boards:** Lahore, Rawalpindi, Gujranwala, Faisalabad, Multan, Sargodha, Sahiwal, Bahawalpur, DG Khan.
- **Federal Board (FBISE):** Islamabad & Cantonment Institutions.
- **KPK & Sindh Boards:** Aligned with Single National Curriculum standards.

#### 💡 Exam Preparation Tips:
- Review past 5-year board questions included at the end of each topic.
- Practice diagrams, derivations, and formulas regularly.
- Memorize key definitions and bold terms for maximum score."
Class 9 Islamiat (New Syllabus) - Full Book Complete Notes,Islamiat,9,PCTB (Punjab Curriculum & Textbook Board),FULL_BOOK,,Full Book Complete,TaleemCity / PakParcha,https://drive.google.com/file/d/19FMdKRpTuVFkFfvzZASEqjcfU8erjNst/preview,"### Comprehensive Islamiat Class 9 (Full Book Complete Syllabus) Notes & Solutions

These Islamiat notes for Class 9 (Class 9 Islamiat (New Syllabus) - Full Book Complete Notes) are prepared strictly according to the Single National Curriculum (SNC 2025–2026) and Punjab Curriculum and Textbook Board (PCTB) standards.

#### 📌 Included In This Resource:
1. **Multiple Choice Questions (MCQs):** Carefully curated objective questions with verified answer keys.
2. **Short Answer Questions:** Concise, exam-targeted answers highlighting key definitions, laws, and concepts.
3. **Long & Detailed Questions:** Step-by-step explanations, diagrams, derivations, and board-standard headings.
4. **Textbook Solved Exercises & Numericals:** Complete solved numericals and exercises with given data, formula substitution, and final units.

#### 🏛️ Board Compatibility:
- **Punjab Boards:** Lahore, Rawalpindi, Gujranwala, Faisalabad, Multan, Sargodha, Sahiwal, Bahawalpur, DG Khan.
- **Federal Board (FBISE):** Islamabad & Cantonment Institutions.
- **KPK & Sindh Boards:** Aligned with Single National Curriculum standards.

#### 💡 Exam Preparation Tips:
- Review past 5-year board questions included at the end of each topic.
- Practice diagrams, derivations, and formulas regularly.
- Memorize key definitions and bold terms for maximum score."
Complete Merged Book Notes,Islamiat,9,PCTB (Punjab Curriculum & Textbook Board),FULL_BOOK,,Full Book Complete,TaleemCity / PakParcha,https://drive.google.com/file/d/1jokqRfxNzXWjuJ_9zfw3mrhGAQwV7fAX/preview,"### Comprehensive Islamiat Class 9 (Full Book Complete Syllabus) Notes & Solutions

These Islamiat notes for Class 9 (Complete Merged Book Notes) are prepared strictly according to the Single National Curriculum (SNC 2025–2026) and Punjab Curriculum and Textbook Board (PCTB) standards.

#### 📌 Included In This Resource:
1. **Multiple Choice Questions (MCQs):** Carefully curated objective questions with verified answer keys.
2. **Short Answer Questions:** Concise, exam-targeted answers highlighting key definitions, laws, and concepts.
3. **Long & Detailed Questions:** Step-by-step explanations, diagrams, derivations, and board-standard headings.
4. **Textbook Solved Exercises & Numericals:** Complete solved numericals and exercises with given data, formula substitution, and final units.

#### 🏛️ Board Compatibility:
- **Punjab Boards:** Lahore, Rawalpindi, Gujranwala, Faisalabad, Multan, Sargodha, Sahiwal, Bahawalpur, DG Khan.
- **Federal Board (FBISE):** Islamabad & Cantonment Institutions.
- **KPK & Sindh Boards:** Aligned with Single National Curriculum standards.

#### 💡 Exam Preparation Tips:
- Review past 5-year board questions included at the end of each topic.
- Practice diagrams, derivations, and formulas regularly.
- Memorize key definitions and bold terms for maximum score."
Class 9 Mathematics (New Syllabus) - Full Book Complete Notes,Mathematics,9,PCTB (Punjab Curriculum & Textbook Board),FULL_BOOK,,Full Book Complete,TaleemCity / PakParcha,https://drive.google.com/file/d/1TJk0KJBFcNa-RSnLtXFzWecrPDELyWV0/preview,"### Comprehensive Mathematics Class 9 (Full Book Complete Syllabus) Notes & Solutions

These Mathematics notes for Class 9 (Class 9 Mathematics (New Syllabus) - Full Book Complete Notes) are prepared strictly according to the Single National Curriculum (SNC 2025–2026) and Punjab Curriculum and Textbook Board (PCTB) standards.

#### 📌 Included In This Resource:
1. **Multiple Choice Questions (MCQs):** Carefully curated objective questions with verified answer keys.
2. **Short Answer Questions:** Concise, exam-targeted answers highlighting key definitions, laws, and concepts.
3. **Long & Detailed Questions:** Step-by-step explanations, diagrams, derivations, and board-standard headings.
4. **Textbook Solved Exercises & Numericals:** Complete solved numericals and exercises with given data, formula substitution, and final units.

#### 🏛️ Board Compatibility:
- **Punjab Boards:** Lahore, Rawalpindi, Gujranwala, Faisalabad, Multan, Sargodha, Sahiwal, Bahawalpur, DG Khan.
- **Federal Board (FBISE):** Islamabad & Cantonment Institutions.
- **KPK & Sindh Boards:** Aligned with Single National Curriculum standards.

#### 💡 Exam Preparation Tips:
- Review past 5-year board questions included at the end of each topic.
- Practice diagrams, derivations, and formulas regularly.
- Memorize key definitions and bold terms for maximum score."
Class 9 Maths (New Syllabus) - Chapter 1 - Exercise 1.1,Mathematics,9,PCTB (Punjab Curriculum & Textbook Board),CHAPTER_WISE,1,Solved Numericals,TaleemCity / PakParcha,https://drive.google.com/file/d/1rYUV6CAosoypL0gPjMBEnDajvc8OWa6N/preview,"### Comprehensive Mathematics Class 9 (Unit 1) Notes & Solutions

These Mathematics notes for Class 9 (Class 9 Maths (New Syllabus) - Chapter 1 - Exercise 1.1) are prepared strictly according to the Single National Curriculum (SNC 2025–2026) and Punjab Curriculum and Textbook Board (PCTB) standards.

#### 📌 Included In This Resource:
1. **Multiple Choice Questions (MCQs):** Carefully curated objective questions with verified answer keys.
2. **Short Answer Questions:** Concise, exam-targeted answers highlighting key definitions, laws, and concepts.
3. **Long & Detailed Questions:** Step-by-step explanations, diagrams, derivations, and board-standard headings.
4. **Textbook Solved Exercises & Numericals:** Complete solved numericals and exercises with given data, formula substitution, and final units.

#### 🏛️ Board Compatibility:
- **Punjab Boards:** Lahore, Rawalpindi, Gujranwala, Faisalabad, Multan, Sargodha, Sahiwal, Bahawalpur, DG Khan.
- **Federal Board (FBISE):** Islamabad & Cantonment Institutions.
- **KPK & Sindh Boards:** Aligned with Single National Curriculum standards.

#### 💡 Exam Preparation Tips:
- Review past 5-year board questions included at the end of each topic.
- Practice diagrams, derivations, and formulas regularly.
- Memorize key definitions and bold terms for maximum score."
Class 9 Maths (New Syllabus) - Chapter 1 - Exercise 1.2,Mathematics,9,PCTB (Punjab Curriculum & Textbook Board),CHAPTER_WISE,1,Solved Numericals,TaleemCity / PakParcha,https://drive.google.com/file/d/1NkcqSpU-rThnW1DwqAkKfrJOUcjNp1fN/preview,"### Comprehensive Mathematics Class 9 (Unit 1) Notes & Solutions

These Mathematics notes for Class 9 (Class 9 Maths (New Syllabus) - Chapter 1 - Exercise 1.2) are prepared strictly according to the Single National Curriculum (SNC 2025–2026) and Punjab Curriculum and Textbook Board (PCTB) standards.

#### 📌 Included In This Resource:
1. **Multiple Choice Questions (MCQs):** Carefully curated objective questions with verified answer keys.
2. **Short Answer Questions:** Concise, exam-targeted answers highlighting key definitions, laws, and concepts.
3. **Long & Detailed Questions:** Step-by-step explanations, diagrams, derivations, and board-standard headings.
4. **Textbook Solved Exercises & Numericals:** Complete solved numericals and exercises with given data, formula substitution, and final units.

#### 🏛️ Board Compatibility:
- **Punjab Boards:** Lahore, Rawalpindi, Gujranwala, Faisalabad, Multan, Sargodha, Sahiwal, Bahawalpur, DG Khan.
- **Federal Board (FBISE):** Islamabad & Cantonment Institutions.
- **KPK & Sindh Boards:** Aligned with Single National Curriculum standards.

#### 💡 Exam Preparation Tips:
- Review past 5-year board questions included at the end of each topic.
- Practice diagrams, derivations, and formulas regularly.
- Memorize key definitions and bold terms for maximum score."
Class 9 Maths (New Syllabus) - Chapter 1 - Exercise 1.3,Mathematics,9,PCTB (Punjab Curriculum & Textbook Board),CHAPTER_WISE,1,Solved Numericals,TaleemCity / PakParcha,https://drive.google.com/file/d/1w79GkG5DQdy6-zs5w1oQ8Y_JXmlrP7-5/preview,"### Comprehensive Mathematics Class 9 (Unit 1) Notes & Solutions

These Mathematics notes for Class 9 (Class 9 Maths (New Syllabus) - Chapter 1 - Exercise 1.3) are prepared strictly according to the Single National Curriculum (SNC 2025–2026) and Punjab Curriculum and Textbook Board (PCTB) standards.

#### 📌 Included In This Resource:
1. **Multiple Choice Questions (MCQs):** Carefully curated objective questions with verified answer keys.
2. **Short Answer Questions:** Concise, exam-targeted answers highlighting key definitions, laws, and concepts.
3. **Long & Detailed Questions:** Step-by-step explanations, diagrams, derivations, and board-standard headings.
4. **Textbook Solved Exercises & Numericals:** Complete solved numericals and exercises with given data, formula substitution, and final units.

#### 🏛️ Board Compatibility:
- **Punjab Boards:** Lahore, Rawalpindi, Gujranwala, Faisalabad, Multan, Sargodha, Sahiwal, Bahawalpur, DG Khan.
- **Federal Board (FBISE):** Islamabad & Cantonment Institutions.
- **KPK & Sindh Boards:** Aligned with Single National Curriculum standards.

#### 💡 Exam Preparation Tips:
- Review past 5-year board questions included at the end of each topic.
- Practice diagrams, derivations, and formulas regularly.
- Memorize key definitions and bold terms for maximum score."
Class 9 Maths (New Syllabus) - Chapter 1 - Review Exercise 1,Mathematics,9,PCTB (Punjab Curriculum & Textbook Board),CHAPTER_WISE,1,Solved Numericals,TaleemCity / PakParcha,https://drive.google.com/file/d/1RRI-bWVtyyL77JqJ5_TUlg0GrtpLdmln/preview,"### Comprehensive Mathematics Class 9 (Unit 1) Notes & Solutions

These Mathematics notes for Class 9 (Class 9 Maths (New Syllabus) - Chapter 1 - Review Exercise 1) are prepared strictly according to the Single National Curriculum (SNC 2025–2026) and Punjab Curriculum and Textbook Board (PCTB) standards.

#### 📌 Included In This Resource:
1. **Multiple Choice Questions (MCQs):** Carefully curated objective questions with verified answer keys.
2. **Short Answer Questions:** Concise, exam-targeted answers highlighting key definitions, laws, and concepts.
3. **Long & Detailed Questions:** Step-by-step explanations, diagrams, derivations, and board-standard headings.
4. **Textbook Solved Exercises & Numericals:** Complete solved numericals and exercises with given data, formula substitution, and final units.

#### 🏛️ Board Compatibility:
- **Punjab Boards:** Lahore, Rawalpindi, Gujranwala, Faisalabad, Multan, Sargodha, Sahiwal, Bahawalpur, DG Khan.
- **Federal Board (FBISE):** Islamabad & Cantonment Institutions.
- **KPK & Sindh Boards:** Aligned with Single National Curriculum standards.

#### 💡 Exam Preparation Tips:
- Review past 5-year board questions included at the end of each topic.
- Practice diagrams, derivations, and formulas regularly.
- Memorize key definitions and bold terms for maximum score."
Class 9 Maths (New Syllabus) - Chapter 2 - Exercise 2.1,Mathematics,9,PCTB (Punjab Curriculum & Textbook Board),CHAPTER_WISE,2,Solved Numericals,TaleemCity / PakParcha,https://drive.google.com/file/d/1mswzxDkcQvTmVHKTubp0Bd4HENkujt0_/preview,"### Comprehensive Mathematics Class 9 (Unit 2) Notes & Solutions

These Mathematics notes for Class 9 (Class 9 Maths (New Syllabus) - Chapter 2 - Exercise 2.1) are prepared strictly according to the Single National Curriculum (SNC 2025–2026) and Punjab Curriculum and Textbook Board (PCTB) standards.

#### 📌 Included In This Resource:
1. **Multiple Choice Questions (MCQs):** Carefully curated objective questions with verified answer keys.
2. **Short Answer Questions:** Concise, exam-targeted answers highlighting key definitions, laws, and concepts.
3. **Long & Detailed Questions:** Step-by-step explanations, diagrams, derivations, and board-standard headings.
4. **Textbook Solved Exercises & Numericals:** Complete solved numericals and exercises with given data, formula substitution, and final units.

#### 🏛️ Board Compatibility:
- **Punjab Boards:** Lahore, Rawalpindi, Gujranwala, Faisalabad, Multan, Sargodha, Sahiwal, Bahawalpur, DG Khan.
- **Federal Board (FBISE):** Islamabad & Cantonment Institutions.
- **KPK & Sindh Boards:** Aligned with Single National Curriculum standards.

#### 💡 Exam Preparation Tips:
- Review past 5-year board questions included at the end of each topic.
- Practice diagrams, derivations, and formulas regularly.
- Memorize key definitions and bold terms for maximum score."
Class 9 Maths (New Syllabus) - Chapter 2 - Exercise 2.2,Mathematics,9,PCTB (Punjab Curriculum & Textbook Board),CHAPTER_WISE,2,Solved Numericals,TaleemCity / PakParcha,https://drive.google.com/file/d/1XeWemHQ8SAQ5EA7euetQgOb-e6XNvrBZ/preview,"### Comprehensive Mathematics Class 9 (Unit 2) Notes & Solutions

These Mathematics notes for Class 9 (Class 9 Maths (New Syllabus) - Chapter 2 - Exercise 2.2) are prepared strictly according to the Single National Curriculum (SNC 2025–2026) and Punjab Curriculum and Textbook Board (PCTB) standards.

#### 📌 Included In This Resource:
1. **Multiple Choice Questions (MCQs):** Carefully curated objective questions with verified answer keys.
2. **Short Answer Questions:** Concise, exam-targeted answers highlighting key definitions, laws, and concepts.
3. **Long & Detailed Questions:** Step-by-step explanations, diagrams, derivations, and board-standard headings.
4. **Textbook Solved Exercises & Numericals:** Complete solved numericals and exercises with given data, formula substitution, and final units.

#### 🏛️ Board Compatibility:
- **Punjab Boards:** Lahore, Rawalpindi, Gujranwala, Faisalabad, Multan, Sargodha, Sahiwal, Bahawalpur, DG Khan.
- **Federal Board (FBISE):** Islamabad & Cantonment Institutions.
- **KPK & Sindh Boards:** Aligned with Single National Curriculum standards.

#### 💡 Exam Preparation Tips:
- Review past 5-year board questions included at the end of each topic.
- Practice diagrams, derivations, and formulas regularly.
- Memorize key definitions and bold terms for maximum score."
Class 9 Maths (New Syllabus) - Chapter 2 - Exercise 2.3,Mathematics,9,PCTB (Punjab Curriculum & Textbook Board),CHAPTER_WISE,2,Solved Numericals,TaleemCity / PakParcha,https://drive.google.com/file/d/1XmHiy2Hwq34aJWpyXFL5WVge2fS-G0SS/preview,"### Comprehensive Mathematics Class 9 (Unit 2) Notes & Solutions

These Mathematics notes for Class 9 (Class 9 Maths (New Syllabus) - Chapter 2 - Exercise 2.3) are prepared strictly according to the Single National Curriculum (SNC 2025–2026) and Punjab Curriculum and Textbook Board (PCTB) standards.

#### 📌 Included In This Resource:
1. **Multiple Choice Questions (MCQs):** Carefully curated objective questions with verified answer keys.
2. **Short Answer Questions:** Concise, exam-targeted answers highlighting key definitions, laws, and concepts.
3. **Long & Detailed Questions:** Step-by-step explanations, diagrams, derivations, and board-standard headings.
4. **Textbook Solved Exercises & Numericals:** Complete solved numericals and exercises with given data, formula substitution, and final units.

#### 🏛️ Board Compatibility:
- **Punjab Boards:** Lahore, Rawalpindi, Gujranwala, Faisalabad, Multan, Sargodha, Sahiwal, Bahawalpur, DG Khan.
- **Federal Board (FBISE):** Islamabad & Cantonment Institutions.
- **KPK & Sindh Boards:** Aligned with Single National Curriculum standards.

#### 💡 Exam Preparation Tips:
- Review past 5-year board questions included at the end of each topic.
- Practice diagrams, derivations, and formulas regularly.
- Memorize key definitions and bold terms for maximum score."
Class 9 Maths (New Syllabus) - Chapter 2 - Exercise 2.4,Mathematics,9,PCTB (Punjab Curriculum & Textbook Board),CHAPTER_WISE,2,Solved Numericals,TaleemCity / PakParcha,https://drive.google.com/file/d/1lP_yXvuMq6OzI4UK11qkSyKRuQW8H_mb/preview,"### Comprehensive Mathematics Class 9 (Unit 2) Notes & Solutions

These Mathematics notes for Class 9 (Class 9 Maths (New Syllabus) - Chapter 2 - Exercise 2.4) are prepared strictly according to the Single National Curriculum (SNC 2025–2026) and Punjab Curriculum and Textbook Board (PCTB) standards.

#### 📌 Included In This Resource:
1. **Multiple Choice Questions (MCQs):** Carefully curated objective questions with verified answer keys.
2. **Short Answer Questions:** Concise, exam-targeted answers highlighting key definitions, laws, and concepts.
3. **Long & Detailed Questions:** Step-by-step explanations, diagrams, derivations, and board-standard headings.
4. **Textbook Solved Exercises & Numericals:** Complete solved numericals and exercises with given data, formula substitution, and final units.

#### 🏛️ Board Compatibility:
- **Punjab Boards:** Lahore, Rawalpindi, Gujranwala, Faisalabad, Multan, Sargodha, Sahiwal, Bahawalpur, DG Khan.
- **Federal Board (FBISE):** Islamabad & Cantonment Institutions.
- **KPK & Sindh Boards:** Aligned with Single National Curriculum standards.

#### 💡 Exam Preparation Tips:
- Review past 5-year board questions included at the end of each topic.
- Practice diagrams, derivations, and formulas regularly.
- Memorize key definitions and bold terms for maximum score."
Class 9 Maths (New Syllabus) - Chapter 2 - Review Exercise 2,Mathematics,9,PCTB (Punjab Curriculum & Textbook Board),CHAPTER_WISE,2,Solved Numericals,TaleemCity / PakParcha,https://drive.google.com/file/d/1mm3SHLcwD0TOuXGfOYcR1QteoTv3drfy/preview,"### Comprehensive Mathematics Class 9 (Unit 2) Notes & Solutions

These Mathematics notes for Class 9 (Class 9 Maths (New Syllabus) - Chapter 2 - Review Exercise 2) are prepared strictly according to the Single National Curriculum (SNC 2025–2026) and Punjab Curriculum and Textbook Board (PCTB) standards.

#### 📌 Included In This Resource:
1. **Multiple Choice Questions (MCQs):** Carefully curated objective questions with verified answer keys.
2. **Short Answer Questions:** Concise, exam-targeted answers highlighting key definitions, laws, and concepts.
3. **Long & Detailed Questions:** Step-by-step explanations, diagrams, derivations, and board-standard headings.
4. **Textbook Solved Exercises & Numericals:** Complete solved numericals and exercises with given data, formula substitution, and final units.

#### 🏛️ Board Compatibility:
- **Punjab Boards:** Lahore, Rawalpindi, Gujranwala, Faisalabad, Multan, Sargodha, Sahiwal, Bahawalpur, DG Khan.
- **Federal Board (FBISE):** Islamabad & Cantonment Institutions.
- **KPK & Sindh Boards:** Aligned with Single National Curriculum standards.

#### 💡 Exam Preparation Tips:
- Review past 5-year board questions included at the end of each topic.
- Practice diagrams, derivations, and formulas regularly.
- Memorize key definitions and bold terms for maximum score."
Class 9 Maths (New Syllabus) - Chapter 3 - Exercise 3.1,Mathematics,9,PCTB (Punjab Curriculum & Textbook Board),CHAPTER_WISE,3,Solved Numericals,TaleemCity / PakParcha,https://drive.google.com/file/d/1FLhkmxGd_-xVKDmdKePgAi3SFAtyH9qK/preview,"### Comprehensive Mathematics Class 9 (Unit 3) Notes & Solutions

These Mathematics notes for Class 9 (Class 9 Maths (New Syllabus) - Chapter 3 - Exercise 3.1) are prepared strictly according to the Single National Curriculum (SNC 2025–2026) and Punjab Curriculum and Textbook Board (PCTB) standards.

#### 📌 Included In This Resource:
1. **Multiple Choice Questions (MCQs):** Carefully curated objective questions with verified answer keys.
2. **Short Answer Questions:** Concise, exam-targeted answers highlighting key definitions, laws, and concepts.
3. **Long & Detailed Questions:** Step-by-step explanations, diagrams, derivations, and board-standard headings.
4. **Textbook Solved Exercises & Numericals:** Complete solved numericals and exercises with given data, formula substitution, and final units.

#### 🏛️ Board Compatibility:
- **Punjab Boards:** Lahore, Rawalpindi, Gujranwala, Faisalabad, Multan, Sargodha, Sahiwal, Bahawalpur, DG Khan.
- **Federal Board (FBISE):** Islamabad & Cantonment Institutions.
- **KPK & Sindh Boards:** Aligned with Single National Curriculum standards.

#### 💡 Exam Preparation Tips:
- Review past 5-year board questions included at the end of each topic.
- Practice diagrams, derivations, and formulas regularly.
- Memorize key definitions and bold terms for maximum score."
Class 9 Maths (New Syllabus) - Chapter 3 - Exercise 3.2,Mathematics,9,PCTB (Punjab Curriculum & Textbook Board),CHAPTER_WISE,3,Solved Numericals,TaleemCity / PakParcha,https://drive.google.com/file/d/1cIktBd4eE6fD7PMInGaw55dERNVtRxZI/preview,"### Comprehensive Mathematics Class 9 (Unit 3) Notes & Solutions

These Mathematics notes for Class 9 (Class 9 Maths (New Syllabus) - Chapter 3 - Exercise 3.2) are prepared strictly according to the Single National Curriculum (SNC 2025–2026) and Punjab Curriculum and Textbook Board (PCTB) standards.

#### 📌 Included In This Resource:
1. **Multiple Choice Questions (MCQs):** Carefully curated objective questions with verified answer keys.
2. **Short Answer Questions:** Concise, exam-targeted answers highlighting key definitions, laws, and concepts.
3. **Long & Detailed Questions:** Step-by-step explanations, diagrams, derivations, and board-standard headings.
4. **Textbook Solved Exercises & Numericals:** Complete solved numericals and exercises with given data, formula substitution, and final units.

#### 🏛️ Board Compatibility:
- **Punjab Boards:** Lahore, Rawalpindi, Gujranwala, Faisalabad, Multan, Sargodha, Sahiwal, Bahawalpur, DG Khan.
- **Federal Board (FBISE):** Islamabad & Cantonment Institutions.
- **KPK & Sindh Boards:** Aligned with Single National Curriculum standards.

#### 💡 Exam Preparation Tips:
- Review past 5-year board questions included at the end of each topic.
- Practice diagrams, derivations, and formulas regularly.
- Memorize key definitions and bold terms for maximum score."
Class 9 Maths (New Syllabus) - Chapter 3 - Exercise 3.3,Mathematics,9,PCTB (Punjab Curriculum & Textbook Board),CHAPTER_WISE,3,Solved Numericals,TaleemCity / PakParcha,https://drive.google.com/file/d/14u-X-fCevm26_vXXkxvQWsrV0TcdwNiB/preview,"### Comprehensive Mathematics Class 9 (Unit 3) Notes & Solutions

These Mathematics notes for Class 9 (Class 9 Maths (New Syllabus) - Chapter 3 - Exercise 3.3) are prepared strictly according to the Single National Curriculum (SNC 2025–2026) and Punjab Curriculum and Textbook Board (PCTB) standards.

#### 📌 Included In This Resource:
1. **Multiple Choice Questions (MCQs):** Carefully curated objective questions with verified answer keys.
2. **Short Answer Questions:** Concise, exam-targeted answers highlighting key definitions, laws, and concepts.
3. **Long & Detailed Questions:** Step-by-step explanations, diagrams, derivations, and board-standard headings.
4. **Textbook Solved Exercises & Numericals:** Complete solved numericals and exercises with given data, formula substitution, and final units.

#### 🏛️ Board Compatibility:
- **Punjab Boards:** Lahore, Rawalpindi, Gujranwala, Faisalabad, Multan, Sargodha, Sahiwal, Bahawalpur, DG Khan.
- **Federal Board (FBISE):** Islamabad & Cantonment Institutions.
- **KPK & Sindh Boards:** Aligned with Single National Curriculum standards.

#### 💡 Exam Preparation Tips:
- Review past 5-year board questions included at the end of each topic.
- Practice diagrams, derivations, and formulas regularly.
- Memorize key definitions and bold terms for maximum score."
Class 9 Maths (New Syllabus) - Chapter 3 - Review Exercise 3,Mathematics,9,PCTB (Punjab Curriculum & Textbook Board),CHAPTER_WISE,3,Solved Numericals,TaleemCity / PakParcha,https://drive.google.com/file/d/11cJrpVoq9pwc9KYbR89M9j6PAVfrMj7q/preview,"### Comprehensive Mathematics Class 9 (Unit 3) Notes & Solutions

These Mathematics notes for Class 9 (Class 9 Maths (New Syllabus) - Chapter 3 - Review Exercise 3) are prepared strictly according to the Single National Curriculum (SNC 2025–2026) and Punjab Curriculum and Textbook Board (PCTB) standards.

#### 📌 Included In This Resource:
1. **Multiple Choice Questions (MCQs):** Carefully curated objective questions with verified answer keys.
2. **Short Answer Questions:** Concise, exam-targeted answers highlighting key definitions, laws, and concepts.
3. **Long & Detailed Questions:** Step-by-step explanations, diagrams, derivations, and board-standard headings.
4. **Textbook Solved Exercises & Numericals:** Complete solved numericals and exercises with given data, formula substitution, and final units.

#### 🏛️ Board Compatibility:
- **Punjab Boards:** Lahore, Rawalpindi, Gujranwala, Faisalabad, Multan, Sargodha, Sahiwal, Bahawalpur, DG Khan.
- **Federal Board (FBISE):** Islamabad & Cantonment Institutions.
- **KPK & Sindh Boards:** Aligned with Single National Curriculum standards.

#### 💡 Exam Preparation Tips:
- Review past 5-year board questions included at the end of each topic.
- Practice diagrams, derivations, and formulas regularly.
- Memorize key definitions and bold terms for maximum score."
Class 9 Maths (New Syllabus) - Chapter 4 - Exercise 4.1,Mathematics,9,PCTB (Punjab Curriculum & Textbook Board),CHAPTER_WISE,4,Solved Numericals,TaleemCity / PakParcha,https://drive.google.com/file/d/1oF3_PnY-7_jdirWFRcOylZTMjzE9_M0z/preview,"### Comprehensive Mathematics Class 9 (Unit 4) Notes & Solutions

These Mathematics notes for Class 9 (Class 9 Maths (New Syllabus) - Chapter 4 - Exercise 4.1) are prepared strictly according to the Single National Curriculum (SNC 2025–2026) and Punjab Curriculum and Textbook Board (PCTB) standards.

#### 📌 Included In This Resource:
1. **Multiple Choice Questions (MCQs):** Carefully curated objective questions with verified answer keys.
2. **Short Answer Questions:** Concise, exam-targeted answers highlighting key definitions, laws, and concepts.
3. **Long & Detailed Questions:** Step-by-step explanations, diagrams, derivations, and board-standard headings.
4. **Textbook Solved Exercises & Numericals:** Complete solved numericals and exercises with given data, formula substitution, and final units.

#### 🏛️ Board Compatibility:
- **Punjab Boards:** Lahore, Rawalpindi, Gujranwala, Faisalabad, Multan, Sargodha, Sahiwal, Bahawalpur, DG Khan.
- **Federal Board (FBISE):** Islamabad & Cantonment Institutions.
- **KPK & Sindh Boards:** Aligned with Single National Curriculum standards.

#### 💡 Exam Preparation Tips:
- Review past 5-year board questions included at the end of each topic.
- Practice diagrams, derivations, and formulas regularly.
- Memorize key definitions and bold terms for maximum score."
Class 9 Maths (New Syllabus) - Chapter 4 - Exercise 4.2,Mathematics,9,PCTB (Punjab Curriculum & Textbook Board),CHAPTER_WISE,4,Solved Numericals,TaleemCity / PakParcha,https://drive.google.com/file/d/1iJNl6slzJC6TIBWML4irlSUL-8dvyHMk/preview,"### Comprehensive Mathematics Class 9 (Unit 4) Notes & Solutions

These Mathematics notes for Class 9 (Class 9 Maths (New Syllabus) - Chapter 4 - Exercise 4.2) are prepared strictly according to the Single National Curriculum (SNC 2025–2026) and Punjab Curriculum and Textbook Board (PCTB) standards.

#### 📌 Included In This Resource:
1. **Multiple Choice Questions (MCQs):** Carefully curated objective questions with verified answer keys.
2. **Short Answer Questions:** Concise, exam-targeted answers highlighting key definitions, laws, and concepts.
3. **Long & Detailed Questions:** Step-by-step explanations, diagrams, derivations, and board-standard headings.
4. **Textbook Solved Exercises & Numericals:** Complete solved numericals and exercises with given data, formula substitution, and final units.

#### 🏛️ Board Compatibility:
- **Punjab Boards:** Lahore, Rawalpindi, Gujranwala, Faisalabad, Multan, Sargodha, Sahiwal, Bahawalpur, DG Khan.
- **Federal Board (FBISE):** Islamabad & Cantonment Institutions.
- **KPK & Sindh Boards:** Aligned with Single National Curriculum standards.

#### 💡 Exam Preparation Tips:
- Review past 5-year board questions included at the end of each topic.
- Practice diagrams, derivations, and formulas regularly.
- Memorize key definitions and bold terms for maximum score."
Class 9 Maths (New Syllabus) - Chapter 4 - Exercise 4.3,Mathematics,9,PCTB (Punjab Curriculum & Textbook Board),CHAPTER_WISE,4,Solved Numericals,TaleemCity / PakParcha,https://drive.google.com/file/d/1KnrH2PXa_pvEa64gp_hjbqtcM-NktfbV/preview,"### Comprehensive Mathematics Class 9 (Unit 4) Notes & Solutions

These Mathematics notes for Class 9 (Class 9 Maths (New Syllabus) - Chapter 4 - Exercise 4.3) are prepared strictly according to the Single National Curriculum (SNC 2025–2026) and Punjab Curriculum and Textbook Board (PCTB) standards.

#### 📌 Included In This Resource:
1. **Multiple Choice Questions (MCQs):** Carefully curated objective questions with verified answer keys.
2. **Short Answer Questions:** Concise, exam-targeted answers highlighting key definitions, laws, and concepts.
3. **Long & Detailed Questions:** Step-by-step explanations, diagrams, derivations, and board-standard headings.
4. **Textbook Solved Exercises & Numericals:** Complete solved numericals and exercises with given data, formula substitution, and final units.

#### 🏛️ Board Compatibility:
- **Punjab Boards:** Lahore, Rawalpindi, Gujranwala, Faisalabad, Multan, Sargodha, Sahiwal, Bahawalpur, DG Khan.
- **Federal Board (FBISE):** Islamabad & Cantonment Institutions.
- **KPK & Sindh Boards:** Aligned with Single National Curriculum standards.

#### 💡 Exam Preparation Tips:
- Review past 5-year board questions included at the end of each topic.
- Practice diagrams, derivations, and formulas regularly.
- Memorize key definitions and bold terms for maximum score."
Class 9 Maths (New Syllabus) - Chapter 4 - Exercise 4.4,Mathematics,9,PCTB (Punjab Curriculum & Textbook Board),CHAPTER_WISE,4,Solved Numericals,TaleemCity / PakParcha,https://drive.google.com/file/d/16x3WHyZpWjrSt4mCuN2v7fA8tS6YUIdd/preview,"### Comprehensive Mathematics Class 9 (Unit 4) Notes & Solutions

These Mathematics notes for Class 9 (Class 9 Maths (New Syllabus) - Chapter 4 - Exercise 4.4) are prepared strictly according to the Single National Curriculum (SNC 2025–2026) and Punjab Curriculum and Textbook Board (PCTB) standards.

#### 📌 Included In This Resource:
1. **Multiple Choice Questions (MCQs):** Carefully curated objective questions with verified answer keys.
2. **Short Answer Questions:** Concise, exam-targeted answers highlighting key definitions, laws, and concepts.
3. **Long & Detailed Questions:** Step-by-step explanations, diagrams, derivations, and board-standard headings.
4. **Textbook Solved Exercises & Numericals:** Complete solved numericals and exercises with given data, formula substitution, and final units.

#### 🏛️ Board Compatibility:
- **Punjab Boards:** Lahore, Rawalpindi, Gujranwala, Faisalabad, Multan, Sargodha, Sahiwal, Bahawalpur, DG Khan.
- **Federal Board (FBISE):** Islamabad & Cantonment Institutions.
- **KPK & Sindh Boards:** Aligned with Single National Curriculum standards.

#### 💡 Exam Preparation Tips:
- Review past 5-year board questions included at the end of each topic.
- Practice diagrams, derivations, and formulas regularly.
- Memorize key definitions and bold terms for maximum score."
Class 9 Maths (New Syllabus) - Chapter 4 - Review Exercise 4 watermark,Mathematics,9,PCTB (Punjab Curriculum & Textbook Board),CHAPTER_WISE,4,Solved Numericals,TaleemCity / PakParcha,https://drive.google.com/file/d/1VJhtHzIGZvaUpdBLPdktFb99an9lSj-B/preview,"### Comprehensive Mathematics Class 9 (Unit 4) Notes & Solutions

These Mathematics notes for Class 9 (Class 9 Maths (New Syllabus) - Chapter 4 - Review Exercise 4 watermark) are prepared strictly according to the Single National Curriculum (SNC 2025–2026) and Punjab Curriculum and Textbook Board (PCTB) standards.

#### 📌 Included In This Resource:
1. **Multiple Choice Questions (MCQs):** Carefully curated objective questions with verified answer keys.
2. **Short Answer Questions:** Concise, exam-targeted answers highlighting key definitions, laws, and concepts.
3. **Long & Detailed Questions:** Step-by-step explanations, diagrams, derivations, and board-standard headings.
4. **Textbook Solved Exercises & Numericals:** Complete solved numericals and exercises with given data, formula substitution, and final units.

#### 🏛️ Board Compatibility:
- **Punjab Boards:** Lahore, Rawalpindi, Gujranwala, Faisalabad, Multan, Sargodha, Sahiwal, Bahawalpur, DG Khan.
- **Federal Board (FBISE):** Islamabad & Cantonment Institutions.
- **KPK & Sindh Boards:** Aligned with Single National Curriculum standards.

#### 💡 Exam Preparation Tips:
- Review past 5-year board questions included at the end of each topic.
- Practice diagrams, derivations, and formulas regularly.
- Memorize key definitions and bold terms for maximum score."
Class 9 Maths (New Syllabus) - Chapter 4 - Review Exercise 4,Mathematics,9,PCTB (Punjab Curriculum & Textbook Board),CHAPTER_WISE,4,Solved Numericals,TaleemCity / PakParcha,https://drive.google.com/file/d/1aThA4frru6GJSuFp2C00elzfVF4CjCnz/preview,"### Comprehensive Mathematics Class 9 (Unit 4) Notes & Solutions

These Mathematics notes for Class 9 (Class 9 Maths (New Syllabus) - Chapter 4 - Review Exercise 4) are prepared strictly according to the Single National Curriculum (SNC 2025–2026) and Punjab Curriculum and Textbook Board (PCTB) standards.

#### 📌 Included In This Resource:
1. **Multiple Choice Questions (MCQs):** Carefully curated objective questions with verified answer keys.
2. **Short Answer Questions:** Concise, exam-targeted answers highlighting key definitions, laws, and concepts.
3. **Long & Detailed Questions:** Step-by-step explanations, diagrams, derivations, and board-standard headings.
4. **Textbook Solved Exercises & Numericals:** Complete solved numericals and exercises with given data, formula substitution, and final units.

#### 🏛️ Board Compatibility:
- **Punjab Boards:** Lahore, Rawalpindi, Gujranwala, Faisalabad, Multan, Sargodha, Sahiwal, Bahawalpur, DG Khan.
- **Federal Board (FBISE):** Islamabad & Cantonment Institutions.
- **KPK & Sindh Boards:** Aligned with Single National Curriculum standards.

#### 💡 Exam Preparation Tips:
- Review past 5-year board questions included at the end of each topic.
- Practice diagrams, derivations, and formulas regularly.
- Memorize key definitions and bold terms for maximum score."
Class 9 Maths (New Syllabus) - Chapter 5 - Exercise 5.1,Mathematics,9,PCTB (Punjab Curriculum & Textbook Board),CHAPTER_WISE,5,Solved Numericals,TaleemCity / PakParcha,https://drive.google.com/file/d/1QXU9hiDfxV9GeGL2Lsl8I16l6WgdKf5L/preview,"### Comprehensive Mathematics Class 9 (Unit 5) Notes & Solutions

These Mathematics notes for Class 9 (Class 9 Maths (New Syllabus) - Chapter 5 - Exercise 5.1) are prepared strictly according to the Single National Curriculum (SNC 2025–2026) and Punjab Curriculum and Textbook Board (PCTB) standards.

#### 📌 Included In This Resource:
1. **Multiple Choice Questions (MCQs):** Carefully curated objective questions with verified answer keys.
2. **Short Answer Questions:** Concise, exam-targeted answers highlighting key definitions, laws, and concepts.
3. **Long & Detailed Questions:** Step-by-step explanations, diagrams, derivations, and board-standard headings.
4. **Textbook Solved Exercises & Numericals:** Complete solved numericals and exercises with given data, formula substitution, and final units.

#### 🏛️ Board Compatibility:
- **Punjab Boards:** Lahore, Rawalpindi, Gujranwala, Faisalabad, Multan, Sargodha, Sahiwal, Bahawalpur, DG Khan.
- **Federal Board (FBISE):** Islamabad & Cantonment Institutions.
- **KPK & Sindh Boards:** Aligned with Single National Curriculum standards.

#### 💡 Exam Preparation Tips:
- Review past 5-year board questions included at the end of each topic.
- Practice diagrams, derivations, and formulas regularly.
- Memorize key definitions and bold terms for maximum score."
Class 9 Maths (New Syllabus) - Chapter 5 - Exercise 5.2,Mathematics,9,PCTB (Punjab Curriculum & Textbook Board),CHAPTER_WISE,5,Solved Numericals,TaleemCity / PakParcha,https://drive.google.com/file/d/1TnUDZGIIiavCLutYcd7EAsP3Cn8xIOc5/preview,"### Comprehensive Mathematics Class 9 (Unit 5) Notes & Solutions

These Mathematics notes for Class 9 (Class 9 Maths (New Syllabus) - Chapter 5 - Exercise 5.2) are prepared strictly according to the Single National Curriculum (SNC 2025–2026) and Punjab Curriculum and Textbook Board (PCTB) standards.

#### 📌 Included In This Resource:
1. **Multiple Choice Questions (MCQs):** Carefully curated objective questions with verified answer keys.
2. **Short Answer Questions:** Concise, exam-targeted answers highlighting key definitions, laws, and concepts.
3. **Long & Detailed Questions:** Step-by-step explanations, diagrams, derivations, and board-standard headings.
4. **Textbook Solved Exercises & Numericals:** Complete solved numericals and exercises with given data, formula substitution, and final units.

#### 🏛️ Board Compatibility:
- **Punjab Boards:** Lahore, Rawalpindi, Gujranwala, Faisalabad, Multan, Sargodha, Sahiwal, Bahawalpur, DG Khan.
- **Federal Board (FBISE):** Islamabad & Cantonment Institutions.
- **KPK & Sindh Boards:** Aligned with Single National Curriculum standards.

#### 💡 Exam Preparation Tips:
- Review past 5-year board questions included at the end of each topic.
- Practice diagrams, derivations, and formulas regularly.
- Memorize key definitions and bold terms for maximum score."
Class 9 Maths (New Syllabus) - Chapter 5 - Review Exercise 5,Mathematics,9,PCTB (Punjab Curriculum & Textbook Board),CHAPTER_WISE,5,Solved Numericals,TaleemCity / PakParcha,https://drive.google.com/file/d/1UtDX-7QBL5iInOdi_X52-rCnmDgsK8t7/preview,"### Comprehensive Mathematics Class 9 (Unit 5) Notes & Solutions

These Mathematics notes for Class 9 (Class 9 Maths (New Syllabus) - Chapter 5 - Review Exercise 5) are prepared strictly according to the Single National Curriculum (SNC 2025–2026) and Punjab Curriculum and Textbook Board (PCTB) standards.

#### 📌 Included In This Resource:
1. **Multiple Choice Questions (MCQs):** Carefully curated objective questions with verified answer keys.
2. **Short Answer Questions:** Concise, exam-targeted answers highlighting key definitions, laws, and concepts.
3. **Long & Detailed Questions:** Step-by-step explanations, diagrams, derivations, and board-standard headings.
4. **Textbook Solved Exercises & Numericals:** Complete solved numericals and exercises with given data, formula substitution, and final units.

#### 🏛️ Board Compatibility:
- **Punjab Boards:** Lahore, Rawalpindi, Gujranwala, Faisalabad, Multan, Sargodha, Sahiwal, Bahawalpur, DG Khan.
- **Federal Board (FBISE):** Islamabad & Cantonment Institutions.
- **KPK & Sindh Boards:** Aligned with Single National Curriculum standards.

#### 💡 Exam Preparation Tips:
- Review past 5-year board questions included at the end of each topic.
- Practice diagrams, derivations, and formulas regularly.
- Memorize key definitions and bold terms for maximum score."
Class 9 Maths (New Syllabus) - Chapter 6 - Exercise 6.1,Mathematics,9,PCTB (Punjab Curriculum & Textbook Board),CHAPTER_WISE,6,Solved Numericals,TaleemCity / PakParcha,https://drive.google.com/file/d/1yqaQm-fLGs3Cn1eN3hoJzw66Q5eO_iJ5/preview,"### Comprehensive Mathematics Class 9 (Unit 6) Notes & Solutions

These Mathematics notes for Class 9 (Class 9 Maths (New Syllabus) - Chapter 6 - Exercise 6.1) are prepared strictly according to the Single National Curriculum (SNC 2025–2026) and Punjab Curriculum and Textbook Board (PCTB) standards.

#### 📌 Included In This Resource:
1. **Multiple Choice Questions (MCQs):** Carefully curated objective questions with verified answer keys.
2. **Short Answer Questions:** Concise, exam-targeted answers highlighting key definitions, laws, and concepts.
3. **Long & Detailed Questions:** Step-by-step explanations, diagrams, derivations, and board-standard headings.
4. **Textbook Solved Exercises & Numericals:** Complete solved numericals and exercises with given data, formula substitution, and final units.

#### 🏛️ Board Compatibility:
- **Punjab Boards:** Lahore, Rawalpindi, Gujranwala, Faisalabad, Multan, Sargodha, Sahiwal, Bahawalpur, DG Khan.
- **Federal Board (FBISE):** Islamabad & Cantonment Institutions.
- **KPK & Sindh Boards:** Aligned with Single National Curriculum standards.

#### 💡 Exam Preparation Tips:
- Review past 5-year board questions included at the end of each topic.
- Practice diagrams, derivations, and formulas regularly.
- Memorize key definitions and bold terms for maximum score."
Class 9 Maths (New Syllabus) - Chapter 6 - Exercise 6.2,Mathematics,9,PCTB (Punjab Curriculum & Textbook Board),CHAPTER_WISE,6,Solved Numericals,TaleemCity / PakParcha,https://drive.google.com/file/d/1AnLTiEifYDADSc7WofMNPRIc9gR2tMl5/preview,"### Comprehensive Mathematics Class 9 (Unit 6) Notes & Solutions

These Mathematics notes for Class 9 (Class 9 Maths (New Syllabus) - Chapter 6 - Exercise 6.2) are prepared strictly according to the Single National Curriculum (SNC 2025–2026) and Punjab Curriculum and Textbook Board (PCTB) standards.

#### 📌 Included In This Resource:
1. **Multiple Choice Questions (MCQs):** Carefully curated objective questions with verified answer keys.
2. **Short Answer Questions:** Concise, exam-targeted answers highlighting key definitions, laws, and concepts.
3. **Long & Detailed Questions:** Step-by-step explanations, diagrams, derivations, and board-standard headings.
4. **Textbook Solved Exercises & Numericals:** Complete solved numericals and exercises with given data, formula substitution, and final units.

#### 🏛️ Board Compatibility:
- **Punjab Boards:** Lahore, Rawalpindi, Gujranwala, Faisalabad, Multan, Sargodha, Sahiwal, Bahawalpur, DG Khan.
- **Federal Board (FBISE):** Islamabad & Cantonment Institutions.
- **KPK & Sindh Boards:** Aligned with Single National Curriculum standards.

#### 💡 Exam Preparation Tips:
- Review past 5-year board questions included at the end of each topic.
- Practice diagrams, derivations, and formulas regularly.
- Memorize key definitions and bold terms for maximum score."
Class 9 Maths (New Syllabus) - Chapter 6 - Exercise 6.3,Mathematics,9,PCTB (Punjab Curriculum & Textbook Board),CHAPTER_WISE,6,Solved Numericals,TaleemCity / PakParcha,https://drive.google.com/file/d/1TUQMXdDPehsNSViQTpFj9ybgfg8iZQZF/preview,"### Comprehensive Mathematics Class 9 (Unit 6) Notes & Solutions

These Mathematics notes for Class 9 (Class 9 Maths (New Syllabus) - Chapter 6 - Exercise 6.3) are prepared strictly according to the Single National Curriculum (SNC 2025–2026) and Punjab Curriculum and Textbook Board (PCTB) standards.

#### 📌 Included In This Resource:
1. **Multiple Choice Questions (MCQs):** Carefully curated objective questions with verified answer keys.
2. **Short Answer Questions:** Concise, exam-targeted answers highlighting key definitions, laws, and concepts.
3. **Long & Detailed Questions:** Step-by-step explanations, diagrams, derivations, and board-standard headings.
4. **Textbook Solved Exercises & Numericals:** Complete solved numericals and exercises with given data, formula substitution, and final units.

#### 🏛️ Board Compatibility:
- **Punjab Boards:** Lahore, Rawalpindi, Gujranwala, Faisalabad, Multan, Sargodha, Sahiwal, Bahawalpur, DG Khan.
- **Federal Board (FBISE):** Islamabad & Cantonment Institutions.
- **KPK & Sindh Boards:** Aligned with Single National Curriculum standards.

#### 💡 Exam Preparation Tips:
- Review past 5-year board questions included at the end of each topic.
- Practice diagrams, derivations, and formulas regularly.
- Memorize key definitions and bold terms for maximum score."
Class 9 Maths (New Syllabus) - Chapter 6 - Exercise 6.4,Mathematics,9,PCTB (Punjab Curriculum & Textbook Board),CHAPTER_WISE,6,Solved Numericals,TaleemCity / PakParcha,https://drive.google.com/file/d/1Sn9mAvscm-RBOGZ5nLDu-JztiVgbEIOD/preview,"### Comprehensive Mathematics Class 9 (Unit 6) Notes & Solutions

These Mathematics notes for Class 9 (Class 9 Maths (New Syllabus) - Chapter 6 - Exercise 6.4) are prepared strictly according to the Single National Curriculum (SNC 2025–2026) and Punjab Curriculum and Textbook Board (PCTB) standards.

#### 📌 Included In This Resource:
1. **Multiple Choice Questions (MCQs):** Carefully curated objective questions with verified answer keys.
2. **Short Answer Questions:** Concise, exam-targeted answers highlighting key definitions, laws, and concepts.
3. **Long & Detailed Questions:** Step-by-step explanations, diagrams, derivations, and board-standard headings.
4. **Textbook Solved Exercises & Numericals:** Complete solved numericals and exercises with given data, formula substitution, and final units.

#### 🏛️ Board Compatibility:
- **Punjab Boards:** Lahore, Rawalpindi, Gujranwala, Faisalabad, Multan, Sargodha, Sahiwal, Bahawalpur, DG Khan.
- **Federal Board (FBISE):** Islamabad & Cantonment Institutions.
- **KPK & Sindh Boards:** Aligned with Single National Curriculum standards.

#### 💡 Exam Preparation Tips:
- Review past 5-year board questions included at the end of each topic.
- Practice diagrams, derivations, and formulas regularly.
- Memorize key definitions and bold terms for maximum score."
Class 9 Maths (New Syllabus) - Chapter 6 - Exercise 6.5,Mathematics,9,PCTB (Punjab Curriculum & Textbook Board),CHAPTER_WISE,6,Solved Numericals,TaleemCity / PakParcha,https://drive.google.com/file/d/1jbehelI_NBzBK5bOefx2gbOQrErdvAj4/preview,"### Comprehensive Mathematics Class 9 (Unit 6) Notes & Solutions

These Mathematics notes for Class 9 (Class 9 Maths (New Syllabus) - Chapter 6 - Exercise 6.5) are prepared strictly according to the Single National Curriculum (SNC 2025–2026) and Punjab Curriculum and Textbook Board (PCTB) standards.

#### 📌 Included In This Resource:
1. **Multiple Choice Questions (MCQs):** Carefully curated objective questions with verified answer keys.
2. **Short Answer Questions:** Concise, exam-targeted answers highlighting key definitions, laws, and concepts.
3. **Long & Detailed Questions:** Step-by-step explanations, diagrams, derivations, and board-standard headings.
4. **Textbook Solved Exercises & Numericals:** Complete solved numericals and exercises with given data, formula substitution, and final units.

#### 🏛️ Board Compatibility:
- **Punjab Boards:** Lahore, Rawalpindi, Gujranwala, Faisalabad, Multan, Sargodha, Sahiwal, Bahawalpur, DG Khan.
- **Federal Board (FBISE):** Islamabad & Cantonment Institutions.
- **KPK & Sindh Boards:** Aligned with Single National Curriculum standards.

#### 💡 Exam Preparation Tips:
- Review past 5-year board questions included at the end of each topic.
- Practice diagrams, derivations, and formulas regularly.
- Memorize key definitions and bold terms for maximum score."
Class 9 Maths (New Syllabus) - Chapter 6 - Exercise 6.6,Mathematics,9,PCTB (Punjab Curriculum & Textbook Board),CHAPTER_WISE,6,Solved Numericals,TaleemCity / PakParcha,https://drive.google.com/file/d/1plNVHiKLMzKdh5o8b2SD7SOFhcZxzghf/preview,"### Comprehensive Mathematics Class 9 (Unit 6) Notes & Solutions

These Mathematics notes for Class 9 (Class 9 Maths (New Syllabus) - Chapter 6 - Exercise 6.6) are prepared strictly according to the Single National Curriculum (SNC 2025–2026) and Punjab Curriculum and Textbook Board (PCTB) standards.

#### 📌 Included In This Resource:
1. **Multiple Choice Questions (MCQs):** Carefully curated objective questions with verified answer keys.
2. **Short Answer Questions:** Concise, exam-targeted answers highlighting key definitions, laws, and concepts.
3. **Long & Detailed Questions:** Step-by-step explanations, diagrams, derivations, and board-standard headings.
4. **Textbook Solved Exercises & Numericals:** Complete solved numericals and exercises with given data, formula substitution, and final units.

#### 🏛️ Board Compatibility:
- **Punjab Boards:** Lahore, Rawalpindi, Gujranwala, Faisalabad, Multan, Sargodha, Sahiwal, Bahawalpur, DG Khan.
- **Federal Board (FBISE):** Islamabad & Cantonment Institutions.
- **KPK & Sindh Boards:** Aligned with Single National Curriculum standards.

#### 💡 Exam Preparation Tips:
- Review past 5-year board questions included at the end of each topic.
- Practice diagrams, derivations, and formulas regularly.
- Memorize key definitions and bold terms for maximum score."
Class 9 Maths (New Syllabus) - Chapter 6 - Review Exercise 6,Mathematics,9,PCTB (Punjab Curriculum & Textbook Board),CHAPTER_WISE,6,Solved Numericals,TaleemCity / PakParcha,https://drive.google.com/file/d/1GexWSsKZM-g_J3zL7VlVC8-vlZ1JJEgM/preview,"### Comprehensive Mathematics Class 9 (Unit 6) Notes & Solutions

These Mathematics notes for Class 9 (Class 9 Maths (New Syllabus) - Chapter 6 - Review Exercise 6) are prepared strictly according to the Single National Curriculum (SNC 2025–2026) and Punjab Curriculum and Textbook Board (PCTB) standards.

#### 📌 Included In This Resource:
1. **Multiple Choice Questions (MCQs):** Carefully curated objective questions with verified answer keys.
2. **Short Answer Questions:** Concise, exam-targeted answers highlighting key definitions, laws, and concepts.
3. **Long & Detailed Questions:** Step-by-step explanations, diagrams, derivations, and board-standard headings.
4. **Textbook Solved Exercises & Numericals:** Complete solved numericals and exercises with given data, formula substitution, and final units.

#### 🏛️ Board Compatibility:
- **Punjab Boards:** Lahore, Rawalpindi, Gujranwala, Faisalabad, Multan, Sargodha, Sahiwal, Bahawalpur, DG Khan.
- **Federal Board (FBISE):** Islamabad & Cantonment Institutions.
- **KPK & Sindh Boards:** Aligned with Single National Curriculum standards.

#### 💡 Exam Preparation Tips:
- Review past 5-year board questions included at the end of each topic.
- Practice diagrams, derivations, and formulas regularly.
- Memorize key definitions and bold terms for maximum score."
Class 9 Maths (New Syllabus) - Chapter 7 - Exercise 7.1,Mathematics,9,PCTB (Punjab Curriculum & Textbook Board),CHAPTER_WISE,7,Solved Numericals,TaleemCity / PakParcha,https://drive.google.com/file/d/1FZNjuoq36Jqkzh7USrN7Ooso7EaAwXe2/preview,"### Comprehensive Mathematics Class 9 (Unit 7) Notes & Solutions

These Mathematics notes for Class 9 (Class 9 Maths (New Syllabus) - Chapter 7 - Exercise 7.1) are prepared strictly according to the Single National Curriculum (SNC 2025–2026) and Punjab Curriculum and Textbook Board (PCTB) standards.

#### 📌 Included In This Resource:
1. **Multiple Choice Questions (MCQs):** Carefully curated objective questions with verified answer keys.
2. **Short Answer Questions:** Concise, exam-targeted answers highlighting key definitions, laws, and concepts.
3. **Long & Detailed Questions:** Step-by-step explanations, diagrams, derivations, and board-standard headings.
4. **Textbook Solved Exercises & Numericals:** Complete solved numericals and exercises with given data, formula substitution, and final units.

#### 🏛️ Board Compatibility:
- **Punjab Boards:** Lahore, Rawalpindi, Gujranwala, Faisalabad, Multan, Sargodha, Sahiwal, Bahawalpur, DG Khan.
- **Federal Board (FBISE):** Islamabad & Cantonment Institutions.
- **KPK & Sindh Boards:** Aligned with Single National Curriculum standards.

#### 💡 Exam Preparation Tips:
- Review past 5-year board questions included at the end of each topic.
- Practice diagrams, derivations, and formulas regularly.
- Memorize key definitions and bold terms for maximum score."
Class 9 Maths (New Syllabus) - Chapter 7 - Exercise 7.2,Mathematics,9,PCTB (Punjab Curriculum & Textbook Board),CHAPTER_WISE,7,Solved Numericals,TaleemCity / PakParcha,https://drive.google.com/file/d/1wEGpxpZ0alNFxl-m3tQthxf2wvoWymPZ/preview,"### Comprehensive Mathematics Class 9 (Unit 7) Notes & Solutions

These Mathematics notes for Class 9 (Class 9 Maths (New Syllabus) - Chapter 7 - Exercise 7.2) are prepared strictly according to the Single National Curriculum (SNC 2025–2026) and Punjab Curriculum and Textbook Board (PCTB) standards.

#### 📌 Included In This Resource:
1. **Multiple Choice Questions (MCQs):** Carefully curated objective questions with verified answer keys.
2. **Short Answer Questions:** Concise, exam-targeted answers highlighting key definitions, laws, and concepts.
3. **Long & Detailed Questions:** Step-by-step explanations, diagrams, derivations, and board-standard headings.
4. **Textbook Solved Exercises & Numericals:** Complete solved numericals and exercises with given data, formula substitution, and final units.

#### 🏛️ Board Compatibility:
- **Punjab Boards:** Lahore, Rawalpindi, Gujranwala, Faisalabad, Multan, Sargodha, Sahiwal, Bahawalpur, DG Khan.
- **Federal Board (FBISE):** Islamabad & Cantonment Institutions.
- **KPK & Sindh Boards:** Aligned with Single National Curriculum standards.

#### 💡 Exam Preparation Tips:
- Review past 5-year board questions included at the end of each topic.
- Practice diagrams, derivations, and formulas regularly.
- Memorize key definitions and bold terms for maximum score."
Class 9 Maths (New Syllabus) - Chapter 7 - Exercise 7.3,Mathematics,9,PCTB (Punjab Curriculum & Textbook Board),CHAPTER_WISE,7,Solved Numericals,TaleemCity / PakParcha,https://drive.google.com/file/d/1LRpw2P1xbd6DWLylsGnfBcKgeBZ0C6JJ/preview,"### Comprehensive Mathematics Class 9 (Unit 7) Notes & Solutions

These Mathematics notes for Class 9 (Class 9 Maths (New Syllabus) - Chapter 7 - Exercise 7.3) are prepared strictly according to the Single National Curriculum (SNC 2025–2026) and Punjab Curriculum and Textbook Board (PCTB) standards.

#### 📌 Included In This Resource:
1. **Multiple Choice Questions (MCQs):** Carefully curated objective questions with verified answer keys.
2. **Short Answer Questions:** Concise, exam-targeted answers highlighting key definitions, laws, and concepts.
3. **Long & Detailed Questions:** Step-by-step explanations, diagrams, derivations, and board-standard headings.
4. **Textbook Solved Exercises & Numericals:** Complete solved numericals and exercises with given data, formula substitution, and final units.

#### 🏛️ Board Compatibility:
- **Punjab Boards:** Lahore, Rawalpindi, Gujranwala, Faisalabad, Multan, Sargodha, Sahiwal, Bahawalpur, DG Khan.
- **Federal Board (FBISE):** Islamabad & Cantonment Institutions.
- **KPK & Sindh Boards:** Aligned with Single National Curriculum standards.

#### 💡 Exam Preparation Tips:
- Review past 5-year board questions included at the end of each topic.
- Practice diagrams, derivations, and formulas regularly.
- Memorize key definitions and bold terms for maximum score."
Class 9 Maths (New Syllabus) - Chapter 7 - Review Exercise 7,Mathematics,9,PCTB (Punjab Curriculum & Textbook Board),CHAPTER_WISE,7,Solved Numericals,TaleemCity / PakParcha,https://drive.google.com/file/d/1DBaatRybolydtCAJ-oWKlsh2Uo7ZkXx0/preview,"### Comprehensive Mathematics Class 9 (Unit 7) Notes & Solutions

These Mathematics notes for Class 9 (Class 9 Maths (New Syllabus) - Chapter 7 - Review Exercise 7) are prepared strictly according to the Single National Curriculum (SNC 2025–2026) and Punjab Curriculum and Textbook Board (PCTB) standards.

#### 📌 Included In This Resource:
1. **Multiple Choice Questions (MCQs):** Carefully curated objective questions with verified answer keys.
2. **Short Answer Questions:** Concise, exam-targeted answers highlighting key definitions, laws, and concepts.
3. **Long & Detailed Questions:** Step-by-step explanations, diagrams, derivations, and board-standard headings.
4. **Textbook Solved Exercises & Numericals:** Complete solved numericals and exercises with given data, formula substitution, and final units.

#### 🏛️ Board Compatibility:
- **Punjab Boards:** Lahore, Rawalpindi, Gujranwala, Faisalabad, Multan, Sargodha, Sahiwal, Bahawalpur, DG Khan.
- **Federal Board (FBISE):** Islamabad & Cantonment Institutions.
- **KPK & Sindh Boards:** Aligned with Single National Curriculum standards.

#### 💡 Exam Preparation Tips:
- Review past 5-year board questions included at the end of each topic.
- Practice diagrams, derivations, and formulas regularly.
- Memorize key definitions and bold terms for maximum score."
Class 9 Maths (New Syllabus) - Chapter 8 - Review Exercise 8,Mathematics,9,PCTB (Punjab Curriculum & Textbook Board),CHAPTER_WISE,8,Solved Numericals,TaleemCity / PakParcha,https://drive.google.com/file/d/1UXHoecMOSTzffii9wexiZ13u9RYxn5In/preview,"### Comprehensive Mathematics Class 9 (Unit 8) Notes & Solutions

These Mathematics notes for Class 9 (Class 9 Maths (New Syllabus) - Chapter 8 - Review Exercise 8) are prepared strictly according to the Single National Curriculum (SNC 2025–2026) and Punjab Curriculum and Textbook Board (PCTB) standards.

#### 📌 Included In This Resource:
1. **Multiple Choice Questions (MCQs):** Carefully curated objective questions with verified answer keys.
2. **Short Answer Questions:** Concise, exam-targeted answers highlighting key definitions, laws, and concepts.
3. **Long & Detailed Questions:** Step-by-step explanations, diagrams, derivations, and board-standard headings.
4. **Textbook Solved Exercises & Numericals:** Complete solved numericals and exercises with given data, formula substitution, and final units.

#### 🏛️ Board Compatibility:
- **Punjab Boards:** Lahore, Rawalpindi, Gujranwala, Faisalabad, Multan, Sargodha, Sahiwal, Bahawalpur, DG Khan.
- **Federal Board (FBISE):** Islamabad & Cantonment Institutions.
- **KPK & Sindh Boards:** Aligned with Single National Curriculum standards.

#### 💡 Exam Preparation Tips:
- Review past 5-year board questions included at the end of each topic.
- Practice diagrams, derivations, and formulas regularly.
- Memorize key definitions and bold terms for maximum score."
Class 9 Maths (New Syllabus) - Chapter 9 - Exercise 9.1,Mathematics,9,PCTB (Punjab Curriculum & Textbook Board),CHAPTER_WISE,9,Solved Numericals,TaleemCity / PakParcha,https://drive.google.com/file/d/1xp56dTdcFckOYW-5q3hjlYwDmUHFaYj-/preview,"### Comprehensive Mathematics Class 9 (Unit 9) Notes & Solutions

These Mathematics notes for Class 9 (Class 9 Maths (New Syllabus) - Chapter 9 - Exercise 9.1) are prepared strictly according to the Single National Curriculum (SNC 2025–2026) and Punjab Curriculum and Textbook Board (PCTB) standards.

#### 📌 Included In This Resource:
1. **Multiple Choice Questions (MCQs):** Carefully curated objective questions with verified answer keys.
2. **Short Answer Questions:** Concise, exam-targeted answers highlighting key definitions, laws, and concepts.
3. **Long & Detailed Questions:** Step-by-step explanations, diagrams, derivations, and board-standard headings.
4. **Textbook Solved Exercises & Numericals:** Complete solved numericals and exercises with given data, formula substitution, and final units.

#### 🏛️ Board Compatibility:
- **Punjab Boards:** Lahore, Rawalpindi, Gujranwala, Faisalabad, Multan, Sargodha, Sahiwal, Bahawalpur, DG Khan.
- **Federal Board (FBISE):** Islamabad & Cantonment Institutions.
- **KPK & Sindh Boards:** Aligned with Single National Curriculum standards.

#### 💡 Exam Preparation Tips:
- Review past 5-year board questions included at the end of each topic.
- Practice diagrams, derivations, and formulas regularly.
- Memorize key definitions and bold terms for maximum score."
Class 9 Maths (New Syllabus) - Chapter 9 - Exercise 9.2,Mathematics,9,PCTB (Punjab Curriculum & Textbook Board),CHAPTER_WISE,9,Solved Numericals,TaleemCity / PakParcha,https://drive.google.com/file/d/1945EetZ1M0Oo90pqbr5sZKTqzjbCEZoj/preview,"### Comprehensive Mathematics Class 9 (Unit 9) Notes & Solutions

These Mathematics notes for Class 9 (Class 9 Maths (New Syllabus) - Chapter 9 - Exercise 9.2) are prepared strictly according to the Single National Curriculum (SNC 2025–2026) and Punjab Curriculum and Textbook Board (PCTB) standards.

#### 📌 Included In This Resource:
1. **Multiple Choice Questions (MCQs):** Carefully curated objective questions with verified answer keys.
2. **Short Answer Questions:** Concise, exam-targeted answers highlighting key definitions, laws, and concepts.
3. **Long & Detailed Questions:** Step-by-step explanations, diagrams, derivations, and board-standard headings.
4. **Textbook Solved Exercises & Numericals:** Complete solved numericals and exercises with given data, formula substitution, and final units.

#### 🏛️ Board Compatibility:
- **Punjab Boards:** Lahore, Rawalpindi, Gujranwala, Faisalabad, Multan, Sargodha, Sahiwal, Bahawalpur, DG Khan.
- **Federal Board (FBISE):** Islamabad & Cantonment Institutions.
- **KPK & Sindh Boards:** Aligned with Single National Curriculum standards.

#### 💡 Exam Preparation Tips:
- Review past 5-year board questions included at the end of each topic.
- Practice diagrams, derivations, and formulas regularly.
- Memorize key definitions and bold terms for maximum score."
Class 9 Maths (New Syllabus) - Chapter 9 - Exercise 9.3,Mathematics,9,PCTB (Punjab Curriculum & Textbook Board),CHAPTER_WISE,9,Solved Numericals,TaleemCity / PakParcha,https://drive.google.com/file/d/1hRG88nE1J6-Inm-ysHWFkiSev0lcGCiP/preview,"### Comprehensive Mathematics Class 9 (Unit 9) Notes & Solutions

These Mathematics notes for Class 9 (Class 9 Maths (New Syllabus) - Chapter 9 - Exercise 9.3) are prepared strictly according to the Single National Curriculum (SNC 2025–2026) and Punjab Curriculum and Textbook Board (PCTB) standards.

#### 📌 Included In This Resource:
1. **Multiple Choice Questions (MCQs):** Carefully curated objective questions with verified answer keys.
2. **Short Answer Questions:** Concise, exam-targeted answers highlighting key definitions, laws, and concepts.
3. **Long & Detailed Questions:** Step-by-step explanations, diagrams, derivations, and board-standard headings.
4. **Textbook Solved Exercises & Numericals:** Complete solved numericals and exercises with given data, formula substitution, and final units.

#### 🏛️ Board Compatibility:
- **Punjab Boards:** Lahore, Rawalpindi, Gujranwala, Faisalabad, Multan, Sargodha, Sahiwal, Bahawalpur, DG Khan.
- **Federal Board (FBISE):** Islamabad & Cantonment Institutions.
- **KPK & Sindh Boards:** Aligned with Single National Curriculum standards.

#### 💡 Exam Preparation Tips:
- Review past 5-year board questions included at the end of each topic.
- Practice diagrams, derivations, and formulas regularly.
- Memorize key definitions and bold terms for maximum score."
Class 9 Maths (New Syllabus) - Chapter 9 - Exercise 9.4,Mathematics,9,PCTB (Punjab Curriculum & Textbook Board),CHAPTER_WISE,9,Solved Numericals,TaleemCity / PakParcha,https://drive.google.com/file/d/1_yWZIxaHyz2wyLtJHC52HLICzsoTktE3/preview,"### Comprehensive Mathematics Class 9 (Unit 9) Notes & Solutions

These Mathematics notes for Class 9 (Class 9 Maths (New Syllabus) - Chapter 9 - Exercise 9.4) are prepared strictly according to the Single National Curriculum (SNC 2025–2026) and Punjab Curriculum and Textbook Board (PCTB) standards.

#### 📌 Included In This Resource:
1. **Multiple Choice Questions (MCQs):** Carefully curated objective questions with verified answer keys.
2. **Short Answer Questions:** Concise, exam-targeted answers highlighting key definitions, laws, and concepts.
3. **Long & Detailed Questions:** Step-by-step explanations, diagrams, derivations, and board-standard headings.
4. **Textbook Solved Exercises & Numericals:** Complete solved numericals and exercises with given data, formula substitution, and final units.

#### 🏛️ Board Compatibility:
- **Punjab Boards:** Lahore, Rawalpindi, Gujranwala, Faisalabad, Multan, Sargodha, Sahiwal, Bahawalpur, DG Khan.
- **Federal Board (FBISE):** Islamabad & Cantonment Institutions.
- **KPK & Sindh Boards:** Aligned with Single National Curriculum standards.

#### 💡 Exam Preparation Tips:
- Review past 5-year board questions included at the end of each topic.
- Practice diagrams, derivations, and formulas regularly.
- Memorize key definitions and bold terms for maximum score."
Class 9 Maths (New Syllabus) - Chapter 9 - Review Exercise 9,Mathematics,9,PCTB (Punjab Curriculum & Textbook Board),CHAPTER_WISE,9,Solved Numericals,TaleemCity / PakParcha,https://drive.google.com/file/d/1vg7V_IEfgMC2n9oQg_FPAYpeKUPhWxKv/preview,"### Comprehensive Mathematics Class 9 (Unit 9) Notes & Solutions

These Mathematics notes for Class 9 (Class 9 Maths (New Syllabus) - Chapter 9 - Review Exercise 9) are prepared strictly according to the Single National Curriculum (SNC 2025–2026) and Punjab Curriculum and Textbook Board (PCTB) standards.

#### 📌 Included In This Resource:
1. **Multiple Choice Questions (MCQs):** Carefully curated objective questions with verified answer keys.
2. **Short Answer Questions:** Concise, exam-targeted answers highlighting key definitions, laws, and concepts.
3. **Long & Detailed Questions:** Step-by-step explanations, diagrams, derivations, and board-standard headings.
4. **Textbook Solved Exercises & Numericals:** Complete solved numericals and exercises with given data, formula substitution, and final units.

#### 🏛️ Board Compatibility:
- **Punjab Boards:** Lahore, Rawalpindi, Gujranwala, Faisalabad, Multan, Sargodha, Sahiwal, Bahawalpur, DG Khan.
- **Federal Board (FBISE):** Islamabad & Cantonment Institutions.
- **KPK & Sindh Boards:** Aligned with Single National Curriculum standards.

#### 💡 Exam Preparation Tips:
- Review past 5-year board questions included at the end of each topic.
- Practice diagrams, derivations, and formulas regularly.
- Memorize key definitions and bold terms for maximum score."
Class 9 Maths (New Syllabus) - Chapter 10 - Exercise 10.1,Mathematics,9,PCTB (Punjab Curriculum & Textbook Board),CHAPTER_WISE,10,Solved Numericals,TaleemCity / PakParcha,https://drive.google.com/file/d/1W1tjvbDJ0Ixsin9zZg0leIftbWUBjxDR/preview,"### Comprehensive Mathematics Class 9 (Unit 10) Notes & Solutions

These Mathematics notes for Class 9 (Class 9 Maths (New Syllabus) - Chapter 10 - Exercise 10.1) are prepared strictly according to the Single National Curriculum (SNC 2025–2026) and Punjab Curriculum and Textbook Board (PCTB) standards.

#### 📌 Included In This Resource:
1. **Multiple Choice Questions (MCQs):** Carefully curated objective questions with verified answer keys.
2. **Short Answer Questions:** Concise, exam-targeted answers highlighting key definitions, laws, and concepts.
3. **Long & Detailed Questions:** Step-by-step explanations, diagrams, derivations, and board-standard headings.
4. **Textbook Solved Exercises & Numericals:** Complete solved numericals and exercises with given data, formula substitution, and final units.

#### 🏛️ Board Compatibility:
- **Punjab Boards:** Lahore, Rawalpindi, Gujranwala, Faisalabad, Multan, Sargodha, Sahiwal, Bahawalpur, DG Khan.
- **Federal Board (FBISE):** Islamabad & Cantonment Institutions.
- **KPK & Sindh Boards:** Aligned with Single National Curriculum standards.

#### 💡 Exam Preparation Tips:
- Review past 5-year board questions included at the end of each topic.
- Practice diagrams, derivations, and formulas regularly.
- Memorize key definitions and bold terms for maximum score."
Class 9 Maths (New Syllabus) - Chapter 10 - Exercise 10.2,Mathematics,9,PCTB (Punjab Curriculum & Textbook Board),CHAPTER_WISE,10,Solved Numericals,TaleemCity / PakParcha,https://drive.google.com/file/d/10F5AJktwW6kyM4Gv-XbFU73-bJWQUxWV/preview,"### Comprehensive Mathematics Class 9 (Unit 10) Notes & Solutions

These Mathematics notes for Class 9 (Class 9 Maths (New Syllabus) - Chapter 10 - Exercise 10.2) are prepared strictly according to the Single National Curriculum (SNC 2025–2026) and Punjab Curriculum and Textbook Board (PCTB) standards.

#### 📌 Included In This Resource:
1. **Multiple Choice Questions (MCQs):** Carefully curated objective questions with verified answer keys.
2. **Short Answer Questions:** Concise, exam-targeted answers highlighting key definitions, laws, and concepts.
3. **Long & Detailed Questions:** Step-by-step explanations, diagrams, derivations, and board-standard headings.
4. **Textbook Solved Exercises & Numericals:** Complete solved numericals and exercises with given data, formula substitution, and final units.

#### 🏛️ Board Compatibility:
- **Punjab Boards:** Lahore, Rawalpindi, Gujranwala, Faisalabad, Multan, Sargodha, Sahiwal, Bahawalpur, DG Khan.
- **Federal Board (FBISE):** Islamabad & Cantonment Institutions.
- **KPK & Sindh Boards:** Aligned with Single National Curriculum standards.

#### 💡 Exam Preparation Tips:
- Review past 5-year board questions included at the end of each topic.
- Practice diagrams, derivations, and formulas regularly.
- Memorize key definitions and bold terms for maximum score."
Class 9 Maths (New Syllabus) - Chapter 10 - Review Exercise 10,Mathematics,9,PCTB (Punjab Curriculum & Textbook Board),CHAPTER_WISE,10,Solved Numericals,TaleemCity / PakParcha,https://drive.google.com/file/d/1tZeX5Y3g7-ZBCfcbgwr9nHGTc3asVg4T/preview,"### Comprehensive Mathematics Class 9 (Unit 10) Notes & Solutions

These Mathematics notes for Class 9 (Class 9 Maths (New Syllabus) - Chapter 10 - Review Exercise 10) are prepared strictly according to the Single National Curriculum (SNC 2025–2026) and Punjab Curriculum and Textbook Board (PCTB) standards.

#### 📌 Included In This Resource:
1. **Multiple Choice Questions (MCQs):** Carefully curated objective questions with verified answer keys.
2. **Short Answer Questions:** Concise, exam-targeted answers highlighting key definitions, laws, and concepts.
3. **Long & Detailed Questions:** Step-by-step explanations, diagrams, derivations, and board-standard headings.
4. **Textbook Solved Exercises & Numericals:** Complete solved numericals and exercises with given data, formula substitution, and final units.

#### 🏛️ Board Compatibility:
- **Punjab Boards:** Lahore, Rawalpindi, Gujranwala, Faisalabad, Multan, Sargodha, Sahiwal, Bahawalpur, DG Khan.
- **Federal Board (FBISE):** Islamabad & Cantonment Institutions.
- **KPK & Sindh Boards:** Aligned with Single National Curriculum standards.

#### 💡 Exam Preparation Tips:
- Review past 5-year board questions included at the end of each topic.
- Practice diagrams, derivations, and formulas regularly.
- Memorize key definitions and bold terms for maximum score."
Class 9 Maths (New Syllabus) - Chapter 11 - Exercise 11.1,Mathematics,9,PCTB (Punjab Curriculum & Textbook Board),CHAPTER_WISE,11,Solved Numericals,TaleemCity / PakParcha,https://drive.google.com/file/d/11QeFaIdJtnlVS3TXREv21xCUGSchpYt_/preview,"### Comprehensive Mathematics Class 9 (Unit 11) Notes & Solutions

These Mathematics notes for Class 9 (Class 9 Maths (New Syllabus) - Chapter 11 - Exercise 11.1) are prepared strictly according to the Single National Curriculum (SNC 2025–2026) and Punjab Curriculum and Textbook Board (PCTB) standards.

#### 📌 Included In This Resource:
1. **Multiple Choice Questions (MCQs):** Carefully curated objective questions with verified answer keys.
2. **Short Answer Questions:** Concise, exam-targeted answers highlighting key definitions, laws, and concepts.
3. **Long & Detailed Questions:** Step-by-step explanations, diagrams, derivations, and board-standard headings.
4. **Textbook Solved Exercises & Numericals:** Complete solved numericals and exercises with given data, formula substitution, and final units.

#### 🏛️ Board Compatibility:
- **Punjab Boards:** Lahore, Rawalpindi, Gujranwala, Faisalabad, Multan, Sargodha, Sahiwal, Bahawalpur, DG Khan.
- **Federal Board (FBISE):** Islamabad & Cantonment Institutions.
- **KPK & Sindh Boards:** Aligned with Single National Curriculum standards.

#### 💡 Exam Preparation Tips:
- Review past 5-year board questions included at the end of each topic.
- Practice diagrams, derivations, and formulas regularly.
- Memorize key definitions and bold terms for maximum score."
Class 9 Maths (New Syllabus) - Chapter 11 - Exercise 11.2,Mathematics,9,PCTB (Punjab Curriculum & Textbook Board),CHAPTER_WISE,11,Solved Numericals,TaleemCity / PakParcha,https://drive.google.com/file/d/1ejWNV39hc5ORhPNi3zy4TJLsGo4dzt7H/preview,"### Comprehensive Mathematics Class 9 (Unit 11) Notes & Solutions

These Mathematics notes for Class 9 (Class 9 Maths (New Syllabus) - Chapter 11 - Exercise 11.2) are prepared strictly according to the Single National Curriculum (SNC 2025–2026) and Punjab Curriculum and Textbook Board (PCTB) standards.

#### 📌 Included In This Resource:
1. **Multiple Choice Questions (MCQs):** Carefully curated objective questions with verified answer keys.
2. **Short Answer Questions:** Concise, exam-targeted answers highlighting key definitions, laws, and concepts.
3. **Long & Detailed Questions:** Step-by-step explanations, diagrams, derivations, and board-standard headings.
4. **Textbook Solved Exercises & Numericals:** Complete solved numericals and exercises with given data, formula substitution, and final units.

#### 🏛️ Board Compatibility:
- **Punjab Boards:** Lahore, Rawalpindi, Gujranwala, Faisalabad, Multan, Sargodha, Sahiwal, Bahawalpur, DG Khan.
- **Federal Board (FBISE):** Islamabad & Cantonment Institutions.
- **KPK & Sindh Boards:** Aligned with Single National Curriculum standards.

#### 💡 Exam Preparation Tips:
- Review past 5-year board questions included at the end of each topic.
- Practice diagrams, derivations, and formulas regularly.
- Memorize key definitions and bold terms for maximum score."
Class 9 Maths (New Syllabus) - Chapter 11 - Review Exercise 11,Mathematics,9,PCTB (Punjab Curriculum & Textbook Board),CHAPTER_WISE,11,Solved Numericals,TaleemCity / PakParcha,https://drive.google.com/file/d/1Eysuj9z8c7KijHcminjD2KcVdgVapU70/preview,"### Comprehensive Mathematics Class 9 (Unit 11) Notes & Solutions

These Mathematics notes for Class 9 (Class 9 Maths (New Syllabus) - Chapter 11 - Review Exercise 11) are prepared strictly according to the Single National Curriculum (SNC 2025–2026) and Punjab Curriculum and Textbook Board (PCTB) standards.

#### 📌 Included In This Resource:
1. **Multiple Choice Questions (MCQs):** Carefully curated objective questions with verified answer keys.
2. **Short Answer Questions:** Concise, exam-targeted answers highlighting key definitions, laws, and concepts.
3. **Long & Detailed Questions:** Step-by-step explanations, diagrams, derivations, and board-standard headings.
4. **Textbook Solved Exercises & Numericals:** Complete solved numericals and exercises with given data, formula substitution, and final units.

#### 🏛️ Board Compatibility:
- **Punjab Boards:** Lahore, Rawalpindi, Gujranwala, Faisalabad, Multan, Sargodha, Sahiwal, Bahawalpur, DG Khan.
- **Federal Board (FBISE):** Islamabad & Cantonment Institutions.
- **KPK & Sindh Boards:** Aligned with Single National Curriculum standards.

#### 💡 Exam Preparation Tips:
- Review past 5-year board questions included at the end of each topic.
- Practice diagrams, derivations, and formulas regularly.
- Memorize key definitions and bold terms for maximum score."
Class 9 Maths (New Syllabus) - Chapter 12 - Exercise 12.1,Mathematics,9,PCTB (Punjab Curriculum & Textbook Board),CHAPTER_WISE,12,Solved Numericals,TaleemCity / PakParcha,https://drive.google.com/file/d/1DX_Qm9_RAdnoszns4vdp70lk9MMFk_g8/preview,"### Comprehensive Mathematics Class 9 (Unit 12) Notes & Solutions

These Mathematics notes for Class 9 (Class 9 Maths (New Syllabus) - Chapter 12 - Exercise 12.1) are prepared strictly according to the Single National Curriculum (SNC 2025–2026) and Punjab Curriculum and Textbook Board (PCTB) standards.

#### 📌 Included In This Resource:
1. **Multiple Choice Questions (MCQs):** Carefully curated objective questions with verified answer keys.
2. **Short Answer Questions:** Concise, exam-targeted answers highlighting key definitions, laws, and concepts.
3. **Long & Detailed Questions:** Step-by-step explanations, diagrams, derivations, and board-standard headings.
4. **Textbook Solved Exercises & Numericals:** Complete solved numericals and exercises with given data, formula substitution, and final units.

#### 🏛️ Board Compatibility:
- **Punjab Boards:** Lahore, Rawalpindi, Gujranwala, Faisalabad, Multan, Sargodha, Sahiwal, Bahawalpur, DG Khan.
- **Federal Board (FBISE):** Islamabad & Cantonment Institutions.
- **KPK & Sindh Boards:** Aligned with Single National Curriculum standards.

#### 💡 Exam Preparation Tips:
- Review past 5-year board questions included at the end of each topic.
- Practice diagrams, derivations, and formulas regularly.
- Memorize key definitions and bold terms for maximum score."
Class 9 Maths (New Syllabus) - Chapter 12 - Exercise 12.2,Mathematics,9,PCTB (Punjab Curriculum & Textbook Board),CHAPTER_WISE,12,Solved Numericals,TaleemCity / PakParcha,https://drive.google.com/file/d/1R3r9nz2GAo_UQlrmMTjOFZ4o3z0I9ZLg/preview,"### Comprehensive Mathematics Class 9 (Unit 12) Notes & Solutions

These Mathematics notes for Class 9 (Class 9 Maths (New Syllabus) - Chapter 12 - Exercise 12.2) are prepared strictly according to the Single National Curriculum (SNC 2025–2026) and Punjab Curriculum and Textbook Board (PCTB) standards.

#### 📌 Included In This Resource:
1. **Multiple Choice Questions (MCQs):** Carefully curated objective questions with verified answer keys.
2. **Short Answer Questions:** Concise, exam-targeted answers highlighting key definitions, laws, and concepts.
3. **Long & Detailed Questions:** Step-by-step explanations, diagrams, derivations, and board-standard headings.
4. **Textbook Solved Exercises & Numericals:** Complete solved numericals and exercises with given data, formula substitution, and final units.

#### 🏛️ Board Compatibility:
- **Punjab Boards:** Lahore, Rawalpindi, Gujranwala, Faisalabad, Multan, Sargodha, Sahiwal, Bahawalpur, DG Khan.
- **Federal Board (FBISE):** Islamabad & Cantonment Institutions.
- **KPK & Sindh Boards:** Aligned with Single National Curriculum standards.

#### 💡 Exam Preparation Tips:
- Review past 5-year board questions included at the end of each topic.
- Practice diagrams, derivations, and formulas regularly.
- Memorize key definitions and bold terms for maximum score."
Class 9 Maths (New Syllabus) - Chapter 12 - Review Exercise 12,Mathematics,9,PCTB (Punjab Curriculum & Textbook Board),CHAPTER_WISE,12,Solved Numericals,TaleemCity / PakParcha,https://drive.google.com/file/d/1ar5SBvziMklPt_67F-8cP4MzBzMzINd-/preview,"### Comprehensive Mathematics Class 9 (Unit 12) Notes & Solutions

These Mathematics notes for Class 9 (Class 9 Maths (New Syllabus) - Chapter 12 - Review Exercise 12) are prepared strictly according to the Single National Curriculum (SNC 2025–2026) and Punjab Curriculum and Textbook Board (PCTB) standards.

#### 📌 Included In This Resource:
1. **Multiple Choice Questions (MCQs):** Carefully curated objective questions with verified answer keys.
2. **Short Answer Questions:** Concise, exam-targeted answers highlighting key definitions, laws, and concepts.
3. **Long & Detailed Questions:** Step-by-step explanations, diagrams, derivations, and board-standard headings.
4. **Textbook Solved Exercises & Numericals:** Complete solved numericals and exercises with given data, formula substitution, and final units.

#### 🏛️ Board Compatibility:
- **Punjab Boards:** Lahore, Rawalpindi, Gujranwala, Faisalabad, Multan, Sargodha, Sahiwal, Bahawalpur, DG Khan.
- **Federal Board (FBISE):** Islamabad & Cantonment Institutions.
- **KPK & Sindh Boards:** Aligned with Single National Curriculum standards.

#### 💡 Exam Preparation Tips:
- Review past 5-year board questions included at the end of each topic.
- Practice diagrams, derivations, and formulas regularly.
- Memorize key definitions and bold terms for maximum score."
Class 9 Maths (New Syllabus) - Chapter 13 - Exercise 13.1,Mathematics,9,PCTB (Punjab Curriculum & Textbook Board),CHAPTER_WISE,13,Solved Numericals,TaleemCity / PakParcha,https://drive.google.com/file/d/1JxTV-pO6V_uXmwrQPcTjgSIcpb1g72aW/preview,"### Comprehensive Mathematics Class 9 (Unit 13) Notes & Solutions

These Mathematics notes for Class 9 (Class 9 Maths (New Syllabus) - Chapter 13 - Exercise 13.1) are prepared strictly according to the Single National Curriculum (SNC 2025–2026) and Punjab Curriculum and Textbook Board (PCTB) standards.

#### 📌 Included In This Resource:
1. **Multiple Choice Questions (MCQs):** Carefully curated objective questions with verified answer keys.
2. **Short Answer Questions:** Concise, exam-targeted answers highlighting key definitions, laws, and concepts.
3. **Long & Detailed Questions:** Step-by-step explanations, diagrams, derivations, and board-standard headings.
4. **Textbook Solved Exercises & Numericals:** Complete solved numericals and exercises with given data, formula substitution, and final units.

#### 🏛️ Board Compatibility:
- **Punjab Boards:** Lahore, Rawalpindi, Gujranwala, Faisalabad, Multan, Sargodha, Sahiwal, Bahawalpur, DG Khan.
- **Federal Board (FBISE):** Islamabad & Cantonment Institutions.
- **KPK & Sindh Boards:** Aligned with Single National Curriculum standards.

#### 💡 Exam Preparation Tips:
- Review past 5-year board questions included at the end of each topic.
- Practice diagrams, derivations, and formulas regularly.
- Memorize key definitions and bold terms for maximum score."
Unit 01 Chapter 1 â Ideological Basis of Pakistan,Pakistan Studies,9,PCTB (Punjab Curriculum & Textbook Board),CHAPTER_WISE,1,Chapter Questions,TaleemCity / PakParcha,https://drive.google.com/file/d/1s34aM11wHYKdVWdzKxQjAshin3vjhNfB/preview,"### Comprehensive Pakistan Studies Class 9 (Unit 1) Notes & Solutions

These Pakistan Studies notes for Class 9 (Unit 01 Chapter 1 â Ideological Basis of Pakistan) are prepared strictly according to the Single National Curriculum (SNC 2025–2026) and Punjab Curriculum and Textbook Board (PCTB) standards.

#### 📌 Included In This Resource:
1. **Multiple Choice Questions (MCQs):** Carefully curated objective questions with verified answer keys.
2. **Short Answer Questions:** Concise, exam-targeted answers highlighting key definitions, laws, and concepts.
3. **Long & Detailed Questions:** Step-by-step explanations, diagrams, derivations, and board-standard headings.
4. **Textbook Solved Exercises & Numericals:** Complete solved numericals and exercises with given data, formula substitution, and final units.

#### 🏛️ Board Compatibility:
- **Punjab Boards:** Lahore, Rawalpindi, Gujranwala, Faisalabad, Multan, Sargodha, Sahiwal, Bahawalpur, DG Khan.
- **Federal Board (FBISE):** Islamabad & Cantonment Institutions.
- **KPK & Sindh Boards:** Aligned with Single National Curriculum standards.

#### 💡 Exam Preparation Tips:
- Review past 5-year board questions included at the end of each topic.
- Practice diagrams, derivations, and formulas regularly.
- Memorize key definitions and bold terms for maximum score."
Unit 01 Chapter 1 â Pakistan ki Nazaryati Asas,Pakistan Studies,9,PCTB (Punjab Curriculum & Textbook Board),CHAPTER_WISE,1,Chapter Questions,TaleemCity / PakParcha,https://drive.google.com/file/d/1NxjPMvJZRxk9Pdhmw1KQYrYN65pGsFbd/preview,"### Comprehensive Pakistan Studies Class 9 (Unit 1) Notes & Solutions

These Pakistan Studies notes for Class 9 (Unit 01 Chapter 1 â Pakistan ki Nazaryati Asas) are prepared strictly according to the Single National Curriculum (SNC 2025–2026) and Punjab Curriculum and Textbook Board (PCTB) standards.

#### 📌 Included In This Resource:
1. **Multiple Choice Questions (MCQs):** Carefully curated objective questions with verified answer keys.
2. **Short Answer Questions:** Concise, exam-targeted answers highlighting key definitions, laws, and concepts.
3. **Long & Detailed Questions:** Step-by-step explanations, diagrams, derivations, and board-standard headings.
4. **Textbook Solved Exercises & Numericals:** Complete solved numericals and exercises with given data, formula substitution, and final units.

#### 🏛️ Board Compatibility:
- **Punjab Boards:** Lahore, Rawalpindi, Gujranwala, Faisalabad, Multan, Sargodha, Sahiwal, Bahawalpur, DG Khan.
- **Federal Board (FBISE):** Islamabad & Cantonment Institutions.
- **KPK & Sindh Boards:** Aligned with Single National Curriculum standards.

#### 💡 Exam Preparation Tips:
- Review past 5-year board questions included at the end of each topic.
- Practice diagrams, derivations, and formulas regularly.
- Memorize key definitions and bold terms for maximum score."
Unit 02 Chapter 2 â Pakistan ka Qayam,Pakistan Studies,9,PCTB (Punjab Curriculum & Textbook Board),CHAPTER_WISE,2,Chapter Questions,TaleemCity / PakParcha,https://drive.google.com/file/d/1HTbbi-94-w7DPsOFX9AnQ47nJ2sg8Q5g/preview,"### Comprehensive Pakistan Studies Class 9 (Unit 2) Notes & Solutions

These Pakistan Studies notes for Class 9 (Unit 02 Chapter 2 â Pakistan ka Qayam) are prepared strictly according to the Single National Curriculum (SNC 2025–2026) and Punjab Curriculum and Textbook Board (PCTB) standards.

#### 📌 Included In This Resource:
1. **Multiple Choice Questions (MCQs):** Carefully curated objective questions with verified answer keys.
2. **Short Answer Questions:** Concise, exam-targeted answers highlighting key definitions, laws, and concepts.
3. **Long & Detailed Questions:** Step-by-step explanations, diagrams, derivations, and board-standard headings.
4. **Textbook Solved Exercises & Numericals:** Complete solved numericals and exercises with given data, formula substitution, and final units.

#### 🏛️ Board Compatibility:
- **Punjab Boards:** Lahore, Rawalpindi, Gujranwala, Faisalabad, Multan, Sargodha, Sahiwal, Bahawalpur, DG Khan.
- **Federal Board (FBISE):** Islamabad & Cantonment Institutions.
- **KPK & Sindh Boards:** Aligned with Single National Curriculum standards.

#### 💡 Exam Preparation Tips:
- Review past 5-year board questions included at the end of each topic.
- Practice diagrams, derivations, and formulas regularly.
- Memorize key definitions and bold terms for maximum score."
Unit 02 Chapter 2 â The Pakistan Movement and Emergence of Pakistan,Pakistan Studies,9,PCTB (Punjab Curriculum & Textbook Board),CHAPTER_WISE,2,Chapter Questions,TaleemCity / PakParcha,https://drive.google.com/file/d/19Kx1IJSJnrCVGu-2f7YxXXbnBZRljcEZ/preview,"### Comprehensive Pakistan Studies Class 9 (Unit 2) Notes & Solutions

These Pakistan Studies notes for Class 9 (Unit 02 Chapter 2 â The Pakistan Movement and Emergence of Pakistan) are prepared strictly according to the Single National Curriculum (SNC 2025–2026) and Punjab Curriculum and Textbook Board (PCTB) standards.

#### 📌 Included In This Resource:
1. **Multiple Choice Questions (MCQs):** Carefully curated objective questions with verified answer keys.
2. **Short Answer Questions:** Concise, exam-targeted answers highlighting key definitions, laws, and concepts.
3. **Long & Detailed Questions:** Step-by-step explanations, diagrams, derivations, and board-standard headings.
4. **Textbook Solved Exercises & Numericals:** Complete solved numericals and exercises with given data, formula substitution, and final units.

#### 🏛️ Board Compatibility:
- **Punjab Boards:** Lahore, Rawalpindi, Gujranwala, Faisalabad, Multan, Sargodha, Sahiwal, Bahawalpur, DG Khan.
- **Federal Board (FBISE):** Islamabad & Cantonment Institutions.
- **KPK & Sindh Boards:** Aligned with Single National Curriculum standards.

#### 💡 Exam Preparation Tips:
- Review past 5-year board questions included at the end of each topic.
- Practice diagrams, derivations, and formulas regularly.
- Memorize key definitions and bold terms for maximum score."
Unit 03 Chapter 3 â Land and Environment,Pakistan Studies,9,PCTB (Punjab Curriculum & Textbook Board),CHAPTER_WISE,3,Chapter Questions,TaleemCity / PakParcha,https://drive.google.com/file/d/1Hkp2JtNuNVoXEtxE-hAXrWy0WubsCULX/preview,"### Comprehensive Pakistan Studies Class 9 (Unit 3) Notes & Solutions

These Pakistan Studies notes for Class 9 (Unit 03 Chapter 3 â Land and Environment) are prepared strictly according to the Single National Curriculum (SNC 2025–2026) and Punjab Curriculum and Textbook Board (PCTB) standards.

#### 📌 Included In This Resource:
1. **Multiple Choice Questions (MCQs):** Carefully curated objective questions with verified answer keys.
2. **Short Answer Questions:** Concise, exam-targeted answers highlighting key definitions, laws, and concepts.
3. **Long & Detailed Questions:** Step-by-step explanations, diagrams, derivations, and board-standard headings.
4. **Textbook Solved Exercises & Numericals:** Complete solved numericals and exercises with given data, formula substitution, and final units.

#### 🏛️ Board Compatibility:
- **Punjab Boards:** Lahore, Rawalpindi, Gujranwala, Faisalabad, Multan, Sargodha, Sahiwal, Bahawalpur, DG Khan.
- **Federal Board (FBISE):** Islamabad & Cantonment Institutions.
- **KPK & Sindh Boards:** Aligned with Single National Curriculum standards.

#### 💡 Exam Preparation Tips:
- Review past 5-year board questions included at the end of each topic.
- Practice diagrams, derivations, and formulas regularly.
- Memorize key definitions and bold terms for maximum score."
Unit 03 Chapter 3 &#8211; Zameen aur Mahol,Pakistan Studies,9,PCTB (Punjab Curriculum & Textbook Board),CHAPTER_WISE,3,Chapter Questions,TaleemCity / PakParcha,https://drive.google.com/file/d/1tYtSB93C44zsBR1liaB1NUG6IFMusDDW/preview,"### Comprehensive Pakistan Studies Class 9 (Unit 3) Notes & Solutions

These Pakistan Studies notes for Class 9 (Unit 03 Chapter 3 &#8211; Zameen aur Mahol) are prepared strictly according to the Single National Curriculum (SNC 2025–2026) and Punjab Curriculum and Textbook Board (PCTB) standards.

#### 📌 Included In This Resource:
1. **Multiple Choice Questions (MCQs):** Carefully curated objective questions with verified answer keys.
2. **Short Answer Questions:** Concise, exam-targeted answers highlighting key definitions, laws, and concepts.
3. **Long & Detailed Questions:** Step-by-step explanations, diagrams, derivations, and board-standard headings.
4. **Textbook Solved Exercises & Numericals:** Complete solved numericals and exercises with given data, formula substitution, and final units.

#### 🏛️ Board Compatibility:
- **Punjab Boards:** Lahore, Rawalpindi, Gujranwala, Faisalabad, Multan, Sargodha, Sahiwal, Bahawalpur, DG Khan.
- **Federal Board (FBISE):** Islamabad & Cantonment Institutions.
- **KPK & Sindh Boards:** Aligned with Single National Curriculum standards.

#### 💡 Exam Preparation Tips:
- Review past 5-year board questions included at the end of each topic.
- Practice diagrams, derivations, and formulas regularly.
- Memorize key definitions and bold terms for maximum score."
Unit 04 Chapter 4 â Womenâs Empowerment,Pakistan Studies,9,PCTB (Punjab Curriculum & Textbook Board),CHAPTER_WISE,4,Chapter Questions,TaleemCity / PakParcha,https://drive.google.com/file/d/1GLDplDkxN3SLRrOxHzsre82u7qwubL7C/preview,"### Comprehensive Pakistan Studies Class 9 (Unit 4) Notes & Solutions

These Pakistan Studies notes for Class 9 (Unit 04 Chapter 4 â Womenâs Empowerment) are prepared strictly according to the Single National Curriculum (SNC 2025–2026) and Punjab Curriculum and Textbook Board (PCTB) standards.

#### 📌 Included In This Resource:
1. **Multiple Choice Questions (MCQs):** Carefully curated objective questions with verified answer keys.
2. **Short Answer Questions:** Concise, exam-targeted answers highlighting key definitions, laws, and concepts.
3. **Long & Detailed Questions:** Step-by-step explanations, diagrams, derivations, and board-standard headings.
4. **Textbook Solved Exercises & Numericals:** Complete solved numericals and exercises with given data, formula substitution, and final units.

#### 🏛️ Board Compatibility:
- **Punjab Boards:** Lahore, Rawalpindi, Gujranwala, Faisalabad, Multan, Sargodha, Sahiwal, Bahawalpur, DG Khan.
- **Federal Board (FBISE):** Islamabad & Cantonment Institutions.
- **KPK & Sindh Boards:** Aligned with Single National Curriculum standards.

#### 💡 Exam Preparation Tips:
- Review past 5-year board questions included at the end of each topic.
- Practice diagrams, derivations, and formulas regularly.
- Memorize key definitions and bold terms for maximum score."
Unit 04 Chapter 4 &#8211; Khuwatin Ko Ba-Ikhtiar Banana,Pakistan Studies,9,PCTB (Punjab Curriculum & Textbook Board),CHAPTER_WISE,4,Chapter Questions,TaleemCity / PakParcha,https://drive.google.com/file/d/1YKQseE3E3BSOthrdl2QPIOK3L6gdeO2N/preview,"### Comprehensive Pakistan Studies Class 9 (Unit 4) Notes & Solutions

These Pakistan Studies notes for Class 9 (Unit 04 Chapter 4 &#8211; Khuwatin Ko Ba-Ikhtiar Banana) are prepared strictly according to the Single National Curriculum (SNC 2025–2026) and Punjab Curriculum and Textbook Board (PCTB) standards.

#### 📌 Included In This Resource:
1. **Multiple Choice Questions (MCQs):** Carefully curated objective questions with verified answer keys.
2. **Short Answer Questions:** Concise, exam-targeted answers highlighting key definitions, laws, and concepts.
3. **Long & Detailed Questions:** Step-by-step explanations, diagrams, derivations, and board-standard headings.
4. **Textbook Solved Exercises & Numericals:** Complete solved numericals and exercises with given data, formula substitution, and final units.

#### 🏛️ Board Compatibility:
- **Punjab Boards:** Lahore, Rawalpindi, Gujranwala, Faisalabad, Multan, Sargodha, Sahiwal, Bahawalpur, DG Khan.
- **Federal Board (FBISE):** Islamabad & Cantonment Institutions.
- **KPK & Sindh Boards:** Aligned with Single National Curriculum standards.

#### 💡 Exam Preparation Tips:
- Review past 5-year board questions included at the end of each topic.
- Practice diagrams, derivations, and formulas regularly.
- Memorize key definitions and bold terms for maximum score."
Complete Merged Book Notes,Pakistan Studies,9,PCTB (Punjab Curriculum & Textbook Board),FULL_BOOK,,Full Book Complete,TaleemCity / PakParcha,https://drive.google.com/file/d/1BgI4c89Od-xshetefKb05xgJFsGuBhbE/preview,"### Comprehensive Pakistan Studies Class 9 (Full Book Complete Syllabus) Notes & Solutions

These Pakistan Studies notes for Class 9 (Complete Merged Book Notes) are prepared strictly according to the Single National Curriculum (SNC 2025–2026) and Punjab Curriculum and Textbook Board (PCTB) standards.

#### 📌 Included In This Resource:
1. **Multiple Choice Questions (MCQs):** Carefully curated objective questions with verified answer keys.
2. **Short Answer Questions:** Concise, exam-targeted answers highlighting key definitions, laws, and concepts.
3. **Long & Detailed Questions:** Step-by-step explanations, diagrams, derivations, and board-standard headings.
4. **Textbook Solved Exercises & Numericals:** Complete solved numericals and exercises with given data, formula substitution, and final units.

#### 🏛️ Board Compatibility:
- **Punjab Boards:** Lahore, Rawalpindi, Gujranwala, Faisalabad, Multan, Sargodha, Sahiwal, Bahawalpur, DG Khan.
- **Federal Board (FBISE):** Islamabad & Cantonment Institutions.
- **KPK & Sindh Boards:** Aligned with Single National Curriculum standards.

#### 💡 Exam Preparation Tips:
- Review past 5-year board questions included at the end of each topic.
- Practice diagrams, derivations, and formulas regularly.
- Memorize key definitions and bold terms for maximum score."
Class 9 Physics (New Syllabus) - Full Book Complete Notes,Physics,9,PCTB (Punjab Curriculum & Textbook Board),FULL_BOOK,,Full Book Complete,TaleemCity / PakParcha,https://drive.google.com/file/d/1I-G2iPZIWDpSd_Ds6qzOPvayjImkOy6D/preview,"### Comprehensive Physics Class 9 (Full Book Complete Syllabus) Notes & Solutions

These Physics notes for Class 9 (Class 9 Physics (New Syllabus) - Full Book Complete Notes) are prepared strictly according to the Single National Curriculum (SNC 2025–2026) and Punjab Curriculum and Textbook Board (PCTB) standards.

#### 📌 Included In This Resource:
1. **Multiple Choice Questions (MCQs):** Carefully curated objective questions with verified answer keys.
2. **Short Answer Questions:** Concise, exam-targeted answers highlighting key definitions, laws, and concepts.
3. **Long & Detailed Questions:** Step-by-step explanations, diagrams, derivations, and board-standard headings.
4. **Textbook Solved Exercises & Numericals:** Complete solved numericals and exercises with given data, formula substitution, and final units.

#### 🏛️ Board Compatibility:
- **Punjab Boards:** Lahore, Rawalpindi, Gujranwala, Faisalabad, Multan, Sargodha, Sahiwal, Bahawalpur, DG Khan.
- **Federal Board (FBISE):** Islamabad & Cantonment Institutions.
- **KPK & Sindh Boards:** Aligned with Single National Curriculum standards.

#### 💡 Exam Preparation Tips:
- Review past 5-year board questions included at the end of each topic.
- Practice diagrams, derivations, and formulas regularly.
- Memorize key definitions and bold terms for maximum score."
Class 9 Physics (New Syllabus) - Unit 1 - Exercise Numerical (New),Physics,9,PCTB (Punjab Curriculum & Textbook Board),CHAPTER_WISE,1,Solved Numericals,TaleemCity / PakParcha,https://drive.google.com/file/d/1CyRPXH7Vr3jZ8cjy6oO6lccZg9slbFy1/preview,"### Comprehensive Physics Class 9 (Unit 1) Notes & Solutions

These Physics notes for Class 9 (Class 9 Physics (New Syllabus) - Unit 1 - Exercise Numerical (New)) are prepared strictly according to the Single National Curriculum (SNC 2025–2026) and Punjab Curriculum and Textbook Board (PCTB) standards.

#### 📌 Included In This Resource:
1. **Multiple Choice Questions (MCQs):** Carefully curated objective questions with verified answer keys.
2. **Short Answer Questions:** Concise, exam-targeted answers highlighting key definitions, laws, and concepts.
3. **Long & Detailed Questions:** Step-by-step explanations, diagrams, derivations, and board-standard headings.
4. **Textbook Solved Exercises & Numericals:** Complete solved numericals and exercises with given data, formula substitution, and final units.

#### 🏛️ Board Compatibility:
- **Punjab Boards:** Lahore, Rawalpindi, Gujranwala, Faisalabad, Multan, Sargodha, Sahiwal, Bahawalpur, DG Khan.
- **Federal Board (FBISE):** Islamabad & Cantonment Institutions.
- **KPK & Sindh Boards:** Aligned with Single National Curriculum standards.

#### 💡 Exam Preparation Tips:
- Review past 5-year board questions included at the end of each topic.
- Practice diagrams, derivations, and formulas regularly.
- Memorize key definitions and bold terms for maximum score."
Class 9 Physics (New Syllabus) - Unit 1 - Exercise Questions (New),Physics,9,PCTB (Punjab Curriculum & Textbook Board),CHAPTER_WISE,1,Solved Numericals,TaleemCity / PakParcha,https://drive.google.com/file/d/1Jj9-SmapvcDu-UJocg3z8KwDtwVdYk7_/preview,"### Comprehensive Physics Class 9 (Unit 1) Notes & Solutions

These Physics notes for Class 9 (Class 9 Physics (New Syllabus) - Unit 1 - Exercise Questions (New)) are prepared strictly according to the Single National Curriculum (SNC 2025–2026) and Punjab Curriculum and Textbook Board (PCTB) standards.

#### 📌 Included In This Resource:
1. **Multiple Choice Questions (MCQs):** Carefully curated objective questions with verified answer keys.
2. **Short Answer Questions:** Concise, exam-targeted answers highlighting key definitions, laws, and concepts.
3. **Long & Detailed Questions:** Step-by-step explanations, diagrams, derivations, and board-standard headings.
4. **Textbook Solved Exercises & Numericals:** Complete solved numericals and exercises with given data, formula substitution, and final units.

#### 🏛️ Board Compatibility:
- **Punjab Boards:** Lahore, Rawalpindi, Gujranwala, Faisalabad, Multan, Sargodha, Sahiwal, Bahawalpur, DG Khan.
- **Federal Board (FBISE):** Islamabad & Cantonment Institutions.
- **KPK & Sindh Boards:** Aligned with Single National Curriculum standards.

#### 💡 Exam Preparation Tips:
- Review past 5-year board questions included at the end of each topic.
- Practice diagrams, derivations, and formulas regularly.
- Memorize key definitions and bold terms for maximum score."
Class 9 Physics (New Syllabus) - Unit 1 - Long Questions (New),Physics,9,PCTB (Punjab Curriculum & Textbook Board),CHAPTER_WISE,1,Long Questions,TaleemCity / PakParcha,https://drive.google.com/file/d/1OtxODxMLHoK-sJqKcIkf_BU4RFE15V42/preview,"### Comprehensive Physics Class 9 (Unit 1) Notes & Solutions

These Physics notes for Class 9 (Class 9 Physics (New Syllabus) - Unit 1 - Long Questions (New)) are prepared strictly according to the Single National Curriculum (SNC 2025–2026) and Punjab Curriculum and Textbook Board (PCTB) standards.

#### 📌 Included In This Resource:
1. **Multiple Choice Questions (MCQs):** Carefully curated objective questions with verified answer keys.
2. **Short Answer Questions:** Concise, exam-targeted answers highlighting key definitions, laws, and concepts.
3. **Long & Detailed Questions:** Step-by-step explanations, diagrams, derivations, and board-standard headings.
4. **Textbook Solved Exercises & Numericals:** Complete solved numericals and exercises with given data, formula substitution, and final units.

#### 🏛️ Board Compatibility:
- **Punjab Boards:** Lahore, Rawalpindi, Gujranwala, Faisalabad, Multan, Sargodha, Sahiwal, Bahawalpur, DG Khan.
- **Federal Board (FBISE):** Islamabad & Cantonment Institutions.
- **KPK & Sindh Boards:** Aligned with Single National Curriculum standards.

#### 💡 Exam Preparation Tips:
- Review past 5-year board questions included at the end of each topic.
- Practice diagrams, derivations, and formulas regularly.
- Memorize key definitions and bold terms for maximum score."
Class 9 Physics (New Syllabus) - Unit 1 - MCQâs and Short Questions (New),Physics,9,PCTB (Punjab Curriculum & Textbook Board),CHAPTER_WISE,1,Solved MCQs,TaleemCity / PakParcha,https://drive.google.com/file/d/1zdAgyO3AYCtEW9MOy3v6gkDmKss5PArU/preview,"### Comprehensive Physics Class 9 (Unit 1) Notes & Solutions

These Physics notes for Class 9 (Class 9 Physics (New Syllabus) - Unit 1 - MCQâs and Short Questions (New)) are prepared strictly according to the Single National Curriculum (SNC 2025–2026) and Punjab Curriculum and Textbook Board (PCTB) standards.

#### 📌 Included In This Resource:
1. **Multiple Choice Questions (MCQs):** Carefully curated objective questions with verified answer keys.
2. **Short Answer Questions:** Concise, exam-targeted answers highlighting key definitions, laws, and concepts.
3. **Long & Detailed Questions:** Step-by-step explanations, diagrams, derivations, and board-standard headings.
4. **Textbook Solved Exercises & Numericals:** Complete solved numericals and exercises with given data, formula substitution, and final units.

#### 🏛️ Board Compatibility:
- **Punjab Boards:** Lahore, Rawalpindi, Gujranwala, Faisalabad, Multan, Sargodha, Sahiwal, Bahawalpur, DG Khan.
- **Federal Board (FBISE):** Islamabad & Cantonment Institutions.
- **KPK & Sindh Boards:** Aligned with Single National Curriculum standards.

#### 💡 Exam Preparation Tips:
- Review past 5-year board questions included at the end of each topic.
- Practice diagrams, derivations, and formulas regularly.
- Memorize key definitions and bold terms for maximum score."
Class 9 Physics (New Syllabus) - Unit 2 - Exercise Numerical (New),Physics,9,PCTB (Punjab Curriculum & Textbook Board),CHAPTER_WISE,2,Solved Numericals,TaleemCity / PakParcha,https://drive.google.com/file/d/1fFSrcb_WJG2XcUEEx7ffxW8CncWSxv3G/preview,"### Comprehensive Physics Class 9 (Unit 2) Notes & Solutions

These Physics notes for Class 9 (Class 9 Physics (New Syllabus) - Unit 2 - Exercise Numerical (New)) are prepared strictly according to the Single National Curriculum (SNC 2025–2026) and Punjab Curriculum and Textbook Board (PCTB) standards.

#### 📌 Included In This Resource:
1. **Multiple Choice Questions (MCQs):** Carefully curated objective questions with verified answer keys.
2. **Short Answer Questions:** Concise, exam-targeted answers highlighting key definitions, laws, and concepts.
3. **Long & Detailed Questions:** Step-by-step explanations, diagrams, derivations, and board-standard headings.
4. **Textbook Solved Exercises & Numericals:** Complete solved numericals and exercises with given data, formula substitution, and final units.

#### 🏛️ Board Compatibility:
- **Punjab Boards:** Lahore, Rawalpindi, Gujranwala, Faisalabad, Multan, Sargodha, Sahiwal, Bahawalpur, DG Khan.
- **Federal Board (FBISE):** Islamabad & Cantonment Institutions.
- **KPK & Sindh Boards:** Aligned with Single National Curriculum standards.

#### 💡 Exam Preparation Tips:
- Review past 5-year board questions included at the end of each topic.
- Practice diagrams, derivations, and formulas regularly.
- Memorize key definitions and bold terms for maximum score."
Class 9 Physics (New Syllabus) - Unit 2 - Exercise Questions (New),Physics,9,PCTB (Punjab Curriculum & Textbook Board),CHAPTER_WISE,2,Solved Numericals,TaleemCity / PakParcha,https://drive.google.com/file/d/1jDvSFT6ESBddmL1X1bbKjg9_X3NesF-C/preview,"### Comprehensive Physics Class 9 (Unit 2) Notes & Solutions

These Physics notes for Class 9 (Class 9 Physics (New Syllabus) - Unit 2 - Exercise Questions (New)) are prepared strictly according to the Single National Curriculum (SNC 2025–2026) and Punjab Curriculum and Textbook Board (PCTB) standards.

#### 📌 Included In This Resource:
1. **Multiple Choice Questions (MCQs):** Carefully curated objective questions with verified answer keys.
2. **Short Answer Questions:** Concise, exam-targeted answers highlighting key definitions, laws, and concepts.
3. **Long & Detailed Questions:** Step-by-step explanations, diagrams, derivations, and board-standard headings.
4. **Textbook Solved Exercises & Numericals:** Complete solved numericals and exercises with given data, formula substitution, and final units.

#### 🏛️ Board Compatibility:
- **Punjab Boards:** Lahore, Rawalpindi, Gujranwala, Faisalabad, Multan, Sargodha, Sahiwal, Bahawalpur, DG Khan.
- **Federal Board (FBISE):** Islamabad & Cantonment Institutions.
- **KPK & Sindh Boards:** Aligned with Single National Curriculum standards.

#### 💡 Exam Preparation Tips:
- Review past 5-year board questions included at the end of each topic.
- Practice diagrams, derivations, and formulas regularly.
- Memorize key definitions and bold terms for maximum score."
Class 9 Physics (New Syllabus) - Unit 2 - Long Questions (New),Physics,9,PCTB (Punjab Curriculum & Textbook Board),CHAPTER_WISE,2,Long Questions,TaleemCity / PakParcha,https://drive.google.com/file/d/1KemdVPBrq3xH93Ypoh7FvjLSzEFpBIzx/preview,"### Comprehensive Physics Class 9 (Unit 2) Notes & Solutions

These Physics notes for Class 9 (Class 9 Physics (New Syllabus) - Unit 2 - Long Questions (New)) are prepared strictly according to the Single National Curriculum (SNC 2025–2026) and Punjab Curriculum and Textbook Board (PCTB) standards.

#### 📌 Included In This Resource:
1. **Multiple Choice Questions (MCQs):** Carefully curated objective questions with verified answer keys.
2. **Short Answer Questions:** Concise, exam-targeted answers highlighting key definitions, laws, and concepts.
3. **Long & Detailed Questions:** Step-by-step explanations, diagrams, derivations, and board-standard headings.
4. **Textbook Solved Exercises & Numericals:** Complete solved numericals and exercises with given data, formula substitution, and final units.

#### 🏛️ Board Compatibility:
- **Punjab Boards:** Lahore, Rawalpindi, Gujranwala, Faisalabad, Multan, Sargodha, Sahiwal, Bahawalpur, DG Khan.
- **Federal Board (FBISE):** Islamabad & Cantonment Institutions.
- **KPK & Sindh Boards:** Aligned with Single National Curriculum standards.

#### 💡 Exam Preparation Tips:
- Review past 5-year board questions included at the end of each topic.
- Practice diagrams, derivations, and formulas regularly.
- Memorize key definitions and bold terms for maximum score."
Class 9 Physics (New Syllabus) - Unit 2 - MCQâs and Short Questions (New),Physics,9,PCTB (Punjab Curriculum & Textbook Board),CHAPTER_WISE,2,Solved MCQs,TaleemCity / PakParcha,https://drive.google.com/file/d/1msGgvCEyKd21m7L9HnLuyT-Pa3z8lqmg/preview,"### Comprehensive Physics Class 9 (Unit 2) Notes & Solutions

These Physics notes for Class 9 (Class 9 Physics (New Syllabus) - Unit 2 - MCQâs and Short Questions (New)) are prepared strictly according to the Single National Curriculum (SNC 2025–2026) and Punjab Curriculum and Textbook Board (PCTB) standards.

#### 📌 Included In This Resource:
1. **Multiple Choice Questions (MCQs):** Carefully curated objective questions with verified answer keys.
2. **Short Answer Questions:** Concise, exam-targeted answers highlighting key definitions, laws, and concepts.
3. **Long & Detailed Questions:** Step-by-step explanations, diagrams, derivations, and board-standard headings.
4. **Textbook Solved Exercises & Numericals:** Complete solved numericals and exercises with given data, formula substitution, and final units.

#### 🏛️ Board Compatibility:
- **Punjab Boards:** Lahore, Rawalpindi, Gujranwala, Faisalabad, Multan, Sargodha, Sahiwal, Bahawalpur, DG Khan.
- **Federal Board (FBISE):** Islamabad & Cantonment Institutions.
- **KPK & Sindh Boards:** Aligned with Single National Curriculum standards.

#### 💡 Exam Preparation Tips:
- Review past 5-year board questions included at the end of each topic.
- Practice diagrams, derivations, and formulas regularly.
- Memorize key definitions and bold terms for maximum score."
Class 9 Physics (New Syllabus) - Unit 3 - Exercise Numerical (New),Physics,9,PCTB (Punjab Curriculum & Textbook Board),CHAPTER_WISE,3,Solved Numericals,TaleemCity / PakParcha,https://drive.google.com/file/d/1E-JCYEFidPttQFjqkllo3-PWcbthqTH5/preview,"### Comprehensive Physics Class 9 (Unit 3) Notes & Solutions

These Physics notes for Class 9 (Class 9 Physics (New Syllabus) - Unit 3 - Exercise Numerical (New)) are prepared strictly according to the Single National Curriculum (SNC 2025–2026) and Punjab Curriculum and Textbook Board (PCTB) standards.

#### 📌 Included In This Resource:
1. **Multiple Choice Questions (MCQs):** Carefully curated objective questions with verified answer keys.
2. **Short Answer Questions:** Concise, exam-targeted answers highlighting key definitions, laws, and concepts.
3. **Long & Detailed Questions:** Step-by-step explanations, diagrams, derivations, and board-standard headings.
4. **Textbook Solved Exercises & Numericals:** Complete solved numericals and exercises with given data, formula substitution, and final units.

#### 🏛️ Board Compatibility:
- **Punjab Boards:** Lahore, Rawalpindi, Gujranwala, Faisalabad, Multan, Sargodha, Sahiwal, Bahawalpur, DG Khan.
- **Federal Board (FBISE):** Islamabad & Cantonment Institutions.
- **KPK & Sindh Boards:** Aligned with Single National Curriculum standards.

#### 💡 Exam Preparation Tips:
- Review past 5-year board questions included at the end of each topic.
- Practice diagrams, derivations, and formulas regularly.
- Memorize key definitions and bold terms for maximum score."
Class 9 Physics (New Syllabus) - Unit 3 - Exercise Questions (New),Physics,9,PCTB (Punjab Curriculum & Textbook Board),CHAPTER_WISE,3,Solved Numericals,TaleemCity / PakParcha,https://drive.google.com/file/d/1jh4PVjmNhLltVb60xtemq9h7610jdsfQ/preview,"### Comprehensive Physics Class 9 (Unit 3) Notes & Solutions

These Physics notes for Class 9 (Class 9 Physics (New Syllabus) - Unit 3 - Exercise Questions (New)) are prepared strictly according to the Single National Curriculum (SNC 2025–2026) and Punjab Curriculum and Textbook Board (PCTB) standards.

#### 📌 Included In This Resource:
1. **Multiple Choice Questions (MCQs):** Carefully curated objective questions with verified answer keys.
2. **Short Answer Questions:** Concise, exam-targeted answers highlighting key definitions, laws, and concepts.
3. **Long & Detailed Questions:** Step-by-step explanations, diagrams, derivations, and board-standard headings.
4. **Textbook Solved Exercises & Numericals:** Complete solved numericals and exercises with given data, formula substitution, and final units.

#### 🏛️ Board Compatibility:
- **Punjab Boards:** Lahore, Rawalpindi, Gujranwala, Faisalabad, Multan, Sargodha, Sahiwal, Bahawalpur, DG Khan.
- **Federal Board (FBISE):** Islamabad & Cantonment Institutions.
- **KPK & Sindh Boards:** Aligned with Single National Curriculum standards.

#### 💡 Exam Preparation Tips:
- Review past 5-year board questions included at the end of each topic.
- Practice diagrams, derivations, and formulas regularly.
- Memorize key definitions and bold terms for maximum score."
Class 9 Physics (New Syllabus) - Unit 3 - Long Questions (New),Physics,9,PCTB (Punjab Curriculum & Textbook Board),CHAPTER_WISE,3,Long Questions,TaleemCity / PakParcha,https://drive.google.com/file/d/1yka9pvFgYgZn46s3qnnuaSZI7ftBUbBS/preview,"### Comprehensive Physics Class 9 (Unit 3) Notes & Solutions

These Physics notes for Class 9 (Class 9 Physics (New Syllabus) - Unit 3 - Long Questions (New)) are prepared strictly according to the Single National Curriculum (SNC 2025–2026) and Punjab Curriculum and Textbook Board (PCTB) standards.

#### 📌 Included In This Resource:
1. **Multiple Choice Questions (MCQs):** Carefully curated objective questions with verified answer keys.
2. **Short Answer Questions:** Concise, exam-targeted answers highlighting key definitions, laws, and concepts.
3. **Long & Detailed Questions:** Step-by-step explanations, diagrams, derivations, and board-standard headings.
4. **Textbook Solved Exercises & Numericals:** Complete solved numericals and exercises with given data, formula substitution, and final units.

#### 🏛️ Board Compatibility:
- **Punjab Boards:** Lahore, Rawalpindi, Gujranwala, Faisalabad, Multan, Sargodha, Sahiwal, Bahawalpur, DG Khan.
- **Federal Board (FBISE):** Islamabad & Cantonment Institutions.
- **KPK & Sindh Boards:** Aligned with Single National Curriculum standards.

#### 💡 Exam Preparation Tips:
- Review past 5-year board questions included at the end of each topic.
- Practice diagrams, derivations, and formulas regularly.
- Memorize key definitions and bold terms for maximum score."
Class 9 Physics (New Syllabus) - Unit 3 - MCQâs and Short Questions (New),Physics,9,PCTB (Punjab Curriculum & Textbook Board),CHAPTER_WISE,3,Solved MCQs,TaleemCity / PakParcha,https://drive.google.com/file/d/1MhunD4KHV_1QWN0EpDvTPkGdiOdE17ZP/preview,"### Comprehensive Physics Class 9 (Unit 3) Notes & Solutions

These Physics notes for Class 9 (Class 9 Physics (New Syllabus) - Unit 3 - MCQâs and Short Questions (New)) are prepared strictly according to the Single National Curriculum (SNC 2025–2026) and Punjab Curriculum and Textbook Board (PCTB) standards.

#### 📌 Included In This Resource:
1. **Multiple Choice Questions (MCQs):** Carefully curated objective questions with verified answer keys.
2. **Short Answer Questions:** Concise, exam-targeted answers highlighting key definitions, laws, and concepts.
3. **Long & Detailed Questions:** Step-by-step explanations, diagrams, derivations, and board-standard headings.
4. **Textbook Solved Exercises & Numericals:** Complete solved numericals and exercises with given data, formula substitution, and final units.

#### 🏛️ Board Compatibility:
- **Punjab Boards:** Lahore, Rawalpindi, Gujranwala, Faisalabad, Multan, Sargodha, Sahiwal, Bahawalpur, DG Khan.
- **Federal Board (FBISE):** Islamabad & Cantonment Institutions.
- **KPK & Sindh Boards:** Aligned with Single National Curriculum standards.

#### 💡 Exam Preparation Tips:
- Review past 5-year board questions included at the end of each topic.
- Practice diagrams, derivations, and formulas regularly.
- Memorize key definitions and bold terms for maximum score."
Class 9 Physics (New Syllabus) - Unit 4 - Exercise Numerical (New),Physics,9,PCTB (Punjab Curriculum & Textbook Board),CHAPTER_WISE,4,Solved Numericals,TaleemCity / PakParcha,https://drive.google.com/file/d/1I7JkzzzP5LCar5P9G3Wy_evD1_k7Jaz-/preview,"### Comprehensive Physics Class 9 (Unit 4) Notes & Solutions

These Physics notes for Class 9 (Class 9 Physics (New Syllabus) - Unit 4 - Exercise Numerical (New)) are prepared strictly according to the Single National Curriculum (SNC 2025–2026) and Punjab Curriculum and Textbook Board (PCTB) standards.

#### 📌 Included In This Resource:
1. **Multiple Choice Questions (MCQs):** Carefully curated objective questions with verified answer keys.
2. **Short Answer Questions:** Concise, exam-targeted answers highlighting key definitions, laws, and concepts.
3. **Long & Detailed Questions:** Step-by-step explanations, diagrams, derivations, and board-standard headings.
4. **Textbook Solved Exercises & Numericals:** Complete solved numericals and exercises with given data, formula substitution, and final units.

#### 🏛️ Board Compatibility:
- **Punjab Boards:** Lahore, Rawalpindi, Gujranwala, Faisalabad, Multan, Sargodha, Sahiwal, Bahawalpur, DG Khan.
- **Federal Board (FBISE):** Islamabad & Cantonment Institutions.
- **KPK & Sindh Boards:** Aligned with Single National Curriculum standards.

#### 💡 Exam Preparation Tips:
- Review past 5-year board questions included at the end of each topic.
- Practice diagrams, derivations, and formulas regularly.
- Memorize key definitions and bold terms for maximum score."
Class 9 Physics (New Syllabus) - Unit 4 - Exercise Questions (New),Physics,9,PCTB (Punjab Curriculum & Textbook Board),CHAPTER_WISE,4,Solved Numericals,TaleemCity / PakParcha,https://drive.google.com/file/d/13I0T2Tx8F31u574yHUtqYUnGYtcF4hJ2/preview,"### Comprehensive Physics Class 9 (Unit 4) Notes & Solutions

These Physics notes for Class 9 (Class 9 Physics (New Syllabus) - Unit 4 - Exercise Questions (New)) are prepared strictly according to the Single National Curriculum (SNC 2025–2026) and Punjab Curriculum and Textbook Board (PCTB) standards.

#### 📌 Included In This Resource:
1. **Multiple Choice Questions (MCQs):** Carefully curated objective questions with verified answer keys.
2. **Short Answer Questions:** Concise, exam-targeted answers highlighting key definitions, laws, and concepts.
3. **Long & Detailed Questions:** Step-by-step explanations, diagrams, derivations, and board-standard headings.
4. **Textbook Solved Exercises & Numericals:** Complete solved numericals and exercises with given data, formula substitution, and final units.

#### 🏛️ Board Compatibility:
- **Punjab Boards:** Lahore, Rawalpindi, Gujranwala, Faisalabad, Multan, Sargodha, Sahiwal, Bahawalpur, DG Khan.
- **Federal Board (FBISE):** Islamabad & Cantonment Institutions.
- **KPK & Sindh Boards:** Aligned with Single National Curriculum standards.

#### 💡 Exam Preparation Tips:
- Review past 5-year board questions included at the end of each topic.
- Practice diagrams, derivations, and formulas regularly.
- Memorize key definitions and bold terms for maximum score."
Class 9 Physics (New Syllabus) - Unit 4 - Long Questions (New),Physics,9,PCTB (Punjab Curriculum & Textbook Board),CHAPTER_WISE,4,Long Questions,TaleemCity / PakParcha,https://drive.google.com/file/d/10T71pQoNSBMYKrd868xo2Qc7JidSR2HS/preview,"### Comprehensive Physics Class 9 (Unit 4) Notes & Solutions

These Physics notes for Class 9 (Class 9 Physics (New Syllabus) - Unit 4 - Long Questions (New)) are prepared strictly according to the Single National Curriculum (SNC 2025–2026) and Punjab Curriculum and Textbook Board (PCTB) standards.

#### 📌 Included In This Resource:
1. **Multiple Choice Questions (MCQs):** Carefully curated objective questions with verified answer keys.
2. **Short Answer Questions:** Concise, exam-targeted answers highlighting key definitions, laws, and concepts.
3. **Long & Detailed Questions:** Step-by-step explanations, diagrams, derivations, and board-standard headings.
4. **Textbook Solved Exercises & Numericals:** Complete solved numericals and exercises with given data, formula substitution, and final units.

#### 🏛️ Board Compatibility:
- **Punjab Boards:** Lahore, Rawalpindi, Gujranwala, Faisalabad, Multan, Sargodha, Sahiwal, Bahawalpur, DG Khan.
- **Federal Board (FBISE):** Islamabad & Cantonment Institutions.
- **KPK & Sindh Boards:** Aligned with Single National Curriculum standards.

#### 💡 Exam Preparation Tips:
- Review past 5-year board questions included at the end of each topic.
- Practice diagrams, derivations, and formulas regularly.
- Memorize key definitions and bold terms for maximum score."
Class 9 Physics (New Syllabus) - Unit 4 - MCQâs and Short Questions (New),Physics,9,PCTB (Punjab Curriculum & Textbook Board),CHAPTER_WISE,4,Solved MCQs,TaleemCity / PakParcha,https://drive.google.com/file/d/1G9IpX08lYBjr6jeEVR59IO8m0XjSsNgG/preview,"### Comprehensive Physics Class 9 (Unit 4) Notes & Solutions

These Physics notes for Class 9 (Class 9 Physics (New Syllabus) - Unit 4 - MCQâs and Short Questions (New)) are prepared strictly according to the Single National Curriculum (SNC 2025–2026) and Punjab Curriculum and Textbook Board (PCTB) standards.

#### 📌 Included In This Resource:
1. **Multiple Choice Questions (MCQs):** Carefully curated objective questions with verified answer keys.
2. **Short Answer Questions:** Concise, exam-targeted answers highlighting key definitions, laws, and concepts.
3. **Long & Detailed Questions:** Step-by-step explanations, diagrams, derivations, and board-standard headings.
4. **Textbook Solved Exercises & Numericals:** Complete solved numericals and exercises with given data, formula substitution, and final units.

#### 🏛️ Board Compatibility:
- **Punjab Boards:** Lahore, Rawalpindi, Gujranwala, Faisalabad, Multan, Sargodha, Sahiwal, Bahawalpur, DG Khan.
- **Federal Board (FBISE):** Islamabad & Cantonment Institutions.
- **KPK & Sindh Boards:** Aligned with Single National Curriculum standards.

#### 💡 Exam Preparation Tips:
- Review past 5-year board questions included at the end of each topic.
- Practice diagrams, derivations, and formulas regularly.
- Memorize key definitions and bold terms for maximum score."
Class 9 Physics (New Syllabus) - Unit 5 - Exercise Numerical (New),Physics,9,PCTB (Punjab Curriculum & Textbook Board),CHAPTER_WISE,5,Solved Numericals,TaleemCity / PakParcha,https://drive.google.com/file/d/1Z394JAwr9IsjVWLI67CxvZ3nrbaoNOuc/preview,"### Comprehensive Physics Class 9 (Unit 5) Notes & Solutions

These Physics notes for Class 9 (Class 9 Physics (New Syllabus) - Unit 5 - Exercise Numerical (New)) are prepared strictly according to the Single National Curriculum (SNC 2025–2026) and Punjab Curriculum and Textbook Board (PCTB) standards.

#### 📌 Included In This Resource:
1. **Multiple Choice Questions (MCQs):** Carefully curated objective questions with verified answer keys.
2. **Short Answer Questions:** Concise, exam-targeted answers highlighting key definitions, laws, and concepts.
3. **Long & Detailed Questions:** Step-by-step explanations, diagrams, derivations, and board-standard headings.
4. **Textbook Solved Exercises & Numericals:** Complete solved numericals and exercises with given data, formula substitution, and final units.

#### 🏛️ Board Compatibility:
- **Punjab Boards:** Lahore, Rawalpindi, Gujranwala, Faisalabad, Multan, Sargodha, Sahiwal, Bahawalpur, DG Khan.
- **Federal Board (FBISE):** Islamabad & Cantonment Institutions.
- **KPK & Sindh Boards:** Aligned with Single National Curriculum standards.

#### 💡 Exam Preparation Tips:
- Review past 5-year board questions included at the end of each topic.
- Practice diagrams, derivations, and formulas regularly.
- Memorize key definitions and bold terms for maximum score."
Class 9 Physics (New Syllabus) - Unit 5 - Exercise Questions (New),Physics,9,PCTB (Punjab Curriculum & Textbook Board),CHAPTER_WISE,5,Solved Numericals,TaleemCity / PakParcha,https://drive.google.com/file/d/14P4eGeywrz-GJkkG-98mHV6xG0be33Rv/preview,"### Comprehensive Physics Class 9 (Unit 5) Notes & Solutions

These Physics notes for Class 9 (Class 9 Physics (New Syllabus) - Unit 5 - Exercise Questions (New)) are prepared strictly according to the Single National Curriculum (SNC 2025–2026) and Punjab Curriculum and Textbook Board (PCTB) standards.

#### 📌 Included In This Resource:
1. **Multiple Choice Questions (MCQs):** Carefully curated objective questions with verified answer keys.
2. **Short Answer Questions:** Concise, exam-targeted answers highlighting key definitions, laws, and concepts.
3. **Long & Detailed Questions:** Step-by-step explanations, diagrams, derivations, and board-standard headings.
4. **Textbook Solved Exercises & Numericals:** Complete solved numericals and exercises with given data, formula substitution, and final units.

#### 🏛️ Board Compatibility:
- **Punjab Boards:** Lahore, Rawalpindi, Gujranwala, Faisalabad, Multan, Sargodha, Sahiwal, Bahawalpur, DG Khan.
- **Federal Board (FBISE):** Islamabad & Cantonment Institutions.
- **KPK & Sindh Boards:** Aligned with Single National Curriculum standards.

#### 💡 Exam Preparation Tips:
- Review past 5-year board questions included at the end of each topic.
- Practice diagrams, derivations, and formulas regularly.
- Memorize key definitions and bold terms for maximum score."
Class 9 Physics (New Syllabus) - Unit 5 - Long Questions (New),Physics,9,PCTB (Punjab Curriculum & Textbook Board),CHAPTER_WISE,5,Long Questions,TaleemCity / PakParcha,https://drive.google.com/file/d/1vb6ZAK02Hhoke-mJX39-os3h4MvKfBqi/preview,"### Comprehensive Physics Class 9 (Unit 5) Notes & Solutions

These Physics notes for Class 9 (Class 9 Physics (New Syllabus) - Unit 5 - Long Questions (New)) are prepared strictly according to the Single National Curriculum (SNC 2025–2026) and Punjab Curriculum and Textbook Board (PCTB) standards.

#### 📌 Included In This Resource:
1. **Multiple Choice Questions (MCQs):** Carefully curated objective questions with verified answer keys.
2. **Short Answer Questions:** Concise, exam-targeted answers highlighting key definitions, laws, and concepts.
3. **Long & Detailed Questions:** Step-by-step explanations, diagrams, derivations, and board-standard headings.
4. **Textbook Solved Exercises & Numericals:** Complete solved numericals and exercises with given data, formula substitution, and final units.

#### 🏛️ Board Compatibility:
- **Punjab Boards:** Lahore, Rawalpindi, Gujranwala, Faisalabad, Multan, Sargodha, Sahiwal, Bahawalpur, DG Khan.
- **Federal Board (FBISE):** Islamabad & Cantonment Institutions.
- **KPK & Sindh Boards:** Aligned with Single National Curriculum standards.

#### 💡 Exam Preparation Tips:
- Review past 5-year board questions included at the end of each topic.
- Practice diagrams, derivations, and formulas regularly.
- Memorize key definitions and bold terms for maximum score."
Class 9 Physics (New Syllabus) - Unit 5 - MCQâs and Short Questions (New),Physics,9,PCTB (Punjab Curriculum & Textbook Board),CHAPTER_WISE,5,Solved MCQs,TaleemCity / PakParcha,https://drive.google.com/file/d/1pmYA9x6OVMyioamaAP8jS82bbMP5wNQl/preview,"### Comprehensive Physics Class 9 (Unit 5) Notes & Solutions

These Physics notes for Class 9 (Class 9 Physics (New Syllabus) - Unit 5 - MCQâs and Short Questions (New)) are prepared strictly according to the Single National Curriculum (SNC 2025–2026) and Punjab Curriculum and Textbook Board (PCTB) standards.

#### 📌 Included In This Resource:
1. **Multiple Choice Questions (MCQs):** Carefully curated objective questions with verified answer keys.
2. **Short Answer Questions:** Concise, exam-targeted answers highlighting key definitions, laws, and concepts.
3. **Long & Detailed Questions:** Step-by-step explanations, diagrams, derivations, and board-standard headings.
4. **Textbook Solved Exercises & Numericals:** Complete solved numericals and exercises with given data, formula substitution, and final units.

#### 🏛️ Board Compatibility:
- **Punjab Boards:** Lahore, Rawalpindi, Gujranwala, Faisalabad, Multan, Sargodha, Sahiwal, Bahawalpur, DG Khan.
- **Federal Board (FBISE):** Islamabad & Cantonment Institutions.
- **KPK & Sindh Boards:** Aligned with Single National Curriculum standards.

#### 💡 Exam Preparation Tips:
- Review past 5-year board questions included at the end of each topic.
- Practice diagrams, derivations, and formulas regularly.
- Memorize key definitions and bold terms for maximum score."
Class 9 Physics (New Syllabus) - Unit 6 - Exercise Numerical (New),Physics,9,PCTB (Punjab Curriculum & Textbook Board),CHAPTER_WISE,6,Solved Numericals,TaleemCity / PakParcha,https://drive.google.com/file/d/1c--7dT9v5J1pWdeLXRJ6WtqPJsz_RX_U/preview,"### Comprehensive Physics Class 9 (Unit 6) Notes & Solutions

These Physics notes for Class 9 (Class 9 Physics (New Syllabus) - Unit 6 - Exercise Numerical (New)) are prepared strictly according to the Single National Curriculum (SNC 2025–2026) and Punjab Curriculum and Textbook Board (PCTB) standards.

#### 📌 Included In This Resource:
1. **Multiple Choice Questions (MCQs):** Carefully curated objective questions with verified answer keys.
2. **Short Answer Questions:** Concise, exam-targeted answers highlighting key definitions, laws, and concepts.
3. **Long & Detailed Questions:** Step-by-step explanations, diagrams, derivations, and board-standard headings.
4. **Textbook Solved Exercises & Numericals:** Complete solved numericals and exercises with given data, formula substitution, and final units.

#### 🏛️ Board Compatibility:
- **Punjab Boards:** Lahore, Rawalpindi, Gujranwala, Faisalabad, Multan, Sargodha, Sahiwal, Bahawalpur, DG Khan.
- **Federal Board (FBISE):** Islamabad & Cantonment Institutions.
- **KPK & Sindh Boards:** Aligned with Single National Curriculum standards.

#### 💡 Exam Preparation Tips:
- Review past 5-year board questions included at the end of each topic.
- Practice diagrams, derivations, and formulas regularly.
- Memorize key definitions and bold terms for maximum score."
Class 9 Physics (New Syllabus) - Unit 6 - Exercise Questions (New),Physics,9,PCTB (Punjab Curriculum & Textbook Board),CHAPTER_WISE,6,Solved Numericals,TaleemCity / PakParcha,https://drive.google.com/file/d/1n84kd__DMU92UpARJ6ExFX2iReEL1G4W/preview,"### Comprehensive Physics Class 9 (Unit 6) Notes & Solutions

These Physics notes for Class 9 (Class 9 Physics (New Syllabus) - Unit 6 - Exercise Questions (New)) are prepared strictly according to the Single National Curriculum (SNC 2025–2026) and Punjab Curriculum and Textbook Board (PCTB) standards.

#### 📌 Included In This Resource:
1. **Multiple Choice Questions (MCQs):** Carefully curated objective questions with verified answer keys.
2. **Short Answer Questions:** Concise, exam-targeted answers highlighting key definitions, laws, and concepts.
3. **Long & Detailed Questions:** Step-by-step explanations, diagrams, derivations, and board-standard headings.
4. **Textbook Solved Exercises & Numericals:** Complete solved numericals and exercises with given data, formula substitution, and final units.

#### 🏛️ Board Compatibility:
- **Punjab Boards:** Lahore, Rawalpindi, Gujranwala, Faisalabad, Multan, Sargodha, Sahiwal, Bahawalpur, DG Khan.
- **Federal Board (FBISE):** Islamabad & Cantonment Institutions.
- **KPK & Sindh Boards:** Aligned with Single National Curriculum standards.

#### 💡 Exam Preparation Tips:
- Review past 5-year board questions included at the end of each topic.
- Practice diagrams, derivations, and formulas regularly.
- Memorize key definitions and bold terms for maximum score."
Class 9 Physics (New Syllabus) - Unit 6 - Long Questions (New),Physics,9,PCTB (Punjab Curriculum & Textbook Board),CHAPTER_WISE,6,Long Questions,TaleemCity / PakParcha,https://drive.google.com/file/d/12Pw4jX0eyXBsDVDw7MHho_LrwbncHPFw/preview,"### Comprehensive Physics Class 9 (Unit 6) Notes & Solutions

These Physics notes for Class 9 (Class 9 Physics (New Syllabus) - Unit 6 - Long Questions (New)) are prepared strictly according to the Single National Curriculum (SNC 2025–2026) and Punjab Curriculum and Textbook Board (PCTB) standards.

#### 📌 Included In This Resource:
1. **Multiple Choice Questions (MCQs):** Carefully curated objective questions with verified answer keys.
2. **Short Answer Questions:** Concise, exam-targeted answers highlighting key definitions, laws, and concepts.
3. **Long & Detailed Questions:** Step-by-step explanations, diagrams, derivations, and board-standard headings.
4. **Textbook Solved Exercises & Numericals:** Complete solved numericals and exercises with given data, formula substitution, and final units.

#### 🏛️ Board Compatibility:
- **Punjab Boards:** Lahore, Rawalpindi, Gujranwala, Faisalabad, Multan, Sargodha, Sahiwal, Bahawalpur, DG Khan.
- **Federal Board (FBISE):** Islamabad & Cantonment Institutions.
- **KPK & Sindh Boards:** Aligned with Single National Curriculum standards.

#### 💡 Exam Preparation Tips:
- Review past 5-year board questions included at the end of each topic.
- Practice diagrams, derivations, and formulas regularly.
- Memorize key definitions and bold terms for maximum score."
Class 9 Physics (New Syllabus) - Unit 6 - MCQâs and Short Questions (New),Physics,9,PCTB (Punjab Curriculum & Textbook Board),CHAPTER_WISE,6,Solved MCQs,TaleemCity / PakParcha,https://drive.google.com/file/d/16bt_VUuNCKumlYhnerBfzvNO2PtU3K59/preview,"### Comprehensive Physics Class 9 (Unit 6) Notes & Solutions

These Physics notes for Class 9 (Class 9 Physics (New Syllabus) - Unit 6 - MCQâs and Short Questions (New)) are prepared strictly according to the Single National Curriculum (SNC 2025–2026) and Punjab Curriculum and Textbook Board (PCTB) standards.

#### 📌 Included In This Resource:
1. **Multiple Choice Questions (MCQs):** Carefully curated objective questions with verified answer keys.
2. **Short Answer Questions:** Concise, exam-targeted answers highlighting key definitions, laws, and concepts.
3. **Long & Detailed Questions:** Step-by-step explanations, diagrams, derivations, and board-standard headings.
4. **Textbook Solved Exercises & Numericals:** Complete solved numericals and exercises with given data, formula substitution, and final units.

#### 🏛️ Board Compatibility:
- **Punjab Boards:** Lahore, Rawalpindi, Gujranwala, Faisalabad, Multan, Sargodha, Sahiwal, Bahawalpur, DG Khan.
- **Federal Board (FBISE):** Islamabad & Cantonment Institutions.
- **KPK & Sindh Boards:** Aligned with Single National Curriculum standards.

#### 💡 Exam Preparation Tips:
- Review past 5-year board questions included at the end of each topic.
- Practice diagrams, derivations, and formulas regularly.
- Memorize key definitions and bold terms for maximum score."
Class 9 Physics (New Syllabus) - Unit 7 - Exercise Numerical (New),Physics,9,PCTB (Punjab Curriculum & Textbook Board),CHAPTER_WISE,7,Solved Numericals,TaleemCity / PakParcha,https://drive.google.com/file/d/1rvTUY49CQdkVEYdX64XfaqeyIJ7UOhcG/preview,"### Comprehensive Physics Class 9 (Unit 7) Notes & Solutions

These Physics notes for Class 9 (Class 9 Physics (New Syllabus) - Unit 7 - Exercise Numerical (New)) are prepared strictly according to the Single National Curriculum (SNC 2025–2026) and Punjab Curriculum and Textbook Board (PCTB) standards.

#### 📌 Included In This Resource:
1. **Multiple Choice Questions (MCQs):** Carefully curated objective questions with verified answer keys.
2. **Short Answer Questions:** Concise, exam-targeted answers highlighting key definitions, laws, and concepts.
3. **Long & Detailed Questions:** Step-by-step explanations, diagrams, derivations, and board-standard headings.
4. **Textbook Solved Exercises & Numericals:** Complete solved numericals and exercises with given data, formula substitution, and final units.

#### 🏛️ Board Compatibility:
- **Punjab Boards:** Lahore, Rawalpindi, Gujranwala, Faisalabad, Multan, Sargodha, Sahiwal, Bahawalpur, DG Khan.
- **Federal Board (FBISE):** Islamabad & Cantonment Institutions.
- **KPK & Sindh Boards:** Aligned with Single National Curriculum standards.

#### 💡 Exam Preparation Tips:
- Review past 5-year board questions included at the end of each topic.
- Practice diagrams, derivations, and formulas regularly.
- Memorize key definitions and bold terms for maximum score."
Class 9 Physics (New Syllabus) - Unit 7 - Exercise Questions (New),Physics,9,PCTB (Punjab Curriculum & Textbook Board),CHAPTER_WISE,7,Solved Numericals,TaleemCity / PakParcha,https://drive.google.com/file/d/1GW1Kxc5Q6Y-vSYdinIgzpp7-MgvQt-C-/preview,"### Comprehensive Physics Class 9 (Unit 7) Notes & Solutions

These Physics notes for Class 9 (Class 9 Physics (New Syllabus) - Unit 7 - Exercise Questions (New)) are prepared strictly according to the Single National Curriculum (SNC 2025–2026) and Punjab Curriculum and Textbook Board (PCTB) standards.

#### 📌 Included In This Resource:
1. **Multiple Choice Questions (MCQs):** Carefully curated objective questions with verified answer keys.
2. **Short Answer Questions:** Concise, exam-targeted answers highlighting key definitions, laws, and concepts.
3. **Long & Detailed Questions:** Step-by-step explanations, diagrams, derivations, and board-standard headings.
4. **Textbook Solved Exercises & Numericals:** Complete solved numericals and exercises with given data, formula substitution, and final units.

#### 🏛️ Board Compatibility:
- **Punjab Boards:** Lahore, Rawalpindi, Gujranwala, Faisalabad, Multan, Sargodha, Sahiwal, Bahawalpur, DG Khan.
- **Federal Board (FBISE):** Islamabad & Cantonment Institutions.
- **KPK & Sindh Boards:** Aligned with Single National Curriculum standards.

#### 💡 Exam Preparation Tips:
- Review past 5-year board questions included at the end of each topic.
- Practice diagrams, derivations, and formulas regularly.
- Memorize key definitions and bold terms for maximum score."
Class 9 Physics (New Syllabus) - Unit 7 - Long Questions (New),Physics,9,PCTB (Punjab Curriculum & Textbook Board),CHAPTER_WISE,7,Long Questions,TaleemCity / PakParcha,https://drive.google.com/file/d/1gMHvWNdt2OYrPnzqt57WM77_1qmfCwJ9/preview,"### Comprehensive Physics Class 9 (Unit 7) Notes & Solutions

These Physics notes for Class 9 (Class 9 Physics (New Syllabus) - Unit 7 - Long Questions (New)) are prepared strictly according to the Single National Curriculum (SNC 2025–2026) and Punjab Curriculum and Textbook Board (PCTB) standards.

#### 📌 Included In This Resource:
1. **Multiple Choice Questions (MCQs):** Carefully curated objective questions with verified answer keys.
2. **Short Answer Questions:** Concise, exam-targeted answers highlighting key definitions, laws, and concepts.
3. **Long & Detailed Questions:** Step-by-step explanations, diagrams, derivations, and board-standard headings.
4. **Textbook Solved Exercises & Numericals:** Complete solved numericals and exercises with given data, formula substitution, and final units.

#### 🏛️ Board Compatibility:
- **Punjab Boards:** Lahore, Rawalpindi, Gujranwala, Faisalabad, Multan, Sargodha, Sahiwal, Bahawalpur, DG Khan.
- **Federal Board (FBISE):** Islamabad & Cantonment Institutions.
- **KPK & Sindh Boards:** Aligned with Single National Curriculum standards.

#### 💡 Exam Preparation Tips:
- Review past 5-year board questions included at the end of each topic.
- Practice diagrams, derivations, and formulas regularly.
- Memorize key definitions and bold terms for maximum score."
Class 9 Physics (New Syllabus) - Unit 7 - MCQâs and Short Questions (New),Physics,9,PCTB (Punjab Curriculum & Textbook Board),CHAPTER_WISE,7,Solved MCQs,TaleemCity / PakParcha,https://drive.google.com/file/d/1AqW-F7KQNuvNJtEm2U8Xyi2RD4GGQvB4/preview,"### Comprehensive Physics Class 9 (Unit 7) Notes & Solutions

These Physics notes for Class 9 (Class 9 Physics (New Syllabus) - Unit 7 - MCQâs and Short Questions (New)) are prepared strictly according to the Single National Curriculum (SNC 2025–2026) and Punjab Curriculum and Textbook Board (PCTB) standards.

#### 📌 Included In This Resource:
1. **Multiple Choice Questions (MCQs):** Carefully curated objective questions with verified answer keys.
2. **Short Answer Questions:** Concise, exam-targeted answers highlighting key definitions, laws, and concepts.
3. **Long & Detailed Questions:** Step-by-step explanations, diagrams, derivations, and board-standard headings.
4. **Textbook Solved Exercises & Numericals:** Complete solved numericals and exercises with given data, formula substitution, and final units.

#### 🏛️ Board Compatibility:
- **Punjab Boards:** Lahore, Rawalpindi, Gujranwala, Faisalabad, Multan, Sargodha, Sahiwal, Bahawalpur, DG Khan.
- **Federal Board (FBISE):** Islamabad & Cantonment Institutions.
- **KPK & Sindh Boards:** Aligned with Single National Curriculum standards.

#### 💡 Exam Preparation Tips:
- Review past 5-year board questions included at the end of each topic.
- Practice diagrams, derivations, and formulas regularly.
- Memorize key definitions and bold terms for maximum score."
Class 9 Physics (New Syllabus) - Unit 8 - Exercise Questions (New),Physics,9,PCTB (Punjab Curriculum & Textbook Board),CHAPTER_WISE,8,Solved Numericals,TaleemCity / PakParcha,https://drive.google.com/file/d/16CpJPvbgtCflJ7kuZoADVz0e2L2y_2Hu/preview,"### Comprehensive Physics Class 9 (Unit 8) Notes & Solutions

These Physics notes for Class 9 (Class 9 Physics (New Syllabus) - Unit 8 - Exercise Questions (New)) are prepared strictly according to the Single National Curriculum (SNC 2025–2026) and Punjab Curriculum and Textbook Board (PCTB) standards.

#### 📌 Included In This Resource:
1. **Multiple Choice Questions (MCQs):** Carefully curated objective questions with verified answer keys.
2. **Short Answer Questions:** Concise, exam-targeted answers highlighting key definitions, laws, and concepts.
3. **Long & Detailed Questions:** Step-by-step explanations, diagrams, derivations, and board-standard headings.
4. **Textbook Solved Exercises & Numericals:** Complete solved numericals and exercises with given data, formula substitution, and final units.

#### 🏛️ Board Compatibility:
- **Punjab Boards:** Lahore, Rawalpindi, Gujranwala, Faisalabad, Multan, Sargodha, Sahiwal, Bahawalpur, DG Khan.
- **Federal Board (FBISE):** Islamabad & Cantonment Institutions.
- **KPK & Sindh Boards:** Aligned with Single National Curriculum standards.

#### 💡 Exam Preparation Tips:
- Review past 5-year board questions included at the end of each topic.
- Practice diagrams, derivations, and formulas regularly.
- Memorize key definitions and bold terms for maximum score."
Class 9 Physics (New Syllabus) - Unit 8 - Long Questions (New),Physics,9,PCTB (Punjab Curriculum & Textbook Board),CHAPTER_WISE,8,Long Questions,TaleemCity / PakParcha,https://drive.google.com/file/d/1_YNPUsA7M2bnyftvYcnP7bX4u8SA_XQi/preview,"### Comprehensive Physics Class 9 (Unit 8) Notes & Solutions

These Physics notes for Class 9 (Class 9 Physics (New Syllabus) - Unit 8 - Long Questions (New)) are prepared strictly according to the Single National Curriculum (SNC 2025–2026) and Punjab Curriculum and Textbook Board (PCTB) standards.

#### 📌 Included In This Resource:
1. **Multiple Choice Questions (MCQs):** Carefully curated objective questions with verified answer keys.
2. **Short Answer Questions:** Concise, exam-targeted answers highlighting key definitions, laws, and concepts.
3. **Long & Detailed Questions:** Step-by-step explanations, diagrams, derivations, and board-standard headings.
4. **Textbook Solved Exercises & Numericals:** Complete solved numericals and exercises with given data, formula substitution, and final units.

#### 🏛️ Board Compatibility:
- **Punjab Boards:** Lahore, Rawalpindi, Gujranwala, Faisalabad, Multan, Sargodha, Sahiwal, Bahawalpur, DG Khan.
- **Federal Board (FBISE):** Islamabad & Cantonment Institutions.
- **KPK & Sindh Boards:** Aligned with Single National Curriculum standards.

#### 💡 Exam Preparation Tips:
- Review past 5-year board questions included at the end of each topic.
- Practice diagrams, derivations, and formulas regularly.
- Memorize key definitions and bold terms for maximum score."
Class 9 Physics (New Syllabus) - Unit 8 - MCQâs and Short Questions (New),Physics,9,PCTB (Punjab Curriculum & Textbook Board),CHAPTER_WISE,8,Solved MCQs,TaleemCity / PakParcha,https://drive.google.com/file/d/1ko_5mLi3CEd4DqruH9GAVwI49zhYbz5_/preview,"### Comprehensive Physics Class 9 (Unit 8) Notes & Solutions

These Physics notes for Class 9 (Class 9 Physics (New Syllabus) - Unit 8 - MCQâs and Short Questions (New)) are prepared strictly according to the Single National Curriculum (SNC 2025–2026) and Punjab Curriculum and Textbook Board (PCTB) standards.

#### 📌 Included In This Resource:
1. **Multiple Choice Questions (MCQs):** Carefully curated objective questions with verified answer keys.
2. **Short Answer Questions:** Concise, exam-targeted answers highlighting key definitions, laws, and concepts.
3. **Long & Detailed Questions:** Step-by-step explanations, diagrams, derivations, and board-standard headings.
4. **Textbook Solved Exercises & Numericals:** Complete solved numericals and exercises with given data, formula substitution, and final units.

#### 🏛️ Board Compatibility:
- **Punjab Boards:** Lahore, Rawalpindi, Gujranwala, Faisalabad, Multan, Sargodha, Sahiwal, Bahawalpur, DG Khan.
- **Federal Board (FBISE):** Islamabad & Cantonment Institutions.
- **KPK & Sindh Boards:** Aligned with Single National Curriculum standards.

#### 💡 Exam Preparation Tips:
- Review past 5-year board questions included at the end of each topic.
- Practice diagrams, derivations, and formulas regularly.
- Memorize key definitions and bold terms for maximum score."
Class 9 Physics (New Syllabus) - Unit 9 - Exercise Questions (New),Physics,9,PCTB (Punjab Curriculum & Textbook Board),CHAPTER_WISE,9,Solved Numericals,TaleemCity / PakParcha,https://drive.google.com/file/d/1FMUHbTjuSWon7uPet6r0SV4A-MvdF4j6/preview,"### Comprehensive Physics Class 9 (Unit 9) Notes & Solutions

These Physics notes for Class 9 (Class 9 Physics (New Syllabus) - Unit 9 - Exercise Questions (New)) are prepared strictly according to the Single National Curriculum (SNC 2025–2026) and Punjab Curriculum and Textbook Board (PCTB) standards.

#### 📌 Included In This Resource:
1. **Multiple Choice Questions (MCQs):** Carefully curated objective questions with verified answer keys.
2. **Short Answer Questions:** Concise, exam-targeted answers highlighting key definitions, laws, and concepts.
3. **Long & Detailed Questions:** Step-by-step explanations, diagrams, derivations, and board-standard headings.
4. **Textbook Solved Exercises & Numericals:** Complete solved numericals and exercises with given data, formula substitution, and final units.

#### 🏛️ Board Compatibility:
- **Punjab Boards:** Lahore, Rawalpindi, Gujranwala, Faisalabad, Multan, Sargodha, Sahiwal, Bahawalpur, DG Khan.
- **Federal Board (FBISE):** Islamabad & Cantonment Institutions.
- **KPK & Sindh Boards:** Aligned with Single National Curriculum standards.

#### 💡 Exam Preparation Tips:
- Review past 5-year board questions included at the end of each topic.
- Practice diagrams, derivations, and formulas regularly.
- Memorize key definitions and bold terms for maximum score."
Class 9 Physics (New Syllabus) - Unit 9 - Long Questions (New),Physics,9,PCTB (Punjab Curriculum & Textbook Board),CHAPTER_WISE,9,Long Questions,TaleemCity / PakParcha,https://drive.google.com/file/d/1gEwziWmBmMajSs3VBoxQPw3VcNmrIIyv/preview,"### Comprehensive Physics Class 9 (Unit 9) Notes & Solutions

These Physics notes for Class 9 (Class 9 Physics (New Syllabus) - Unit 9 - Long Questions (New)) are prepared strictly according to the Single National Curriculum (SNC 2025–2026) and Punjab Curriculum and Textbook Board (PCTB) standards.

#### 📌 Included In This Resource:
1. **Multiple Choice Questions (MCQs):** Carefully curated objective questions with verified answer keys.
2. **Short Answer Questions:** Concise, exam-targeted answers highlighting key definitions, laws, and concepts.
3. **Long & Detailed Questions:** Step-by-step explanations, diagrams, derivations, and board-standard headings.
4. **Textbook Solved Exercises & Numericals:** Complete solved numericals and exercises with given data, formula substitution, and final units.

#### 🏛️ Board Compatibility:
- **Punjab Boards:** Lahore, Rawalpindi, Gujranwala, Faisalabad, Multan, Sargodha, Sahiwal, Bahawalpur, DG Khan.
- **Federal Board (FBISE):** Islamabad & Cantonment Institutions.
- **KPK & Sindh Boards:** Aligned with Single National Curriculum standards.

#### 💡 Exam Preparation Tips:
- Review past 5-year board questions included at the end of each topic.
- Practice diagrams, derivations, and formulas regularly.
- Memorize key definitions and bold terms for maximum score."
Class 9 Physics (New Syllabus) - Unit 9 - MCQâs and Short Questions (New),Physics,9,PCTB (Punjab Curriculum & Textbook Board),CHAPTER_WISE,9,Solved MCQs,TaleemCity / PakParcha,https://drive.google.com/file/d/18pyZheKTEFyM6xclp-U_IjC_Xqo-WV7a/preview,"### Comprehensive Physics Class 9 (Unit 9) Notes & Solutions

These Physics notes for Class 9 (Class 9 Physics (New Syllabus) - Unit 9 - MCQâs and Short Questions (New)) are prepared strictly according to the Single National Curriculum (SNC 2025–2026) and Punjab Curriculum and Textbook Board (PCTB) standards.

#### 📌 Included In This Resource:
1. **Multiple Choice Questions (MCQs):** Carefully curated objective questions with verified answer keys.
2. **Short Answer Questions:** Concise, exam-targeted answers highlighting key definitions, laws, and concepts.
3. **Long & Detailed Questions:** Step-by-step explanations, diagrams, derivations, and board-standard headings.
4. **Textbook Solved Exercises & Numericals:** Complete solved numericals and exercises with given data, formula substitution, and final units.

#### 🏛️ Board Compatibility:
- **Punjab Boards:** Lahore, Rawalpindi, Gujranwala, Faisalabad, Multan, Sargodha, Sahiwal, Bahawalpur, DG Khan.
- **Federal Board (FBISE):** Islamabad & Cantonment Institutions.
- **KPK & Sindh Boards:** Aligned with Single National Curriculum standards.

#### 💡 Exam Preparation Tips:
- Review past 5-year board questions included at the end of each topic.
- Practice diagrams, derivations, and formulas regularly.
- Memorize key definitions and bold terms for maximum score."
Unit 01 Chapter 1 â Surah Maryam (New),Tarjuma-tul-Quran,9,PCTB (Punjab Curriculum & Textbook Board),CHAPTER_WISE,1,Chapter Questions,TaleemCity / PakParcha,https://drive.google.com/file/d/1c7lxtUMpuMshDK9DnRTZ-Gk1lFGoEUst/preview,"### Comprehensive Tarjuma-tul-Quran Class 9 (Unit 1) Notes & Solutions

These Tarjuma-tul-Quran notes for Class 9 (Unit 01 Chapter 1 â Surah Maryam (New)) are prepared strictly according to the Single National Curriculum (SNC 2025–2026) and Punjab Curriculum and Textbook Board (PCTB) standards.

#### 📌 Included In This Resource:
1. **Multiple Choice Questions (MCQs):** Carefully curated objective questions with verified answer keys.
2. **Short Answer Questions:** Concise, exam-targeted answers highlighting key definitions, laws, and concepts.
3. **Long & Detailed Questions:** Step-by-step explanations, diagrams, derivations, and board-standard headings.
4. **Textbook Solved Exercises & Numericals:** Complete solved numericals and exercises with given data, formula substitution, and final units.

#### 🏛️ Board Compatibility:
- **Punjab Boards:** Lahore, Rawalpindi, Gujranwala, Faisalabad, Multan, Sargodha, Sahiwal, Bahawalpur, DG Khan.
- **Federal Board (FBISE):** Islamabad & Cantonment Institutions.
- **KPK & Sindh Boards:** Aligned with Single National Curriculum standards.

#### 💡 Exam Preparation Tips:
- Review past 5-year board questions included at the end of each topic.
- Practice diagrams, derivations, and formulas regularly.
- Memorize key definitions and bold terms for maximum score."
Unit 02 Chapter 2 â Surah Taha (New),Tarjuma-tul-Quran,9,PCTB (Punjab Curriculum & Textbook Board),CHAPTER_WISE,2,Chapter Questions,TaleemCity / PakParcha,https://drive.google.com/file/d/1XiuWv9pW42Njbs-kA7LkbdhKh89Eltcb/preview,"### Comprehensive Tarjuma-tul-Quran Class 9 (Unit 2) Notes & Solutions

These Tarjuma-tul-Quran notes for Class 9 (Unit 02 Chapter 2 â Surah Taha (New)) are prepared strictly according to the Single National Curriculum (SNC 2025–2026) and Punjab Curriculum and Textbook Board (PCTB) standards.

#### 📌 Included In This Resource:
1. **Multiple Choice Questions (MCQs):** Carefully curated objective questions with verified answer keys.
2. **Short Answer Questions:** Concise, exam-targeted answers highlighting key definitions, laws, and concepts.
3. **Long & Detailed Questions:** Step-by-step explanations, diagrams, derivations, and board-standard headings.
4. **Textbook Solved Exercises & Numericals:** Complete solved numericals and exercises with given data, formula substitution, and final units.

#### 🏛️ Board Compatibility:
- **Punjab Boards:** Lahore, Rawalpindi, Gujranwala, Faisalabad, Multan, Sargodha, Sahiwal, Bahawalpur, DG Khan.
- **Federal Board (FBISE):** Islamabad & Cantonment Institutions.
- **KPK & Sindh Boards:** Aligned with Single National Curriculum standards.

#### 💡 Exam Preparation Tips:
- Review past 5-year board questions included at the end of each topic.
- Practice diagrams, derivations, and formulas regularly.
- Memorize key definitions and bold terms for maximum score."
Unit 03 Chapter 3 â Surah Al Anbiya (New),Tarjuma-tul-Quran,9,PCTB (Punjab Curriculum & Textbook Board),CHAPTER_WISE,3,Chapter Questions,TaleemCity / PakParcha,https://drive.google.com/file/d/1lUxMgz7IVFsDocdDU-qh7JeS-w8g3YwV/preview,"### Comprehensive Tarjuma-tul-Quran Class 9 (Unit 3) Notes & Solutions

These Tarjuma-tul-Quran notes for Class 9 (Unit 03 Chapter 3 â Surah Al Anbiya (New)) are prepared strictly according to the Single National Curriculum (SNC 2025–2026) and Punjab Curriculum and Textbook Board (PCTB) standards.

#### 📌 Included In This Resource:
1. **Multiple Choice Questions (MCQs):** Carefully curated objective questions with verified answer keys.
2. **Short Answer Questions:** Concise, exam-targeted answers highlighting key definitions, laws, and concepts.
3. **Long & Detailed Questions:** Step-by-step explanations, diagrams, derivations, and board-standard headings.
4. **Textbook Solved Exercises & Numericals:** Complete solved numericals and exercises with given data, formula substitution, and final units.

#### 🏛️ Board Compatibility:
- **Punjab Boards:** Lahore, Rawalpindi, Gujranwala, Faisalabad, Multan, Sargodha, Sahiwal, Bahawalpur, DG Khan.
- **Federal Board (FBISE):** Islamabad & Cantonment Institutions.
- **KPK & Sindh Boards:** Aligned with Single National Curriculum standards.

#### 💡 Exam Preparation Tips:
- Review past 5-year board questions included at the end of each topic.
- Practice diagrams, derivations, and formulas regularly.
- Memorize key definitions and bold terms for maximum score."
Unit 04 Chapter 4 â Surah Al Hujj (New),Tarjuma-tul-Quran,9,PCTB (Punjab Curriculum & Textbook Board),CHAPTER_WISE,4,Chapter Questions,TaleemCity / PakParcha,https://drive.google.com/file/d/1vCAgZ-K1MOL16QNut7Zc6BNOgYnhEZLp/preview,"### Comprehensive Tarjuma-tul-Quran Class 9 (Unit 4) Notes & Solutions

These Tarjuma-tul-Quran notes for Class 9 (Unit 04 Chapter 4 â Surah Al Hujj (New)) are prepared strictly according to the Single National Curriculum (SNC 2025–2026) and Punjab Curriculum and Textbook Board (PCTB) standards.

#### 📌 Included In This Resource:
1. **Multiple Choice Questions (MCQs):** Carefully curated objective questions with verified answer keys.
2. **Short Answer Questions:** Concise, exam-targeted answers highlighting key definitions, laws, and concepts.
3. **Long & Detailed Questions:** Step-by-step explanations, diagrams, derivations, and board-standard headings.
4. **Textbook Solved Exercises & Numericals:** Complete solved numericals and exercises with given data, formula substitution, and final units.

#### 🏛️ Board Compatibility:
- **Punjab Boards:** Lahore, Rawalpindi, Gujranwala, Faisalabad, Multan, Sargodha, Sahiwal, Bahawalpur, DG Khan.
- **Federal Board (FBISE):** Islamabad & Cantonment Institutions.
- **KPK & Sindh Boards:** Aligned with Single National Curriculum standards.

#### 💡 Exam Preparation Tips:
- Review past 5-year board questions included at the end of each topic.
- Practice diagrams, derivations, and formulas regularly.
- Memorize key definitions and bold terms for maximum score."
Unit 05 Chapter 5 â Surah Al Furqan (New),Tarjuma-tul-Quran,9,PCTB (Punjab Curriculum & Textbook Board),CHAPTER_WISE,5,Chapter Questions,TaleemCity / PakParcha,https://drive.google.com/file/d/1B0Sm0qEVjq0uBWd7hodqdsu8o7l4-c5E/preview,"### Comprehensive Tarjuma-tul-Quran Class 9 (Unit 5) Notes & Solutions

These Tarjuma-tul-Quran notes for Class 9 (Unit 05 Chapter 5 â Surah Al Furqan (New)) are prepared strictly according to the Single National Curriculum (SNC 2025–2026) and Punjab Curriculum and Textbook Board (PCTB) standards.

#### 📌 Included In This Resource:
1. **Multiple Choice Questions (MCQs):** Carefully curated objective questions with verified answer keys.
2. **Short Answer Questions:** Concise, exam-targeted answers highlighting key definitions, laws, and concepts.
3. **Long & Detailed Questions:** Step-by-step explanations, diagrams, derivations, and board-standard headings.
4. **Textbook Solved Exercises & Numericals:** Complete solved numericals and exercises with given data, formula substitution, and final units.

#### 🏛️ Board Compatibility:
- **Punjab Boards:** Lahore, Rawalpindi, Gujranwala, Faisalabad, Multan, Sargodha, Sahiwal, Bahawalpur, DG Khan.
- **Federal Board (FBISE):** Islamabad & Cantonment Institutions.
- **KPK & Sindh Boards:** Aligned with Single National Curriculum standards.

#### 💡 Exam Preparation Tips:
- Review past 5-year board questions included at the end of each topic.
- Practice diagrams, derivations, and formulas regularly.
- Memorize key definitions and bold terms for maximum score."
Unit 06 Chapter 6 â Surah Al Shuara (New),Tarjuma-tul-Quran,9,PCTB (Punjab Curriculum & Textbook Board),CHAPTER_WISE,6,Chapter Questions,TaleemCity / PakParcha,https://drive.google.com/file/d/1kC-6leNClG9elM42zvzfA5Y3ynu1CiNx/preview,"### Comprehensive Tarjuma-tul-Quran Class 9 (Unit 6) Notes & Solutions

These Tarjuma-tul-Quran notes for Class 9 (Unit 06 Chapter 6 â Surah Al Shuara (New)) are prepared strictly according to the Single National Curriculum (SNC 2025–2026) and Punjab Curriculum and Textbook Board (PCTB) standards.

#### 📌 Included In This Resource:
1. **Multiple Choice Questions (MCQs):** Carefully curated objective questions with verified answer keys.
2. **Short Answer Questions:** Concise, exam-targeted answers highlighting key definitions, laws, and concepts.
3. **Long & Detailed Questions:** Step-by-step explanations, diagrams, derivations, and board-standard headings.
4. **Textbook Solved Exercises & Numericals:** Complete solved numericals and exercises with given data, formula substitution, and final units.

#### 🏛️ Board Compatibility:
- **Punjab Boards:** Lahore, Rawalpindi, Gujranwala, Faisalabad, Multan, Sargodha, Sahiwal, Bahawalpur, DG Khan.
- **Federal Board (FBISE):** Islamabad & Cantonment Institutions.
- **KPK & Sindh Boards:** Aligned with Single National Curriculum standards.

#### 💡 Exam Preparation Tips:
- Review past 5-year board questions included at the end of each topic.
- Practice diagrams, derivations, and formulas regularly.
- Memorize key definitions and bold terms for maximum score."
Unit 08 Chapter 8 â Surah Al Qasas (New),Tarjuma-tul-Quran,9,PCTB (Punjab Curriculum & Textbook Board),CHAPTER_WISE,8,Chapter Questions,TaleemCity / PakParcha,https://drive.google.com/file/d/1gNDJXe0tN8c0kkzs-oHDtaBCWxIbdfqq/preview,"### Comprehensive Tarjuma-tul-Quran Class 9 (Unit 8) Notes & Solutions

These Tarjuma-tul-Quran notes for Class 9 (Unit 08 Chapter 8 â Surah Al Qasas (New)) are prepared strictly according to the Single National Curriculum (SNC 2025–2026) and Punjab Curriculum and Textbook Board (PCTB) standards.

#### 📌 Included In This Resource:
1. **Multiple Choice Questions (MCQs):** Carefully curated objective questions with verified answer keys.
2. **Short Answer Questions:** Concise, exam-targeted answers highlighting key definitions, laws, and concepts.
3. **Long & Detailed Questions:** Step-by-step explanations, diagrams, derivations, and board-standard headings.
4. **Textbook Solved Exercises & Numericals:** Complete solved numericals and exercises with given data, formula substitution, and final units.

#### 🏛️ Board Compatibility:
- **Punjab Boards:** Lahore, Rawalpindi, Gujranwala, Faisalabad, Multan, Sargodha, Sahiwal, Bahawalpur, DG Khan.
- **Federal Board (FBISE):** Islamabad & Cantonment Institutions.
- **KPK & Sindh Boards:** Aligned with Single National Curriculum standards.

#### 💡 Exam Preparation Tips:
- Review past 5-year board questions included at the end of each topic.
- Practice diagrams, derivations, and formulas regularly.
- Memorize key definitions and bold terms for maximum score."
Unit 09 Chapter 9 â Surah Ankabut (New),Tarjuma-tul-Quran,9,PCTB (Punjab Curriculum & Textbook Board),CHAPTER_WISE,9,Chapter Questions,TaleemCity / PakParcha,https://drive.google.com/file/d/11osmXijziCEbwVqYopnoOdrkBQulZ7w8/preview,"### Comprehensive Tarjuma-tul-Quran Class 9 (Unit 9) Notes & Solutions

These Tarjuma-tul-Quran notes for Class 9 (Unit 09 Chapter 9 â Surah Ankabut (New)) are prepared strictly according to the Single National Curriculum (SNC 2025–2026) and Punjab Curriculum and Textbook Board (PCTB) standards.

#### 📌 Included In This Resource:
1. **Multiple Choice Questions (MCQs):** Carefully curated objective questions with verified answer keys.
2. **Short Answer Questions:** Concise, exam-targeted answers highlighting key definitions, laws, and concepts.
3. **Long & Detailed Questions:** Step-by-step explanations, diagrams, derivations, and board-standard headings.
4. **Textbook Solved Exercises & Numericals:** Complete solved numericals and exercises with given data, formula substitution, and final units.

#### 🏛️ Board Compatibility:
- **Punjab Boards:** Lahore, Rawalpindi, Gujranwala, Faisalabad, Multan, Sargodha, Sahiwal, Bahawalpur, DG Khan.
- **Federal Board (FBISE):** Islamabad & Cantonment Institutions.
- **KPK & Sindh Boards:** Aligned with Single National Curriculum standards.

#### 💡 Exam Preparation Tips:
- Review past 5-year board questions included at the end of each topic.
- Practice diagrams, derivations, and formulas regularly.
- Memorize key definitions and bold terms for maximum score."
Unit 10 Chapter 10 â Surah Rum (New),Tarjuma-tul-Quran,9,PCTB (Punjab Curriculum & Textbook Board),CHAPTER_WISE,10,Chapter Questions,TaleemCity / PakParcha,https://drive.google.com/file/d/1kmfCG7cFZw4KoKPefH3CrOUYcVLYbIMH/preview,"### Comprehensive Tarjuma-tul-Quran Class 9 (Unit 10) Notes & Solutions

These Tarjuma-tul-Quran notes for Class 9 (Unit 10 Chapter 10 â Surah Rum (New)) are prepared strictly according to the Single National Curriculum (SNC 2025–2026) and Punjab Curriculum and Textbook Board (PCTB) standards.

#### 📌 Included In This Resource:
1. **Multiple Choice Questions (MCQs):** Carefully curated objective questions with verified answer keys.
2. **Short Answer Questions:** Concise, exam-targeted answers highlighting key definitions, laws, and concepts.
3. **Long & Detailed Questions:** Step-by-step explanations, diagrams, derivations, and board-standard headings.
4. **Textbook Solved Exercises & Numericals:** Complete solved numericals and exercises with given data, formula substitution, and final units.

#### 🏛️ Board Compatibility:
- **Punjab Boards:** Lahore, Rawalpindi, Gujranwala, Faisalabad, Multan, Sargodha, Sahiwal, Bahawalpur, DG Khan.
- **Federal Board (FBISE):** Islamabad & Cantonment Institutions.
- **KPK & Sindh Boards:** Aligned with Single National Curriculum standards.

#### 💡 Exam Preparation Tips:
- Review past 5-year board questions included at the end of each topic.
- Practice diagrams, derivations, and formulas regularly.
- Memorize key definitions and bold terms for maximum score."
Unit 11 Chapter 11 â Surah Luqman (New),Tarjuma-tul-Quran,9,PCTB (Punjab Curriculum & Textbook Board),CHAPTER_WISE,11,Chapter Questions,TaleemCity / PakParcha,https://drive.google.com/file/d/1DSno8wF7BfYff1pySttmq2N1EsTrYU88/preview,"### Comprehensive Tarjuma-tul-Quran Class 9 (Unit 11) Notes & Solutions

These Tarjuma-tul-Quran notes for Class 9 (Unit 11 Chapter 11 â Surah Luqman (New)) are prepared strictly according to the Single National Curriculum (SNC 2025–2026) and Punjab Curriculum and Textbook Board (PCTB) standards.

#### 📌 Included In This Resource:
1. **Multiple Choice Questions (MCQs):** Carefully curated objective questions with verified answer keys.
2. **Short Answer Questions:** Concise, exam-targeted answers highlighting key definitions, laws, and concepts.
3. **Long & Detailed Questions:** Step-by-step explanations, diagrams, derivations, and board-standard headings.
4. **Textbook Solved Exercises & Numericals:** Complete solved numericals and exercises with given data, formula substitution, and final units.

#### 🏛️ Board Compatibility:
- **Punjab Boards:** Lahore, Rawalpindi, Gujranwala, Faisalabad, Multan, Sargodha, Sahiwal, Bahawalpur, DG Khan.
- **Federal Board (FBISE):** Islamabad & Cantonment Institutions.
- **KPK & Sindh Boards:** Aligned with Single National Curriculum standards.

#### 💡 Exam Preparation Tips:
- Review past 5-year board questions included at the end of each topic.
- Practice diagrams, derivations, and formulas regularly.
- Memorize key definitions and bold terms for maximum score."
Unit 12 Chapter 12 â Surah Sajdah (New),Tarjuma-tul-Quran,9,PCTB (Punjab Curriculum & Textbook Board),CHAPTER_WISE,12,Chapter Questions,TaleemCity / PakParcha,https://drive.google.com/file/d/1ngbUqAFqrbpEGtlhU0rb6kBI9eqXfqEd/preview,"### Comprehensive Tarjuma-tul-Quran Class 9 (Unit 12) Notes & Solutions

These Tarjuma-tul-Quran notes for Class 9 (Unit 12 Chapter 12 â Surah Sajdah (New)) are prepared strictly according to the Single National Curriculum (SNC 2025–2026) and Punjab Curriculum and Textbook Board (PCTB) standards.

#### 📌 Included In This Resource:
1. **Multiple Choice Questions (MCQs):** Carefully curated objective questions with verified answer keys.
2. **Short Answer Questions:** Concise, exam-targeted answers highlighting key definitions, laws, and concepts.
3. **Long & Detailed Questions:** Step-by-step explanations, diagrams, derivations, and board-standard headings.
4. **Textbook Solved Exercises & Numericals:** Complete solved numericals and exercises with given data, formula substitution, and final units.

#### 🏛️ Board Compatibility:
- **Punjab Boards:** Lahore, Rawalpindi, Gujranwala, Faisalabad, Multan, Sargodha, Sahiwal, Bahawalpur, DG Khan.
- **Federal Board (FBISE):** Islamabad & Cantonment Institutions.
- **KPK & Sindh Boards:** Aligned with Single National Curriculum standards.

#### 💡 Exam Preparation Tips:
- Review past 5-year board questions included at the end of each topic.
- Practice diagrams, derivations, and formulas regularly.
- Memorize key definitions and bold terms for maximum score."
Unit 13 Chapter 13 â Surah Saba (New),Tarjuma-tul-Quran,9,PCTB (Punjab Curriculum & Textbook Board),CHAPTER_WISE,13,Chapter Questions,TaleemCity / PakParcha,https://drive.google.com/file/d/1PNXRyT83iTAAtamgiOH1jZ_VyBhYstB9/preview,"### Comprehensive Tarjuma-tul-Quran Class 9 (Unit 13) Notes & Solutions

These Tarjuma-tul-Quran notes for Class 9 (Unit 13 Chapter 13 â Surah Saba (New)) are prepared strictly according to the Single National Curriculum (SNC 2025–2026) and Punjab Curriculum and Textbook Board (PCTB) standards.

#### 📌 Included In This Resource:
1. **Multiple Choice Questions (MCQs):** Carefully curated objective questions with verified answer keys.
2. **Short Answer Questions:** Concise, exam-targeted answers highlighting key definitions, laws, and concepts.
3. **Long & Detailed Questions:** Step-by-step explanations, diagrams, derivations, and board-standard headings.
4. **Textbook Solved Exercises & Numericals:** Complete solved numericals and exercises with given data, formula substitution, and final units.

#### 🏛️ Board Compatibility:
- **Punjab Boards:** Lahore, Rawalpindi, Gujranwala, Faisalabad, Multan, Sargodha, Sahiwal, Bahawalpur, DG Khan.
- **Federal Board (FBISE):** Islamabad & Cantonment Institutions.
- **KPK & Sindh Boards:** Aligned with Single National Curriculum standards.

#### 💡 Exam Preparation Tips:
- Review past 5-year board questions included at the end of each topic.
- Practice diagrams, derivations, and formulas regularly.
- Memorize key definitions and bold terms for maximum score."
Unit 14 Chapter 14 â Surah Fatir (New),Tarjuma-tul-Quran,9,PCTB (Punjab Curriculum & Textbook Board),CHAPTER_WISE,14,Chapter Questions,TaleemCity / PakParcha,https://drive.google.com/file/d/1FJS6UxSfgie3Bt2RiIjrGsZvQeLwYj90/preview,"### Comprehensive Tarjuma-tul-Quran Class 9 (Unit 14) Notes & Solutions

These Tarjuma-tul-Quran notes for Class 9 (Unit 14 Chapter 14 â Surah Fatir (New)) are prepared strictly according to the Single National Curriculum (SNC 2025–2026) and Punjab Curriculum and Textbook Board (PCTB) standards.

#### 📌 Included In This Resource:
1. **Multiple Choice Questions (MCQs):** Carefully curated objective questions with verified answer keys.
2. **Short Answer Questions:** Concise, exam-targeted answers highlighting key definitions, laws, and concepts.
3. **Long & Detailed Questions:** Step-by-step explanations, diagrams, derivations, and board-standard headings.
4. **Textbook Solved Exercises & Numericals:** Complete solved numericals and exercises with given data, formula substitution, and final units.

#### 🏛️ Board Compatibility:
- **Punjab Boards:** Lahore, Rawalpindi, Gujranwala, Faisalabad, Multan, Sargodha, Sahiwal, Bahawalpur, DG Khan.
- **Federal Board (FBISE):** Islamabad & Cantonment Institutions.
- **KPK & Sindh Boards:** Aligned with Single National Curriculum standards.

#### 💡 Exam Preparation Tips:
- Review past 5-year board questions included at the end of each topic.
- Practice diagrams, derivations, and formulas regularly.
- Memorize key definitions and bold terms for maximum score."
Unit 15 Chapter 15 â Surah Yaseen (New),Tarjuma-tul-Quran,9,PCTB (Punjab Curriculum & Textbook Board),CHAPTER_WISE,15,Chapter Questions,TaleemCity / PakParcha,https://drive.google.com/file/d/1lWuDH7a0ixuv8L2Am3St0-CfWluJ8GBe/preview,"### Comprehensive Tarjuma-tul-Quran Class 9 (Unit 15) Notes & Solutions

These Tarjuma-tul-Quran notes for Class 9 (Unit 15 Chapter 15 â Surah Yaseen (New)) are prepared strictly according to the Single National Curriculum (SNC 2025–2026) and Punjab Curriculum and Textbook Board (PCTB) standards.

#### 📌 Included In This Resource:
1. **Multiple Choice Questions (MCQs):** Carefully curated objective questions with verified answer keys.
2. **Short Answer Questions:** Concise, exam-targeted answers highlighting key definitions, laws, and concepts.
3. **Long & Detailed Questions:** Step-by-step explanations, diagrams, derivations, and board-standard headings.
4. **Textbook Solved Exercises & Numericals:** Complete solved numericals and exercises with given data, formula substitution, and final units.

#### 🏛️ Board Compatibility:
- **Punjab Boards:** Lahore, Rawalpindi, Gujranwala, Faisalabad, Multan, Sargodha, Sahiwal, Bahawalpur, DG Khan.
- **Federal Board (FBISE):** Islamabad & Cantonment Institutions.
- **KPK & Sindh Boards:** Aligned with Single National Curriculum standards.

#### 💡 Exam Preparation Tips:
- Review past 5-year board questions included at the end of each topic.
- Practice diagrams, derivations, and formulas regularly.
- Memorize key definitions and bold terms for maximum score."
Unit 16 Chapter 16 â Surah As Saffat (New),Tarjuma-tul-Quran,9,PCTB (Punjab Curriculum & Textbook Board),CHAPTER_WISE,16,Chapter Questions,TaleemCity / PakParcha,https://drive.google.com/file/d/1J7HpkEovxPClMdZqZYRIOYAaNcSsTYYN/preview,"### Comprehensive Tarjuma-tul-Quran Class 9 (Unit 16) Notes & Solutions

These Tarjuma-tul-Quran notes for Class 9 (Unit 16 Chapter 16 â Surah As Saffat (New)) are prepared strictly according to the Single National Curriculum (SNC 2025–2026) and Punjab Curriculum and Textbook Board (PCTB) standards.

#### 📌 Included In This Resource:
1. **Multiple Choice Questions (MCQs):** Carefully curated objective questions with verified answer keys.
2. **Short Answer Questions:** Concise, exam-targeted answers highlighting key definitions, laws, and concepts.
3. **Long & Detailed Questions:** Step-by-step explanations, diagrams, derivations, and board-standard headings.
4. **Textbook Solved Exercises & Numericals:** Complete solved numericals and exercises with given data, formula substitution, and final units.

#### 🏛️ Board Compatibility:
- **Punjab Boards:** Lahore, Rawalpindi, Gujranwala, Faisalabad, Multan, Sargodha, Sahiwal, Bahawalpur, DG Khan.
- **Federal Board (FBISE):** Islamabad & Cantonment Institutions.
- **KPK & Sindh Boards:** Aligned with Single National Curriculum standards.

#### 💡 Exam Preparation Tips:
- Review past 5-year board questions included at the end of each topic.
- Practice diagrams, derivations, and formulas regularly.
- Memorize key definitions and bold terms for maximum score."
Unit 17 Chapter 17 â Surah Suad (New),Tarjuma-tul-Quran,9,PCTB (Punjab Curriculum & Textbook Board),CHAPTER_WISE,17,Chapter Questions,TaleemCity / PakParcha,https://drive.google.com/file/d/1erPPahRU-p5BGLpcjfI-HEYCH85zkHOR/preview,"### Comprehensive Tarjuma-tul-Quran Class 9 (Unit 17) Notes & Solutions

These Tarjuma-tul-Quran notes for Class 9 (Unit 17 Chapter 17 â Surah Suad (New)) are prepared strictly according to the Single National Curriculum (SNC 2025–2026) and Punjab Curriculum and Textbook Board (PCTB) standards.

#### 📌 Included In This Resource:
1. **Multiple Choice Questions (MCQs):** Carefully curated objective questions with verified answer keys.
2. **Short Answer Questions:** Concise, exam-targeted answers highlighting key definitions, laws, and concepts.
3. **Long & Detailed Questions:** Step-by-step explanations, diagrams, derivations, and board-standard headings.
4. **Textbook Solved Exercises & Numericals:** Complete solved numericals and exercises with given data, formula substitution, and final units.

#### 🏛️ Board Compatibility:
- **Punjab Boards:** Lahore, Rawalpindi, Gujranwala, Faisalabad, Multan, Sargodha, Sahiwal, Bahawalpur, DG Khan.
- **Federal Board (FBISE):** Islamabad & Cantonment Institutions.
- **KPK & Sindh Boards:** Aligned with Single National Curriculum standards.

#### 💡 Exam Preparation Tips:
- Review past 5-year board questions included at the end of each topic.
- Practice diagrams, derivations, and formulas regularly.
- Memorize key definitions and bold terms for maximum score."
Unit 18 Chapter 18 â Surah Al-Ahqaf (New),Tarjuma-tul-Quran,9,PCTB (Punjab Curriculum & Textbook Board),CHAPTER_WISE,18,Chapter Questions,TaleemCity / PakParcha,https://drive.google.com/file/d/1sxsKcKkbaP1uSa_YPTyLJZo7KueS6YkJ/preview,"### Comprehensive Tarjuma-tul-Quran Class 9 (Unit 18) Notes & Solutions

These Tarjuma-tul-Quran notes for Class 9 (Unit 18 Chapter 18 â Surah Al-Ahqaf (New)) are prepared strictly according to the Single National Curriculum (SNC 2025–2026) and Punjab Curriculum and Textbook Board (PCTB) standards.

#### 📌 Included In This Resource:
1. **Multiple Choice Questions (MCQs):** Carefully curated objective questions with verified answer keys.
2. **Short Answer Questions:** Concise, exam-targeted answers highlighting key definitions, laws, and concepts.
3. **Long & Detailed Questions:** Step-by-step explanations, diagrams, derivations, and board-standard headings.
4. **Textbook Solved Exercises & Numericals:** Complete solved numericals and exercises with given data, formula substitution, and final units.

#### 🏛️ Board Compatibility:
- **Punjab Boards:** Lahore, Rawalpindi, Gujranwala, Faisalabad, Multan, Sargodha, Sahiwal, Bahawalpur, DG Khan.
- **Federal Board (FBISE):** Islamabad & Cantonment Institutions.
- **KPK & Sindh Boards:** Aligned with Single National Curriculum standards.

#### 💡 Exam Preparation Tips:
- Review past 5-year board questions included at the end of each topic.
- Practice diagrams, derivations, and formulas regularly.
- Memorize key definitions and bold terms for maximum score."
Complete Merged Book Notes,Tarjuma-tul-Quran,9,PCTB (Punjab Curriculum & Textbook Board),FULL_BOOK,,Full Book Complete,TaleemCity / PakParcha,https://drive.google.com/file/d/1ZMjJJ9gmj11NUxAdHMAuN_GX47ubrSVm/preview,"### Comprehensive Tarjuma-tul-Quran Class 9 (Full Book Complete Syllabus) Notes & Solutions

These Tarjuma-tul-Quran notes for Class 9 (Complete Merged Book Notes) are prepared strictly according to the Single National Curriculum (SNC 2025–2026) and Punjab Curriculum and Textbook Board (PCTB) standards.

#### 📌 Included In This Resource:
1. **Multiple Choice Questions (MCQs):** Carefully curated objective questions with verified answer keys.
2. **Short Answer Questions:** Concise, exam-targeted answers highlighting key definitions, laws, and concepts.
3. **Long & Detailed Questions:** Step-by-step explanations, diagrams, derivations, and board-standard headings.
4. **Textbook Solved Exercises & Numericals:** Complete solved numericals and exercises with given data, formula substitution, and final units.

#### 🏛️ Board Compatibility:
- **Punjab Boards:** Lahore, Rawalpindi, Gujranwala, Faisalabad, Multan, Sargodha, Sahiwal, Bahawalpur, DG Khan.
- **Federal Board (FBISE):** Islamabad & Cantonment Institutions.
- **KPK & Sindh Boards:** Aligned with Single National Curriculum standards.

#### 💡 Exam Preparation Tips:
- Review past 5-year board questions included at the end of each topic.
- Practice diagrams, derivations, and formulas regularly.
- Memorize key definitions and bold terms for maximum score."
Class 9 Urdu (New Syllabus) - Full Book Complete Notes,Urdu,9,PCTB (Punjab Curriculum & Textbook Board),FULL_BOOK,,Full Book Complete,TaleemCity / PakParcha,https://drive.google.com/file/d/1EzAbBn8cZzNnkgdoVEZSC7Pojrwm2iq1/preview,"### Comprehensive Urdu Class 9 (Full Book Complete Syllabus) Notes & Solutions

These Urdu notes for Class 9 (Class 9 Urdu (New Syllabus) - Full Book Complete Notes) are prepared strictly according to the Single National Curriculum (SNC 2025–2026) and Punjab Curriculum and Textbook Board (PCTB) standards.

#### 📌 Included In This Resource:
1. **Multiple Choice Questions (MCQs):** Carefully curated objective questions with verified answer keys.
2. **Short Answer Questions:** Concise, exam-targeted answers highlighting key definitions, laws, and concepts.
3. **Long & Detailed Questions:** Step-by-step explanations, diagrams, derivations, and board-standard headings.
4. **Textbook Solved Exercises & Numericals:** Complete solved numericals and exercises with given data, formula substitution, and final units.

#### 🏛️ Board Compatibility:
- **Punjab Boards:** Lahore, Rawalpindi, Gujranwala, Faisalabad, Multan, Sargodha, Sahiwal, Bahawalpur, DG Khan.
- **Federal Board (FBISE):** Islamabad & Cantonment Institutions.
- **KPK & Sindh Boards:** Aligned with Single National Curriculum standards.

#### 💡 Exam Preparation Tips:
- Review past 5-year board questions included at the end of each topic.
- Practice diagrams, derivations, and formulas regularly.
- Memorize key definitions and bold terms for maximum score."
Class 9 Urdu (New Syllabus) - Unit 1 - Chapter 1 â Nazam Hamad (New),Urdu,9,PCTB (Punjab Curriculum & Textbook Board),CHAPTER_WISE,1,Chapter Questions,TaleemCity / PakParcha,https://drive.google.com/file/d/1NDAGrzyGpAUO7xQthgcryC9Gm-UFmwJI/preview,"### Comprehensive Urdu Class 9 (Unit 1) Notes & Solutions

These Urdu notes for Class 9 (Class 9 Urdu (New Syllabus) - Unit 1 - Chapter 1 â Nazam Hamad (New)) are prepared strictly according to the Single National Curriculum (SNC 2025–2026) and Punjab Curriculum and Textbook Board (PCTB) standards.

#### 📌 Included In This Resource:
1. **Multiple Choice Questions (MCQs):** Carefully curated objective questions with verified answer keys.
2. **Short Answer Questions:** Concise, exam-targeted answers highlighting key definitions, laws, and concepts.
3. **Long & Detailed Questions:** Step-by-step explanations, diagrams, derivations, and board-standard headings.
4. **Textbook Solved Exercises & Numericals:** Complete solved numericals and exercises with given data, formula substitution, and final units.

#### 🏛️ Board Compatibility:
- **Punjab Boards:** Lahore, Rawalpindi, Gujranwala, Faisalabad, Multan, Sargodha, Sahiwal, Bahawalpur, DG Khan.
- **Federal Board (FBISE):** Islamabad & Cantonment Institutions.
- **KPK & Sindh Boards:** Aligned with Single National Curriculum standards.

#### 💡 Exam Preparation Tips:
- Review past 5-year board questions included at the end of each topic.
- Practice diagrams, derivations, and formulas regularly.
- Memorize key definitions and bold terms for maximum score."
Class 9 Urdu (New Syllabus) - Unit 2 - Chapter 2 â Nazam Naat (New),Urdu,9,PCTB (Punjab Curriculum & Textbook Board),CHAPTER_WISE,2,Chapter Questions,TaleemCity / PakParcha,https://drive.google.com/file/d/1VooVfpCAJsZLRZnkmSsy_pToplQfYoYj/preview,"### Comprehensive Urdu Class 9 (Unit 2) Notes & Solutions

These Urdu notes for Class 9 (Class 9 Urdu (New Syllabus) - Unit 2 - Chapter 2 â Nazam Naat (New)) are prepared strictly according to the Single National Curriculum (SNC 2025–2026) and Punjab Curriculum and Textbook Board (PCTB) standards.

#### 📌 Included In This Resource:
1. **Multiple Choice Questions (MCQs):** Carefully curated objective questions with verified answer keys.
2. **Short Answer Questions:** Concise, exam-targeted answers highlighting key definitions, laws, and concepts.
3. **Long & Detailed Questions:** Step-by-step explanations, diagrams, derivations, and board-standard headings.
4. **Textbook Solved Exercises & Numericals:** Complete solved numericals and exercises with given data, formula substitution, and final units.

#### 🏛️ Board Compatibility:
- **Punjab Boards:** Lahore, Rawalpindi, Gujranwala, Faisalabad, Multan, Sargodha, Sahiwal, Bahawalpur, DG Khan.
- **Federal Board (FBISE):** Islamabad & Cantonment Institutions.
- **KPK & Sindh Boards:** Aligned with Single National Curriculum standards.

#### 💡 Exam Preparation Tips:
- Review past 5-year board questions included at the end of each topic.
- Practice diagrams, derivations, and formulas regularly.
- Memorize key definitions and bold terms for maximum score."
Class 9 Urdu (New Syllabus) - Unit 3 - Chapter 3 â Akhlaq e Hasna (New),Urdu,9,PCTB (Punjab Curriculum & Textbook Board),CHAPTER_WISE,3,Chapter Questions,TaleemCity / PakParcha,https://drive.google.com/file/d/1cEEy5iEoOtLtKwnFFEvESa_OtpHAUrb4/preview,"### Comprehensive Urdu Class 9 (Unit 3) Notes & Solutions

These Urdu notes for Class 9 (Class 9 Urdu (New Syllabus) - Unit 3 - Chapter 3 â Akhlaq e Hasna (New)) are prepared strictly according to the Single National Curriculum (SNC 2025–2026) and Punjab Curriculum and Textbook Board (PCTB) standards.

#### 📌 Included In This Resource:
1. **Multiple Choice Questions (MCQs):** Carefully curated objective questions with verified answer keys.
2. **Short Answer Questions:** Concise, exam-targeted answers highlighting key definitions, laws, and concepts.
3. **Long & Detailed Questions:** Step-by-step explanations, diagrams, derivations, and board-standard headings.
4. **Textbook Solved Exercises & Numericals:** Complete solved numericals and exercises with given data, formula substitution, and final units.

#### 🏛️ Board Compatibility:
- **Punjab Boards:** Lahore, Rawalpindi, Gujranwala, Faisalabad, Multan, Sargodha, Sahiwal, Bahawalpur, DG Khan.
- **Federal Board (FBISE):** Islamabad & Cantonment Institutions.
- **KPK & Sindh Boards:** Aligned with Single National Curriculum standards.

#### 💡 Exam Preparation Tips:
- Review past 5-year board questions included at the end of each topic.
- Practice diagrams, derivations, and formulas regularly.
- Memorize key definitions and bold terms for maximum score."
Class 9 Urdu (New Syllabus) - Unit 4 - Chapter 4 â Apni Madad Aap (New),Urdu,9,PCTB (Punjab Curriculum & Textbook Board),CHAPTER_WISE,4,Chapter Questions,TaleemCity / PakParcha,https://drive.google.com/file/d/1orrH483o6m5zFfdU4cdc_E5WAkyOgJTc/preview,"### Comprehensive Urdu Class 9 (Unit 4) Notes & Solutions

These Urdu notes for Class 9 (Class 9 Urdu (New Syllabus) - Unit 4 - Chapter 4 â Apni Madad Aap (New)) are prepared strictly according to the Single National Curriculum (SNC 2025–2026) and Punjab Curriculum and Textbook Board (PCTB) standards.

#### 📌 Included In This Resource:
1. **Multiple Choice Questions (MCQs):** Carefully curated objective questions with verified answer keys.
2. **Short Answer Questions:** Concise, exam-targeted answers highlighting key definitions, laws, and concepts.
3. **Long & Detailed Questions:** Step-by-step explanations, diagrams, derivations, and board-standard headings.
4. **Textbook Solved Exercises & Numericals:** Complete solved numericals and exercises with given data, formula substitution, and final units.

#### 🏛️ Board Compatibility:
- **Punjab Boards:** Lahore, Rawalpindi, Gujranwala, Faisalabad, Multan, Sargodha, Sahiwal, Bahawalpur, DG Khan.
- **Federal Board (FBISE):** Islamabad & Cantonment Institutions.
- **KPK & Sindh Boards:** Aligned with Single National Curriculum standards.

#### 💡 Exam Preparation Tips:
- Review past 5-year board questions included at the end of each topic.
- Practice diagrams, derivations, and formulas regularly.
- Memorize key definitions and bold terms for maximum score."
Class 9 Urdu (New Syllabus) - Unit 5 - Chapter 5 â Kaleem aur Mirza Zahir Dar baig (New),Urdu,9,PCTB (Punjab Curriculum & Textbook Board),CHAPTER_WISE,5,Chapter Questions,TaleemCity / PakParcha,https://drive.google.com/file/d/1ibmny94szCsa2r26n8jgz9b6yC4m6Ovy/preview,"### Comprehensive Urdu Class 9 (Unit 5) Notes & Solutions

These Urdu notes for Class 9 (Class 9 Urdu (New Syllabus) - Unit 5 - Chapter 5 â Kaleem aur Mirza Zahir Dar baig (New)) are prepared strictly according to the Single National Curriculum (SNC 2025–2026) and Punjab Curriculum and Textbook Board (PCTB) standards.

#### 📌 Included In This Resource:
1. **Multiple Choice Questions (MCQs):** Carefully curated objective questions with verified answer keys.
2. **Short Answer Questions:** Concise, exam-targeted answers highlighting key definitions, laws, and concepts.
3. **Long & Detailed Questions:** Step-by-step explanations, diagrams, derivations, and board-standard headings.
4. **Textbook Solved Exercises & Numericals:** Complete solved numericals and exercises with given data, formula substitution, and final units.

#### 🏛️ Board Compatibility:
- **Punjab Boards:** Lahore, Rawalpindi, Gujranwala, Faisalabad, Multan, Sargodha, Sahiwal, Bahawalpur, DG Khan.
- **Federal Board (FBISE):** Islamabad & Cantonment Institutions.
- **KPK & Sindh Boards:** Aligned with Single National Curriculum standards.

#### 💡 Exam Preparation Tips:
- Review past 5-year board questions included at the end of each topic.
- Practice diagrams, derivations, and formulas regularly.
- Memorize key definitions and bold terms for maximum score."
Class 9 Urdu (New Syllabus) - Unit 6 - Chapter 6 â Naam Dev Maali (New),Urdu,9,PCTB (Punjab Curriculum & Textbook Board),CHAPTER_WISE,6,Chapter Questions,TaleemCity / PakParcha,https://drive.google.com/file/d/1CoIZOAhyQkjnWgmfilCg-M2FxXpPtkUD/preview,"### Comprehensive Urdu Class 9 (Unit 6) Notes & Solutions

These Urdu notes for Class 9 (Class 9 Urdu (New Syllabus) - Unit 6 - Chapter 6 â Naam Dev Maali (New)) are prepared strictly according to the Single National Curriculum (SNC 2025–2026) and Punjab Curriculum and Textbook Board (PCTB) standards.

#### 📌 Included In This Resource:
1. **Multiple Choice Questions (MCQs):** Carefully curated objective questions with verified answer keys.
2. **Short Answer Questions:** Concise, exam-targeted answers highlighting key definitions, laws, and concepts.
3. **Long & Detailed Questions:** Step-by-step explanations, diagrams, derivations, and board-standard headings.
4. **Textbook Solved Exercises & Numericals:** Complete solved numericals and exercises with given data, formula substitution, and final units.

#### 🏛️ Board Compatibility:
- **Punjab Boards:** Lahore, Rawalpindi, Gujranwala, Faisalabad, Multan, Sargodha, Sahiwal, Bahawalpur, DG Khan.
- **Federal Board (FBISE):** Islamabad & Cantonment Institutions.
- **KPK & Sindh Boards:** Aligned with Single National Curriculum standards.

#### 💡 Exam Preparation Tips:
- Review past 5-year board questions included at the end of each topic.
- Practice diagrams, derivations, and formulas regularly.
- Memorize key definitions and bold terms for maximum score."
Class 9 Urdu (New Syllabus) - Unit 7 - Chapter 7 â Araam o Sukoon (New),Urdu,9,PCTB (Punjab Curriculum & Textbook Board),CHAPTER_WISE,7,Chapter Questions,TaleemCity / PakParcha,https://drive.google.com/file/d/1rkValeOTollb3X6M-tOoPt5ynp2DF72a/preview,"### Comprehensive Urdu Class 9 (Unit 7) Notes & Solutions

These Urdu notes for Class 9 (Class 9 Urdu (New Syllabus) - Unit 7 - Chapter 7 â Araam o Sukoon (New)) are prepared strictly according to the Single National Curriculum (SNC 2025–2026) and Punjab Curriculum and Textbook Board (PCTB) standards.

#### 📌 Included In This Resource:
1. **Multiple Choice Questions (MCQs):** Carefully curated objective questions with verified answer keys.
2. **Short Answer Questions:** Concise, exam-targeted answers highlighting key definitions, laws, and concepts.
3. **Long & Detailed Questions:** Step-by-step explanations, diagrams, derivations, and board-standard headings.
4. **Textbook Solved Exercises & Numericals:** Complete solved numericals and exercises with given data, formula substitution, and final units.

#### 🏛️ Board Compatibility:
- **Punjab Boards:** Lahore, Rawalpindi, Gujranwala, Faisalabad, Multan, Sargodha, Sahiwal, Bahawalpur, DG Khan.
- **Federal Board (FBISE):** Islamabad & Cantonment Institutions.
- **KPK & Sindh Boards:** Aligned with Single National Curriculum standards.

#### 💡 Exam Preparation Tips:
- Review past 5-year board questions included at the end of each topic.
- Practice diagrams, derivations, and formulas regularly.
- Memorize key definitions and bold terms for maximum score."
Class 9 Urdu (New Syllabus) - Unit 8 - Chapter 8 â Katba (New),Urdu,9,PCTB (Punjab Curriculum & Textbook Board),CHAPTER_WISE,8,Chapter Questions,TaleemCity / PakParcha,https://drive.google.com/file/d/14-rTFHNcxHNX9UYhoeaHKJZ6e9QtjRR6/preview,"### Comprehensive Urdu Class 9 (Unit 8) Notes & Solutions

These Urdu notes for Class 9 (Class 9 Urdu (New Syllabus) - Unit 8 - Chapter 8 â Katba (New)) are prepared strictly according to the Single National Curriculum (SNC 2025–2026) and Punjab Curriculum and Textbook Board (PCTB) standards.

#### 📌 Included In This Resource:
1. **Multiple Choice Questions (MCQs):** Carefully curated objective questions with verified answer keys.
2. **Short Answer Questions:** Concise, exam-targeted answers highlighting key definitions, laws, and concepts.
3. **Long & Detailed Questions:** Step-by-step explanations, diagrams, derivations, and board-standard headings.
4. **Textbook Solved Exercises & Numericals:** Complete solved numericals and exercises with given data, formula substitution, and final units.

#### 🏛️ Board Compatibility:
- **Punjab Boards:** Lahore, Rawalpindi, Gujranwala, Faisalabad, Multan, Sargodha, Sahiwal, Bahawalpur, DG Khan.
- **Federal Board (FBISE):** Islamabad & Cantonment Institutions.
- **KPK & Sindh Boards:** Aligned with Single National Curriculum standards.

#### 💡 Exam Preparation Tips:
- Review past 5-year board questions included at the end of each topic.
- Practice diagrams, derivations, and formulas regularly.
- Memorize key definitions and bold terms for maximum score."
Class 9 Urdu (New Syllabus) - Unit 9 - Chapter 9 â Ibtidai Hisab (New),Urdu,9,PCTB (Punjab Curriculum & Textbook Board),CHAPTER_WISE,9,Chapter Questions,TaleemCity / PakParcha,https://drive.google.com/file/d/1uZymHQyb-mBb6UChu_2j9pDVrW5Ymaee/preview,"### Comprehensive Urdu Class 9 (Unit 9) Notes & Solutions

These Urdu notes for Class 9 (Class 9 Urdu (New Syllabus) - Unit 9 - Chapter 9 â Ibtidai Hisab (New)) are prepared strictly according to the Single National Curriculum (SNC 2025–2026) and Punjab Curriculum and Textbook Board (PCTB) standards.

#### 📌 Included In This Resource:
1. **Multiple Choice Questions (MCQs):** Carefully curated objective questions with verified answer keys.
2. **Short Answer Questions:** Concise, exam-targeted answers highlighting key definitions, laws, and concepts.
3. **Long & Detailed Questions:** Step-by-step explanations, diagrams, derivations, and board-standard headings.
4. **Textbook Solved Exercises & Numericals:** Complete solved numericals and exercises with given data, formula substitution, and final units.

#### 🏛️ Board Compatibility:
- **Punjab Boards:** Lahore, Rawalpindi, Gujranwala, Faisalabad, Multan, Sargodha, Sahiwal, Bahawalpur, DG Khan.
- **Federal Board (FBISE):** Islamabad & Cantonment Institutions.
- **KPK & Sindh Boards:** Aligned with Single National Curriculum standards.

#### 💡 Exam Preparation Tips:
- Review past 5-year board questions included at the end of each topic.
- Practice diagrams, derivations, and formulas regularly.
- Memorize key definitions and bold terms for maximum score."
Class 9 Urdu (New Syllabus) - Unit 10 - Chapter 10 â Lari main Paroye huvay Manazr (New),Urdu,9,PCTB (Punjab Curriculum & Textbook Board),CHAPTER_WISE,10,Chapter Questions,TaleemCity / PakParcha,https://drive.google.com/file/d/12ZraFQOLq4lYvm3OCgc2HUPB69PW1JgL/preview,"### Comprehensive Urdu Class 9 (Unit 10) Notes & Solutions

These Urdu notes for Class 9 (Class 9 Urdu (New Syllabus) - Unit 10 - Chapter 10 â Lari main Paroye huvay Manazr (New)) are prepared strictly according to the Single National Curriculum (SNC 2025–2026) and Punjab Curriculum and Textbook Board (PCTB) standards.

#### 📌 Included In This Resource:
1. **Multiple Choice Questions (MCQs):** Carefully curated objective questions with verified answer keys.
2. **Short Answer Questions:** Concise, exam-targeted answers highlighting key definitions, laws, and concepts.
3. **Long & Detailed Questions:** Step-by-step explanations, diagrams, derivations, and board-standard headings.
4. **Textbook Solved Exercises & Numericals:** Complete solved numericals and exercises with given data, formula substitution, and final units.

#### 🏛️ Board Compatibility:
- **Punjab Boards:** Lahore, Rawalpindi, Gujranwala, Faisalabad, Multan, Sargodha, Sahiwal, Bahawalpur, DG Khan.
- **Federal Board (FBISE):** Islamabad & Cantonment Institutions.
- **KPK & Sindh Boards:** Aligned with Single National Curriculum standards.

#### 💡 Exam Preparation Tips:
- Review past 5-year board questions included at the end of each topic.
- Practice diagrams, derivations, and formulas regularly.
- Memorize key definitions and bold terms for maximum score."
Class 9 Urdu (New Syllabus) - Unit 11 - Chapter 11 â Bhairiya (New),Urdu,9,PCTB (Punjab Curriculum & Textbook Board),CHAPTER_WISE,11,Chapter Questions,TaleemCity / PakParcha,https://drive.google.com/file/d/1_dcaFuWleYpy6-jqqi_2a_2240QlgfYg/preview,"### Comprehensive Urdu Class 9 (Unit 11) Notes & Solutions

These Urdu notes for Class 9 (Class 9 Urdu (New Syllabus) - Unit 11 - Chapter 11 â Bhairiya (New)) are prepared strictly according to the Single National Curriculum (SNC 2025–2026) and Punjab Curriculum and Textbook Board (PCTB) standards.

#### 📌 Included In This Resource:
1. **Multiple Choice Questions (MCQs):** Carefully curated objective questions with verified answer keys.
2. **Short Answer Questions:** Concise, exam-targeted answers highlighting key definitions, laws, and concepts.
3. **Long & Detailed Questions:** Step-by-step explanations, diagrams, derivations, and board-standard headings.
4. **Textbook Solved Exercises & Numericals:** Complete solved numericals and exercises with given data, formula substitution, and final units.

#### 🏛️ Board Compatibility:
- **Punjab Boards:** Lahore, Rawalpindi, Gujranwala, Faisalabad, Multan, Sargodha, Sahiwal, Bahawalpur, DG Khan.
- **Federal Board (FBISE):** Islamabad & Cantonment Institutions.
- **KPK & Sindh Boards:** Aligned with Single National Curriculum standards.

#### 💡 Exam Preparation Tips:
- Review past 5-year board questions included at the end of each topic.
- Practice diagrams, derivations, and formulas regularly.
- Memorize key definitions and bold terms for maximum score."
Class 9 Urdu (New Syllabus) - Unit 12 - Chapter 12 â Nazam Mehnat Ki Barkaat (New),Urdu,9,PCTB (Punjab Curriculum & Textbook Board),CHAPTER_WISE,12,Chapter Questions,TaleemCity / PakParcha,https://drive.google.com/file/d/1zq4O_Wq8TxmnI7KpycjSdoL9bnhT1Mb3/preview,"### Comprehensive Urdu Class 9 (Unit 12) Notes & Solutions

These Urdu notes for Class 9 (Class 9 Urdu (New Syllabus) - Unit 12 - Chapter 12 â Nazam Mehnat Ki Barkaat (New)) are prepared strictly according to the Single National Curriculum (SNC 2025–2026) and Punjab Curriculum and Textbook Board (PCTB) standards.

#### 📌 Included In This Resource:
1. **Multiple Choice Questions (MCQs):** Carefully curated objective questions with verified answer keys.
2. **Short Answer Questions:** Concise, exam-targeted answers highlighting key definitions, laws, and concepts.
3. **Long & Detailed Questions:** Step-by-step explanations, diagrams, derivations, and board-standard headings.
4. **Textbook Solved Exercises & Numericals:** Complete solved numericals and exercises with given data, formula substitution, and final units.

#### 🏛️ Board Compatibility:
- **Punjab Boards:** Lahore, Rawalpindi, Gujranwala, Faisalabad, Multan, Sargodha, Sahiwal, Bahawalpur, DG Khan.
- **Federal Board (FBISE):** Islamabad & Cantonment Institutions.
- **KPK & Sindh Boards:** Aligned with Single National Curriculum standards.

#### 💡 Exam Preparation Tips:
- Review past 5-year board questions included at the end of each topic.
- Practice diagrams, derivations, and formulas regularly.
- Memorize key definitions and bold terms for maximum score."
Class 9 Urdu (New Syllabus) - Unit 13 - Chapter 13 â Nazam Javed ke Naam (New),Urdu,9,PCTB (Punjab Curriculum & Textbook Board),CHAPTER_WISE,13,Chapter Questions,TaleemCity / PakParcha,https://drive.google.com/file/d/1k80fR0bIEMxkNa6-1sDT2RNQA9X9uwci/preview,"### Comprehensive Urdu Class 9 (Unit 13) Notes & Solutions

These Urdu notes for Class 9 (Class 9 Urdu (New Syllabus) - Unit 13 - Chapter 13 â Nazam Javed ke Naam (New)) are prepared strictly according to the Single National Curriculum (SNC 2025–2026) and Punjab Curriculum and Textbook Board (PCTB) standards.

#### 📌 Included In This Resource:
1. **Multiple Choice Questions (MCQs):** Carefully curated objective questions with verified answer keys.
2. **Short Answer Questions:** Concise, exam-targeted answers highlighting key definitions, laws, and concepts.
3. **Long & Detailed Questions:** Step-by-step explanations, diagrams, derivations, and board-standard headings.
4. **Textbook Solved Exercises & Numericals:** Complete solved numericals and exercises with given data, formula substitution, and final units.

#### 🏛️ Board Compatibility:
- **Punjab Boards:** Lahore, Rawalpindi, Gujranwala, Faisalabad, Multan, Sargodha, Sahiwal, Bahawalpur, DG Khan.
- **Federal Board (FBISE):** Islamabad & Cantonment Institutions.
- **KPK & Sindh Boards:** Aligned with Single National Curriculum standards.

#### 💡 Exam Preparation Tips:
- Review past 5-year board questions included at the end of each topic.
- Practice diagrams, derivations, and formulas regularly.
- Memorize key definitions and bold terms for maximum score."
Class 9 Urdu (New Syllabus) - Unit 14 - Chapter 14 â Nazam Payam e Latif (New),Urdu,9,PCTB (Punjab Curriculum & Textbook Board),CHAPTER_WISE,14,Chapter Questions,TaleemCity / PakParcha,https://drive.google.com/file/d/1ttRXKZtIOeaM9lIIsHBu33WEyjHaBqZ7/preview,"### Comprehensive Urdu Class 9 (Unit 14) Notes & Solutions

These Urdu notes for Class 9 (Class 9 Urdu (New Syllabus) - Unit 14 - Chapter 14 â Nazam Payam e Latif (New)) are prepared strictly according to the Single National Curriculum (SNC 2025–2026) and Punjab Curriculum and Textbook Board (PCTB) standards.

#### 📌 Included In This Resource:
1. **Multiple Choice Questions (MCQs):** Carefully curated objective questions with verified answer keys.
2. **Short Answer Questions:** Concise, exam-targeted answers highlighting key definitions, laws, and concepts.
3. **Long & Detailed Questions:** Step-by-step explanations, diagrams, derivations, and board-standard headings.
4. **Textbook Solved Exercises & Numericals:** Complete solved numericals and exercises with given data, formula substitution, and final units.

#### 🏛️ Board Compatibility:
- **Punjab Boards:** Lahore, Rawalpindi, Gujranwala, Faisalabad, Multan, Sargodha, Sahiwal, Bahawalpur, DG Khan.
- **Federal Board (FBISE):** Islamabad & Cantonment Institutions.
- **KPK & Sindh Boards:** Aligned with Single National Curriculum standards.

#### 💡 Exam Preparation Tips:
- Review past 5-year board questions included at the end of each topic.
- Practice diagrams, derivations, and formulas regularly.
- Memorize key definitions and bold terms for maximum score."
Class 9 Urdu (New Syllabus) - Unit 15 - Chapter 15 â Nazam Cricket aur Mushaira (New),Urdu,9,PCTB (Punjab Curriculum & Textbook Board),CHAPTER_WISE,15,Chapter Questions,TaleemCity / PakParcha,https://drive.google.com/file/d/1Nq5WXwCHmXF2Odyye8aRqJaElOf0CJvk/preview,"### Comprehensive Urdu Class 9 (Unit 15) Notes & Solutions

These Urdu notes for Class 9 (Class 9 Urdu (New Syllabus) - Unit 15 - Chapter 15 â Nazam Cricket aur Mushaira (New)) are prepared strictly according to the Single National Curriculum (SNC 2025–2026) and Punjab Curriculum and Textbook Board (PCTB) standards.

#### 📌 Included In This Resource:
1. **Multiple Choice Questions (MCQs):** Carefully curated objective questions with verified answer keys.
2. **Short Answer Questions:** Concise, exam-targeted answers highlighting key definitions, laws, and concepts.
3. **Long & Detailed Questions:** Step-by-step explanations, diagrams, derivations, and board-standard headings.
4. **Textbook Solved Exercises & Numericals:** Complete solved numericals and exercises with given data, formula substitution, and final units.

#### 🏛️ Board Compatibility:
- **Punjab Boards:** Lahore, Rawalpindi, Gujranwala, Faisalabad, Multan, Sargodha, Sahiwal, Bahawalpur, DG Khan.
- **Federal Board (FBISE):** Islamabad & Cantonment Institutions.
- **KPK & Sindh Boards:** Aligned with Single National Curriculum standards.

#### 💡 Exam Preparation Tips:
- Review past 5-year board questions included at the end of each topic.
- Practice diagrams, derivations, and formulas regularly.
- Memorize key definitions and bold terms for maximum score."
Class 9 Urdu (New Syllabus) - Unit 16 - Chapter 16 â Ghazal Faqirana aae sada kar chale (New),Urdu,9,PCTB (Punjab Curriculum & Textbook Board),CHAPTER_WISE,16,Chapter Questions,TaleemCity / PakParcha,https://drive.google.com/file/d/1Tirph7fQRAsIW-13SdTQmTEXxjzYuh94/preview,"### Comprehensive Urdu Class 9 (Unit 16) Notes & Solutions

These Urdu notes for Class 9 (Class 9 Urdu (New Syllabus) - Unit 16 - Chapter 16 â Ghazal Faqirana aae sada kar chale (New)) are prepared strictly according to the Single National Curriculum (SNC 2025–2026) and Punjab Curriculum and Textbook Board (PCTB) standards.

#### 📌 Included In This Resource:
1. **Multiple Choice Questions (MCQs):** Carefully curated objective questions with verified answer keys.
2. **Short Answer Questions:** Concise, exam-targeted answers highlighting key definitions, laws, and concepts.
3. **Long & Detailed Questions:** Step-by-step explanations, diagrams, derivations, and board-standard headings.
4. **Textbook Solved Exercises & Numericals:** Complete solved numericals and exercises with given data, formula substitution, and final units.

#### 🏛️ Board Compatibility:
- **Punjab Boards:** Lahore, Rawalpindi, Gujranwala, Faisalabad, Multan, Sargodha, Sahiwal, Bahawalpur, DG Khan.
- **Federal Board (FBISE):** Islamabad & Cantonment Institutions.
- **KPK & Sindh Boards:** Aligned with Single National Curriculum standards.

#### 💡 Exam Preparation Tips:
- Review past 5-year board questions included at the end of each topic.
- Practice diagrams, derivations, and formulas regularly.
- Memorize key definitions and bold terms for maximum score."
Class 9 Urdu (New Syllabus) - Unit 17 - Chapter 17 â Ghazal Sun To Sahi Jahaan Mein Hai Tera Fasana (New),Urdu,9,PCTB (Punjab Curriculum & Textbook Board),CHAPTER_WISE,17,Chapter Questions,TaleemCity / PakParcha,https://drive.google.com/file/d/1VBkXC0M3hLGIca8wYBYuZl-966zCSEYy/preview,"### Comprehensive Urdu Class 9 (Unit 17) Notes & Solutions

These Urdu notes for Class 9 (Class 9 Urdu (New Syllabus) - Unit 17 - Chapter 17 â Ghazal Sun To Sahi Jahaan Mein Hai Tera Fasana (New)) are prepared strictly according to the Single National Curriculum (SNC 2025–2026) and Punjab Curriculum and Textbook Board (PCTB) standards.

#### 📌 Included In This Resource:
1. **Multiple Choice Questions (MCQs):** Carefully curated objective questions with verified answer keys.
2. **Short Answer Questions:** Concise, exam-targeted answers highlighting key definitions, laws, and concepts.
3. **Long & Detailed Questions:** Step-by-step explanations, diagrams, derivations, and board-standard headings.
4. **Textbook Solved Exercises & Numericals:** Complete solved numericals and exercises with given data, formula substitution, and final units.

#### 🏛️ Board Compatibility:
- **Punjab Boards:** Lahore, Rawalpindi, Gujranwala, Faisalabad, Multan, Sargodha, Sahiwal, Bahawalpur, DG Khan.
- **Federal Board (FBISE):** Islamabad & Cantonment Institutions.
- **KPK & Sindh Boards:** Aligned with Single National Curriculum standards.

#### 💡 Exam Preparation Tips:
- Review past 5-year board questions included at the end of each topic.
- Practice diagrams, derivations, and formulas regularly.
- Memorize key definitions and bold terms for maximum score."
Class 9 Urdu (New Syllabus) - Unit 18 - Chapter 18 â Ghazal Gham Hai Ya Khushi Hai Tu (New),Urdu,9,PCTB (Punjab Curriculum & Textbook Board),CHAPTER_WISE,18,Chapter Questions,TaleemCity / PakParcha,https://drive.google.com/file/d/1Gp5CTQdG1sPVqk6nWp5QNjBDjsm7Ug4A/preview,"### Comprehensive Urdu Class 9 (Unit 18) Notes & Solutions

These Urdu notes for Class 9 (Class 9 Urdu (New Syllabus) - Unit 18 - Chapter 18 â Ghazal Gham Hai Ya Khushi Hai Tu (New)) are prepared strictly according to the Single National Curriculum (SNC 2025–2026) and Punjab Curriculum and Textbook Board (PCTB) standards.

#### 📌 Included In This Resource:
1. **Multiple Choice Questions (MCQs):** Carefully curated objective questions with verified answer keys.
2. **Short Answer Questions:** Concise, exam-targeted answers highlighting key definitions, laws, and concepts.
3. **Long & Detailed Questions:** Step-by-step explanations, diagrams, derivations, and board-standard headings.
4. **Textbook Solved Exercises & Numericals:** Complete solved numericals and exercises with given data, formula substitution, and final units.

#### 🏛️ Board Compatibility:
- **Punjab Boards:** Lahore, Rawalpindi, Gujranwala, Faisalabad, Multan, Sargodha, Sahiwal, Bahawalpur, DG Khan.
- **Federal Board (FBISE):** Islamabad & Cantonment Institutions.
- **KPK & Sindh Boards:** Aligned with Single National Curriculum standards.

#### 💡 Exam Preparation Tips:
- Review past 5-year board questions included at the end of each topic.
- Practice diagrams, derivations, and formulas regularly.
- Memorize key definitions and bold terms for maximum score."
Class 9 Urdu (New Syllabus) - Unit 19 - Chapter 19 â Ghazal Kash Taufaan Mein Safeene Ko Utara Hota (New),Urdu,9,PCTB (Punjab Curriculum & Textbook Board),CHAPTER_WISE,19,Chapter Questions,TaleemCity / PakParcha,https://drive.google.com/file/d/1YIuQMsjan4OKd2XcUYM7-DRwvLOKWSLx/preview,"### Comprehensive Urdu Class 9 (Unit 19) Notes & Solutions

These Urdu notes for Class 9 (Class 9 Urdu (New Syllabus) - Unit 19 - Chapter 19 â Ghazal Kash Taufaan Mein Safeene Ko Utara Hota (New)) are prepared strictly according to the Single National Curriculum (SNC 2025–2026) and Punjab Curriculum and Textbook Board (PCTB) standards.

#### 📌 Included In This Resource:
1. **Multiple Choice Questions (MCQs):** Carefully curated objective questions with verified answer keys.
2. **Short Answer Questions:** Concise, exam-targeted answers highlighting key definitions, laws, and concepts.
3. **Long & Detailed Questions:** Step-by-step explanations, diagrams, derivations, and board-standard headings.
4. **Textbook Solved Exercises & Numericals:** Complete solved numericals and exercises with given data, formula substitution, and final units.

#### 🏛️ Board Compatibility:
- **Punjab Boards:** Lahore, Rawalpindi, Gujranwala, Faisalabad, Multan, Sargodha, Sahiwal, Bahawalpur, DG Khan.
- **Federal Board (FBISE):** Islamabad & Cantonment Institutions.
- **KPK & Sindh Boards:** Aligned with Single National Curriculum standards.

#### 💡 Exam Preparation Tips:
- Review past 5-year board questions included at the end of each topic.
- Practice diagrams, derivations, and formulas regularly.
- Memorize key definitions and bold terms for maximum score."
Class 9 Urdu (New Syllabus) - Unit 20 - Chapter 20 â Hosla na haro Aage Barho (New),Urdu,9,PCTB (Punjab Curriculum & Textbook Board),CHAPTER_WISE,20,Chapter Questions,TaleemCity / PakParcha,https://drive.google.com/file/d/1lm1aD_5nrfgERlUNKAxp8FP4XfRB3cxi/preview,"### Comprehensive Urdu Class 9 (Unit 20) Notes & Solutions

These Urdu notes for Class 9 (Class 9 Urdu (New Syllabus) - Unit 20 - Chapter 20 â Hosla na haro Aage Barho (New)) are prepared strictly according to the Single National Curriculum (SNC 2025–2026) and Punjab Curriculum and Textbook Board (PCTB) standards.

#### 📌 Included In This Resource:
1. **Multiple Choice Questions (MCQs):** Carefully curated objective questions with verified answer keys.
2. **Short Answer Questions:** Concise, exam-targeted answers highlighting key definitions, laws, and concepts.
3. **Long & Detailed Questions:** Step-by-step explanations, diagrams, derivations, and board-standard headings.
4. **Textbook Solved Exercises & Numericals:** Complete solved numericals and exercises with given data, formula substitution, and final units.

#### 🏛️ Board Compatibility:
- **Punjab Boards:** Lahore, Rawalpindi, Gujranwala, Faisalabad, Multan, Sargodha, Sahiwal, Bahawalpur, DG Khan.
- **Federal Board (FBISE):** Islamabad & Cantonment Institutions.
- **KPK & Sindh Boards:** Aligned with Single National Curriculum standards.

#### 💡 Exam Preparation Tips:
- Review past 5-year board questions included at the end of each topic.
- Practice diagrams, derivations, and formulas regularly.
- Memorize key definitions and bold terms for maximum score."
Class 9 Urdu (New Syllabus) - Unit 21 - Chapter 21 â Shuhdaye Pishawar ke liye ek nazam (New),Urdu,9,PCTB (Punjab Curriculum & Textbook Board),CHAPTER_WISE,21,Chapter Questions,TaleemCity / PakParcha,https://drive.google.com/file/d/1vUwLY71RP_qXGmjFUyBj9PgaCAe0W_7w/preview,"### Comprehensive Urdu Class 9 (Unit 21) Notes & Solutions

These Urdu notes for Class 9 (Class 9 Urdu (New Syllabus) - Unit 21 - Chapter 21 â Shuhdaye Pishawar ke liye ek nazam (New)) are prepared strictly according to the Single National Curriculum (SNC 2025–2026) and Punjab Curriculum and Textbook Board (PCTB) standards.

#### 📌 Included In This Resource:
1. **Multiple Choice Questions (MCQs):** Carefully curated objective questions with verified answer keys.
2. **Short Answer Questions:** Concise, exam-targeted answers highlighting key definitions, laws, and concepts.
3. **Long & Detailed Questions:** Step-by-step explanations, diagrams, derivations, and board-standard headings.
4. **Textbook Solved Exercises & Numericals:** Complete solved numericals and exercises with given data, formula substitution, and final units.

#### 🏛️ Board Compatibility:
- **Punjab Boards:** Lahore, Rawalpindi, Gujranwala, Faisalabad, Multan, Sargodha, Sahiwal, Bahawalpur, DG Khan.
- **Federal Board (FBISE):** Islamabad & Cantonment Institutions.
- **KPK & Sindh Boards:** Aligned with Single National Curriculum standards.

#### 💡 Exam Preparation Tips:
- Review past 5-year board questions included at the end of each topic.
- Practice diagrams, derivations, and formulas regularly.
- Memorize key definitions and bold terms for maximum score."
9th Eng Applications,English,9,PCTB (Punjab Curriculum & Textbook Board),CHAPTER_WISE,1,Chapter Questions,TaleemCity / PakParcha,https://drive.google.com/file/d/13WFVm6pQZbWv5BTWPBcEPsKMTh_OZ6Yw/preview,"### Comprehensive English Class 9 (Unit 1) Notes & Solutions

These English notes for Class 9 (9th Eng Applications) are prepared strictly according to the Single National Curriculum (SNC 2025–2026) and Punjab Curriculum and Textbook Board (PCTB) standards.

#### 📌 Included In This Resource:
1. **Multiple Choice Questions (MCQs):** Carefully curated objective questions with verified answer keys.
2. **Short Answer Questions:** Concise, exam-targeted answers highlighting key definitions, laws, and concepts.
3. **Long & Detailed Questions:** Step-by-step explanations, diagrams, derivations, and board-standard headings.
4. **Textbook Solved Exercises & Numericals:** Complete solved numericals and exercises with given data, formula substitution, and final units.

#### 🏛️ Board Compatibility:
- **Punjab Boards:** Lahore, Rawalpindi, Gujranwala, Faisalabad, Multan, Sargodha, Sahiwal, Bahawalpur, DG Khan.
- **Federal Board (FBISE):** Islamabad & Cantonment Institutions.
- **KPK & Sindh Boards:** Aligned with Single National Curriculum standards.

#### 💡 Exam Preparation Tips:
- Review past 5-year board questions included at the end of each topic.
- Practice diagrams, derivations, and formulas regularly.
- Memorize key definitions and bold terms for maximum score."
9th Eng Idioms,English,9,PCTB (Punjab Curriculum & Textbook Board),CHAPTER_WISE,1,Chapter Questions,TaleemCity / PakParcha,https://drive.google.com/file/d/1QYwvPmUOTgru0daEkkE8L7bcjcZUYNyy/preview,"### Comprehensive English Class 9 (Unit 1) Notes & Solutions

These English notes for Class 9 (9th Eng Idioms) are prepared strictly according to the Single National Curriculum (SNC 2025–2026) and Punjab Curriculum and Textbook Board (PCTB) standards.

#### 📌 Included In This Resource:
1. **Multiple Choice Questions (MCQs):** Carefully curated objective questions with verified answer keys.
2. **Short Answer Questions:** Concise, exam-targeted answers highlighting key definitions, laws, and concepts.
3. **Long & Detailed Questions:** Step-by-step explanations, diagrams, derivations, and board-standard headings.
4. **Textbook Solved Exercises & Numericals:** Complete solved numericals and exercises with given data, formula substitution, and final units.

#### 🏛️ Board Compatibility:
- **Punjab Boards:** Lahore, Rawalpindi, Gujranwala, Faisalabad, Multan, Sargodha, Sahiwal, Bahawalpur, DG Khan.
- **Federal Board (FBISE):** Islamabad & Cantonment Institutions.
- **KPK & Sindh Boards:** Aligned with Single National Curriculum standards.

#### 💡 Exam Preparation Tips:
- Review past 5-year board questions included at the end of each topic.
- Practice diagrams, derivations, and formulas regularly.
- Memorize key definitions and bold terms for maximum score."
9th Eng Letters,English,9,PCTB (Punjab Curriculum & Textbook Board),CHAPTER_WISE,1,Chapter Questions,TaleemCity / PakParcha,https://drive.google.com/file/d/1t3XCWZF9Zec1bPtnTwC9TCGEyRXhhejW/preview,"### Comprehensive English Class 9 (Unit 1) Notes & Solutions

These English notes for Class 9 (9th Eng Letters) are prepared strictly according to the Single National Curriculum (SNC 2025–2026) and Punjab Curriculum and Textbook Board (PCTB) standards.

#### 📌 Included In This Resource:
1. **Multiple Choice Questions (MCQs):** Carefully curated objective questions with verified answer keys.
2. **Short Answer Questions:** Concise, exam-targeted answers highlighting key definitions, laws, and concepts.
3. **Long & Detailed Questions:** Step-by-step explanations, diagrams, derivations, and board-standard headings.
4. **Textbook Solved Exercises & Numericals:** Complete solved numericals and exercises with given data, formula substitution, and final units.

#### 🏛️ Board Compatibility:
- **Punjab Boards:** Lahore, Rawalpindi, Gujranwala, Faisalabad, Multan, Sargodha, Sahiwal, Bahawalpur, DG Khan.
- **Federal Board (FBISE):** Islamabad & Cantonment Institutions.
- **KPK & Sindh Boards:** Aligned with Single National Curriculum standards.

#### 💡 Exam Preparation Tips:
- Review past 5-year board questions included at the end of each topic.
- Practice diagrams, derivations, and formulas regularly.
- Memorize key definitions and bold terms for maximum score."
9th Eng Stories,English,9,PCTB (Punjab Curriculum & Textbook Board),CHAPTER_WISE,1,Chapter Questions,TaleemCity / PakParcha,https://drive.google.com/file/d/1LcRszqc5ZB24mHU270QH0r79FoKSLzj-/preview,"### Comprehensive English Class 9 (Unit 1) Notes & Solutions

These English notes for Class 9 (9th Eng Stories) are prepared strictly according to the Single National Curriculum (SNC 2025–2026) and Punjab Curriculum and Textbook Board (PCTB) standards.

#### 📌 Included In This Resource:
1. **Multiple Choice Questions (MCQs):** Carefully curated objective questions with verified answer keys.
2. **Short Answer Questions:** Concise, exam-targeted answers highlighting key definitions, laws, and concepts.
3. **Long & Detailed Questions:** Step-by-step explanations, diagrams, derivations, and board-standard headings.
4. **Textbook Solved Exercises & Numericals:** Complete solved numericals and exercises with given data, formula substitution, and final units.

#### 🏛️ Board Compatibility:
- **Punjab Boards:** Lahore, Rawalpindi, Gujranwala, Faisalabad, Multan, Sargodha, Sahiwal, Bahawalpur, DG Khan.
- **Federal Board (FBISE):** Islamabad & Cantonment Institutions.
- **KPK & Sindh Boards:** Aligned with Single National Curriculum standards.

#### 💡 Exam Preparation Tips:
- Review past 5-year board questions included at the end of each topic.
- Practice diagrams, derivations, and formulas regularly.
- Memorize key definitions and bold terms for maximum score."
Class 9 English (New Syllabus) - Full Book Complete Notes,English,9,PCTB (Punjab Curriculum & Textbook Board),FULL_BOOK,,Full Book Complete,TaleemCity / PakParcha,https://drive.google.com/file/d/1tC0RVqW-OifxdRrrr_An04Ogr7VuMDNt/preview,"### Comprehensive English Class 9 (Full Book Complete Syllabus) Notes & Solutions

These English notes for Class 9 (Class 9 English (New Syllabus) - Full Book Complete Notes) are prepared strictly according to the Single National Curriculum (SNC 2025–2026) and Punjab Curriculum and Textbook Board (PCTB) standards.

#### 📌 Included In This Resource:
1. **Multiple Choice Questions (MCQs):** Carefully curated objective questions with verified answer keys.
2. **Short Answer Questions:** Concise, exam-targeted answers highlighting key definitions, laws, and concepts.
3. **Long & Detailed Questions:** Step-by-step explanations, diagrams, derivations, and board-standard headings.
4. **Textbook Solved Exercises & Numericals:** Complete solved numericals and exercises with given data, formula substitution, and final units.

#### 🏛️ Board Compatibility:
- **Punjab Boards:** Lahore, Rawalpindi, Gujranwala, Faisalabad, Multan, Sargodha, Sahiwal, Bahawalpur, DG Khan.
- **Federal Board (FBISE):** Islamabad & Cantonment Institutions.
- **KPK & Sindh Boards:** Aligned with Single National Curriculum standards.

#### 💡 Exam Preparation Tips:
- Review past 5-year board questions included at the end of each topic.
- Practice diagrams, derivations, and formulas regularly.
- Memorize key definitions and bold terms for maximum score."
Complete Merged Book Notes,General,9,PCTB (Punjab Curriculum & Textbook Board),FULL_BOOK,,Full Book Complete,TaleemCity / PakParcha,https://drive.google.com/file/d/1UZmBFpCJ4UFGSwDauw_6UuQHexKCSUzJ/preview,"### Comprehensive General Class 9 (Full Book Complete Syllabus) Notes & Solutions

These General notes for Class 9 (Complete Merged Book Notes) are prepared strictly according to the Single National Curriculum (SNC 2025–2026) and Punjab Curriculum and Textbook Board (PCTB) standards.

#### 📌 Included In This Resource:
1. **Multiple Choice Questions (MCQs):** Carefully curated objective questions with verified answer keys.
2. **Short Answer Questions:** Concise, exam-targeted answers highlighting key definitions, laws, and concepts.
3. **Long & Detailed Questions:** Step-by-step explanations, diagrams, derivations, and board-standard headings.
4. **Textbook Solved Exercises & Numericals:** Complete solved numericals and exercises with given data, formula substitution, and final units.

#### 🏛️ Board Compatibility:
- **Punjab Boards:** Lahore, Rawalpindi, Gujranwala, Faisalabad, Multan, Sargodha, Sahiwal, Bahawalpur, DG Khan.
- **Federal Board (FBISE):** Islamabad & Cantonment Institutions.
- **KPK & Sindh Boards:** Aligned with Single National Curriculum standards.

#### 💡 Exam Preparation Tips:
- Review past 5-year board questions included at the end of each topic.
- Practice diagrams, derivations, and formulas regularly.
- Memorize key definitions and bold terms for maximum score."
9th Islamiat New 2026 Ch5 Notes,Islamiat,9,PCTB (Punjab Curriculum & Textbook Board),CHAPTER_WISE,5,Chapter Questions,TaleemCity / PakParcha,https://drive.google.com/file/d/1teuvQcS7UG8M3h3J3mlDNw1_sf0tFdO4/preview,"### Comprehensive Islamiat Class 9 (Unit 5) Notes & Solutions

These Islamiat notes for Class 9 (9th Islamiat New 2026 Ch5 Notes) are prepared strictly according to the Single National Curriculum (SNC 2025–2026) and Punjab Curriculum and Textbook Board (PCTB) standards.

#### 📌 Included In This Resource:
1. **Multiple Choice Questions (MCQs):** Carefully curated objective questions with verified answer keys.
2. **Short Answer Questions:** Concise, exam-targeted answers highlighting key definitions, laws, and concepts.
3. **Long & Detailed Questions:** Step-by-step explanations, diagrams, derivations, and board-standard headings.
4. **Textbook Solved Exercises & Numericals:** Complete solved numericals and exercises with given data, formula substitution, and final units.

#### 🏛️ Board Compatibility:
- **Punjab Boards:** Lahore, Rawalpindi, Gujranwala, Faisalabad, Multan, Sargodha, Sahiwal, Bahawalpur, DG Khan.
- **Federal Board (FBISE):** Islamabad & Cantonment Institutions.
- **KPK & Sindh Boards:** Aligned with Single National Curriculum standards.

#### 💡 Exam Preparation Tips:
- Review past 5-year board questions included at the end of each topic.
- Practice diagrams, derivations, and formulas regularly.
- Memorize key definitions and bold terms for maximum score."
9th Islamiat New 2026 Ch6 Notes,Islamiat,9,PCTB (Punjab Curriculum & Textbook Board),CHAPTER_WISE,6,Chapter Questions,TaleemCity / PakParcha,https://drive.google.com/file/d/1aQXAV4_rDOttrKVpSh77MZD_hobxTJG4/preview,"### Comprehensive Islamiat Class 9 (Unit 6) Notes & Solutions

These Islamiat notes for Class 9 (9th Islamiat New 2026 Ch6 Notes) are prepared strictly according to the Single National Curriculum (SNC 2025–2026) and Punjab Curriculum and Textbook Board (PCTB) standards.

#### 📌 Included In This Resource:
1. **Multiple Choice Questions (MCQs):** Carefully curated objective questions with verified answer keys.
2. **Short Answer Questions:** Concise, exam-targeted answers highlighting key definitions, laws, and concepts.
3. **Long & Detailed Questions:** Step-by-step explanations, diagrams, derivations, and board-standard headings.
4. **Textbook Solved Exercises & Numericals:** Complete solved numericals and exercises with given data, formula substitution, and final units.

#### 🏛️ Board Compatibility:
- **Punjab Boards:** Lahore, Rawalpindi, Gujranwala, Faisalabad, Multan, Sargodha, Sahiwal, Bahawalpur, DG Khan.
- **Federal Board (FBISE):** Islamabad & Cantonment Institutions.
- **KPK & Sindh Boards:** Aligned with Single National Curriculum standards.

#### 💡 Exam Preparation Tips:
- Review past 5-year board questions included at the end of each topic.
- Practice diagrams, derivations, and formulas regularly.
- Memorize key definitions and bold terms for maximum score."
9th Islamiat New 2026 Ch7 Notes,Islamiat,9,PCTB (Punjab Curriculum & Textbook Board),CHAPTER_WISE,7,Chapter Questions,TaleemCity / PakParcha,https://drive.google.com/file/d/1FBQ9cBLseRIPO3R3_Cc7uf6vmkwljlSu/preview,"### Comprehensive Islamiat Class 9 (Unit 7) Notes & Solutions

These Islamiat notes for Class 9 (9th Islamiat New 2026 Ch7 Notes) are prepared strictly according to the Single National Curriculum (SNC 2025–2026) and Punjab Curriculum and Textbook Board (PCTB) standards.

#### 📌 Included In This Resource:
1. **Multiple Choice Questions (MCQs):** Carefully curated objective questions with verified answer keys.
2. **Short Answer Questions:** Concise, exam-targeted answers highlighting key definitions, laws, and concepts.
3. **Long & Detailed Questions:** Step-by-step explanations, diagrams, derivations, and board-standard headings.
4. **Textbook Solved Exercises & Numericals:** Complete solved numericals and exercises with given data, formula substitution, and final units.

#### 🏛️ Board Compatibility:
- **Punjab Boards:** Lahore, Rawalpindi, Gujranwala, Faisalabad, Multan, Sargodha, Sahiwal, Bahawalpur, DG Khan.
- **Federal Board (FBISE):** Islamabad & Cantonment Institutions.
- **KPK & Sindh Boards:** Aligned with Single National Curriculum standards.

#### 💡 Exam Preparation Tips:
- Review past 5-year board questions included at the end of each topic.
- Practice diagrams, derivations, and formulas regularly.
- Memorize key definitions and bold terms for maximum score."
Class 9 Islamiat (New Syllabus) - Full Book Complete Notes,Islamiat,9,PCTB (Punjab Curriculum & Textbook Board),FULL_BOOK,,Full Book Complete,TaleemCity / PakParcha,https://drive.google.com/file/d/1YIaC4v0x7NVjqow5bItuGgA7AlX5fyW7/preview,"### Comprehensive Islamiat Class 9 (Full Book Complete Syllabus) Notes & Solutions

These Islamiat notes for Class 9 (Class 9 Islamiat (New Syllabus) - Full Book Complete Notes) are prepared strictly according to the Single National Curriculum (SNC 2025–2026) and Punjab Curriculum and Textbook Board (PCTB) standards.

#### 📌 Included In This Resource:
1. **Multiple Choice Questions (MCQs):** Carefully curated objective questions with verified answer keys.
2. **Short Answer Questions:** Concise, exam-targeted answers highlighting key definitions, laws, and concepts.
3. **Long & Detailed Questions:** Step-by-step explanations, diagrams, derivations, and board-standard headings.
4. **Textbook Solved Exercises & Numericals:** Complete solved numericals and exercises with given data, formula substitution, and final units.

#### 🏛️ Board Compatibility:
- **Punjab Boards:** Lahore, Rawalpindi, Gujranwala, Faisalabad, Multan, Sargodha, Sahiwal, Bahawalpur, DG Khan.
- **Federal Board (FBISE):** Islamabad & Cantonment Institutions.
- **KPK & Sindh Boards:** Aligned with Single National Curriculum standards.

#### 💡 Exam Preparation Tips:
- Review past 5-year board questions included at the end of each topic.
- Practice diagrams, derivations, and formulas regularly.
- Memorize key definitions and bold terms for maximum score."
Complete Merged Book Notes,General,9,PCTB (Punjab Curriculum & Textbook Board),FULL_BOOK,,Full Book Complete,TaleemCity / PakParcha,https://drive.google.com/file/d/1HcA0Jqh-BIxqv5NT7HvJptzZGbquZI0C/preview,"### Comprehensive General Class 9 (Full Book Complete Syllabus) Notes & Solutions

These General notes for Class 9 (Complete Merged Book Notes) are prepared strictly according to the Single National Curriculum (SNC 2025–2026) and Punjab Curriculum and Textbook Board (PCTB) standards.

#### 📌 Included In This Resource:
1. **Multiple Choice Questions (MCQs):** Carefully curated objective questions with verified answer keys.
2. **Short Answer Questions:** Concise, exam-targeted answers highlighting key definitions, laws, and concepts.
3. **Long & Detailed Questions:** Step-by-step explanations, diagrams, derivations, and board-standard headings.
4. **Textbook Solved Exercises & Numericals:** Complete solved numericals and exercises with given data, formula substitution, and final units.

#### 🏛️ Board Compatibility:
- **Punjab Boards:** Lahore, Rawalpindi, Gujranwala, Faisalabad, Multan, Sargodha, Sahiwal, Bahawalpur, DG Khan.
- **Federal Board (FBISE):** Islamabad & Cantonment Institutions.
- **KPK & Sindh Boards:** Aligned with Single National Curriculum standards.

#### 💡 Exam Preparation Tips:
- Review past 5-year board questions included at the end of each topic.
- Practice diagrams, derivations, and formulas regularly.
- Memorize key definitions and bold terms for maximum score."
