Title,Subject,Grade,Board,Scope,Unit,NoteType,Author,FileURL,Description
Biology Class 11 - Unit 01 Long Questions (New),Biology,11,PCTB (Punjab Curriculum & Textbook Board),CHAPTER_WISE,1,Long Questions,TaleemCity / PakParcha,https://drive.google.com/file/d/1vEl4hjk51uSi6G1F69E9trW4gNz7WwLW/preview,"### Comprehensive 1st Year / Class 11 Biology (Chapter 1) Notes & Solutions (HSSC-I)

Get the best 1st Year (Class 11 / HSSC Part 1) Biology notes for **Biology Class 11 - Unit 01 Long Questions (New)**. These high-yield study materials are designed strictly according to the latest National Curriculum 2025–2026, Punjab Curriculum & Textbook Board (PCTB), and Federal Board (FBISE) syllabus standards.

#### 📌 What's Included in this 11th Class Biology Guide:
1. **Topic-wise Short Questions & Conceptual Answers:** Comprehensive answers with high-scoring keywords, scientific terminology, and clear definitions.
2. **Solved Long Questions & Detailed Derivations:** Step-by-step explanations, labeled diagrams, mathematical derivations, and board-standard structured headings.
3. **Multiple Choice Questions (Solved MCQs):** High-frequency exam MCQs with 100% verified correct options and conceptual rationales.
4. **Textbook Exercise Solutions & Solved Numericals:** Complete, step-by-step solutions to all textbook review questions, exercises, and numerical problems with standard formulas and units.

#### 🏛️ Applicable for All Intermediate Boards across Pakistan:
- **Punjab Boards:** Lahore, Rawalpindi, Gujranwala, Faisalabad, Multan, Sargodha, Sahiwal, Bahawalpur, and DG Khan Board.
- **Federal Board (FBISE):** Islamabad Model Colleges, Army Public Schools & Overseas Examination Centers.
- **KPK, Sindh & Balochistan Boards:** Fully compliant with Single National Curriculum SLO-based assessments.

#### 💡 Expert 1st Year Board Exam Tips:
- High priority given to SLO-based (Student Learning Outcomes) conceptual questions.
- Review the past 5-year past paper repeated questions highlighted in this chapter.
- Practice neat presentation with headings, bullet points, and boxed numerical answers for scoring maximum marks."
Biology Class 11 - Unit 01 MCQ's (New),Biology,11,PCTB (Punjab Curriculum & Textbook Board),CHAPTER_WISE,1,Solved MCQs,TaleemCity / PakParcha,https://drive.google.com/file/d/1kAeHXKt-akFyo_44TLsW3GhH48BNnZB8/preview,"### Comprehensive 1st Year / Class 11 Biology (Chapter 1) Notes & Solutions (HSSC-I)

Get the best 1st Year (Class 11 / HSSC Part 1) Biology notes for **Biology Class 11 - Unit 01 MCQ's (New)**. These high-yield study materials are designed strictly according to the latest National Curriculum 2025–2026, Punjab Curriculum & Textbook Board (PCTB), and Federal Board (FBISE) syllabus standards.

#### 📌 What's Included in this 11th Class Biology Guide:
1. **Topic-wise Short Questions & Conceptual Answers:** Comprehensive answers with high-scoring keywords, scientific terminology, and clear definitions.
2. **Solved Long Questions & Detailed Derivations:** Step-by-step explanations, labeled diagrams, mathematical derivations, and board-standard structured headings.
3. **Multiple Choice Questions (Solved MCQs):** High-frequency exam MCQs with 100% verified correct options and conceptual rationales.
4. **Textbook Exercise Solutions & Solved Numericals:** Complete, step-by-step solutions to all textbook review questions, exercises, and numerical problems with standard formulas and units.

#### 🏛️ Applicable for All Intermediate Boards across Pakistan:
- **Punjab Boards:** Lahore, Rawalpindi, Gujranwala, Faisalabad, Multan, Sargodha, Sahiwal, Bahawalpur, and DG Khan Board.
- **Federal Board (FBISE):** Islamabad Model Colleges, Army Public Schools & Overseas Examination Centers.
- **KPK, Sindh & Balochistan Boards:** Fully compliant with Single National Curriculum SLO-based assessments.

#### 💡 Expert 1st Year Board Exam Tips:
- High priority given to SLO-based (Student Learning Outcomes) conceptual questions.
- Review the past 5-year past paper repeated questions highlighted in this chapter.
- Practice neat presentation with headings, bullet points, and boxed numerical answers for scoring maximum marks."
Biology Class 11 - Unit 01 Short Questions (New),Biology,11,PCTB (Punjab Curriculum & Textbook Board),CHAPTER_WISE,1,Short Questions,TaleemCity / PakParcha,https://drive.google.com/file/d/16UYcHuSYNf14laBlSt_rGqw8iVSjTrfy/preview,"### Comprehensive 1st Year / Class 11 Biology (Chapter 1) Notes & Solutions (HSSC-I)

Get the best 1st Year (Class 11 / HSSC Part 1) Biology notes for **Biology Class 11 - Unit 01 Short Questions (New)**. These high-yield study materials are designed strictly according to the latest National Curriculum 2025–2026, Punjab Curriculum & Textbook Board (PCTB), and Federal Board (FBISE) syllabus standards.

#### 📌 What's Included in this 11th Class Biology Guide:
1. **Topic-wise Short Questions & Conceptual Answers:** Comprehensive answers with high-scoring keywords, scientific terminology, and clear definitions.
2. **Solved Long Questions & Detailed Derivations:** Step-by-step explanations, labeled diagrams, mathematical derivations, and board-standard structured headings.
3. **Multiple Choice Questions (Solved MCQs):** High-frequency exam MCQs with 100% verified correct options and conceptual rationales.
4. **Textbook Exercise Solutions & Solved Numericals:** Complete, step-by-step solutions to all textbook review questions, exercises, and numerical problems with standard formulas and units.

#### 🏛️ Applicable for All Intermediate Boards across Pakistan:
- **Punjab Boards:** Lahore, Rawalpindi, Gujranwala, Faisalabad, Multan, Sargodha, Sahiwal, Bahawalpur, and DG Khan Board.
- **Federal Board (FBISE):** Islamabad Model Colleges, Army Public Schools & Overseas Examination Centers.
- **KPK, Sindh & Balochistan Boards:** Fully compliant with Single National Curriculum SLO-based assessments.

#### 💡 Expert 1st Year Board Exam Tips:
- High priority given to SLO-based (Student Learning Outcomes) conceptual questions.
- Review the past 5-year past paper repeated questions highlighted in this chapter.
- Practice neat presentation with headings, bullet points, and boxed numerical answers for scoring maximum marks."
Biology Class 11 - Unit 02 Long Questions (New),Biology,11,PCTB (Punjab Curriculum & Textbook Board),CHAPTER_WISE,1,Long Questions,TaleemCity / PakParcha,https://drive.google.com/file/d/1NOOmhfY_qB0yEvgsPgwC1EDib0aL0IQK/preview,"### Comprehensive 1st Year / Class 11 Biology (Chapter 1) Notes & Solutions (HSSC-I)

Get the best 1st Year (Class 11 / HSSC Part 1) Biology notes for **Biology Class 11 - Unit 02 Long Questions (New)**. These high-yield study materials are designed strictly according to the latest National Curriculum 2025–2026, Punjab Curriculum & Textbook Board (PCTB), and Federal Board (FBISE) syllabus standards.

#### 📌 What's Included in this 11th Class Biology Guide:
1. **Topic-wise Short Questions & Conceptual Answers:** Comprehensive answers with high-scoring keywords, scientific terminology, and clear definitions.
2. **Solved Long Questions & Detailed Derivations:** Step-by-step explanations, labeled diagrams, mathematical derivations, and board-standard structured headings.
3. **Multiple Choice Questions (Solved MCQs):** High-frequency exam MCQs with 100% verified correct options and conceptual rationales.
4. **Textbook Exercise Solutions & Solved Numericals:** Complete, step-by-step solutions to all textbook review questions, exercises, and numerical problems with standard formulas and units.

#### 🏛️ Applicable for All Intermediate Boards across Pakistan:
- **Punjab Boards:** Lahore, Rawalpindi, Gujranwala, Faisalabad, Multan, Sargodha, Sahiwal, Bahawalpur, and DG Khan Board.
- **Federal Board (FBISE):** Islamabad Model Colleges, Army Public Schools & Overseas Examination Centers.
- **KPK, Sindh & Balochistan Boards:** Fully compliant with Single National Curriculum SLO-based assessments.

#### 💡 Expert 1st Year Board Exam Tips:
- High priority given to SLO-based (Student Learning Outcomes) conceptual questions.
- Review the past 5-year past paper repeated questions highlighted in this chapter.
- Practice neat presentation with headings, bullet points, and boxed numerical answers for scoring maximum marks."
Biology Class 11 - Unit 02 MCQ's (New),Biology,11,PCTB (Punjab Curriculum & Textbook Board),CHAPTER_WISE,1,Solved MCQs,TaleemCity / PakParcha,https://drive.google.com/file/d/1nZgu5dD_u-AmnPYPr0wogzJnpfQQvovT/preview,"### Comprehensive 1st Year / Class 11 Biology (Chapter 1) Notes & Solutions (HSSC-I)

Get the best 1st Year (Class 11 / HSSC Part 1) Biology notes for **Biology Class 11 - Unit 02 MCQ's (New)**. These high-yield study materials are designed strictly according to the latest National Curriculum 2025–2026, Punjab Curriculum & Textbook Board (PCTB), and Federal Board (FBISE) syllabus standards.

#### 📌 What's Included in this 11th Class Biology Guide:
1. **Topic-wise Short Questions & Conceptual Answers:** Comprehensive answers with high-scoring keywords, scientific terminology, and clear definitions.
2. **Solved Long Questions & Detailed Derivations:** Step-by-step explanations, labeled diagrams, mathematical derivations, and board-standard structured headings.
3. **Multiple Choice Questions (Solved MCQs):** High-frequency exam MCQs with 100% verified correct options and conceptual rationales.
4. **Textbook Exercise Solutions & Solved Numericals:** Complete, step-by-step solutions to all textbook review questions, exercises, and numerical problems with standard formulas and units.

#### 🏛️ Applicable for All Intermediate Boards across Pakistan:
- **Punjab Boards:** Lahore, Rawalpindi, Gujranwala, Faisalabad, Multan, Sargodha, Sahiwal, Bahawalpur, and DG Khan Board.
- **Federal Board (FBISE):** Islamabad Model Colleges, Army Public Schools & Overseas Examination Centers.
- **KPK, Sindh & Balochistan Boards:** Fully compliant with Single National Curriculum SLO-based assessments.

#### 💡 Expert 1st Year Board Exam Tips:
- High priority given to SLO-based (Student Learning Outcomes) conceptual questions.
- Review the past 5-year past paper repeated questions highlighted in this chapter.
- Practice neat presentation with headings, bullet points, and boxed numerical answers for scoring maximum marks."
Biology Class 11 - Unit 02 Short Questions (New),Biology,11,PCTB (Punjab Curriculum & Textbook Board),CHAPTER_WISE,1,Short Questions,TaleemCity / PakParcha,https://drive.google.com/file/d/1pQ7rgp14gv7l4DdchJvACcpE5kGBmxQS/preview,"### Comprehensive 1st Year / Class 11 Biology (Chapter 1) Notes & Solutions (HSSC-I)

Get the best 1st Year (Class 11 / HSSC Part 1) Biology notes for **Biology Class 11 - Unit 02 Short Questions (New)**. These high-yield study materials are designed strictly according to the latest National Curriculum 2025–2026, Punjab Curriculum & Textbook Board (PCTB), and Federal Board (FBISE) syllabus standards.

#### 📌 What's Included in this 11th Class Biology Guide:
1. **Topic-wise Short Questions & Conceptual Answers:** Comprehensive answers with high-scoring keywords, scientific terminology, and clear definitions.
2. **Solved Long Questions & Detailed Derivations:** Step-by-step explanations, labeled diagrams, mathematical derivations, and board-standard structured headings.
3. **Multiple Choice Questions (Solved MCQs):** High-frequency exam MCQs with 100% verified correct options and conceptual rationales.
4. **Textbook Exercise Solutions & Solved Numericals:** Complete, step-by-step solutions to all textbook review questions, exercises, and numerical problems with standard formulas and units.

#### 🏛️ Applicable for All Intermediate Boards across Pakistan:
- **Punjab Boards:** Lahore, Rawalpindi, Gujranwala, Faisalabad, Multan, Sargodha, Sahiwal, Bahawalpur, and DG Khan Board.
- **Federal Board (FBISE):** Islamabad Model Colleges, Army Public Schools & Overseas Examination Centers.
- **KPK, Sindh & Balochistan Boards:** Fully compliant with Single National Curriculum SLO-based assessments.

#### 💡 Expert 1st Year Board Exam Tips:
- High priority given to SLO-based (Student Learning Outcomes) conceptual questions.
- Review the past 5-year past paper repeated questions highlighted in this chapter.
- Practice neat presentation with headings, bullet points, and boxed numerical answers for scoring maximum marks."
Biology Class 11 - Unit 03 Long Questions (New),Biology,11,PCTB (Punjab Curriculum & Textbook Board),CHAPTER_WISE,1,Long Questions,TaleemCity / PakParcha,https://drive.google.com/file/d/1CXivr4qXa8OKDHA_228Rad4PdxUDRPxG/preview,"### Comprehensive 1st Year / Class 11 Biology (Chapter 1) Notes & Solutions (HSSC-I)

Get the best 1st Year (Class 11 / HSSC Part 1) Biology notes for **Biology Class 11 - Unit 03 Long Questions (New)**. These high-yield study materials are designed strictly according to the latest National Curriculum 2025–2026, Punjab Curriculum & Textbook Board (PCTB), and Federal Board (FBISE) syllabus standards.

#### 📌 What's Included in this 11th Class Biology Guide:
1. **Topic-wise Short Questions & Conceptual Answers:** Comprehensive answers with high-scoring keywords, scientific terminology, and clear definitions.
2. **Solved Long Questions & Detailed Derivations:** Step-by-step explanations, labeled diagrams, mathematical derivations, and board-standard structured headings.
3. **Multiple Choice Questions (Solved MCQs):** High-frequency exam MCQs with 100% verified correct options and conceptual rationales.
4. **Textbook Exercise Solutions & Solved Numericals:** Complete, step-by-step solutions to all textbook review questions, exercises, and numerical problems with standard formulas and units.

#### 🏛️ Applicable for All Intermediate Boards across Pakistan:
- **Punjab Boards:** Lahore, Rawalpindi, Gujranwala, Faisalabad, Multan, Sargodha, Sahiwal, Bahawalpur, and DG Khan Board.
- **Federal Board (FBISE):** Islamabad Model Colleges, Army Public Schools & Overseas Examination Centers.
- **KPK, Sindh & Balochistan Boards:** Fully compliant with Single National Curriculum SLO-based assessments.

#### 💡 Expert 1st Year Board Exam Tips:
- High priority given to SLO-based (Student Learning Outcomes) conceptual questions.
- Review the past 5-year past paper repeated questions highlighted in this chapter.
- Practice neat presentation with headings, bullet points, and boxed numerical answers for scoring maximum marks."
Biology Class 11 - Unit 03 MCQ's (New),Biology,11,PCTB (Punjab Curriculum & Textbook Board),CHAPTER_WISE,1,Solved MCQs,TaleemCity / PakParcha,https://drive.google.com/file/d/1jopk8LRjqAJ1kt_Iq2umhNwOQe6W8gzC/preview,"### Comprehensive 1st Year / Class 11 Biology (Chapter 1) Notes & Solutions (HSSC-I)

Get the best 1st Year (Class 11 / HSSC Part 1) Biology notes for **Biology Class 11 - Unit 03 MCQ's (New)**. These high-yield study materials are designed strictly according to the latest National Curriculum 2025–2026, Punjab Curriculum & Textbook Board (PCTB), and Federal Board (FBISE) syllabus standards.

#### 📌 What's Included in this 11th Class Biology Guide:
1. **Topic-wise Short Questions & Conceptual Answers:** Comprehensive answers with high-scoring keywords, scientific terminology, and clear definitions.
2. **Solved Long Questions & Detailed Derivations:** Step-by-step explanations, labeled diagrams, mathematical derivations, and board-standard structured headings.
3. **Multiple Choice Questions (Solved MCQs):** High-frequency exam MCQs with 100% verified correct options and conceptual rationales.
4. **Textbook Exercise Solutions & Solved Numericals:** Complete, step-by-step solutions to all textbook review questions, exercises, and numerical problems with standard formulas and units.

#### 🏛️ Applicable for All Intermediate Boards across Pakistan:
- **Punjab Boards:** Lahore, Rawalpindi, Gujranwala, Faisalabad, Multan, Sargodha, Sahiwal, Bahawalpur, and DG Khan Board.
- **Federal Board (FBISE):** Islamabad Model Colleges, Army Public Schools & Overseas Examination Centers.
- **KPK, Sindh & Balochistan Boards:** Fully compliant with Single National Curriculum SLO-based assessments.

#### 💡 Expert 1st Year Board Exam Tips:
- High priority given to SLO-based (Student Learning Outcomes) conceptual questions.
- Review the past 5-year past paper repeated questions highlighted in this chapter.
- Practice neat presentation with headings, bullet points, and boxed numerical answers for scoring maximum marks."
Biology Class 11 - Unit 03 Short Questions (New),Biology,11,PCTB (Punjab Curriculum & Textbook Board),CHAPTER_WISE,1,Short Questions,TaleemCity / PakParcha,https://drive.google.com/file/d/17dcMRkC3xr9oXf1uQ7PuFrBsJxRml9io/preview,"### Comprehensive 1st Year / Class 11 Biology (Chapter 1) Notes & Solutions (HSSC-I)

Get the best 1st Year (Class 11 / HSSC Part 1) Biology notes for **Biology Class 11 - Unit 03 Short Questions (New)**. These high-yield study materials are designed strictly according to the latest National Curriculum 2025–2026, Punjab Curriculum & Textbook Board (PCTB), and Federal Board (FBISE) syllabus standards.

#### 📌 What's Included in this 11th Class Biology Guide:
1. **Topic-wise Short Questions & Conceptual Answers:** Comprehensive answers with high-scoring keywords, scientific terminology, and clear definitions.
2. **Solved Long Questions & Detailed Derivations:** Step-by-step explanations, labeled diagrams, mathematical derivations, and board-standard structured headings.
3. **Multiple Choice Questions (Solved MCQs):** High-frequency exam MCQs with 100% verified correct options and conceptual rationales.
4. **Textbook Exercise Solutions & Solved Numericals:** Complete, step-by-step solutions to all textbook review questions, exercises, and numerical problems with standard formulas and units.

#### 🏛️ Applicable for All Intermediate Boards across Pakistan:
- **Punjab Boards:** Lahore, Rawalpindi, Gujranwala, Faisalabad, Multan, Sargodha, Sahiwal, Bahawalpur, and DG Khan Board.
- **Federal Board (FBISE):** Islamabad Model Colleges, Army Public Schools & Overseas Examination Centers.
- **KPK, Sindh & Balochistan Boards:** Fully compliant with Single National Curriculum SLO-based assessments.

#### 💡 Expert 1st Year Board Exam Tips:
- High priority given to SLO-based (Student Learning Outcomes) conceptual questions.
- Review the past 5-year past paper repeated questions highlighted in this chapter.
- Practice neat presentation with headings, bullet points, and boxed numerical answers for scoring maximum marks."
Biology Class 11 - Unit 04 Long Questions (New),Biology,11,PCTB (Punjab Curriculum & Textbook Board),CHAPTER_WISE,1,Long Questions,TaleemCity / PakParcha,https://drive.google.com/file/d/1AcHgA6rcP9h-gJW9xQB3-MqMc5-6BAXm/preview,"### Comprehensive 1st Year / Class 11 Biology (Chapter 1) Notes & Solutions (HSSC-I)

Get the best 1st Year (Class 11 / HSSC Part 1) Biology notes for **Biology Class 11 - Unit 04 Long Questions (New)**. These high-yield study materials are designed strictly according to the latest National Curriculum 2025–2026, Punjab Curriculum & Textbook Board (PCTB), and Federal Board (FBISE) syllabus standards.

#### 📌 What's Included in this 11th Class Biology Guide:
1. **Topic-wise Short Questions & Conceptual Answers:** Comprehensive answers with high-scoring keywords, scientific terminology, and clear definitions.
2. **Solved Long Questions & Detailed Derivations:** Step-by-step explanations, labeled diagrams, mathematical derivations, and board-standard structured headings.
3. **Multiple Choice Questions (Solved MCQs):** High-frequency exam MCQs with 100% verified correct options and conceptual rationales.
4. **Textbook Exercise Solutions & Solved Numericals:** Complete, step-by-step solutions to all textbook review questions, exercises, and numerical problems with standard formulas and units.

#### 🏛️ Applicable for All Intermediate Boards across Pakistan:
- **Punjab Boards:** Lahore, Rawalpindi, Gujranwala, Faisalabad, Multan, Sargodha, Sahiwal, Bahawalpur, and DG Khan Board.
- **Federal Board (FBISE):** Islamabad Model Colleges, Army Public Schools & Overseas Examination Centers.
- **KPK, Sindh & Balochistan Boards:** Fully compliant with Single National Curriculum SLO-based assessments.

#### 💡 Expert 1st Year Board Exam Tips:
- High priority given to SLO-based (Student Learning Outcomes) conceptual questions.
- Review the past 5-year past paper repeated questions highlighted in this chapter.
- Practice neat presentation with headings, bullet points, and boxed numerical answers for scoring maximum marks."
Biology Class 11 - Unit 04 MCQ's (New),Biology,11,PCTB (Punjab Curriculum & Textbook Board),CHAPTER_WISE,1,Solved MCQs,TaleemCity / PakParcha,https://drive.google.com/file/d/1_JeyUX_S9iF9JqA2gpVHZAAG3ZkrXBtV/preview,"### Comprehensive 1st Year / Class 11 Biology (Chapter 1) Notes & Solutions (HSSC-I)

Get the best 1st Year (Class 11 / HSSC Part 1) Biology notes for **Biology Class 11 - Unit 04 MCQ's (New)**. These high-yield study materials are designed strictly according to the latest National Curriculum 2025–2026, Punjab Curriculum & Textbook Board (PCTB), and Federal Board (FBISE) syllabus standards.

#### 📌 What's Included in this 11th Class Biology Guide:
1. **Topic-wise Short Questions & Conceptual Answers:** Comprehensive answers with high-scoring keywords, scientific terminology, and clear definitions.
2. **Solved Long Questions & Detailed Derivations:** Step-by-step explanations, labeled diagrams, mathematical derivations, and board-standard structured headings.
3. **Multiple Choice Questions (Solved MCQs):** High-frequency exam MCQs with 100% verified correct options and conceptual rationales.
4. **Textbook Exercise Solutions & Solved Numericals:** Complete, step-by-step solutions to all textbook review questions, exercises, and numerical problems with standard formulas and units.

#### 🏛️ Applicable for All Intermediate Boards across Pakistan:
- **Punjab Boards:** Lahore, Rawalpindi, Gujranwala, Faisalabad, Multan, Sargodha, Sahiwal, Bahawalpur, and DG Khan Board.
- **Federal Board (FBISE):** Islamabad Model Colleges, Army Public Schools & Overseas Examination Centers.
- **KPK, Sindh & Balochistan Boards:** Fully compliant with Single National Curriculum SLO-based assessments.

#### 💡 Expert 1st Year Board Exam Tips:
- High priority given to SLO-based (Student Learning Outcomes) conceptual questions.
- Review the past 5-year past paper repeated questions highlighted in this chapter.
- Practice neat presentation with headings, bullet points, and boxed numerical answers for scoring maximum marks."
Biology Class 11 - Unit 04 Short Questions (New),Biology,11,PCTB (Punjab Curriculum & Textbook Board),CHAPTER_WISE,1,Short Questions,TaleemCity / PakParcha,https://drive.google.com/file/d/1527hX1N9FiG2bV25cxu3LawzZBIjbYOT/preview,"### Comprehensive 1st Year / Class 11 Biology (Chapter 1) Notes & Solutions (HSSC-I)

Get the best 1st Year (Class 11 / HSSC Part 1) Biology notes for **Biology Class 11 - Unit 04 Short Questions (New)**. These high-yield study materials are designed strictly according to the latest National Curriculum 2025–2026, Punjab Curriculum & Textbook Board (PCTB), and Federal Board (FBISE) syllabus standards.

#### 📌 What's Included in this 11th Class Biology Guide:
1. **Topic-wise Short Questions & Conceptual Answers:** Comprehensive answers with high-scoring keywords, scientific terminology, and clear definitions.
2. **Solved Long Questions & Detailed Derivations:** Step-by-step explanations, labeled diagrams, mathematical derivations, and board-standard structured headings.
3. **Multiple Choice Questions (Solved MCQs):** High-frequency exam MCQs with 100% verified correct options and conceptual rationales.
4. **Textbook Exercise Solutions & Solved Numericals:** Complete, step-by-step solutions to all textbook review questions, exercises, and numerical problems with standard formulas and units.

#### 🏛️ Applicable for All Intermediate Boards across Pakistan:
- **Punjab Boards:** Lahore, Rawalpindi, Gujranwala, Faisalabad, Multan, Sargodha, Sahiwal, Bahawalpur, and DG Khan Board.
- **Federal Board (FBISE):** Islamabad Model Colleges, Army Public Schools & Overseas Examination Centers.
- **KPK, Sindh & Balochistan Boards:** Fully compliant with Single National Curriculum SLO-based assessments.

#### 💡 Expert 1st Year Board Exam Tips:
- High priority given to SLO-based (Student Learning Outcomes) conceptual questions.
- Review the past 5-year past paper repeated questions highlighted in this chapter.
- Practice neat presentation with headings, bullet points, and boxed numerical answers for scoring maximum marks."
Biology Class 11 - Unit 05 Long Questions (New),Biology,11,PCTB (Punjab Curriculum & Textbook Board),CHAPTER_WISE,1,Long Questions,TaleemCity / PakParcha,https://drive.google.com/file/d/1ZlZXtu7W6AFivqLiA5xAGSHsXKw473xH/preview,"### Comprehensive 1st Year / Class 11 Biology (Chapter 1) Notes & Solutions (HSSC-I)

Get the best 1st Year (Class 11 / HSSC Part 1) Biology notes for **Biology Class 11 - Unit 05 Long Questions (New)**. These high-yield study materials are designed strictly according to the latest National Curriculum 2025–2026, Punjab Curriculum & Textbook Board (PCTB), and Federal Board (FBISE) syllabus standards.

#### 📌 What's Included in this 11th Class Biology Guide:
1. **Topic-wise Short Questions & Conceptual Answers:** Comprehensive answers with high-scoring keywords, scientific terminology, and clear definitions.
2. **Solved Long Questions & Detailed Derivations:** Step-by-step explanations, labeled diagrams, mathematical derivations, and board-standard structured headings.
3. **Multiple Choice Questions (Solved MCQs):** High-frequency exam MCQs with 100% verified correct options and conceptual rationales.
4. **Textbook Exercise Solutions & Solved Numericals:** Complete, step-by-step solutions to all textbook review questions, exercises, and numerical problems with standard formulas and units.

#### 🏛️ Applicable for All Intermediate Boards across Pakistan:
- **Punjab Boards:** Lahore, Rawalpindi, Gujranwala, Faisalabad, Multan, Sargodha, Sahiwal, Bahawalpur, and DG Khan Board.
- **Federal Board (FBISE):** Islamabad Model Colleges, Army Public Schools & Overseas Examination Centers.
- **KPK, Sindh & Balochistan Boards:** Fully compliant with Single National Curriculum SLO-based assessments.

#### 💡 Expert 1st Year Board Exam Tips:
- High priority given to SLO-based (Student Learning Outcomes) conceptual questions.
- Review the past 5-year past paper repeated questions highlighted in this chapter.
- Practice neat presentation with headings, bullet points, and boxed numerical answers for scoring maximum marks."
Biology Class 11 - Unit 05 MCQ's (New),Biology,11,PCTB (Punjab Curriculum & Textbook Board),CHAPTER_WISE,1,Solved MCQs,TaleemCity / PakParcha,https://drive.google.com/file/d/1CzV71memCYDsJIlyEtjrMhcof4I0_OoM/preview,"### Comprehensive 1st Year / Class 11 Biology (Chapter 1) Notes & Solutions (HSSC-I)

Get the best 1st Year (Class 11 / HSSC Part 1) Biology notes for **Biology Class 11 - Unit 05 MCQ's (New)**. These high-yield study materials are designed strictly according to the latest National Curriculum 2025–2026, Punjab Curriculum & Textbook Board (PCTB), and Federal Board (FBISE) syllabus standards.

#### 📌 What's Included in this 11th Class Biology Guide:
1. **Topic-wise Short Questions & Conceptual Answers:** Comprehensive answers with high-scoring keywords, scientific terminology, and clear definitions.
2. **Solved Long Questions & Detailed Derivations:** Step-by-step explanations, labeled diagrams, mathematical derivations, and board-standard structured headings.
3. **Multiple Choice Questions (Solved MCQs):** High-frequency exam MCQs with 100% verified correct options and conceptual rationales.
4. **Textbook Exercise Solutions & Solved Numericals:** Complete, step-by-step solutions to all textbook review questions, exercises, and numerical problems with standard formulas and units.

#### 🏛️ Applicable for All Intermediate Boards across Pakistan:
- **Punjab Boards:** Lahore, Rawalpindi, Gujranwala, Faisalabad, Multan, Sargodha, Sahiwal, Bahawalpur, and DG Khan Board.
- **Federal Board (FBISE):** Islamabad Model Colleges, Army Public Schools & Overseas Examination Centers.
- **KPK, Sindh & Balochistan Boards:** Fully compliant with Single National Curriculum SLO-based assessments.

#### 💡 Expert 1st Year Board Exam Tips:
- High priority given to SLO-based (Student Learning Outcomes) conceptual questions.
- Review the past 5-year past paper repeated questions highlighted in this chapter.
- Practice neat presentation with headings, bullet points, and boxed numerical answers for scoring maximum marks."
Biology Class 11 - Unit 05 Short Questions (New),Biology,11,PCTB (Punjab Curriculum & Textbook Board),CHAPTER_WISE,1,Short Questions,TaleemCity / PakParcha,https://drive.google.com/file/d/1WggoqJ9mLEO263Dkeq3nRc3diDTauum6/preview,"### Comprehensive 1st Year / Class 11 Biology (Chapter 1) Notes & Solutions (HSSC-I)

Get the best 1st Year (Class 11 / HSSC Part 1) Biology notes for **Biology Class 11 - Unit 05 Short Questions (New)**. These high-yield study materials are designed strictly according to the latest National Curriculum 2025–2026, Punjab Curriculum & Textbook Board (PCTB), and Federal Board (FBISE) syllabus standards.

#### 📌 What's Included in this 11th Class Biology Guide:
1. **Topic-wise Short Questions & Conceptual Answers:** Comprehensive answers with high-scoring keywords, scientific terminology, and clear definitions.
2. **Solved Long Questions & Detailed Derivations:** Step-by-step explanations, labeled diagrams, mathematical derivations, and board-standard structured headings.
3. **Multiple Choice Questions (Solved MCQs):** High-frequency exam MCQs with 100% verified correct options and conceptual rationales.
4. **Textbook Exercise Solutions & Solved Numericals:** Complete, step-by-step solutions to all textbook review questions, exercises, and numerical problems with standard formulas and units.

#### 🏛️ Applicable for All Intermediate Boards across Pakistan:
- **Punjab Boards:** Lahore, Rawalpindi, Gujranwala, Faisalabad, Multan, Sargodha, Sahiwal, Bahawalpur, and DG Khan Board.
- **Federal Board (FBISE):** Islamabad Model Colleges, Army Public Schools & Overseas Examination Centers.
- **KPK, Sindh & Balochistan Boards:** Fully compliant with Single National Curriculum SLO-based assessments.

#### 💡 Expert 1st Year Board Exam Tips:
- High priority given to SLO-based (Student Learning Outcomes) conceptual questions.
- Review the past 5-year past paper repeated questions highlighted in this chapter.
- Practice neat presentation with headings, bullet points, and boxed numerical answers for scoring maximum marks."
Biology Class 11 - Unit 06 Long Questions (New),Biology,11,PCTB (Punjab Curriculum & Textbook Board),CHAPTER_WISE,1,Long Questions,TaleemCity / PakParcha,https://drive.google.com/file/d/1unIu1kkKXey4X5I5WHhkhUEBjXWRpwQF/preview,"### Comprehensive 1st Year / Class 11 Biology (Chapter 1) Notes & Solutions (HSSC-I)

Get the best 1st Year (Class 11 / HSSC Part 1) Biology notes for **Biology Class 11 - Unit 06 Long Questions (New)**. These high-yield study materials are designed strictly according to the latest National Curriculum 2025–2026, Punjab Curriculum & Textbook Board (PCTB), and Federal Board (FBISE) syllabus standards.

#### 📌 What's Included in this 11th Class Biology Guide:
1. **Topic-wise Short Questions & Conceptual Answers:** Comprehensive answers with high-scoring keywords, scientific terminology, and clear definitions.
2. **Solved Long Questions & Detailed Derivations:** Step-by-step explanations, labeled diagrams, mathematical derivations, and board-standard structured headings.
3. **Multiple Choice Questions (Solved MCQs):** High-frequency exam MCQs with 100% verified correct options and conceptual rationales.
4. **Textbook Exercise Solutions & Solved Numericals:** Complete, step-by-step solutions to all textbook review questions, exercises, and numerical problems with standard formulas and units.

#### 🏛️ Applicable for All Intermediate Boards across Pakistan:
- **Punjab Boards:** Lahore, Rawalpindi, Gujranwala, Faisalabad, Multan, Sargodha, Sahiwal, Bahawalpur, and DG Khan Board.
- **Federal Board (FBISE):** Islamabad Model Colleges, Army Public Schools & Overseas Examination Centers.
- **KPK, Sindh & Balochistan Boards:** Fully compliant with Single National Curriculum SLO-based assessments.

#### 💡 Expert 1st Year Board Exam Tips:
- High priority given to SLO-based (Student Learning Outcomes) conceptual questions.
- Review the past 5-year past paper repeated questions highlighted in this chapter.
- Practice neat presentation with headings, bullet points, and boxed numerical answers for scoring maximum marks."
Biology Class 11 - Unit 06 MCQ's (New),Biology,11,PCTB (Punjab Curriculum & Textbook Board),CHAPTER_WISE,1,Solved MCQs,TaleemCity / PakParcha,https://drive.google.com/file/d/1SGSCTlcj5h4-cDI6O3K5PC1QU0ssC_b_/preview,"### Comprehensive 1st Year / Class 11 Biology (Chapter 1) Notes & Solutions (HSSC-I)

Get the best 1st Year (Class 11 / HSSC Part 1) Biology notes for **Biology Class 11 - Unit 06 MCQ's (New)**. These high-yield study materials are designed strictly according to the latest National Curriculum 2025–2026, Punjab Curriculum & Textbook Board (PCTB), and Federal Board (FBISE) syllabus standards.

#### 📌 What's Included in this 11th Class Biology Guide:
1. **Topic-wise Short Questions & Conceptual Answers:** Comprehensive answers with high-scoring keywords, scientific terminology, and clear definitions.
2. **Solved Long Questions & Detailed Derivations:** Step-by-step explanations, labeled diagrams, mathematical derivations, and board-standard structured headings.
3. **Multiple Choice Questions (Solved MCQs):** High-frequency exam MCQs with 100% verified correct options and conceptual rationales.
4. **Textbook Exercise Solutions & Solved Numericals:** Complete, step-by-step solutions to all textbook review questions, exercises, and numerical problems with standard formulas and units.

#### 🏛️ Applicable for All Intermediate Boards across Pakistan:
- **Punjab Boards:** Lahore, Rawalpindi, Gujranwala, Faisalabad, Multan, Sargodha, Sahiwal, Bahawalpur, and DG Khan Board.
- **Federal Board (FBISE):** Islamabad Model Colleges, Army Public Schools & Overseas Examination Centers.
- **KPK, Sindh & Balochistan Boards:** Fully compliant with Single National Curriculum SLO-based assessments.

#### 💡 Expert 1st Year Board Exam Tips:
- High priority given to SLO-based (Student Learning Outcomes) conceptual questions.
- Review the past 5-year past paper repeated questions highlighted in this chapter.
- Practice neat presentation with headings, bullet points, and boxed numerical answers for scoring maximum marks."
Biology Class 11 - Unit 06 Short Questions (New),Biology,11,PCTB (Punjab Curriculum & Textbook Board),CHAPTER_WISE,1,Short Questions,TaleemCity / PakParcha,https://drive.google.com/file/d/1uGzPS4lfHs24_VGHw6JTNVFum4-MTJV_/preview,"### Comprehensive 1st Year / Class 11 Biology (Chapter 1) Notes & Solutions (HSSC-I)

Get the best 1st Year (Class 11 / HSSC Part 1) Biology notes for **Biology Class 11 - Unit 06 Short Questions (New)**. These high-yield study materials are designed strictly according to the latest National Curriculum 2025–2026, Punjab Curriculum & Textbook Board (PCTB), and Federal Board (FBISE) syllabus standards.

#### 📌 What's Included in this 11th Class Biology Guide:
1. **Topic-wise Short Questions & Conceptual Answers:** Comprehensive answers with high-scoring keywords, scientific terminology, and clear definitions.
2. **Solved Long Questions & Detailed Derivations:** Step-by-step explanations, labeled diagrams, mathematical derivations, and board-standard structured headings.
3. **Multiple Choice Questions (Solved MCQs):** High-frequency exam MCQs with 100% verified correct options and conceptual rationales.
4. **Textbook Exercise Solutions & Solved Numericals:** Complete, step-by-step solutions to all textbook review questions, exercises, and numerical problems with standard formulas and units.

#### 🏛️ Applicable for All Intermediate Boards across Pakistan:
- **Punjab Boards:** Lahore, Rawalpindi, Gujranwala, Faisalabad, Multan, Sargodha, Sahiwal, Bahawalpur, and DG Khan Board.
- **Federal Board (FBISE):** Islamabad Model Colleges, Army Public Schools & Overseas Examination Centers.
- **KPK, Sindh & Balochistan Boards:** Fully compliant with Single National Curriculum SLO-based assessments.

#### 💡 Expert 1st Year Board Exam Tips:
- High priority given to SLO-based (Student Learning Outcomes) conceptual questions.
- Review the past 5-year past paper repeated questions highlighted in this chapter.
- Practice neat presentation with headings, bullet points, and boxed numerical answers for scoring maximum marks."
Biology Class 11 - Unit 07 Long Questions (New),Biology,11,PCTB (Punjab Curriculum & Textbook Board),CHAPTER_WISE,1,Long Questions,TaleemCity / PakParcha,https://drive.google.com/file/d/13I1LDj028PIhd8XWoFg4vJGDegQyAirA/preview,"### Comprehensive 1st Year / Class 11 Biology (Chapter 1) Notes & Solutions (HSSC-I)

Get the best 1st Year (Class 11 / HSSC Part 1) Biology notes for **Biology Class 11 - Unit 07 Long Questions (New)**. These high-yield study materials are designed strictly according to the latest National Curriculum 2025–2026, Punjab Curriculum & Textbook Board (PCTB), and Federal Board (FBISE) syllabus standards.

#### 📌 What's Included in this 11th Class Biology Guide:
1. **Topic-wise Short Questions & Conceptual Answers:** Comprehensive answers with high-scoring keywords, scientific terminology, and clear definitions.
2. **Solved Long Questions & Detailed Derivations:** Step-by-step explanations, labeled diagrams, mathematical derivations, and board-standard structured headings.
3. **Multiple Choice Questions (Solved MCQs):** High-frequency exam MCQs with 100% verified correct options and conceptual rationales.
4. **Textbook Exercise Solutions & Solved Numericals:** Complete, step-by-step solutions to all textbook review questions, exercises, and numerical problems with standard formulas and units.

#### 🏛️ Applicable for All Intermediate Boards across Pakistan:
- **Punjab Boards:** Lahore, Rawalpindi, Gujranwala, Faisalabad, Multan, Sargodha, Sahiwal, Bahawalpur, and DG Khan Board.
- **Federal Board (FBISE):** Islamabad Model Colleges, Army Public Schools & Overseas Examination Centers.
- **KPK, Sindh & Balochistan Boards:** Fully compliant with Single National Curriculum SLO-based assessments.

#### 💡 Expert 1st Year Board Exam Tips:
- High priority given to SLO-based (Student Learning Outcomes) conceptual questions.
- Review the past 5-year past paper repeated questions highlighted in this chapter.
- Practice neat presentation with headings, bullet points, and boxed numerical answers for scoring maximum marks."
Biology Class 11 - Unit 07 MCQ's (New),Biology,11,PCTB (Punjab Curriculum & Textbook Board),CHAPTER_WISE,1,Solved MCQs,TaleemCity / PakParcha,https://drive.google.com/file/d/1gD536_Fp7JsIWYRbnYTTkhOeFLZ5cEfr/preview,"### Comprehensive 1st Year / Class 11 Biology (Chapter 1) Notes & Solutions (HSSC-I)

Get the best 1st Year (Class 11 / HSSC Part 1) Biology notes for **Biology Class 11 - Unit 07 MCQ's (New)**. These high-yield study materials are designed strictly according to the latest National Curriculum 2025–2026, Punjab Curriculum & Textbook Board (PCTB), and Federal Board (FBISE) syllabus standards.

#### 📌 What's Included in this 11th Class Biology Guide:
1. **Topic-wise Short Questions & Conceptual Answers:** Comprehensive answers with high-scoring keywords, scientific terminology, and clear definitions.
2. **Solved Long Questions & Detailed Derivations:** Step-by-step explanations, labeled diagrams, mathematical derivations, and board-standard structured headings.
3. **Multiple Choice Questions (Solved MCQs):** High-frequency exam MCQs with 100% verified correct options and conceptual rationales.
4. **Textbook Exercise Solutions & Solved Numericals:** Complete, step-by-step solutions to all textbook review questions, exercises, and numerical problems with standard formulas and units.

#### 🏛️ Applicable for All Intermediate Boards across Pakistan:
- **Punjab Boards:** Lahore, Rawalpindi, Gujranwala, Faisalabad, Multan, Sargodha, Sahiwal, Bahawalpur, and DG Khan Board.
- **Federal Board (FBISE):** Islamabad Model Colleges, Army Public Schools & Overseas Examination Centers.
- **KPK, Sindh & Balochistan Boards:** Fully compliant with Single National Curriculum SLO-based assessments.

#### 💡 Expert 1st Year Board Exam Tips:
- High priority given to SLO-based (Student Learning Outcomes) conceptual questions.
- Review the past 5-year past paper repeated questions highlighted in this chapter.
- Practice neat presentation with headings, bullet points, and boxed numerical answers for scoring maximum marks."
Biology Class 11 - Unit 07 Short Questions (New),Biology,11,PCTB (Punjab Curriculum & Textbook Board),CHAPTER_WISE,1,Short Questions,TaleemCity / PakParcha,https://drive.google.com/file/d/1URTaytRcf7ON_Xw7cicnTRbYicQ38LXd/preview,"### Comprehensive 1st Year / Class 11 Biology (Chapter 1) Notes & Solutions (HSSC-I)

Get the best 1st Year (Class 11 / HSSC Part 1) Biology notes for **Biology Class 11 - Unit 07 Short Questions (New)**. These high-yield study materials are designed strictly according to the latest National Curriculum 2025–2026, Punjab Curriculum & Textbook Board (PCTB), and Federal Board (FBISE) syllabus standards.

#### 📌 What's Included in this 11th Class Biology Guide:
1. **Topic-wise Short Questions & Conceptual Answers:** Comprehensive answers with high-scoring keywords, scientific terminology, and clear definitions.
2. **Solved Long Questions & Detailed Derivations:** Step-by-step explanations, labeled diagrams, mathematical derivations, and board-standard structured headings.
3. **Multiple Choice Questions (Solved MCQs):** High-frequency exam MCQs with 100% verified correct options and conceptual rationales.
4. **Textbook Exercise Solutions & Solved Numericals:** Complete, step-by-step solutions to all textbook review questions, exercises, and numerical problems with standard formulas and units.

#### 🏛️ Applicable for All Intermediate Boards across Pakistan:
- **Punjab Boards:** Lahore, Rawalpindi, Gujranwala, Faisalabad, Multan, Sargodha, Sahiwal, Bahawalpur, and DG Khan Board.
- **Federal Board (FBISE):** Islamabad Model Colleges, Army Public Schools & Overseas Examination Centers.
- **KPK, Sindh & Balochistan Boards:** Fully compliant with Single National Curriculum SLO-based assessments.

#### 💡 Expert 1st Year Board Exam Tips:
- High priority given to SLO-based (Student Learning Outcomes) conceptual questions.
- Review the past 5-year past paper repeated questions highlighted in this chapter.
- Practice neat presentation with headings, bullet points, and boxed numerical answers for scoring maximum marks."
Biology Class 11 - Unit 08 Long Questions (New),Biology,11,PCTB (Punjab Curriculum & Textbook Board),CHAPTER_WISE,1,Long Questions,TaleemCity / PakParcha,https://drive.google.com/file/d/1SL3qxE-v5B0e1uIMsOE8oMqvbA4XedXE/preview,"### Comprehensive 1st Year / Class 11 Biology (Chapter 1) Notes & Solutions (HSSC-I)

Get the best 1st Year (Class 11 / HSSC Part 1) Biology notes for **Biology Class 11 - Unit 08 Long Questions (New)**. These high-yield study materials are designed strictly according to the latest National Curriculum 2025–2026, Punjab Curriculum & Textbook Board (PCTB), and Federal Board (FBISE) syllabus standards.

#### 📌 What's Included in this 11th Class Biology Guide:
1. **Topic-wise Short Questions & Conceptual Answers:** Comprehensive answers with high-scoring keywords, scientific terminology, and clear definitions.
2. **Solved Long Questions & Detailed Derivations:** Step-by-step explanations, labeled diagrams, mathematical derivations, and board-standard structured headings.
3. **Multiple Choice Questions (Solved MCQs):** High-frequency exam MCQs with 100% verified correct options and conceptual rationales.
4. **Textbook Exercise Solutions & Solved Numericals:** Complete, step-by-step solutions to all textbook review questions, exercises, and numerical problems with standard formulas and units.

#### 🏛️ Applicable for All Intermediate Boards across Pakistan:
- **Punjab Boards:** Lahore, Rawalpindi, Gujranwala, Faisalabad, Multan, Sargodha, Sahiwal, Bahawalpur, and DG Khan Board.
- **Federal Board (FBISE):** Islamabad Model Colleges, Army Public Schools & Overseas Examination Centers.
- **KPK, Sindh & Balochistan Boards:** Fully compliant with Single National Curriculum SLO-based assessments.

#### 💡 Expert 1st Year Board Exam Tips:
- High priority given to SLO-based (Student Learning Outcomes) conceptual questions.
- Review the past 5-year past paper repeated questions highlighted in this chapter.
- Practice neat presentation with headings, bullet points, and boxed numerical answers for scoring maximum marks."
Biology Class 11 - Unit 08 MCQ's (New),Biology,11,PCTB (Punjab Curriculum & Textbook Board),CHAPTER_WISE,1,Solved MCQs,TaleemCity / PakParcha,https://drive.google.com/file/d/1VPtstBe1jX1wlH7IjuJ22IXQy46pSKD-/preview,"### Comprehensive 1st Year / Class 11 Biology (Chapter 1) Notes & Solutions (HSSC-I)

Get the best 1st Year (Class 11 / HSSC Part 1) Biology notes for **Biology Class 11 - Unit 08 MCQ's (New)**. These high-yield study materials are designed strictly according to the latest National Curriculum 2025–2026, Punjab Curriculum & Textbook Board (PCTB), and Federal Board (FBISE) syllabus standards.

#### 📌 What's Included in this 11th Class Biology Guide:
1. **Topic-wise Short Questions & Conceptual Answers:** Comprehensive answers with high-scoring keywords, scientific terminology, and clear definitions.
2. **Solved Long Questions & Detailed Derivations:** Step-by-step explanations, labeled diagrams, mathematical derivations, and board-standard structured headings.
3. **Multiple Choice Questions (Solved MCQs):** High-frequency exam MCQs with 100% verified correct options and conceptual rationales.
4. **Textbook Exercise Solutions & Solved Numericals:** Complete, step-by-step solutions to all textbook review questions, exercises, and numerical problems with standard formulas and units.

#### 🏛️ Applicable for All Intermediate Boards across Pakistan:
- **Punjab Boards:** Lahore, Rawalpindi, Gujranwala, Faisalabad, Multan, Sargodha, Sahiwal, Bahawalpur, and DG Khan Board.
- **Federal Board (FBISE):** Islamabad Model Colleges, Army Public Schools & Overseas Examination Centers.
- **KPK, Sindh & Balochistan Boards:** Fully compliant with Single National Curriculum SLO-based assessments.

#### 💡 Expert 1st Year Board Exam Tips:
- High priority given to SLO-based (Student Learning Outcomes) conceptual questions.
- Review the past 5-year past paper repeated questions highlighted in this chapter.
- Practice neat presentation with headings, bullet points, and boxed numerical answers for scoring maximum marks."
Biology Class 11 - Unit 08 Short Questions (New),Biology,11,PCTB (Punjab Curriculum & Textbook Board),CHAPTER_WISE,1,Short Questions,TaleemCity / PakParcha,https://drive.google.com/file/d/1eN_Pl8uQ0TKoVoReIBiUJIaYoMYUfRIK/preview,"### Comprehensive 1st Year / Class 11 Biology (Chapter 1) Notes & Solutions (HSSC-I)

Get the best 1st Year (Class 11 / HSSC Part 1) Biology notes for **Biology Class 11 - Unit 08 Short Questions (New)**. These high-yield study materials are designed strictly according to the latest National Curriculum 2025–2026, Punjab Curriculum & Textbook Board (PCTB), and Federal Board (FBISE) syllabus standards.

#### 📌 What's Included in this 11th Class Biology Guide:
1. **Topic-wise Short Questions & Conceptual Answers:** Comprehensive answers with high-scoring keywords, scientific terminology, and clear definitions.
2. **Solved Long Questions & Detailed Derivations:** Step-by-step explanations, labeled diagrams, mathematical derivations, and board-standard structured headings.
3. **Multiple Choice Questions (Solved MCQs):** High-frequency exam MCQs with 100% verified correct options and conceptual rationales.
4. **Textbook Exercise Solutions & Solved Numericals:** Complete, step-by-step solutions to all textbook review questions, exercises, and numerical problems with standard formulas and units.

#### 🏛️ Applicable for All Intermediate Boards across Pakistan:
- **Punjab Boards:** Lahore, Rawalpindi, Gujranwala, Faisalabad, Multan, Sargodha, Sahiwal, Bahawalpur, and DG Khan Board.
- **Federal Board (FBISE):** Islamabad Model Colleges, Army Public Schools & Overseas Examination Centers.
- **KPK, Sindh & Balochistan Boards:** Fully compliant with Single National Curriculum SLO-based assessments.

#### 💡 Expert 1st Year Board Exam Tips:
- High priority given to SLO-based (Student Learning Outcomes) conceptual questions.
- Review the past 5-year past paper repeated questions highlighted in this chapter.
- Practice neat presentation with headings, bullet points, and boxed numerical answers for scoring maximum marks."
Biology Class 11 - Unit 09 Long Questions (New),Biology,11,PCTB (Punjab Curriculum & Textbook Board),CHAPTER_WISE,1,Long Questions,TaleemCity / PakParcha,https://drive.google.com/file/d/1g6gvrMCwqS7Y8fCXuIgw4LEiID4tfpLa/preview,"### Comprehensive 1st Year / Class 11 Biology (Chapter 1) Notes & Solutions (HSSC-I)

Get the best 1st Year (Class 11 / HSSC Part 1) Biology notes for **Biology Class 11 - Unit 09 Long Questions (New)**. These high-yield study materials are designed strictly according to the latest National Curriculum 2025–2026, Punjab Curriculum & Textbook Board (PCTB), and Federal Board (FBISE) syllabus standards.

#### 📌 What's Included in this 11th Class Biology Guide:
1. **Topic-wise Short Questions & Conceptual Answers:** Comprehensive answers with high-scoring keywords, scientific terminology, and clear definitions.
2. **Solved Long Questions & Detailed Derivations:** Step-by-step explanations, labeled diagrams, mathematical derivations, and board-standard structured headings.
3. **Multiple Choice Questions (Solved MCQs):** High-frequency exam MCQs with 100% verified correct options and conceptual rationales.
4. **Textbook Exercise Solutions & Solved Numericals:** Complete, step-by-step solutions to all textbook review questions, exercises, and numerical problems with standard formulas and units.

#### 🏛️ Applicable for All Intermediate Boards across Pakistan:
- **Punjab Boards:** Lahore, Rawalpindi, Gujranwala, Faisalabad, Multan, Sargodha, Sahiwal, Bahawalpur, and DG Khan Board.
- **Federal Board (FBISE):** Islamabad Model Colleges, Army Public Schools & Overseas Examination Centers.
- **KPK, Sindh & Balochistan Boards:** Fully compliant with Single National Curriculum SLO-based assessments.

#### 💡 Expert 1st Year Board Exam Tips:
- High priority given to SLO-based (Student Learning Outcomes) conceptual questions.
- Review the past 5-year past paper repeated questions highlighted in this chapter.
- Practice neat presentation with headings, bullet points, and boxed numerical answers for scoring maximum marks."
Biology Class 11 - Unit 09 MCQ's (New),Biology,11,PCTB (Punjab Curriculum & Textbook Board),CHAPTER_WISE,1,Solved MCQs,TaleemCity / PakParcha,https://drive.google.com/file/d/16VqSdcXNBPpN09tOr6-ypz-2Q92XDPFK/preview,"### Comprehensive 1st Year / Class 11 Biology (Chapter 1) Notes & Solutions (HSSC-I)

Get the best 1st Year (Class 11 / HSSC Part 1) Biology notes for **Biology Class 11 - Unit 09 MCQ's (New)**. These high-yield study materials are designed strictly according to the latest National Curriculum 2025–2026, Punjab Curriculum & Textbook Board (PCTB), and Federal Board (FBISE) syllabus standards.

#### 📌 What's Included in this 11th Class Biology Guide:
1. **Topic-wise Short Questions & Conceptual Answers:** Comprehensive answers with high-scoring keywords, scientific terminology, and clear definitions.
2. **Solved Long Questions & Detailed Derivations:** Step-by-step explanations, labeled diagrams, mathematical derivations, and board-standard structured headings.
3. **Multiple Choice Questions (Solved MCQs):** High-frequency exam MCQs with 100% verified correct options and conceptual rationales.
4. **Textbook Exercise Solutions & Solved Numericals:** Complete, step-by-step solutions to all textbook review questions, exercises, and numerical problems with standard formulas and units.

#### 🏛️ Applicable for All Intermediate Boards across Pakistan:
- **Punjab Boards:** Lahore, Rawalpindi, Gujranwala, Faisalabad, Multan, Sargodha, Sahiwal, Bahawalpur, and DG Khan Board.
- **Federal Board (FBISE):** Islamabad Model Colleges, Army Public Schools & Overseas Examination Centers.
- **KPK, Sindh & Balochistan Boards:** Fully compliant with Single National Curriculum SLO-based assessments.

#### 💡 Expert 1st Year Board Exam Tips:
- High priority given to SLO-based (Student Learning Outcomes) conceptual questions.
- Review the past 5-year past paper repeated questions highlighted in this chapter.
- Practice neat presentation with headings, bullet points, and boxed numerical answers for scoring maximum marks."
Biology Class 11 - Unit 09 Short Questions (New),Biology,11,PCTB (Punjab Curriculum & Textbook Board),CHAPTER_WISE,1,Short Questions,TaleemCity / PakParcha,https://drive.google.com/file/d/1w3LPeDp3R7KpAl3ok1lXKxwVHEsuvMAL/preview,"### Comprehensive 1st Year / Class 11 Biology (Chapter 1) Notes & Solutions (HSSC-I)

Get the best 1st Year (Class 11 / HSSC Part 1) Biology notes for **Biology Class 11 - Unit 09 Short Questions (New)**. These high-yield study materials are designed strictly according to the latest National Curriculum 2025–2026, Punjab Curriculum & Textbook Board (PCTB), and Federal Board (FBISE) syllabus standards.

#### 📌 What's Included in this 11th Class Biology Guide:
1. **Topic-wise Short Questions & Conceptual Answers:** Comprehensive answers with high-scoring keywords, scientific terminology, and clear definitions.
2. **Solved Long Questions & Detailed Derivations:** Step-by-step explanations, labeled diagrams, mathematical derivations, and board-standard structured headings.
3. **Multiple Choice Questions (Solved MCQs):** High-frequency exam MCQs with 100% verified correct options and conceptual rationales.
4. **Textbook Exercise Solutions & Solved Numericals:** Complete, step-by-step solutions to all textbook review questions, exercises, and numerical problems with standard formulas and units.

#### 🏛️ Applicable for All Intermediate Boards across Pakistan:
- **Punjab Boards:** Lahore, Rawalpindi, Gujranwala, Faisalabad, Multan, Sargodha, Sahiwal, Bahawalpur, and DG Khan Board.
- **Federal Board (FBISE):** Islamabad Model Colleges, Army Public Schools & Overseas Examination Centers.
- **KPK, Sindh & Balochistan Boards:** Fully compliant with Single National Curriculum SLO-based assessments.

#### 💡 Expert 1st Year Board Exam Tips:
- High priority given to SLO-based (Student Learning Outcomes) conceptual questions.
- Review the past 5-year past paper repeated questions highlighted in this chapter.
- Practice neat presentation with headings, bullet points, and boxed numerical answers for scoring maximum marks."
Biology Class 11 - Unit 10 Long Questions (New),Biology,11,PCTB (Punjab Curriculum & Textbook Board),CHAPTER_WISE,1,Long Questions,TaleemCity / PakParcha,https://drive.google.com/file/d/16LpifINjtJZ5vK3v2eKSk8J-b7sVVdpy/preview,"### Comprehensive 1st Year / Class 11 Biology (Chapter 1) Notes & Solutions (HSSC-I)

Get the best 1st Year (Class 11 / HSSC Part 1) Biology notes for **Biology Class 11 - Unit 10 Long Questions (New)**. These high-yield study materials are designed strictly according to the latest National Curriculum 2025–2026, Punjab Curriculum & Textbook Board (PCTB), and Federal Board (FBISE) syllabus standards.

#### 📌 What's Included in this 11th Class Biology Guide:
1. **Topic-wise Short Questions & Conceptual Answers:** Comprehensive answers with high-scoring keywords, scientific terminology, and clear definitions.
2. **Solved Long Questions & Detailed Derivations:** Step-by-step explanations, labeled diagrams, mathematical derivations, and board-standard structured headings.
3. **Multiple Choice Questions (Solved MCQs):** High-frequency exam MCQs with 100% verified correct options and conceptual rationales.
4. **Textbook Exercise Solutions & Solved Numericals:** Complete, step-by-step solutions to all textbook review questions, exercises, and numerical problems with standard formulas and units.

#### 🏛️ Applicable for All Intermediate Boards across Pakistan:
- **Punjab Boards:** Lahore, Rawalpindi, Gujranwala, Faisalabad, Multan, Sargodha, Sahiwal, Bahawalpur, and DG Khan Board.
- **Federal Board (FBISE):** Islamabad Model Colleges, Army Public Schools & Overseas Examination Centers.
- **KPK, Sindh & Balochistan Boards:** Fully compliant with Single National Curriculum SLO-based assessments.

#### 💡 Expert 1st Year Board Exam Tips:
- High priority given to SLO-based (Student Learning Outcomes) conceptual questions.
- Review the past 5-year past paper repeated questions highlighted in this chapter.
- Practice neat presentation with headings, bullet points, and boxed numerical answers for scoring maximum marks."
Biology Class 11 - Unit 10 MCQ's (New),Biology,11,PCTB (Punjab Curriculum & Textbook Board),CHAPTER_WISE,1,Solved MCQs,TaleemCity / PakParcha,https://drive.google.com/file/d/1-uUsHzdEkHrAwsATSbG_EM3t-VVCxN8b/preview,"### Comprehensive 1st Year / Class 11 Biology (Chapter 1) Notes & Solutions (HSSC-I)

Get the best 1st Year (Class 11 / HSSC Part 1) Biology notes for **Biology Class 11 - Unit 10 MCQ's (New)**. These high-yield study materials are designed strictly according to the latest National Curriculum 2025–2026, Punjab Curriculum & Textbook Board (PCTB), and Federal Board (FBISE) syllabus standards.

#### 📌 What's Included in this 11th Class Biology Guide:
1. **Topic-wise Short Questions & Conceptual Answers:** Comprehensive answers with high-scoring keywords, scientific terminology, and clear definitions.
2. **Solved Long Questions & Detailed Derivations:** Step-by-step explanations, labeled diagrams, mathematical derivations, and board-standard structured headings.
3. **Multiple Choice Questions (Solved MCQs):** High-frequency exam MCQs with 100% verified correct options and conceptual rationales.
4. **Textbook Exercise Solutions & Solved Numericals:** Complete, step-by-step solutions to all textbook review questions, exercises, and numerical problems with standard formulas and units.

#### 🏛️ Applicable for All Intermediate Boards across Pakistan:
- **Punjab Boards:** Lahore, Rawalpindi, Gujranwala, Faisalabad, Multan, Sargodha, Sahiwal, Bahawalpur, and DG Khan Board.
- **Federal Board (FBISE):** Islamabad Model Colleges, Army Public Schools & Overseas Examination Centers.
- **KPK, Sindh & Balochistan Boards:** Fully compliant with Single National Curriculum SLO-based assessments.

#### 💡 Expert 1st Year Board Exam Tips:
- High priority given to SLO-based (Student Learning Outcomes) conceptual questions.
- Review the past 5-year past paper repeated questions highlighted in this chapter.
- Practice neat presentation with headings, bullet points, and boxed numerical answers for scoring maximum marks."
Biology Class 11 - Unit 10 Short Questions (New),Biology,11,PCTB (Punjab Curriculum & Textbook Board),CHAPTER_WISE,1,Short Questions,TaleemCity / PakParcha,https://drive.google.com/file/d/1kUzmQyIue5jpEr2e0A-OR7KvWghuZlgd/preview,"### Comprehensive 1st Year / Class 11 Biology (Chapter 1) Notes & Solutions (HSSC-I)

Get the best 1st Year (Class 11 / HSSC Part 1) Biology notes for **Biology Class 11 - Unit 10 Short Questions (New)**. These high-yield study materials are designed strictly according to the latest National Curriculum 2025–2026, Punjab Curriculum & Textbook Board (PCTB), and Federal Board (FBISE) syllabus standards.

#### 📌 What's Included in this 11th Class Biology Guide:
1. **Topic-wise Short Questions & Conceptual Answers:** Comprehensive answers with high-scoring keywords, scientific terminology, and clear definitions.
2. **Solved Long Questions & Detailed Derivations:** Step-by-step explanations, labeled diagrams, mathematical derivations, and board-standard structured headings.
3. **Multiple Choice Questions (Solved MCQs):** High-frequency exam MCQs with 100% verified correct options and conceptual rationales.
4. **Textbook Exercise Solutions & Solved Numericals:** Complete, step-by-step solutions to all textbook review questions, exercises, and numerical problems with standard formulas and units.

#### 🏛️ Applicable for All Intermediate Boards across Pakistan:
- **Punjab Boards:** Lahore, Rawalpindi, Gujranwala, Faisalabad, Multan, Sargodha, Sahiwal, Bahawalpur, and DG Khan Board.
- **Federal Board (FBISE):** Islamabad Model Colleges, Army Public Schools & Overseas Examination Centers.
- **KPK, Sindh & Balochistan Boards:** Fully compliant with Single National Curriculum SLO-based assessments.

#### 💡 Expert 1st Year Board Exam Tips:
- High priority given to SLO-based (Student Learning Outcomes) conceptual questions.
- Review the past 5-year past paper repeated questions highlighted in this chapter.
- Practice neat presentation with headings, bullet points, and boxed numerical answers for scoring maximum marks."
Biology Class 11 - Unit 11 Long Questions (New),Biology,11,PCTB (Punjab Curriculum & Textbook Board),CHAPTER_WISE,1,Long Questions,TaleemCity / PakParcha,https://drive.google.com/file/d/1lTQeEVKOj7FOwyOSfoXkeU5DK1LneE0i/preview,"### Comprehensive 1st Year / Class 11 Biology (Chapter 1) Notes & Solutions (HSSC-I)

Get the best 1st Year (Class 11 / HSSC Part 1) Biology notes for **Biology Class 11 - Unit 11 Long Questions (New)**. These high-yield study materials are designed strictly according to the latest National Curriculum 2025–2026, Punjab Curriculum & Textbook Board (PCTB), and Federal Board (FBISE) syllabus standards.

#### 📌 What's Included in this 11th Class Biology Guide:
1. **Topic-wise Short Questions & Conceptual Answers:** Comprehensive answers with high-scoring keywords, scientific terminology, and clear definitions.
2. **Solved Long Questions & Detailed Derivations:** Step-by-step explanations, labeled diagrams, mathematical derivations, and board-standard structured headings.
3. **Multiple Choice Questions (Solved MCQs):** High-frequency exam MCQs with 100% verified correct options and conceptual rationales.
4. **Textbook Exercise Solutions & Solved Numericals:** Complete, step-by-step solutions to all textbook review questions, exercises, and numerical problems with standard formulas and units.

#### 🏛️ Applicable for All Intermediate Boards across Pakistan:
- **Punjab Boards:** Lahore, Rawalpindi, Gujranwala, Faisalabad, Multan, Sargodha, Sahiwal, Bahawalpur, and DG Khan Board.
- **Federal Board (FBISE):** Islamabad Model Colleges, Army Public Schools & Overseas Examination Centers.
- **KPK, Sindh & Balochistan Boards:** Fully compliant with Single National Curriculum SLO-based assessments.

#### 💡 Expert 1st Year Board Exam Tips:
- High priority given to SLO-based (Student Learning Outcomes) conceptual questions.
- Review the past 5-year past paper repeated questions highlighted in this chapter.
- Practice neat presentation with headings, bullet points, and boxed numerical answers for scoring maximum marks."
Biology Class 11 - Unit 11 MCQ's (New),Biology,11,PCTB (Punjab Curriculum & Textbook Board),CHAPTER_WISE,1,Solved MCQs,TaleemCity / PakParcha,https://drive.google.com/file/d/1AQG7JQHbm6TNv3KLxFKnQ7h6BAslvcRu/preview,"### Comprehensive 1st Year / Class 11 Biology (Chapter 1) Notes & Solutions (HSSC-I)

Get the best 1st Year (Class 11 / HSSC Part 1) Biology notes for **Biology Class 11 - Unit 11 MCQ's (New)**. These high-yield study materials are designed strictly according to the latest National Curriculum 2025–2026, Punjab Curriculum & Textbook Board (PCTB), and Federal Board (FBISE) syllabus standards.

#### 📌 What's Included in this 11th Class Biology Guide:
1. **Topic-wise Short Questions & Conceptual Answers:** Comprehensive answers with high-scoring keywords, scientific terminology, and clear definitions.
2. **Solved Long Questions & Detailed Derivations:** Step-by-step explanations, labeled diagrams, mathematical derivations, and board-standard structured headings.
3. **Multiple Choice Questions (Solved MCQs):** High-frequency exam MCQs with 100% verified correct options and conceptual rationales.
4. **Textbook Exercise Solutions & Solved Numericals:** Complete, step-by-step solutions to all textbook review questions, exercises, and numerical problems with standard formulas and units.

#### 🏛️ Applicable for All Intermediate Boards across Pakistan:
- **Punjab Boards:** Lahore, Rawalpindi, Gujranwala, Faisalabad, Multan, Sargodha, Sahiwal, Bahawalpur, and DG Khan Board.
- **Federal Board (FBISE):** Islamabad Model Colleges, Army Public Schools & Overseas Examination Centers.
- **KPK, Sindh & Balochistan Boards:** Fully compliant with Single National Curriculum SLO-based assessments.

#### 💡 Expert 1st Year Board Exam Tips:
- High priority given to SLO-based (Student Learning Outcomes) conceptual questions.
- Review the past 5-year past paper repeated questions highlighted in this chapter.
- Practice neat presentation with headings, bullet points, and boxed numerical answers for scoring maximum marks."
Biology Class 11 - Unit 11 Short Questions (New),Biology,11,PCTB (Punjab Curriculum & Textbook Board),CHAPTER_WISE,1,Short Questions,TaleemCity / PakParcha,https://drive.google.com/file/d/1uqhoFZ3Q4sP6FJyJ-WB8BS142f3v8vWW/preview,"### Comprehensive 1st Year / Class 11 Biology (Chapter 1) Notes & Solutions (HSSC-I)

Get the best 1st Year (Class 11 / HSSC Part 1) Biology notes for **Biology Class 11 - Unit 11 Short Questions (New)**. These high-yield study materials are designed strictly according to the latest National Curriculum 2025–2026, Punjab Curriculum & Textbook Board (PCTB), and Federal Board (FBISE) syllabus standards.

#### 📌 What's Included in this 11th Class Biology Guide:
1. **Topic-wise Short Questions & Conceptual Answers:** Comprehensive answers with high-scoring keywords, scientific terminology, and clear definitions.
2. **Solved Long Questions & Detailed Derivations:** Step-by-step explanations, labeled diagrams, mathematical derivations, and board-standard structured headings.
3. **Multiple Choice Questions (Solved MCQs):** High-frequency exam MCQs with 100% verified correct options and conceptual rationales.
4. **Textbook Exercise Solutions & Solved Numericals:** Complete, step-by-step solutions to all textbook review questions, exercises, and numerical problems with standard formulas and units.

#### 🏛️ Applicable for All Intermediate Boards across Pakistan:
- **Punjab Boards:** Lahore, Rawalpindi, Gujranwala, Faisalabad, Multan, Sargodha, Sahiwal, Bahawalpur, and DG Khan Board.
- **Federal Board (FBISE):** Islamabad Model Colleges, Army Public Schools & Overseas Examination Centers.
- **KPK, Sindh & Balochistan Boards:** Fully compliant with Single National Curriculum SLO-based assessments.

#### 💡 Expert 1st Year Board Exam Tips:
- High priority given to SLO-based (Student Learning Outcomes) conceptual questions.
- Review the past 5-year past paper repeated questions highlighted in this chapter.
- Practice neat presentation with headings, bullet points, and boxed numerical answers for scoring maximum marks."
Biology Class 11 - Unit 12 Long Questions (New),Biology,11,PCTB (Punjab Curriculum & Textbook Board),CHAPTER_WISE,1,Long Questions,TaleemCity / PakParcha,https://drive.google.com/file/d/11__KZRCP3WscZHAoMw-Bl3YQlKcYaaTe/preview,"### Comprehensive 1st Year / Class 11 Biology (Chapter 1) Notes & Solutions (HSSC-I)

Get the best 1st Year (Class 11 / HSSC Part 1) Biology notes for **Biology Class 11 - Unit 12 Long Questions (New)**. These high-yield study materials are designed strictly according to the latest National Curriculum 2025–2026, Punjab Curriculum & Textbook Board (PCTB), and Federal Board (FBISE) syllabus standards.

#### 📌 What's Included in this 11th Class Biology Guide:
1. **Topic-wise Short Questions & Conceptual Answers:** Comprehensive answers with high-scoring keywords, scientific terminology, and clear definitions.
2. **Solved Long Questions & Detailed Derivations:** Step-by-step explanations, labeled diagrams, mathematical derivations, and board-standard structured headings.
3. **Multiple Choice Questions (Solved MCQs):** High-frequency exam MCQs with 100% verified correct options and conceptual rationales.
4. **Textbook Exercise Solutions & Solved Numericals:** Complete, step-by-step solutions to all textbook review questions, exercises, and numerical problems with standard formulas and units.

#### 🏛️ Applicable for All Intermediate Boards across Pakistan:
- **Punjab Boards:** Lahore, Rawalpindi, Gujranwala, Faisalabad, Multan, Sargodha, Sahiwal, Bahawalpur, and DG Khan Board.
- **Federal Board (FBISE):** Islamabad Model Colleges, Army Public Schools & Overseas Examination Centers.
- **KPK, Sindh & Balochistan Boards:** Fully compliant with Single National Curriculum SLO-based assessments.

#### 💡 Expert 1st Year Board Exam Tips:
- High priority given to SLO-based (Student Learning Outcomes) conceptual questions.
- Review the past 5-year past paper repeated questions highlighted in this chapter.
- Practice neat presentation with headings, bullet points, and boxed numerical answers for scoring maximum marks."
Biology Class 11 - Unit 12 MCQ's (New),Biology,11,PCTB (Punjab Curriculum & Textbook Board),CHAPTER_WISE,1,Solved MCQs,TaleemCity / PakParcha,https://drive.google.com/file/d/19_IVSwjqOcc97UJirythYsxxSYGDR4YH/preview,"### Comprehensive 1st Year / Class 11 Biology (Chapter 1) Notes & Solutions (HSSC-I)

Get the best 1st Year (Class 11 / HSSC Part 1) Biology notes for **Biology Class 11 - Unit 12 MCQ's (New)**. These high-yield study materials are designed strictly according to the latest National Curriculum 2025–2026, Punjab Curriculum & Textbook Board (PCTB), and Federal Board (FBISE) syllabus standards.

#### 📌 What's Included in this 11th Class Biology Guide:
1. **Topic-wise Short Questions & Conceptual Answers:** Comprehensive answers with high-scoring keywords, scientific terminology, and clear definitions.
2. **Solved Long Questions & Detailed Derivations:** Step-by-step explanations, labeled diagrams, mathematical derivations, and board-standard structured headings.
3. **Multiple Choice Questions (Solved MCQs):** High-frequency exam MCQs with 100% verified correct options and conceptual rationales.
4. **Textbook Exercise Solutions & Solved Numericals:** Complete, step-by-step solutions to all textbook review questions, exercises, and numerical problems with standard formulas and units.

#### 🏛️ Applicable for All Intermediate Boards across Pakistan:
- **Punjab Boards:** Lahore, Rawalpindi, Gujranwala, Faisalabad, Multan, Sargodha, Sahiwal, Bahawalpur, and DG Khan Board.
- **Federal Board (FBISE):** Islamabad Model Colleges, Army Public Schools & Overseas Examination Centers.
- **KPK, Sindh & Balochistan Boards:** Fully compliant with Single National Curriculum SLO-based assessments.

#### 💡 Expert 1st Year Board Exam Tips:
- High priority given to SLO-based (Student Learning Outcomes) conceptual questions.
- Review the past 5-year past paper repeated questions highlighted in this chapter.
- Practice neat presentation with headings, bullet points, and boxed numerical answers for scoring maximum marks."
Biology Class 11 - Unit 12 Short Questions (New),Biology,11,PCTB (Punjab Curriculum & Textbook Board),CHAPTER_WISE,1,Short Questions,TaleemCity / PakParcha,https://drive.google.com/file/d/1R8EqiD60KlwJDYzCY8PionXfK7ctIV5c/preview,"### Comprehensive 1st Year / Class 11 Biology (Chapter 1) Notes & Solutions (HSSC-I)

Get the best 1st Year (Class 11 / HSSC Part 1) Biology notes for **Biology Class 11 - Unit 12 Short Questions (New)**. These high-yield study materials are designed strictly according to the latest National Curriculum 2025–2026, Punjab Curriculum & Textbook Board (PCTB), and Federal Board (FBISE) syllabus standards.

#### 📌 What's Included in this 11th Class Biology Guide:
1. **Topic-wise Short Questions & Conceptual Answers:** Comprehensive answers with high-scoring keywords, scientific terminology, and clear definitions.
2. **Solved Long Questions & Detailed Derivations:** Step-by-step explanations, labeled diagrams, mathematical derivations, and board-standard structured headings.
3. **Multiple Choice Questions (Solved MCQs):** High-frequency exam MCQs with 100% verified correct options and conceptual rationales.
4. **Textbook Exercise Solutions & Solved Numericals:** Complete, step-by-step solutions to all textbook review questions, exercises, and numerical problems with standard formulas and units.

#### 🏛️ Applicable for All Intermediate Boards across Pakistan:
- **Punjab Boards:** Lahore, Rawalpindi, Gujranwala, Faisalabad, Multan, Sargodha, Sahiwal, Bahawalpur, and DG Khan Board.
- **Federal Board (FBISE):** Islamabad Model Colleges, Army Public Schools & Overseas Examination Centers.
- **KPK, Sindh & Balochistan Boards:** Fully compliant with Single National Curriculum SLO-based assessments.

#### 💡 Expert 1st Year Board Exam Tips:
- High priority given to SLO-based (Student Learning Outcomes) conceptual questions.
- Review the past 5-year past paper repeated questions highlighted in this chapter.
- Practice neat presentation with headings, bullet points, and boxed numerical answers for scoring maximum marks."
Biology Class 11 - Unit 13 Long Questions,Biology,11,PCTB (Punjab Curriculum & Textbook Board),CHAPTER_WISE,1,Long Questions,TaleemCity / PakParcha,https://drive.google.com/file/d/1l2dtnazIteZwJ3lx-gCaqi__4kq6HG7U/preview,"### Comprehensive 1st Year / Class 11 Biology (Chapter 1) Notes & Solutions (HSSC-I)

Get the best 1st Year (Class 11 / HSSC Part 1) Biology notes for **Biology Class 11 - Unit 13 Long Questions**. These high-yield study materials are designed strictly according to the latest National Curriculum 2025–2026, Punjab Curriculum & Textbook Board (PCTB), and Federal Board (FBISE) syllabus standards.

#### 📌 What's Included in this 11th Class Biology Guide:
1. **Topic-wise Short Questions & Conceptual Answers:** Comprehensive answers with high-scoring keywords, scientific terminology, and clear definitions.
2. **Solved Long Questions & Detailed Derivations:** Step-by-step explanations, labeled diagrams, mathematical derivations, and board-standard structured headings.
3. **Multiple Choice Questions (Solved MCQs):** High-frequency exam MCQs with 100% verified correct options and conceptual rationales.
4. **Textbook Exercise Solutions & Solved Numericals:** Complete, step-by-step solutions to all textbook review questions, exercises, and numerical problems with standard formulas and units.

#### 🏛️ Applicable for All Intermediate Boards across Pakistan:
- **Punjab Boards:** Lahore, Rawalpindi, Gujranwala, Faisalabad, Multan, Sargodha, Sahiwal, Bahawalpur, and DG Khan Board.
- **Federal Board (FBISE):** Islamabad Model Colleges, Army Public Schools & Overseas Examination Centers.
- **KPK, Sindh & Balochistan Boards:** Fully compliant with Single National Curriculum SLO-based assessments.

#### 💡 Expert 1st Year Board Exam Tips:
- High priority given to SLO-based (Student Learning Outcomes) conceptual questions.
- Review the past 5-year past paper repeated questions highlighted in this chapter.
- Practice neat presentation with headings, bullet points, and boxed numerical answers for scoring maximum marks."
Biology Class 11 - Unit 13 MCQ-s,Biology,11,PCTB (Punjab Curriculum & Textbook Board),CHAPTER_WISE,1,Solved MCQs,TaleemCity / PakParcha,https://drive.google.com/file/d/1FT3ujdS1eWT8PT45PHNq-KFsEQikUTdH/preview,"### Comprehensive 1st Year / Class 11 Biology (Chapter 1) Notes & Solutions (HSSC-I)

Get the best 1st Year (Class 11 / HSSC Part 1) Biology notes for **Biology Class 11 - Unit 13 MCQ-s**. These high-yield study materials are designed strictly according to the latest National Curriculum 2025–2026, Punjab Curriculum & Textbook Board (PCTB), and Federal Board (FBISE) syllabus standards.

#### 📌 What's Included in this 11th Class Biology Guide:
1. **Topic-wise Short Questions & Conceptual Answers:** Comprehensive answers with high-scoring keywords, scientific terminology, and clear definitions.
2. **Solved Long Questions & Detailed Derivations:** Step-by-step explanations, labeled diagrams, mathematical derivations, and board-standard structured headings.
3. **Multiple Choice Questions (Solved MCQs):** High-frequency exam MCQs with 100% verified correct options and conceptual rationales.
4. **Textbook Exercise Solutions & Solved Numericals:** Complete, step-by-step solutions to all textbook review questions, exercises, and numerical problems with standard formulas and units.

#### 🏛️ Applicable for All Intermediate Boards across Pakistan:
- **Punjab Boards:** Lahore, Rawalpindi, Gujranwala, Faisalabad, Multan, Sargodha, Sahiwal, Bahawalpur, and DG Khan Board.
- **Federal Board (FBISE):** Islamabad Model Colleges, Army Public Schools & Overseas Examination Centers.
- **KPK, Sindh & Balochistan Boards:** Fully compliant with Single National Curriculum SLO-based assessments.

#### 💡 Expert 1st Year Board Exam Tips:
- High priority given to SLO-based (Student Learning Outcomes) conceptual questions.
- Review the past 5-year past paper repeated questions highlighted in this chapter.
- Practice neat presentation with headings, bullet points, and boxed numerical answers for scoring maximum marks."
Biology Class 11 - Unit 13 Short Questions,Biology,11,PCTB (Punjab Curriculum & Textbook Board),CHAPTER_WISE,1,Short Questions,TaleemCity / PakParcha,https://drive.google.com/file/d/1erWHEHqpw6w0apsquopPf-F4AFjX9OLi/preview,"### Comprehensive 1st Year / Class 11 Biology (Chapter 1) Notes & Solutions (HSSC-I)

Get the best 1st Year (Class 11 / HSSC Part 1) Biology notes for **Biology Class 11 - Unit 13 Short Questions**. These high-yield study materials are designed strictly according to the latest National Curriculum 2025–2026, Punjab Curriculum & Textbook Board (PCTB), and Federal Board (FBISE) syllabus standards.

#### 📌 What's Included in this 11th Class Biology Guide:
1. **Topic-wise Short Questions & Conceptual Answers:** Comprehensive answers with high-scoring keywords, scientific terminology, and clear definitions.
2. **Solved Long Questions & Detailed Derivations:** Step-by-step explanations, labeled diagrams, mathematical derivations, and board-standard structured headings.
3. **Multiple Choice Questions (Solved MCQs):** High-frequency exam MCQs with 100% verified correct options and conceptual rationales.
4. **Textbook Exercise Solutions & Solved Numericals:** Complete, step-by-step solutions to all textbook review questions, exercises, and numerical problems with standard formulas and units.

#### 🏛️ Applicable for All Intermediate Boards across Pakistan:
- **Punjab Boards:** Lahore, Rawalpindi, Gujranwala, Faisalabad, Multan, Sargodha, Sahiwal, Bahawalpur, and DG Khan Board.
- **Federal Board (FBISE):** Islamabad Model Colleges, Army Public Schools & Overseas Examination Centers.
- **KPK, Sindh & Balochistan Boards:** Fully compliant with Single National Curriculum SLO-based assessments.

#### 💡 Expert 1st Year Board Exam Tips:
- High priority given to SLO-based (Student Learning Outcomes) conceptual questions.
- Review the past 5-year past paper repeated questions highlighted in this chapter.
- Practice neat presentation with headings, bullet points, and boxed numerical answers for scoring maximum marks."
Biology Class 11 - Unit 14 Long Questions,Biology,11,PCTB (Punjab Curriculum & Textbook Board),CHAPTER_WISE,1,Long Questions,TaleemCity / PakParcha,https://drive.google.com/file/d/1HTR7lNuL89S3pqtM0IqqtDR00vwpgg3R/preview,"### Comprehensive 1st Year / Class 11 Biology (Chapter 1) Notes & Solutions (HSSC-I)

Get the best 1st Year (Class 11 / HSSC Part 1) Biology notes for **Biology Class 11 - Unit 14 Long Questions**. These high-yield study materials are designed strictly according to the latest National Curriculum 2025–2026, Punjab Curriculum & Textbook Board (PCTB), and Federal Board (FBISE) syllabus standards.

#### 📌 What's Included in this 11th Class Biology Guide:
1. **Topic-wise Short Questions & Conceptual Answers:** Comprehensive answers with high-scoring keywords, scientific terminology, and clear definitions.
2. **Solved Long Questions & Detailed Derivations:** Step-by-step explanations, labeled diagrams, mathematical derivations, and board-standard structured headings.
3. **Multiple Choice Questions (Solved MCQs):** High-frequency exam MCQs with 100% verified correct options and conceptual rationales.
4. **Textbook Exercise Solutions & Solved Numericals:** Complete, step-by-step solutions to all textbook review questions, exercises, and numerical problems with standard formulas and units.

#### 🏛️ Applicable for All Intermediate Boards across Pakistan:
- **Punjab Boards:** Lahore, Rawalpindi, Gujranwala, Faisalabad, Multan, Sargodha, Sahiwal, Bahawalpur, and DG Khan Board.
- **Federal Board (FBISE):** Islamabad Model Colleges, Army Public Schools & Overseas Examination Centers.
- **KPK, Sindh & Balochistan Boards:** Fully compliant with Single National Curriculum SLO-based assessments.

#### 💡 Expert 1st Year Board Exam Tips:
- High priority given to SLO-based (Student Learning Outcomes) conceptual questions.
- Review the past 5-year past paper repeated questions highlighted in this chapter.
- Practice neat presentation with headings, bullet points, and boxed numerical answers for scoring maximum marks."
Biology Class 11 - Unit 14 MCQ-s,Biology,11,PCTB (Punjab Curriculum & Textbook Board),CHAPTER_WISE,1,Solved MCQs,TaleemCity / PakParcha,https://drive.google.com/file/d/1sq4MKlu8IJxPbs0f-Tcd8QmBcv32Iy31/preview,"### Comprehensive 1st Year / Class 11 Biology (Chapter 1) Notes & Solutions (HSSC-I)

Get the best 1st Year (Class 11 / HSSC Part 1) Biology notes for **Biology Class 11 - Unit 14 MCQ-s**. These high-yield study materials are designed strictly according to the latest National Curriculum 2025–2026, Punjab Curriculum & Textbook Board (PCTB), and Federal Board (FBISE) syllabus standards.

#### 📌 What's Included in this 11th Class Biology Guide:
1. **Topic-wise Short Questions & Conceptual Answers:** Comprehensive answers with high-scoring keywords, scientific terminology, and clear definitions.
2. **Solved Long Questions & Detailed Derivations:** Step-by-step explanations, labeled diagrams, mathematical derivations, and board-standard structured headings.
3. **Multiple Choice Questions (Solved MCQs):** High-frequency exam MCQs with 100% verified correct options and conceptual rationales.
4. **Textbook Exercise Solutions & Solved Numericals:** Complete, step-by-step solutions to all textbook review questions, exercises, and numerical problems with standard formulas and units.

#### 🏛️ Applicable for All Intermediate Boards across Pakistan:
- **Punjab Boards:** Lahore, Rawalpindi, Gujranwala, Faisalabad, Multan, Sargodha, Sahiwal, Bahawalpur, and DG Khan Board.
- **Federal Board (FBISE):** Islamabad Model Colleges, Army Public Schools & Overseas Examination Centers.
- **KPK, Sindh & Balochistan Boards:** Fully compliant with Single National Curriculum SLO-based assessments.

#### 💡 Expert 1st Year Board Exam Tips:
- High priority given to SLO-based (Student Learning Outcomes) conceptual questions.
- Review the past 5-year past paper repeated questions highlighted in this chapter.
- Practice neat presentation with headings, bullet points, and boxed numerical answers for scoring maximum marks."
Biology Class 11 - Unit 14 Short Questions,Biology,11,PCTB (Punjab Curriculum & Textbook Board),CHAPTER_WISE,1,Short Questions,TaleemCity / PakParcha,https://drive.google.com/file/d/1cEI9wletw6vPCKq8eTTL7-Ttm3fzkyZZ/preview,"### Comprehensive 1st Year / Class 11 Biology (Chapter 1) Notes & Solutions (HSSC-I)

Get the best 1st Year (Class 11 / HSSC Part 1) Biology notes for **Biology Class 11 - Unit 14 Short Questions**. These high-yield study materials are designed strictly according to the latest National Curriculum 2025–2026, Punjab Curriculum & Textbook Board (PCTB), and Federal Board (FBISE) syllabus standards.

#### 📌 What's Included in this 11th Class Biology Guide:
1. **Topic-wise Short Questions & Conceptual Answers:** Comprehensive answers with high-scoring keywords, scientific terminology, and clear definitions.
2. **Solved Long Questions & Detailed Derivations:** Step-by-step explanations, labeled diagrams, mathematical derivations, and board-standard structured headings.
3. **Multiple Choice Questions (Solved MCQs):** High-frequency exam MCQs with 100% verified correct options and conceptual rationales.
4. **Textbook Exercise Solutions & Solved Numericals:** Complete, step-by-step solutions to all textbook review questions, exercises, and numerical problems with standard formulas and units.

#### 🏛️ Applicable for All Intermediate Boards across Pakistan:
- **Punjab Boards:** Lahore, Rawalpindi, Gujranwala, Faisalabad, Multan, Sargodha, Sahiwal, Bahawalpur, and DG Khan Board.
- **Federal Board (FBISE):** Islamabad Model Colleges, Army Public Schools & Overseas Examination Centers.
- **KPK, Sindh & Balochistan Boards:** Fully compliant with Single National Curriculum SLO-based assessments.

#### 💡 Expert 1st Year Board Exam Tips:
- High priority given to SLO-based (Student Learning Outcomes) conceptual questions.
- Review the past 5-year past paper repeated questions highlighted in this chapter.
- Practice neat presentation with headings, bullet points, and boxed numerical answers for scoring maximum marks."
Biology Class 11 - Full Book Complete Notes,Biology,11,PCTB (Punjab Curriculum & Textbook Board),FULL_BOOK,,Full Book Complete,TaleemCity / PakParcha,https://drive.google.com/file/d/19U7nVMN3HuGhHI8pDpXJLbzT-DYLjrXu/preview,"### Comprehensive 1st Year / Class 11 Biology (Full Book Complete Syllabus) Notes & Solutions (HSSC-I)

Get the best 1st Year (Class 11 / HSSC Part 1) Biology notes for **Biology Class 11 - Full Book Complete Notes**. These high-yield study materials are designed strictly according to the latest National Curriculum 2025–2026, Punjab Curriculum & Textbook Board (PCTB), and Federal Board (FBISE) syllabus standards.

#### 📌 What's Included in this 11th Class Biology Guide:
1. **Topic-wise Short Questions & Conceptual Answers:** Comprehensive answers with high-scoring keywords, scientific terminology, and clear definitions.
2. **Solved Long Questions & Detailed Derivations:** Step-by-step explanations, labeled diagrams, mathematical derivations, and board-standard structured headings.
3. **Multiple Choice Questions (Solved MCQs):** High-frequency exam MCQs with 100% verified correct options and conceptual rationales.
4. **Textbook Exercise Solutions & Solved Numericals:** Complete, step-by-step solutions to all textbook review questions, exercises, and numerical problems with standard formulas and units.

#### 🏛️ Applicable for All Intermediate Boards across Pakistan:
- **Punjab Boards:** Lahore, Rawalpindi, Gujranwala, Faisalabad, Multan, Sargodha, Sahiwal, Bahawalpur, and DG Khan Board.
- **Federal Board (FBISE):** Islamabad Model Colleges, Army Public Schools & Overseas Examination Centers.
- **KPK, Sindh & Balochistan Boards:** Fully compliant with Single National Curriculum SLO-based assessments.

#### 💡 Expert 1st Year Board Exam Tips:
- High priority given to SLO-based (Student Learning Outcomes) conceptual questions.
- Review the past 5-year past paper repeated questions highlighted in this chapter.
- Practice neat presentation with headings, bullet points, and boxed numerical answers for scoring maximum marks."
Chemistry Class 11 - Unit 01 Long Questions (New),Chemistry,11,PCTB (Punjab Curriculum & Textbook Board),CHAPTER_WISE,1,Long Questions,TaleemCity / PakParcha,https://drive.google.com/file/d/1gVTRr4XmPuH2hVsP7FZSMrVu37Vjc0hA/preview,"### Comprehensive 1st Year / Class 11 Chemistry (Chapter 1) Notes & Solutions (HSSC-I)

Get the best 1st Year (Class 11 / HSSC Part 1) Chemistry notes for **Chemistry Class 11 - Unit 01 Long Questions (New)**. These high-yield study materials are designed strictly according to the latest National Curriculum 2025–2026, Punjab Curriculum & Textbook Board (PCTB), and Federal Board (FBISE) syllabus standards.

#### 📌 What's Included in this 11th Class Chemistry Guide:
1. **Topic-wise Short Questions & Conceptual Answers:** Comprehensive answers with high-scoring keywords, scientific terminology, and clear definitions.
2. **Solved Long Questions & Detailed Derivations:** Step-by-step explanations, labeled diagrams, mathematical derivations, and board-standard structured headings.
3. **Multiple Choice Questions (Solved MCQs):** High-frequency exam MCQs with 100% verified correct options and conceptual rationales.
4. **Textbook Exercise Solutions & Solved Numericals:** Complete, step-by-step solutions to all textbook review questions, exercises, and numerical problems with standard formulas and units.

#### 🏛️ Applicable for All Intermediate Boards across Pakistan:
- **Punjab Boards:** Lahore, Rawalpindi, Gujranwala, Faisalabad, Multan, Sargodha, Sahiwal, Bahawalpur, and DG Khan Board.
- **Federal Board (FBISE):** Islamabad Model Colleges, Army Public Schools & Overseas Examination Centers.
- **KPK, Sindh & Balochistan Boards:** Fully compliant with Single National Curriculum SLO-based assessments.

#### 💡 Expert 1st Year Board Exam Tips:
- High priority given to SLO-based (Student Learning Outcomes) conceptual questions.
- Review the past 5-year past paper repeated questions highlighted in this chapter.
- Practice neat presentation with headings, bullet points, and boxed numerical answers for scoring maximum marks."
Chemistry Class 11 - Unit 01 MCQ-s (New),Chemistry,11,PCTB (Punjab Curriculum & Textbook Board),CHAPTER_WISE,1,Solved MCQs,TaleemCity / PakParcha,https://drive.google.com/file/d/1R9_QTIhG2lCgN7IlPByvWBDOpc-Xmd78/preview,"### Comprehensive 1st Year / Class 11 Chemistry (Chapter 1) Notes & Solutions (HSSC-I)

Get the best 1st Year (Class 11 / HSSC Part 1) Chemistry notes for **Chemistry Class 11 - Unit 01 MCQ-s (New)**. These high-yield study materials are designed strictly according to the latest National Curriculum 2025–2026, Punjab Curriculum & Textbook Board (PCTB), and Federal Board (FBISE) syllabus standards.

#### 📌 What's Included in this 11th Class Chemistry Guide:
1. **Topic-wise Short Questions & Conceptual Answers:** Comprehensive answers with high-scoring keywords, scientific terminology, and clear definitions.
2. **Solved Long Questions & Detailed Derivations:** Step-by-step explanations, labeled diagrams, mathematical derivations, and board-standard structured headings.
3. **Multiple Choice Questions (Solved MCQs):** High-frequency exam MCQs with 100% verified correct options and conceptual rationales.
4. **Textbook Exercise Solutions & Solved Numericals:** Complete, step-by-step solutions to all textbook review questions, exercises, and numerical problems with standard formulas and units.

#### 🏛️ Applicable for All Intermediate Boards across Pakistan:
- **Punjab Boards:** Lahore, Rawalpindi, Gujranwala, Faisalabad, Multan, Sargodha, Sahiwal, Bahawalpur, and DG Khan Board.
- **Federal Board (FBISE):** Islamabad Model Colleges, Army Public Schools & Overseas Examination Centers.
- **KPK, Sindh & Balochistan Boards:** Fully compliant with Single National Curriculum SLO-based assessments.

#### 💡 Expert 1st Year Board Exam Tips:
- High priority given to SLO-based (Student Learning Outcomes) conceptual questions.
- Review the past 5-year past paper repeated questions highlighted in this chapter.
- Practice neat presentation with headings, bullet points, and boxed numerical answers for scoring maximum marks."
Chemistry Class 11 - Unit 01 Short Questions (New),Chemistry,11,PCTB (Punjab Curriculum & Textbook Board),CHAPTER_WISE,1,Short Questions,TaleemCity / PakParcha,https://drive.google.com/file/d/11P-b0zi4weBnMs13HUrpcDhxlFyy3vrv/preview,"### Comprehensive 1st Year / Class 11 Chemistry (Chapter 1) Notes & Solutions (HSSC-I)

Get the best 1st Year (Class 11 / HSSC Part 1) Chemistry notes for **Chemistry Class 11 - Unit 01 Short Questions (New)**. These high-yield study materials are designed strictly according to the latest National Curriculum 2025–2026, Punjab Curriculum & Textbook Board (PCTB), and Federal Board (FBISE) syllabus standards.

#### 📌 What's Included in this 11th Class Chemistry Guide:
1. **Topic-wise Short Questions & Conceptual Answers:** Comprehensive answers with high-scoring keywords, scientific terminology, and clear definitions.
2. **Solved Long Questions & Detailed Derivations:** Step-by-step explanations, labeled diagrams, mathematical derivations, and board-standard structured headings.
3. **Multiple Choice Questions (Solved MCQs):** High-frequency exam MCQs with 100% verified correct options and conceptual rationales.
4. **Textbook Exercise Solutions & Solved Numericals:** Complete, step-by-step solutions to all textbook review questions, exercises, and numerical problems with standard formulas and units.

#### 🏛️ Applicable for All Intermediate Boards across Pakistan:
- **Punjab Boards:** Lahore, Rawalpindi, Gujranwala, Faisalabad, Multan, Sargodha, Sahiwal, Bahawalpur, and DG Khan Board.
- **Federal Board (FBISE):** Islamabad Model Colleges, Army Public Schools & Overseas Examination Centers.
- **KPK, Sindh & Balochistan Boards:** Fully compliant with Single National Curriculum SLO-based assessments.

#### 💡 Expert 1st Year Board Exam Tips:
- High priority given to SLO-based (Student Learning Outcomes) conceptual questions.
- Review the past 5-year past paper repeated questions highlighted in this chapter.
- Practice neat presentation with headings, bullet points, and boxed numerical answers for scoring maximum marks."
Chemistry Class 11 - Unit 02 Long Questions (New),Chemistry,11,PCTB (Punjab Curriculum & Textbook Board),CHAPTER_WISE,1,Long Questions,TaleemCity / PakParcha,https://drive.google.com/file/d/1kSW8vUdSmfegP2PMPFFfhBa_cICmQqwZ/preview,"### Comprehensive 1st Year / Class 11 Chemistry (Chapter 1) Notes & Solutions (HSSC-I)

Get the best 1st Year (Class 11 / HSSC Part 1) Chemistry notes for **Chemistry Class 11 - Unit 02 Long Questions (New)**. These high-yield study materials are designed strictly according to the latest National Curriculum 2025–2026, Punjab Curriculum & Textbook Board (PCTB), and Federal Board (FBISE) syllabus standards.

#### 📌 What's Included in this 11th Class Chemistry Guide:
1. **Topic-wise Short Questions & Conceptual Answers:** Comprehensive answers with high-scoring keywords, scientific terminology, and clear definitions.
2. **Solved Long Questions & Detailed Derivations:** Step-by-step explanations, labeled diagrams, mathematical derivations, and board-standard structured headings.
3. **Multiple Choice Questions (Solved MCQs):** High-frequency exam MCQs with 100% verified correct options and conceptual rationales.
4. **Textbook Exercise Solutions & Solved Numericals:** Complete, step-by-step solutions to all textbook review questions, exercises, and numerical problems with standard formulas and units.

#### 🏛️ Applicable for All Intermediate Boards across Pakistan:
- **Punjab Boards:** Lahore, Rawalpindi, Gujranwala, Faisalabad, Multan, Sargodha, Sahiwal, Bahawalpur, and DG Khan Board.
- **Federal Board (FBISE):** Islamabad Model Colleges, Army Public Schools & Overseas Examination Centers.
- **KPK, Sindh & Balochistan Boards:** Fully compliant with Single National Curriculum SLO-based assessments.

#### 💡 Expert 1st Year Board Exam Tips:
- High priority given to SLO-based (Student Learning Outcomes) conceptual questions.
- Review the past 5-year past paper repeated questions highlighted in this chapter.
- Practice neat presentation with headings, bullet points, and boxed numerical answers for scoring maximum marks."
Chemistry Class 11 - Unit 02 MCQ-s (New),Chemistry,11,PCTB (Punjab Curriculum & Textbook Board),CHAPTER_WISE,1,Solved MCQs,TaleemCity / PakParcha,https://drive.google.com/file/d/1rOCbYEqRxhLcnkBpUT4XI9YelLD7MI-6/preview,"### Comprehensive 1st Year / Class 11 Chemistry (Chapter 1) Notes & Solutions (HSSC-I)

Get the best 1st Year (Class 11 / HSSC Part 1) Chemistry notes for **Chemistry Class 11 - Unit 02 MCQ-s (New)**. These high-yield study materials are designed strictly according to the latest National Curriculum 2025–2026, Punjab Curriculum & Textbook Board (PCTB), and Federal Board (FBISE) syllabus standards.

#### 📌 What's Included in this 11th Class Chemistry Guide:
1. **Topic-wise Short Questions & Conceptual Answers:** Comprehensive answers with high-scoring keywords, scientific terminology, and clear definitions.
2. **Solved Long Questions & Detailed Derivations:** Step-by-step explanations, labeled diagrams, mathematical derivations, and board-standard structured headings.
3. **Multiple Choice Questions (Solved MCQs):** High-frequency exam MCQs with 100% verified correct options and conceptual rationales.
4. **Textbook Exercise Solutions & Solved Numericals:** Complete, step-by-step solutions to all textbook review questions, exercises, and numerical problems with standard formulas and units.

#### 🏛️ Applicable for All Intermediate Boards across Pakistan:
- **Punjab Boards:** Lahore, Rawalpindi, Gujranwala, Faisalabad, Multan, Sargodha, Sahiwal, Bahawalpur, and DG Khan Board.
- **Federal Board (FBISE):** Islamabad Model Colleges, Army Public Schools & Overseas Examination Centers.
- **KPK, Sindh & Balochistan Boards:** Fully compliant with Single National Curriculum SLO-based assessments.

#### 💡 Expert 1st Year Board Exam Tips:
- High priority given to SLO-based (Student Learning Outcomes) conceptual questions.
- Review the past 5-year past paper repeated questions highlighted in this chapter.
- Practice neat presentation with headings, bullet points, and boxed numerical answers for scoring maximum marks."
Chemistry Class 11 - Unit 02 Short Questions (New),Chemistry,11,PCTB (Punjab Curriculum & Textbook Board),CHAPTER_WISE,1,Short Questions,TaleemCity / PakParcha,https://drive.google.com/file/d/1KaahRKKDh5rsJF5TPJ-seuYEmzuavjGM/preview,"### Comprehensive 1st Year / Class 11 Chemistry (Chapter 1) Notes & Solutions (HSSC-I)

Get the best 1st Year (Class 11 / HSSC Part 1) Chemistry notes for **Chemistry Class 11 - Unit 02 Short Questions (New)**. These high-yield study materials are designed strictly according to the latest National Curriculum 2025–2026, Punjab Curriculum & Textbook Board (PCTB), and Federal Board (FBISE) syllabus standards.

#### 📌 What's Included in this 11th Class Chemistry Guide:
1. **Topic-wise Short Questions & Conceptual Answers:** Comprehensive answers with high-scoring keywords, scientific terminology, and clear definitions.
2. **Solved Long Questions & Detailed Derivations:** Step-by-step explanations, labeled diagrams, mathematical derivations, and board-standard structured headings.
3. **Multiple Choice Questions (Solved MCQs):** High-frequency exam MCQs with 100% verified correct options and conceptual rationales.
4. **Textbook Exercise Solutions & Solved Numericals:** Complete, step-by-step solutions to all textbook review questions, exercises, and numerical problems with standard formulas and units.

#### 🏛️ Applicable for All Intermediate Boards across Pakistan:
- **Punjab Boards:** Lahore, Rawalpindi, Gujranwala, Faisalabad, Multan, Sargodha, Sahiwal, Bahawalpur, and DG Khan Board.
- **Federal Board (FBISE):** Islamabad Model Colleges, Army Public Schools & Overseas Examination Centers.
- **KPK, Sindh & Balochistan Boards:** Fully compliant with Single National Curriculum SLO-based assessments.

#### 💡 Expert 1st Year Board Exam Tips:
- High priority given to SLO-based (Student Learning Outcomes) conceptual questions.
- Review the past 5-year past paper repeated questions highlighted in this chapter.
- Practice neat presentation with headings, bullet points, and boxed numerical answers for scoring maximum marks."
Chemistry Class 11 - Unit 03 Long Questions (New),Chemistry,11,PCTB (Punjab Curriculum & Textbook Board),CHAPTER_WISE,1,Long Questions,TaleemCity / PakParcha,https://drive.google.com/file/d/1o9K9zdDgF4qQHP0uVAbLR7LBYM8g4MuG/preview,"### Comprehensive 1st Year / Class 11 Chemistry (Chapter 1) Notes & Solutions (HSSC-I)

Get the best 1st Year (Class 11 / HSSC Part 1) Chemistry notes for **Chemistry Class 11 - Unit 03 Long Questions (New)**. These high-yield study materials are designed strictly according to the latest National Curriculum 2025–2026, Punjab Curriculum & Textbook Board (PCTB), and Federal Board (FBISE) syllabus standards.

#### 📌 What's Included in this 11th Class Chemistry Guide:
1. **Topic-wise Short Questions & Conceptual Answers:** Comprehensive answers with high-scoring keywords, scientific terminology, and clear definitions.
2. **Solved Long Questions & Detailed Derivations:** Step-by-step explanations, labeled diagrams, mathematical derivations, and board-standard structured headings.
3. **Multiple Choice Questions (Solved MCQs):** High-frequency exam MCQs with 100% verified correct options and conceptual rationales.
4. **Textbook Exercise Solutions & Solved Numericals:** Complete, step-by-step solutions to all textbook review questions, exercises, and numerical problems with standard formulas and units.

#### 🏛️ Applicable for All Intermediate Boards across Pakistan:
- **Punjab Boards:** Lahore, Rawalpindi, Gujranwala, Faisalabad, Multan, Sargodha, Sahiwal, Bahawalpur, and DG Khan Board.
- **Federal Board (FBISE):** Islamabad Model Colleges, Army Public Schools & Overseas Examination Centers.
- **KPK, Sindh & Balochistan Boards:** Fully compliant with Single National Curriculum SLO-based assessments.

#### 💡 Expert 1st Year Board Exam Tips:
- High priority given to SLO-based (Student Learning Outcomes) conceptual questions.
- Review the past 5-year past paper repeated questions highlighted in this chapter.
- Practice neat presentation with headings, bullet points, and boxed numerical answers for scoring maximum marks."
Chemistry Class 11 - Unit 03 MCQ-s (New),Chemistry,11,PCTB (Punjab Curriculum & Textbook Board),CHAPTER_WISE,1,Solved MCQs,TaleemCity / PakParcha,https://drive.google.com/file/d/1xwKJXDcdz0ewCYcNNRFpnOONuCuIWd1l/preview,"### Comprehensive 1st Year / Class 11 Chemistry (Chapter 1) Notes & Solutions (HSSC-I)

Get the best 1st Year (Class 11 / HSSC Part 1) Chemistry notes for **Chemistry Class 11 - Unit 03 MCQ-s (New)**. These high-yield study materials are designed strictly according to the latest National Curriculum 2025–2026, Punjab Curriculum & Textbook Board (PCTB), and Federal Board (FBISE) syllabus standards.

#### 📌 What's Included in this 11th Class Chemistry Guide:
1. **Topic-wise Short Questions & Conceptual Answers:** Comprehensive answers with high-scoring keywords, scientific terminology, and clear definitions.
2. **Solved Long Questions & Detailed Derivations:** Step-by-step explanations, labeled diagrams, mathematical derivations, and board-standard structured headings.
3. **Multiple Choice Questions (Solved MCQs):** High-frequency exam MCQs with 100% verified correct options and conceptual rationales.
4. **Textbook Exercise Solutions & Solved Numericals:** Complete, step-by-step solutions to all textbook review questions, exercises, and numerical problems with standard formulas and units.

#### 🏛️ Applicable for All Intermediate Boards across Pakistan:
- **Punjab Boards:** Lahore, Rawalpindi, Gujranwala, Faisalabad, Multan, Sargodha, Sahiwal, Bahawalpur, and DG Khan Board.
- **Federal Board (FBISE):** Islamabad Model Colleges, Army Public Schools & Overseas Examination Centers.
- **KPK, Sindh & Balochistan Boards:** Fully compliant with Single National Curriculum SLO-based assessments.

#### 💡 Expert 1st Year Board Exam Tips:
- High priority given to SLO-based (Student Learning Outcomes) conceptual questions.
- Review the past 5-year past paper repeated questions highlighted in this chapter.
- Practice neat presentation with headings, bullet points, and boxed numerical answers for scoring maximum marks."
Chemistry Class 11 - Unit 03 Short Questions (New),Chemistry,11,PCTB (Punjab Curriculum & Textbook Board),CHAPTER_WISE,1,Short Questions,TaleemCity / PakParcha,https://drive.google.com/file/d/15wASNuGZkKxr-9L9EDnDA40u2PShKsSz/preview,"### Comprehensive 1st Year / Class 11 Chemistry (Chapter 1) Notes & Solutions (HSSC-I)

Get the best 1st Year (Class 11 / HSSC Part 1) Chemistry notes for **Chemistry Class 11 - Unit 03 Short Questions (New)**. These high-yield study materials are designed strictly according to the latest National Curriculum 2025–2026, Punjab Curriculum & Textbook Board (PCTB), and Federal Board (FBISE) syllabus standards.

#### 📌 What's Included in this 11th Class Chemistry Guide:
1. **Topic-wise Short Questions & Conceptual Answers:** Comprehensive answers with high-scoring keywords, scientific terminology, and clear definitions.
2. **Solved Long Questions & Detailed Derivations:** Step-by-step explanations, labeled diagrams, mathematical derivations, and board-standard structured headings.
3. **Multiple Choice Questions (Solved MCQs):** High-frequency exam MCQs with 100% verified correct options and conceptual rationales.
4. **Textbook Exercise Solutions & Solved Numericals:** Complete, step-by-step solutions to all textbook review questions, exercises, and numerical problems with standard formulas and units.

#### 🏛️ Applicable for All Intermediate Boards across Pakistan:
- **Punjab Boards:** Lahore, Rawalpindi, Gujranwala, Faisalabad, Multan, Sargodha, Sahiwal, Bahawalpur, and DG Khan Board.
- **Federal Board (FBISE):** Islamabad Model Colleges, Army Public Schools & Overseas Examination Centers.
- **KPK, Sindh & Balochistan Boards:** Fully compliant with Single National Curriculum SLO-based assessments.

#### 💡 Expert 1st Year Board Exam Tips:
- High priority given to SLO-based (Student Learning Outcomes) conceptual questions.
- Review the past 5-year past paper repeated questions highlighted in this chapter.
- Practice neat presentation with headings, bullet points, and boxed numerical answers for scoring maximum marks."
Chemistry Class 11 - Unit 04 Long Questions (New),Chemistry,11,PCTB (Punjab Curriculum & Textbook Board),CHAPTER_WISE,1,Long Questions,TaleemCity / PakParcha,https://drive.google.com/file/d/12NzGXIzWIbCMl7xUHj7eI_pu1M4N2fLi/preview,"### Comprehensive 1st Year / Class 11 Chemistry (Chapter 1) Notes & Solutions (HSSC-I)

Get the best 1st Year (Class 11 / HSSC Part 1) Chemistry notes for **Chemistry Class 11 - Unit 04 Long Questions (New)**. These high-yield study materials are designed strictly according to the latest National Curriculum 2025–2026, Punjab Curriculum & Textbook Board (PCTB), and Federal Board (FBISE) syllabus standards.

#### 📌 What's Included in this 11th Class Chemistry Guide:
1. **Topic-wise Short Questions & Conceptual Answers:** Comprehensive answers with high-scoring keywords, scientific terminology, and clear definitions.
2. **Solved Long Questions & Detailed Derivations:** Step-by-step explanations, labeled diagrams, mathematical derivations, and board-standard structured headings.
3. **Multiple Choice Questions (Solved MCQs):** High-frequency exam MCQs with 100% verified correct options and conceptual rationales.
4. **Textbook Exercise Solutions & Solved Numericals:** Complete, step-by-step solutions to all textbook review questions, exercises, and numerical problems with standard formulas and units.

#### 🏛️ Applicable for All Intermediate Boards across Pakistan:
- **Punjab Boards:** Lahore, Rawalpindi, Gujranwala, Faisalabad, Multan, Sargodha, Sahiwal, Bahawalpur, and DG Khan Board.
- **Federal Board (FBISE):** Islamabad Model Colleges, Army Public Schools & Overseas Examination Centers.
- **KPK, Sindh & Balochistan Boards:** Fully compliant with Single National Curriculum SLO-based assessments.

#### 💡 Expert 1st Year Board Exam Tips:
- High priority given to SLO-based (Student Learning Outcomes) conceptual questions.
- Review the past 5-year past paper repeated questions highlighted in this chapter.
- Practice neat presentation with headings, bullet points, and boxed numerical answers for scoring maximum marks."
Chemistry Class 11 - Unit 04 MCQ-s (New),Chemistry,11,PCTB (Punjab Curriculum & Textbook Board),CHAPTER_WISE,1,Solved MCQs,TaleemCity / PakParcha,https://drive.google.com/file/d/1laFbgvcFgcvZ5Qss3F6n1SCUzCy6_57C/preview,"### Comprehensive 1st Year / Class 11 Chemistry (Chapter 1) Notes & Solutions (HSSC-I)

Get the best 1st Year (Class 11 / HSSC Part 1) Chemistry notes for **Chemistry Class 11 - Unit 04 MCQ-s (New)**. These high-yield study materials are designed strictly according to the latest National Curriculum 2025–2026, Punjab Curriculum & Textbook Board (PCTB), and Federal Board (FBISE) syllabus standards.

#### 📌 What's Included in this 11th Class Chemistry Guide:
1. **Topic-wise Short Questions & Conceptual Answers:** Comprehensive answers with high-scoring keywords, scientific terminology, and clear definitions.
2. **Solved Long Questions & Detailed Derivations:** Step-by-step explanations, labeled diagrams, mathematical derivations, and board-standard structured headings.
3. **Multiple Choice Questions (Solved MCQs):** High-frequency exam MCQs with 100% verified correct options and conceptual rationales.
4. **Textbook Exercise Solutions & Solved Numericals:** Complete, step-by-step solutions to all textbook review questions, exercises, and numerical problems with standard formulas and units.

#### 🏛️ Applicable for All Intermediate Boards across Pakistan:
- **Punjab Boards:** Lahore, Rawalpindi, Gujranwala, Faisalabad, Multan, Sargodha, Sahiwal, Bahawalpur, and DG Khan Board.
- **Federal Board (FBISE):** Islamabad Model Colleges, Army Public Schools & Overseas Examination Centers.
- **KPK, Sindh & Balochistan Boards:** Fully compliant with Single National Curriculum SLO-based assessments.

#### 💡 Expert 1st Year Board Exam Tips:
- High priority given to SLO-based (Student Learning Outcomes) conceptual questions.
- Review the past 5-year past paper repeated questions highlighted in this chapter.
- Practice neat presentation with headings, bullet points, and boxed numerical answers for scoring maximum marks."
Chemistry Class 11 - Unit 04 Short Questions &#038; Numericals (New),Chemistry,11,PCTB (Punjab Curriculum & Textbook Board),CHAPTER_WISE,1,Short Questions,TaleemCity / PakParcha,https://drive.google.com/file/d/1-p8bsluDsFIE2VC3A310ojMr7iw_7B6k/preview,"### Comprehensive 1st Year / Class 11 Chemistry (Chapter 1) Notes & Solutions (HSSC-I)

Get the best 1st Year (Class 11 / HSSC Part 1) Chemistry notes for **Chemistry Class 11 - Unit 04 Short Questions &#038; Numericals (New)**. These high-yield study materials are designed strictly according to the latest National Curriculum 2025–2026, Punjab Curriculum & Textbook Board (PCTB), and Federal Board (FBISE) syllabus standards.

#### 📌 What's Included in this 11th Class Chemistry Guide:
1. **Topic-wise Short Questions & Conceptual Answers:** Comprehensive answers with high-scoring keywords, scientific terminology, and clear definitions.
2. **Solved Long Questions & Detailed Derivations:** Step-by-step explanations, labeled diagrams, mathematical derivations, and board-standard structured headings.
3. **Multiple Choice Questions (Solved MCQs):** High-frequency exam MCQs with 100% verified correct options and conceptual rationales.
4. **Textbook Exercise Solutions & Solved Numericals:** Complete, step-by-step solutions to all textbook review questions, exercises, and numerical problems with standard formulas and units.

#### 🏛️ Applicable for All Intermediate Boards across Pakistan:
- **Punjab Boards:** Lahore, Rawalpindi, Gujranwala, Faisalabad, Multan, Sargodha, Sahiwal, Bahawalpur, and DG Khan Board.
- **Federal Board (FBISE):** Islamabad Model Colleges, Army Public Schools & Overseas Examination Centers.
- **KPK, Sindh & Balochistan Boards:** Fully compliant with Single National Curriculum SLO-based assessments.

#### 💡 Expert 1st Year Board Exam Tips:
- High priority given to SLO-based (Student Learning Outcomes) conceptual questions.
- Review the past 5-year past paper repeated questions highlighted in this chapter.
- Practice neat presentation with headings, bullet points, and boxed numerical answers for scoring maximum marks."
Chemistry Class 11 - Unit 05 Long Questions (New),Chemistry,11,PCTB (Punjab Curriculum & Textbook Board),CHAPTER_WISE,1,Long Questions,TaleemCity / PakParcha,https://drive.google.com/file/d/1ezh73m7rlOn3qTuMST9a83L6MNJXZExY/preview,"### Comprehensive 1st Year / Class 11 Chemistry (Chapter 1) Notes & Solutions (HSSC-I)

Get the best 1st Year (Class 11 / HSSC Part 1) Chemistry notes for **Chemistry Class 11 - Unit 05 Long Questions (New)**. These high-yield study materials are designed strictly according to the latest National Curriculum 2025–2026, Punjab Curriculum & Textbook Board (PCTB), and Federal Board (FBISE) syllabus standards.

#### 📌 What's Included in this 11th Class Chemistry Guide:
1. **Topic-wise Short Questions & Conceptual Answers:** Comprehensive answers with high-scoring keywords, scientific terminology, and clear definitions.
2. **Solved Long Questions & Detailed Derivations:** Step-by-step explanations, labeled diagrams, mathematical derivations, and board-standard structured headings.
3. **Multiple Choice Questions (Solved MCQs):** High-frequency exam MCQs with 100% verified correct options and conceptual rationales.
4. **Textbook Exercise Solutions & Solved Numericals:** Complete, step-by-step solutions to all textbook review questions, exercises, and numerical problems with standard formulas and units.

#### 🏛️ Applicable for All Intermediate Boards across Pakistan:
- **Punjab Boards:** Lahore, Rawalpindi, Gujranwala, Faisalabad, Multan, Sargodha, Sahiwal, Bahawalpur, and DG Khan Board.
- **Federal Board (FBISE):** Islamabad Model Colleges, Army Public Schools & Overseas Examination Centers.
- **KPK, Sindh & Balochistan Boards:** Fully compliant with Single National Curriculum SLO-based assessments.

#### 💡 Expert 1st Year Board Exam Tips:
- High priority given to SLO-based (Student Learning Outcomes) conceptual questions.
- Review the past 5-year past paper repeated questions highlighted in this chapter.
- Practice neat presentation with headings, bullet points, and boxed numerical answers for scoring maximum marks."
Chemistry Class 11 - Unit 05 MCQ-s (New),Chemistry,11,PCTB (Punjab Curriculum & Textbook Board),CHAPTER_WISE,1,Solved MCQs,TaleemCity / PakParcha,https://drive.google.com/file/d/1A3TkSV4Qc0QAJXSxXcmXQhTc7JGOBvtX/preview,"### Comprehensive 1st Year / Class 11 Chemistry (Chapter 1) Notes & Solutions (HSSC-I)

Get the best 1st Year (Class 11 / HSSC Part 1) Chemistry notes for **Chemistry Class 11 - Unit 05 MCQ-s (New)**. These high-yield study materials are designed strictly according to the latest National Curriculum 2025–2026, Punjab Curriculum & Textbook Board (PCTB), and Federal Board (FBISE) syllabus standards.

#### 📌 What's Included in this 11th Class Chemistry Guide:
1. **Topic-wise Short Questions & Conceptual Answers:** Comprehensive answers with high-scoring keywords, scientific terminology, and clear definitions.
2. **Solved Long Questions & Detailed Derivations:** Step-by-step explanations, labeled diagrams, mathematical derivations, and board-standard structured headings.
3. **Multiple Choice Questions (Solved MCQs):** High-frequency exam MCQs with 100% verified correct options and conceptual rationales.
4. **Textbook Exercise Solutions & Solved Numericals:** Complete, step-by-step solutions to all textbook review questions, exercises, and numerical problems with standard formulas and units.

#### 🏛️ Applicable for All Intermediate Boards across Pakistan:
- **Punjab Boards:** Lahore, Rawalpindi, Gujranwala, Faisalabad, Multan, Sargodha, Sahiwal, Bahawalpur, and DG Khan Board.
- **Federal Board (FBISE):** Islamabad Model Colleges, Army Public Schools & Overseas Examination Centers.
- **KPK, Sindh & Balochistan Boards:** Fully compliant with Single National Curriculum SLO-based assessments.

#### 💡 Expert 1st Year Board Exam Tips:
- High priority given to SLO-based (Student Learning Outcomes) conceptual questions.
- Review the past 5-year past paper repeated questions highlighted in this chapter.
- Practice neat presentation with headings, bullet points, and boxed numerical answers for scoring maximum marks."
Chemistry Class 11 - Unit 05 Short Questions &#038; Numericals (New),Chemistry,11,PCTB (Punjab Curriculum & Textbook Board),CHAPTER_WISE,1,Short Questions,TaleemCity / PakParcha,https://drive.google.com/file/d/175WzRRwdtQSyBnkNpxJ3FzNda7xstPYC/preview,"### Comprehensive 1st Year / Class 11 Chemistry (Chapter 1) Notes & Solutions (HSSC-I)

Get the best 1st Year (Class 11 / HSSC Part 1) Chemistry notes for **Chemistry Class 11 - Unit 05 Short Questions &#038; Numericals (New)**. These high-yield study materials are designed strictly according to the latest National Curriculum 2025–2026, Punjab Curriculum & Textbook Board (PCTB), and Federal Board (FBISE) syllabus standards.

#### 📌 What's Included in this 11th Class Chemistry Guide:
1. **Topic-wise Short Questions & Conceptual Answers:** Comprehensive answers with high-scoring keywords, scientific terminology, and clear definitions.
2. **Solved Long Questions & Detailed Derivations:** Step-by-step explanations, labeled diagrams, mathematical derivations, and board-standard structured headings.
3. **Multiple Choice Questions (Solved MCQs):** High-frequency exam MCQs with 100% verified correct options and conceptual rationales.
4. **Textbook Exercise Solutions & Solved Numericals:** Complete, step-by-step solutions to all textbook review questions, exercises, and numerical problems with standard formulas and units.

#### 🏛️ Applicable for All Intermediate Boards across Pakistan:
- **Punjab Boards:** Lahore, Rawalpindi, Gujranwala, Faisalabad, Multan, Sargodha, Sahiwal, Bahawalpur, and DG Khan Board.
- **Federal Board (FBISE):** Islamabad Model Colleges, Army Public Schools & Overseas Examination Centers.
- **KPK, Sindh & Balochistan Boards:** Fully compliant with Single National Curriculum SLO-based assessments.

#### 💡 Expert 1st Year Board Exam Tips:
- High priority given to SLO-based (Student Learning Outcomes) conceptual questions.
- Review the past 5-year past paper repeated questions highlighted in this chapter.
- Practice neat presentation with headings, bullet points, and boxed numerical answers for scoring maximum marks."
Chemistry Class 11 - Unit 06 Long Questions (New),Chemistry,11,PCTB (Punjab Curriculum & Textbook Board),CHAPTER_WISE,1,Long Questions,TaleemCity / PakParcha,https://drive.google.com/file/d/1DHfVIzOJpk_S6L-ambS9xGSH3LnQoJdW/preview,"### Comprehensive 1st Year / Class 11 Chemistry (Chapter 1) Notes & Solutions (HSSC-I)

Get the best 1st Year (Class 11 / HSSC Part 1) Chemistry notes for **Chemistry Class 11 - Unit 06 Long Questions (New)**. These high-yield study materials are designed strictly according to the latest National Curriculum 2025–2026, Punjab Curriculum & Textbook Board (PCTB), and Federal Board (FBISE) syllabus standards.

#### 📌 What's Included in this 11th Class Chemistry Guide:
1. **Topic-wise Short Questions & Conceptual Answers:** Comprehensive answers with high-scoring keywords, scientific terminology, and clear definitions.
2. **Solved Long Questions & Detailed Derivations:** Step-by-step explanations, labeled diagrams, mathematical derivations, and board-standard structured headings.
3. **Multiple Choice Questions (Solved MCQs):** High-frequency exam MCQs with 100% verified correct options and conceptual rationales.
4. **Textbook Exercise Solutions & Solved Numericals:** Complete, step-by-step solutions to all textbook review questions, exercises, and numerical problems with standard formulas and units.

#### 🏛️ Applicable for All Intermediate Boards across Pakistan:
- **Punjab Boards:** Lahore, Rawalpindi, Gujranwala, Faisalabad, Multan, Sargodha, Sahiwal, Bahawalpur, and DG Khan Board.
- **Federal Board (FBISE):** Islamabad Model Colleges, Army Public Schools & Overseas Examination Centers.
- **KPK, Sindh & Balochistan Boards:** Fully compliant with Single National Curriculum SLO-based assessments.

#### 💡 Expert 1st Year Board Exam Tips:
- High priority given to SLO-based (Student Learning Outcomes) conceptual questions.
- Review the past 5-year past paper repeated questions highlighted in this chapter.
- Practice neat presentation with headings, bullet points, and boxed numerical answers for scoring maximum marks."
Chemistry Class 11 - Unit 06 MCQ-s (New),Chemistry,11,PCTB (Punjab Curriculum & Textbook Board),CHAPTER_WISE,1,Solved MCQs,TaleemCity / PakParcha,https://drive.google.com/file/d/1ErakGLW1kLpDeE4O_u5z016UChbeJ7nS/preview,"### Comprehensive 1st Year / Class 11 Chemistry (Chapter 1) Notes & Solutions (HSSC-I)

Get the best 1st Year (Class 11 / HSSC Part 1) Chemistry notes for **Chemistry Class 11 - Unit 06 MCQ-s (New)**. These high-yield study materials are designed strictly according to the latest National Curriculum 2025–2026, Punjab Curriculum & Textbook Board (PCTB), and Federal Board (FBISE) syllabus standards.

#### 📌 What's Included in this 11th Class Chemistry Guide:
1. **Topic-wise Short Questions & Conceptual Answers:** Comprehensive answers with high-scoring keywords, scientific terminology, and clear definitions.
2. **Solved Long Questions & Detailed Derivations:** Step-by-step explanations, labeled diagrams, mathematical derivations, and board-standard structured headings.
3. **Multiple Choice Questions (Solved MCQs):** High-frequency exam MCQs with 100% verified correct options and conceptual rationales.
4. **Textbook Exercise Solutions & Solved Numericals:** Complete, step-by-step solutions to all textbook review questions, exercises, and numerical problems with standard formulas and units.

#### 🏛️ Applicable for All Intermediate Boards across Pakistan:
- **Punjab Boards:** Lahore, Rawalpindi, Gujranwala, Faisalabad, Multan, Sargodha, Sahiwal, Bahawalpur, and DG Khan Board.
- **Federal Board (FBISE):** Islamabad Model Colleges, Army Public Schools & Overseas Examination Centers.
- **KPK, Sindh & Balochistan Boards:** Fully compliant with Single National Curriculum SLO-based assessments.

#### 💡 Expert 1st Year Board Exam Tips:
- High priority given to SLO-based (Student Learning Outcomes) conceptual questions.
- Review the past 5-year past paper repeated questions highlighted in this chapter.
- Practice neat presentation with headings, bullet points, and boxed numerical answers for scoring maximum marks."
Chemistry Class 11 - Unit 06 Short Questions &#038; Numericals (New),Chemistry,11,PCTB (Punjab Curriculum & Textbook Board),CHAPTER_WISE,1,Short Questions,TaleemCity / PakParcha,https://drive.google.com/file/d/1VdrwenbYlK-y_MyiKDCjDNpdLBa8aJzf/preview,"### Comprehensive 1st Year / Class 11 Chemistry (Chapter 1) Notes & Solutions (HSSC-I)

Get the best 1st Year (Class 11 / HSSC Part 1) Chemistry notes for **Chemistry Class 11 - Unit 06 Short Questions &#038; Numericals (New)**. These high-yield study materials are designed strictly according to the latest National Curriculum 2025–2026, Punjab Curriculum & Textbook Board (PCTB), and Federal Board (FBISE) syllabus standards.

#### 📌 What's Included in this 11th Class Chemistry Guide:
1. **Topic-wise Short Questions & Conceptual Answers:** Comprehensive answers with high-scoring keywords, scientific terminology, and clear definitions.
2. **Solved Long Questions & Detailed Derivations:** Step-by-step explanations, labeled diagrams, mathematical derivations, and board-standard structured headings.
3. **Multiple Choice Questions (Solved MCQs):** High-frequency exam MCQs with 100% verified correct options and conceptual rationales.
4. **Textbook Exercise Solutions & Solved Numericals:** Complete, step-by-step solutions to all textbook review questions, exercises, and numerical problems with standard formulas and units.

#### 🏛️ Applicable for All Intermediate Boards across Pakistan:
- **Punjab Boards:** Lahore, Rawalpindi, Gujranwala, Faisalabad, Multan, Sargodha, Sahiwal, Bahawalpur, and DG Khan Board.
- **Federal Board (FBISE):** Islamabad Model Colleges, Army Public Schools & Overseas Examination Centers.
- **KPK, Sindh & Balochistan Boards:** Fully compliant with Single National Curriculum SLO-based assessments.

#### 💡 Expert 1st Year Board Exam Tips:
- High priority given to SLO-based (Student Learning Outcomes) conceptual questions.
- Review the past 5-year past paper repeated questions highlighted in this chapter.
- Practice neat presentation with headings, bullet points, and boxed numerical answers for scoring maximum marks."
Chemistry Class 11 - Unit 07 Long Questions (New),Chemistry,11,PCTB (Punjab Curriculum & Textbook Board),CHAPTER_WISE,1,Long Questions,TaleemCity / PakParcha,https://drive.google.com/file/d/1XUDdIuKpSy79xgEGMvbmFj7dpnMt1U7H/preview,"### Comprehensive 1st Year / Class 11 Chemistry (Chapter 1) Notes & Solutions (HSSC-I)

Get the best 1st Year (Class 11 / HSSC Part 1) Chemistry notes for **Chemistry Class 11 - Unit 07 Long Questions (New)**. These high-yield study materials are designed strictly according to the latest National Curriculum 2025–2026, Punjab Curriculum & Textbook Board (PCTB), and Federal Board (FBISE) syllabus standards.

#### 📌 What's Included in this 11th Class Chemistry Guide:
1. **Topic-wise Short Questions & Conceptual Answers:** Comprehensive answers with high-scoring keywords, scientific terminology, and clear definitions.
2. **Solved Long Questions & Detailed Derivations:** Step-by-step explanations, labeled diagrams, mathematical derivations, and board-standard structured headings.
3. **Multiple Choice Questions (Solved MCQs):** High-frequency exam MCQs with 100% verified correct options and conceptual rationales.
4. **Textbook Exercise Solutions & Solved Numericals:** Complete, step-by-step solutions to all textbook review questions, exercises, and numerical problems with standard formulas and units.

#### 🏛️ Applicable for All Intermediate Boards across Pakistan:
- **Punjab Boards:** Lahore, Rawalpindi, Gujranwala, Faisalabad, Multan, Sargodha, Sahiwal, Bahawalpur, and DG Khan Board.
- **Federal Board (FBISE):** Islamabad Model Colleges, Army Public Schools & Overseas Examination Centers.
- **KPK, Sindh & Balochistan Boards:** Fully compliant with Single National Curriculum SLO-based assessments.

#### 💡 Expert 1st Year Board Exam Tips:
- High priority given to SLO-based (Student Learning Outcomes) conceptual questions.
- Review the past 5-year past paper repeated questions highlighted in this chapter.
- Practice neat presentation with headings, bullet points, and boxed numerical answers for scoring maximum marks."
Chemistry Class 11 - Unit 07 MCQ-s (New),Chemistry,11,PCTB (Punjab Curriculum & Textbook Board),CHAPTER_WISE,1,Solved MCQs,TaleemCity / PakParcha,https://drive.google.com/file/d/18cQRVWM7gEh-zU9kT32vmha0-f3t_Hou/preview,"### Comprehensive 1st Year / Class 11 Chemistry (Chapter 1) Notes & Solutions (HSSC-I)

Get the best 1st Year (Class 11 / HSSC Part 1) Chemistry notes for **Chemistry Class 11 - Unit 07 MCQ-s (New)**. These high-yield study materials are designed strictly according to the latest National Curriculum 2025–2026, Punjab Curriculum & Textbook Board (PCTB), and Federal Board (FBISE) syllabus standards.

#### 📌 What's Included in this 11th Class Chemistry Guide:
1. **Topic-wise Short Questions & Conceptual Answers:** Comprehensive answers with high-scoring keywords, scientific terminology, and clear definitions.
2. **Solved Long Questions & Detailed Derivations:** Step-by-step explanations, labeled diagrams, mathematical derivations, and board-standard structured headings.
3. **Multiple Choice Questions (Solved MCQs):** High-frequency exam MCQs with 100% verified correct options and conceptual rationales.
4. **Textbook Exercise Solutions & Solved Numericals:** Complete, step-by-step solutions to all textbook review questions, exercises, and numerical problems with standard formulas and units.

#### 🏛️ Applicable for All Intermediate Boards across Pakistan:
- **Punjab Boards:** Lahore, Rawalpindi, Gujranwala, Faisalabad, Multan, Sargodha, Sahiwal, Bahawalpur, and DG Khan Board.
- **Federal Board (FBISE):** Islamabad Model Colleges, Army Public Schools & Overseas Examination Centers.
- **KPK, Sindh & Balochistan Boards:** Fully compliant with Single National Curriculum SLO-based assessments.

#### 💡 Expert 1st Year Board Exam Tips:
- High priority given to SLO-based (Student Learning Outcomes) conceptual questions.
- Review the past 5-year past paper repeated questions highlighted in this chapter.
- Practice neat presentation with headings, bullet points, and boxed numerical answers for scoring maximum marks."
Chemistry Class 11 - Unit 07 Short Questions &#038; Numericals (New),Chemistry,11,PCTB (Punjab Curriculum & Textbook Board),CHAPTER_WISE,1,Short Questions,TaleemCity / PakParcha,https://drive.google.com/file/d/1GDamdoXGhKmAj_MIw5MosGCWLFdoXB22/preview,"### Comprehensive 1st Year / Class 11 Chemistry (Chapter 1) Notes & Solutions (HSSC-I)

Get the best 1st Year (Class 11 / HSSC Part 1) Chemistry notes for **Chemistry Class 11 - Unit 07 Short Questions &#038; Numericals (New)**. These high-yield study materials are designed strictly according to the latest National Curriculum 2025–2026, Punjab Curriculum & Textbook Board (PCTB), and Federal Board (FBISE) syllabus standards.

#### 📌 What's Included in this 11th Class Chemistry Guide:
1. **Topic-wise Short Questions & Conceptual Answers:** Comprehensive answers with high-scoring keywords, scientific terminology, and clear definitions.
2. **Solved Long Questions & Detailed Derivations:** Step-by-step explanations, labeled diagrams, mathematical derivations, and board-standard structured headings.
3. **Multiple Choice Questions (Solved MCQs):** High-frequency exam MCQs with 100% verified correct options and conceptual rationales.
4. **Textbook Exercise Solutions & Solved Numericals:** Complete, step-by-step solutions to all textbook review questions, exercises, and numerical problems with standard formulas and units.

#### 🏛️ Applicable for All Intermediate Boards across Pakistan:
- **Punjab Boards:** Lahore, Rawalpindi, Gujranwala, Faisalabad, Multan, Sargodha, Sahiwal, Bahawalpur, and DG Khan Board.
- **Federal Board (FBISE):** Islamabad Model Colleges, Army Public Schools & Overseas Examination Centers.
- **KPK, Sindh & Balochistan Boards:** Fully compliant with Single National Curriculum SLO-based assessments.

#### 💡 Expert 1st Year Board Exam Tips:
- High priority given to SLO-based (Student Learning Outcomes) conceptual questions.
- Review the past 5-year past paper repeated questions highlighted in this chapter.
- Practice neat presentation with headings, bullet points, and boxed numerical answers for scoring maximum marks."
Chemistry Class 11 - Unit 08 Long Questions (New),Chemistry,11,PCTB (Punjab Curriculum & Textbook Board),CHAPTER_WISE,1,Long Questions,TaleemCity / PakParcha,https://drive.google.com/file/d/1FLp5kAR-E50D3wqash1-STmywB-8F52A/preview,"### Comprehensive 1st Year / Class 11 Chemistry (Chapter 1) Notes & Solutions (HSSC-I)

Get the best 1st Year (Class 11 / HSSC Part 1) Chemistry notes for **Chemistry Class 11 - Unit 08 Long Questions (New)**. These high-yield study materials are designed strictly according to the latest National Curriculum 2025–2026, Punjab Curriculum & Textbook Board (PCTB), and Federal Board (FBISE) syllabus standards.

#### 📌 What's Included in this 11th Class Chemistry Guide:
1. **Topic-wise Short Questions & Conceptual Answers:** Comprehensive answers with high-scoring keywords, scientific terminology, and clear definitions.
2. **Solved Long Questions & Detailed Derivations:** Step-by-step explanations, labeled diagrams, mathematical derivations, and board-standard structured headings.
3. **Multiple Choice Questions (Solved MCQs):** High-frequency exam MCQs with 100% verified correct options and conceptual rationales.
4. **Textbook Exercise Solutions & Solved Numericals:** Complete, step-by-step solutions to all textbook review questions, exercises, and numerical problems with standard formulas and units.

#### 🏛️ Applicable for All Intermediate Boards across Pakistan:
- **Punjab Boards:** Lahore, Rawalpindi, Gujranwala, Faisalabad, Multan, Sargodha, Sahiwal, Bahawalpur, and DG Khan Board.
- **Federal Board (FBISE):** Islamabad Model Colleges, Army Public Schools & Overseas Examination Centers.
- **KPK, Sindh & Balochistan Boards:** Fully compliant with Single National Curriculum SLO-based assessments.

#### 💡 Expert 1st Year Board Exam Tips:
- High priority given to SLO-based (Student Learning Outcomes) conceptual questions.
- Review the past 5-year past paper repeated questions highlighted in this chapter.
- Practice neat presentation with headings, bullet points, and boxed numerical answers for scoring maximum marks."
Chemistry Class 11 - Unit 08 MCQ-s (New),Chemistry,11,PCTB (Punjab Curriculum & Textbook Board),CHAPTER_WISE,1,Solved MCQs,TaleemCity / PakParcha,https://drive.google.com/file/d/1eTwhTTC-LTpH5m2eI1blwcTi81ZneFRs/preview,"### Comprehensive 1st Year / Class 11 Chemistry (Chapter 1) Notes & Solutions (HSSC-I)

Get the best 1st Year (Class 11 / HSSC Part 1) Chemistry notes for **Chemistry Class 11 - Unit 08 MCQ-s (New)**. These high-yield study materials are designed strictly according to the latest National Curriculum 2025–2026, Punjab Curriculum & Textbook Board (PCTB), and Federal Board (FBISE) syllabus standards.

#### 📌 What's Included in this 11th Class Chemistry Guide:
1. **Topic-wise Short Questions & Conceptual Answers:** Comprehensive answers with high-scoring keywords, scientific terminology, and clear definitions.
2. **Solved Long Questions & Detailed Derivations:** Step-by-step explanations, labeled diagrams, mathematical derivations, and board-standard structured headings.
3. **Multiple Choice Questions (Solved MCQs):** High-frequency exam MCQs with 100% verified correct options and conceptual rationales.
4. **Textbook Exercise Solutions & Solved Numericals:** Complete, step-by-step solutions to all textbook review questions, exercises, and numerical problems with standard formulas and units.

#### 🏛️ Applicable for All Intermediate Boards across Pakistan:
- **Punjab Boards:** Lahore, Rawalpindi, Gujranwala, Faisalabad, Multan, Sargodha, Sahiwal, Bahawalpur, and DG Khan Board.
- **Federal Board (FBISE):** Islamabad Model Colleges, Army Public Schools & Overseas Examination Centers.
- **KPK, Sindh & Balochistan Boards:** Fully compliant with Single National Curriculum SLO-based assessments.

#### 💡 Expert 1st Year Board Exam Tips:
- High priority given to SLO-based (Student Learning Outcomes) conceptual questions.
- Review the past 5-year past paper repeated questions highlighted in this chapter.
- Practice neat presentation with headings, bullet points, and boxed numerical answers for scoring maximum marks."
Chemistry Class 11 - Unit 08 Short Questions (New),Chemistry,11,PCTB (Punjab Curriculum & Textbook Board),CHAPTER_WISE,1,Short Questions,TaleemCity / PakParcha,https://drive.google.com/file/d/1oi0py_Dpfs9d1rpaZpjeppTpUMxMAATQ/preview,"### Comprehensive 1st Year / Class 11 Chemistry (Chapter 1) Notes & Solutions (HSSC-I)

Get the best 1st Year (Class 11 / HSSC Part 1) Chemistry notes for **Chemistry Class 11 - Unit 08 Short Questions (New)**. These high-yield study materials are designed strictly according to the latest National Curriculum 2025–2026, Punjab Curriculum & Textbook Board (PCTB), and Federal Board (FBISE) syllabus standards.

#### 📌 What's Included in this 11th Class Chemistry Guide:
1. **Topic-wise Short Questions & Conceptual Answers:** Comprehensive answers with high-scoring keywords, scientific terminology, and clear definitions.
2. **Solved Long Questions & Detailed Derivations:** Step-by-step explanations, labeled diagrams, mathematical derivations, and board-standard structured headings.
3. **Multiple Choice Questions (Solved MCQs):** High-frequency exam MCQs with 100% verified correct options and conceptual rationales.
4. **Textbook Exercise Solutions & Solved Numericals:** Complete, step-by-step solutions to all textbook review questions, exercises, and numerical problems with standard formulas and units.

#### 🏛️ Applicable for All Intermediate Boards across Pakistan:
- **Punjab Boards:** Lahore, Rawalpindi, Gujranwala, Faisalabad, Multan, Sargodha, Sahiwal, Bahawalpur, and DG Khan Board.
- **Federal Board (FBISE):** Islamabad Model Colleges, Army Public Schools & Overseas Examination Centers.
- **KPK, Sindh & Balochistan Boards:** Fully compliant with Single National Curriculum SLO-based assessments.

#### 💡 Expert 1st Year Board Exam Tips:
- High priority given to SLO-based (Student Learning Outcomes) conceptual questions.
- Review the past 5-year past paper repeated questions highlighted in this chapter.
- Practice neat presentation with headings, bullet points, and boxed numerical answers for scoring maximum marks."
Chemistry Class 11 - Unit 09 Long Questions (New),Chemistry,11,PCTB (Punjab Curriculum & Textbook Board),CHAPTER_WISE,1,Long Questions,TaleemCity / PakParcha,https://drive.google.com/file/d/1hbcbcib0tuJIR1-fTtrCye6zgFIji0W6/preview,"### Comprehensive 1st Year / Class 11 Chemistry (Chapter 1) Notes & Solutions (HSSC-I)

Get the best 1st Year (Class 11 / HSSC Part 1) Chemistry notes for **Chemistry Class 11 - Unit 09 Long Questions (New)**. These high-yield study materials are designed strictly according to the latest National Curriculum 2025–2026, Punjab Curriculum & Textbook Board (PCTB), and Federal Board (FBISE) syllabus standards.

#### 📌 What's Included in this 11th Class Chemistry Guide:
1. **Topic-wise Short Questions & Conceptual Answers:** Comprehensive answers with high-scoring keywords, scientific terminology, and clear definitions.
2. **Solved Long Questions & Detailed Derivations:** Step-by-step explanations, labeled diagrams, mathematical derivations, and board-standard structured headings.
3. **Multiple Choice Questions (Solved MCQs):** High-frequency exam MCQs with 100% verified correct options and conceptual rationales.
4. **Textbook Exercise Solutions & Solved Numericals:** Complete, step-by-step solutions to all textbook review questions, exercises, and numerical problems with standard formulas and units.

#### 🏛️ Applicable for All Intermediate Boards across Pakistan:
- **Punjab Boards:** Lahore, Rawalpindi, Gujranwala, Faisalabad, Multan, Sargodha, Sahiwal, Bahawalpur, and DG Khan Board.
- **Federal Board (FBISE):** Islamabad Model Colleges, Army Public Schools & Overseas Examination Centers.
- **KPK, Sindh & Balochistan Boards:** Fully compliant with Single National Curriculum SLO-based assessments.

#### 💡 Expert 1st Year Board Exam Tips:
- High priority given to SLO-based (Student Learning Outcomes) conceptual questions.
- Review the past 5-year past paper repeated questions highlighted in this chapter.
- Practice neat presentation with headings, bullet points, and boxed numerical answers for scoring maximum marks."
Chemistry Class 11 - Unit 09 MCQ-s (New),Chemistry,11,PCTB (Punjab Curriculum & Textbook Board),CHAPTER_WISE,1,Solved MCQs,TaleemCity / PakParcha,https://drive.google.com/file/d/1XI5SZFHq7P82nk1H94ZuG6qfqsEoDn6x/preview,"### Comprehensive 1st Year / Class 11 Chemistry (Chapter 1) Notes & Solutions (HSSC-I)

Get the best 1st Year (Class 11 / HSSC Part 1) Chemistry notes for **Chemistry Class 11 - Unit 09 MCQ-s (New)**. These high-yield study materials are designed strictly according to the latest National Curriculum 2025–2026, Punjab Curriculum & Textbook Board (PCTB), and Federal Board (FBISE) syllabus standards.

#### 📌 What's Included in this 11th Class Chemistry Guide:
1. **Topic-wise Short Questions & Conceptual Answers:** Comprehensive answers with high-scoring keywords, scientific terminology, and clear definitions.
2. **Solved Long Questions & Detailed Derivations:** Step-by-step explanations, labeled diagrams, mathematical derivations, and board-standard structured headings.
3. **Multiple Choice Questions (Solved MCQs):** High-frequency exam MCQs with 100% verified correct options and conceptual rationales.
4. **Textbook Exercise Solutions & Solved Numericals:** Complete, step-by-step solutions to all textbook review questions, exercises, and numerical problems with standard formulas and units.

#### 🏛️ Applicable for All Intermediate Boards across Pakistan:
- **Punjab Boards:** Lahore, Rawalpindi, Gujranwala, Faisalabad, Multan, Sargodha, Sahiwal, Bahawalpur, and DG Khan Board.
- **Federal Board (FBISE):** Islamabad Model Colleges, Army Public Schools & Overseas Examination Centers.
- **KPK, Sindh & Balochistan Boards:** Fully compliant with Single National Curriculum SLO-based assessments.

#### 💡 Expert 1st Year Board Exam Tips:
- High priority given to SLO-based (Student Learning Outcomes) conceptual questions.
- Review the past 5-year past paper repeated questions highlighted in this chapter.
- Practice neat presentation with headings, bullet points, and boxed numerical answers for scoring maximum marks."
Chemistry Class 11 - Unit 09 Short Questions &#038; Numericals (New),Chemistry,11,PCTB (Punjab Curriculum & Textbook Board),CHAPTER_WISE,1,Short Questions,TaleemCity / PakParcha,https://drive.google.com/file/d/1Qj5VLxw0Am78kIciMfxtAAPuRaD_YHg7/preview,"### Comprehensive 1st Year / Class 11 Chemistry (Chapter 1) Notes & Solutions (HSSC-I)

Get the best 1st Year (Class 11 / HSSC Part 1) Chemistry notes for **Chemistry Class 11 - Unit 09 Short Questions &#038; Numericals (New)**. These high-yield study materials are designed strictly according to the latest National Curriculum 2025–2026, Punjab Curriculum & Textbook Board (PCTB), and Federal Board (FBISE) syllabus standards.

#### 📌 What's Included in this 11th Class Chemistry Guide:
1. **Topic-wise Short Questions & Conceptual Answers:** Comprehensive answers with high-scoring keywords, scientific terminology, and clear definitions.
2. **Solved Long Questions & Detailed Derivations:** Step-by-step explanations, labeled diagrams, mathematical derivations, and board-standard structured headings.
3. **Multiple Choice Questions (Solved MCQs):** High-frequency exam MCQs with 100% verified correct options and conceptual rationales.
4. **Textbook Exercise Solutions & Solved Numericals:** Complete, step-by-step solutions to all textbook review questions, exercises, and numerical problems with standard formulas and units.

#### 🏛️ Applicable for All Intermediate Boards across Pakistan:
- **Punjab Boards:** Lahore, Rawalpindi, Gujranwala, Faisalabad, Multan, Sargodha, Sahiwal, Bahawalpur, and DG Khan Board.
- **Federal Board (FBISE):** Islamabad Model Colleges, Army Public Schools & Overseas Examination Centers.
- **KPK, Sindh & Balochistan Boards:** Fully compliant with Single National Curriculum SLO-based assessments.

#### 💡 Expert 1st Year Board Exam Tips:
- High priority given to SLO-based (Student Learning Outcomes) conceptual questions.
- Review the past 5-year past paper repeated questions highlighted in this chapter.
- Practice neat presentation with headings, bullet points, and boxed numerical answers for scoring maximum marks."
Chemistry Class 11 - Unit 10 Long Questions (New),Chemistry,11,PCTB (Punjab Curriculum & Textbook Board),CHAPTER_WISE,1,Long Questions,TaleemCity / PakParcha,https://drive.google.com/file/d/1MtKCt8-ld79TLml58YM95HLunC3-pNHj/preview,"### Comprehensive 1st Year / Class 11 Chemistry (Chapter 1) Notes & Solutions (HSSC-I)

Get the best 1st Year (Class 11 / HSSC Part 1) Chemistry notes for **Chemistry Class 11 - Unit 10 Long Questions (New)**. These high-yield study materials are designed strictly according to the latest National Curriculum 2025–2026, Punjab Curriculum & Textbook Board (PCTB), and Federal Board (FBISE) syllabus standards.

#### 📌 What's Included in this 11th Class Chemistry Guide:
1. **Topic-wise Short Questions & Conceptual Answers:** Comprehensive answers with high-scoring keywords, scientific terminology, and clear definitions.
2. **Solved Long Questions & Detailed Derivations:** Step-by-step explanations, labeled diagrams, mathematical derivations, and board-standard structured headings.
3. **Multiple Choice Questions (Solved MCQs):** High-frequency exam MCQs with 100% verified correct options and conceptual rationales.
4. **Textbook Exercise Solutions & Solved Numericals:** Complete, step-by-step solutions to all textbook review questions, exercises, and numerical problems with standard formulas and units.

#### 🏛️ Applicable for All Intermediate Boards across Pakistan:
- **Punjab Boards:** Lahore, Rawalpindi, Gujranwala, Faisalabad, Multan, Sargodha, Sahiwal, Bahawalpur, and DG Khan Board.
- **Federal Board (FBISE):** Islamabad Model Colleges, Army Public Schools & Overseas Examination Centers.
- **KPK, Sindh & Balochistan Boards:** Fully compliant with Single National Curriculum SLO-based assessments.

#### 💡 Expert 1st Year Board Exam Tips:
- High priority given to SLO-based (Student Learning Outcomes) conceptual questions.
- Review the past 5-year past paper repeated questions highlighted in this chapter.
- Practice neat presentation with headings, bullet points, and boxed numerical answers for scoring maximum marks."
Chemistry Class 11 - Unit 10 MCQ-s (New),Chemistry,11,PCTB (Punjab Curriculum & Textbook Board),CHAPTER_WISE,1,Solved MCQs,TaleemCity / PakParcha,https://drive.google.com/file/d/1H1xpfF2MR20jDvN-SEgUMwLboM9PX7Fz/preview,"### Comprehensive 1st Year / Class 11 Chemistry (Chapter 1) Notes & Solutions (HSSC-I)

Get the best 1st Year (Class 11 / HSSC Part 1) Chemistry notes for **Chemistry Class 11 - Unit 10 MCQ-s (New)**. These high-yield study materials are designed strictly according to the latest National Curriculum 2025–2026, Punjab Curriculum & Textbook Board (PCTB), and Federal Board (FBISE) syllabus standards.

#### 📌 What's Included in this 11th Class Chemistry Guide:
1. **Topic-wise Short Questions & Conceptual Answers:** Comprehensive answers with high-scoring keywords, scientific terminology, and clear definitions.
2. **Solved Long Questions & Detailed Derivations:** Step-by-step explanations, labeled diagrams, mathematical derivations, and board-standard structured headings.
3. **Multiple Choice Questions (Solved MCQs):** High-frequency exam MCQs with 100% verified correct options and conceptual rationales.
4. **Textbook Exercise Solutions & Solved Numericals:** Complete, step-by-step solutions to all textbook review questions, exercises, and numerical problems with standard formulas and units.

#### 🏛️ Applicable for All Intermediate Boards across Pakistan:
- **Punjab Boards:** Lahore, Rawalpindi, Gujranwala, Faisalabad, Multan, Sargodha, Sahiwal, Bahawalpur, and DG Khan Board.
- **Federal Board (FBISE):** Islamabad Model Colleges, Army Public Schools & Overseas Examination Centers.
- **KPK, Sindh & Balochistan Boards:** Fully compliant with Single National Curriculum SLO-based assessments.

#### 💡 Expert 1st Year Board Exam Tips:
- High priority given to SLO-based (Student Learning Outcomes) conceptual questions.
- Review the past 5-year past paper repeated questions highlighted in this chapter.
- Practice neat presentation with headings, bullet points, and boxed numerical answers for scoring maximum marks."
Chemistry Class 11 - Unit 10 Short Questions &#038; Numericals (New),Chemistry,11,PCTB (Punjab Curriculum & Textbook Board),CHAPTER_WISE,1,Short Questions,TaleemCity / PakParcha,https://drive.google.com/file/d/17SYZJkpM4UVOfvcRAgfkVxijxnrheg1w/preview,"### Comprehensive 1st Year / Class 11 Chemistry (Chapter 1) Notes & Solutions (HSSC-I)

Get the best 1st Year (Class 11 / HSSC Part 1) Chemistry notes for **Chemistry Class 11 - Unit 10 Short Questions &#038; Numericals (New)**. These high-yield study materials are designed strictly according to the latest National Curriculum 2025–2026, Punjab Curriculum & Textbook Board (PCTB), and Federal Board (FBISE) syllabus standards.

#### 📌 What's Included in this 11th Class Chemistry Guide:
1. **Topic-wise Short Questions & Conceptual Answers:** Comprehensive answers with high-scoring keywords, scientific terminology, and clear definitions.
2. **Solved Long Questions & Detailed Derivations:** Step-by-step explanations, labeled diagrams, mathematical derivations, and board-standard structured headings.
3. **Multiple Choice Questions (Solved MCQs):** High-frequency exam MCQs with 100% verified correct options and conceptual rationales.
4. **Textbook Exercise Solutions & Solved Numericals:** Complete, step-by-step solutions to all textbook review questions, exercises, and numerical problems with standard formulas and units.

#### 🏛️ Applicable for All Intermediate Boards across Pakistan:
- **Punjab Boards:** Lahore, Rawalpindi, Gujranwala, Faisalabad, Multan, Sargodha, Sahiwal, Bahawalpur, and DG Khan Board.
- **Federal Board (FBISE):** Islamabad Model Colleges, Army Public Schools & Overseas Examination Centers.
- **KPK, Sindh & Balochistan Boards:** Fully compliant with Single National Curriculum SLO-based assessments.

#### 💡 Expert 1st Year Board Exam Tips:
- High priority given to SLO-based (Student Learning Outcomes) conceptual questions.
- Review the past 5-year past paper repeated questions highlighted in this chapter.
- Practice neat presentation with headings, bullet points, and boxed numerical answers for scoring maximum marks."
Chemistry Class 11 - Unit 11 Long Questions (New),Chemistry,11,PCTB (Punjab Curriculum & Textbook Board),CHAPTER_WISE,1,Long Questions,TaleemCity / PakParcha,https://drive.google.com/file/d/1F1g_e1cd5e67f2iwsuFB5LT9G366Htk1/preview,"### Comprehensive 1st Year / Class 11 Chemistry (Chapter 1) Notes & Solutions (HSSC-I)

Get the best 1st Year (Class 11 / HSSC Part 1) Chemistry notes for **Chemistry Class 11 - Unit 11 Long Questions (New)**. These high-yield study materials are designed strictly according to the latest National Curriculum 2025–2026, Punjab Curriculum & Textbook Board (PCTB), and Federal Board (FBISE) syllabus standards.

#### 📌 What's Included in this 11th Class Chemistry Guide:
1. **Topic-wise Short Questions & Conceptual Answers:** Comprehensive answers with high-scoring keywords, scientific terminology, and clear definitions.
2. **Solved Long Questions & Detailed Derivations:** Step-by-step explanations, labeled diagrams, mathematical derivations, and board-standard structured headings.
3. **Multiple Choice Questions (Solved MCQs):** High-frequency exam MCQs with 100% verified correct options and conceptual rationales.
4. **Textbook Exercise Solutions & Solved Numericals:** Complete, step-by-step solutions to all textbook review questions, exercises, and numerical problems with standard formulas and units.

#### 🏛️ Applicable for All Intermediate Boards across Pakistan:
- **Punjab Boards:** Lahore, Rawalpindi, Gujranwala, Faisalabad, Multan, Sargodha, Sahiwal, Bahawalpur, and DG Khan Board.
- **Federal Board (FBISE):** Islamabad Model Colleges, Army Public Schools & Overseas Examination Centers.
- **KPK, Sindh & Balochistan Boards:** Fully compliant with Single National Curriculum SLO-based assessments.

#### 💡 Expert 1st Year Board Exam Tips:
- High priority given to SLO-based (Student Learning Outcomes) conceptual questions.
- Review the past 5-year past paper repeated questions highlighted in this chapter.
- Practice neat presentation with headings, bullet points, and boxed numerical answers for scoring maximum marks."
Chemistry Class 11 - Unit 11 MCQ-s (New),Chemistry,11,PCTB (Punjab Curriculum & Textbook Board),CHAPTER_WISE,1,Solved MCQs,TaleemCity / PakParcha,https://drive.google.com/file/d/1BpRfEY65-dYbFgILbHJNOoJDRBxiyNjm/preview,"### Comprehensive 1st Year / Class 11 Chemistry (Chapter 1) Notes & Solutions (HSSC-I)

Get the best 1st Year (Class 11 / HSSC Part 1) Chemistry notes for **Chemistry Class 11 - Unit 11 MCQ-s (New)**. These high-yield study materials are designed strictly according to the latest National Curriculum 2025–2026, Punjab Curriculum & Textbook Board (PCTB), and Federal Board (FBISE) syllabus standards.

#### 📌 What's Included in this 11th Class Chemistry Guide:
1. **Topic-wise Short Questions & Conceptual Answers:** Comprehensive answers with high-scoring keywords, scientific terminology, and clear definitions.
2. **Solved Long Questions & Detailed Derivations:** Step-by-step explanations, labeled diagrams, mathematical derivations, and board-standard structured headings.
3. **Multiple Choice Questions (Solved MCQs):** High-frequency exam MCQs with 100% verified correct options and conceptual rationales.
4. **Textbook Exercise Solutions & Solved Numericals:** Complete, step-by-step solutions to all textbook review questions, exercises, and numerical problems with standard formulas and units.

#### 🏛️ Applicable for All Intermediate Boards across Pakistan:
- **Punjab Boards:** Lahore, Rawalpindi, Gujranwala, Faisalabad, Multan, Sargodha, Sahiwal, Bahawalpur, and DG Khan Board.
- **Federal Board (FBISE):** Islamabad Model Colleges, Army Public Schools & Overseas Examination Centers.
- **KPK, Sindh & Balochistan Boards:** Fully compliant with Single National Curriculum SLO-based assessments.

#### 💡 Expert 1st Year Board Exam Tips:
- High priority given to SLO-based (Student Learning Outcomes) conceptual questions.
- Review the past 5-year past paper repeated questions highlighted in this chapter.
- Practice neat presentation with headings, bullet points, and boxed numerical answers for scoring maximum marks."
Chemistry Class 11 - Unit 11 Short Questions (New),Chemistry,11,PCTB (Punjab Curriculum & Textbook Board),CHAPTER_WISE,1,Short Questions,TaleemCity / PakParcha,https://drive.google.com/file/d/1eLESchGLKXMp1oQAWwEgkC2KPC3_cvyv/preview,"### Comprehensive 1st Year / Class 11 Chemistry (Chapter 1) Notes & Solutions (HSSC-I)

Get the best 1st Year (Class 11 / HSSC Part 1) Chemistry notes for **Chemistry Class 11 - Unit 11 Short Questions (New)**. These high-yield study materials are designed strictly according to the latest National Curriculum 2025–2026, Punjab Curriculum & Textbook Board (PCTB), and Federal Board (FBISE) syllabus standards.

#### 📌 What's Included in this 11th Class Chemistry Guide:
1. **Topic-wise Short Questions & Conceptual Answers:** Comprehensive answers with high-scoring keywords, scientific terminology, and clear definitions.
2. **Solved Long Questions & Detailed Derivations:** Step-by-step explanations, labeled diagrams, mathematical derivations, and board-standard structured headings.
3. **Multiple Choice Questions (Solved MCQs):** High-frequency exam MCQs with 100% verified correct options and conceptual rationales.
4. **Textbook Exercise Solutions & Solved Numericals:** Complete, step-by-step solutions to all textbook review questions, exercises, and numerical problems with standard formulas and units.

#### 🏛️ Applicable for All Intermediate Boards across Pakistan:
- **Punjab Boards:** Lahore, Rawalpindi, Gujranwala, Faisalabad, Multan, Sargodha, Sahiwal, Bahawalpur, and DG Khan Board.
- **Federal Board (FBISE):** Islamabad Model Colleges, Army Public Schools & Overseas Examination Centers.
- **KPK, Sindh & Balochistan Boards:** Fully compliant with Single National Curriculum SLO-based assessments.

#### 💡 Expert 1st Year Board Exam Tips:
- High priority given to SLO-based (Student Learning Outcomes) conceptual questions.
- Review the past 5-year past paper repeated questions highlighted in this chapter.
- Practice neat presentation with headings, bullet points, and boxed numerical answers for scoring maximum marks."
Chemistry Class 11 - Unit 12 Long Questions (New),Chemistry,11,PCTB (Punjab Curriculum & Textbook Board),CHAPTER_WISE,1,Long Questions,TaleemCity / PakParcha,https://drive.google.com/file/d/1Ct5NOhD0k1KQjseUlqmOgtyIYm8NMpbh/preview,"### Comprehensive 1st Year / Class 11 Chemistry (Chapter 1) Notes & Solutions (HSSC-I)

Get the best 1st Year (Class 11 / HSSC Part 1) Chemistry notes for **Chemistry Class 11 - Unit 12 Long Questions (New)**. These high-yield study materials are designed strictly according to the latest National Curriculum 2025–2026, Punjab Curriculum & Textbook Board (PCTB), and Federal Board (FBISE) syllabus standards.

#### 📌 What's Included in this 11th Class Chemistry Guide:
1. **Topic-wise Short Questions & Conceptual Answers:** Comprehensive answers with high-scoring keywords, scientific terminology, and clear definitions.
2. **Solved Long Questions & Detailed Derivations:** Step-by-step explanations, labeled diagrams, mathematical derivations, and board-standard structured headings.
3. **Multiple Choice Questions (Solved MCQs):** High-frequency exam MCQs with 100% verified correct options and conceptual rationales.
4. **Textbook Exercise Solutions & Solved Numericals:** Complete, step-by-step solutions to all textbook review questions, exercises, and numerical problems with standard formulas and units.

#### 🏛️ Applicable for All Intermediate Boards across Pakistan:
- **Punjab Boards:** Lahore, Rawalpindi, Gujranwala, Faisalabad, Multan, Sargodha, Sahiwal, Bahawalpur, and DG Khan Board.
- **Federal Board (FBISE):** Islamabad Model Colleges, Army Public Schools & Overseas Examination Centers.
- **KPK, Sindh & Balochistan Boards:** Fully compliant with Single National Curriculum SLO-based assessments.

#### 💡 Expert 1st Year Board Exam Tips:
- High priority given to SLO-based (Student Learning Outcomes) conceptual questions.
- Review the past 5-year past paper repeated questions highlighted in this chapter.
- Practice neat presentation with headings, bullet points, and boxed numerical answers for scoring maximum marks."
Chemistry Class 11 - Unit 12 MCQ-s (New),Chemistry,11,PCTB (Punjab Curriculum & Textbook Board),CHAPTER_WISE,1,Solved MCQs,TaleemCity / PakParcha,https://drive.google.com/file/d/1FaVymv7bsWg7p4XZZgeEwhtkV41LTyR_/preview,"### Comprehensive 1st Year / Class 11 Chemistry (Chapter 1) Notes & Solutions (HSSC-I)

Get the best 1st Year (Class 11 / HSSC Part 1) Chemistry notes for **Chemistry Class 11 - Unit 12 MCQ-s (New)**. These high-yield study materials are designed strictly according to the latest National Curriculum 2025–2026, Punjab Curriculum & Textbook Board (PCTB), and Federal Board (FBISE) syllabus standards.

#### 📌 What's Included in this 11th Class Chemistry Guide:
1. **Topic-wise Short Questions & Conceptual Answers:** Comprehensive answers with high-scoring keywords, scientific terminology, and clear definitions.
2. **Solved Long Questions & Detailed Derivations:** Step-by-step explanations, labeled diagrams, mathematical derivations, and board-standard structured headings.
3. **Multiple Choice Questions (Solved MCQs):** High-frequency exam MCQs with 100% verified correct options and conceptual rationales.
4. **Textbook Exercise Solutions & Solved Numericals:** Complete, step-by-step solutions to all textbook review questions, exercises, and numerical problems with standard formulas and units.

#### 🏛️ Applicable for All Intermediate Boards across Pakistan:
- **Punjab Boards:** Lahore, Rawalpindi, Gujranwala, Faisalabad, Multan, Sargodha, Sahiwal, Bahawalpur, and DG Khan Board.
- **Federal Board (FBISE):** Islamabad Model Colleges, Army Public Schools & Overseas Examination Centers.
- **KPK, Sindh & Balochistan Boards:** Fully compliant with Single National Curriculum SLO-based assessments.

#### 💡 Expert 1st Year Board Exam Tips:
- High priority given to SLO-based (Student Learning Outcomes) conceptual questions.
- Review the past 5-year past paper repeated questions highlighted in this chapter.
- Practice neat presentation with headings, bullet points, and boxed numerical answers for scoring maximum marks."
Chemistry Class 11 - Unit 12 Short Questions (New),Chemistry,11,PCTB (Punjab Curriculum & Textbook Board),CHAPTER_WISE,1,Short Questions,TaleemCity / PakParcha,https://drive.google.com/file/d/1veON93P8VQOxsnxotyckiNoCsPxn3OH6/preview,"### Comprehensive 1st Year / Class 11 Chemistry (Chapter 1) Notes & Solutions (HSSC-I)

Get the best 1st Year (Class 11 / HSSC Part 1) Chemistry notes for **Chemistry Class 11 - Unit 12 Short Questions (New)**. These high-yield study materials are designed strictly according to the latest National Curriculum 2025–2026, Punjab Curriculum & Textbook Board (PCTB), and Federal Board (FBISE) syllabus standards.

#### 📌 What's Included in this 11th Class Chemistry Guide:
1. **Topic-wise Short Questions & Conceptual Answers:** Comprehensive answers with high-scoring keywords, scientific terminology, and clear definitions.
2. **Solved Long Questions & Detailed Derivations:** Step-by-step explanations, labeled diagrams, mathematical derivations, and board-standard structured headings.
3. **Multiple Choice Questions (Solved MCQs):** High-frequency exam MCQs with 100% verified correct options and conceptual rationales.
4. **Textbook Exercise Solutions & Solved Numericals:** Complete, step-by-step solutions to all textbook review questions, exercises, and numerical problems with standard formulas and units.

#### 🏛️ Applicable for All Intermediate Boards across Pakistan:
- **Punjab Boards:** Lahore, Rawalpindi, Gujranwala, Faisalabad, Multan, Sargodha, Sahiwal, Bahawalpur, and DG Khan Board.
- **Federal Board (FBISE):** Islamabad Model Colleges, Army Public Schools & Overseas Examination Centers.
- **KPK, Sindh & Balochistan Boards:** Fully compliant with Single National Curriculum SLO-based assessments.

#### 💡 Expert 1st Year Board Exam Tips:
- High priority given to SLO-based (Student Learning Outcomes) conceptual questions.
- Review the past 5-year past paper repeated questions highlighted in this chapter.
- Practice neat presentation with headings, bullet points, and boxed numerical answers for scoring maximum marks."
Chemistry Class 11 - Unit 13 Long Questions (New),Chemistry,11,PCTB (Punjab Curriculum & Textbook Board),CHAPTER_WISE,1,Long Questions,TaleemCity / PakParcha,https://drive.google.com/file/d/1kmwFnLTSaJeQFRXys1xNPgIVlhndUOXo/preview,"### Comprehensive 1st Year / Class 11 Chemistry (Chapter 1) Notes & Solutions (HSSC-I)

Get the best 1st Year (Class 11 / HSSC Part 1) Chemistry notes for **Chemistry Class 11 - Unit 13 Long Questions (New)**. These high-yield study materials are designed strictly according to the latest National Curriculum 2025–2026, Punjab Curriculum & Textbook Board (PCTB), and Federal Board (FBISE) syllabus standards.

#### 📌 What's Included in this 11th Class Chemistry Guide:
1. **Topic-wise Short Questions & Conceptual Answers:** Comprehensive answers with high-scoring keywords, scientific terminology, and clear definitions.
2. **Solved Long Questions & Detailed Derivations:** Step-by-step explanations, labeled diagrams, mathematical derivations, and board-standard structured headings.
3. **Multiple Choice Questions (Solved MCQs):** High-frequency exam MCQs with 100% verified correct options and conceptual rationales.
4. **Textbook Exercise Solutions & Solved Numericals:** Complete, step-by-step solutions to all textbook review questions, exercises, and numerical problems with standard formulas and units.

#### 🏛️ Applicable for All Intermediate Boards across Pakistan:
- **Punjab Boards:** Lahore, Rawalpindi, Gujranwala, Faisalabad, Multan, Sargodha, Sahiwal, Bahawalpur, and DG Khan Board.
- **Federal Board (FBISE):** Islamabad Model Colleges, Army Public Schools & Overseas Examination Centers.
- **KPK, Sindh & Balochistan Boards:** Fully compliant with Single National Curriculum SLO-based assessments.

#### 💡 Expert 1st Year Board Exam Tips:
- High priority given to SLO-based (Student Learning Outcomes) conceptual questions.
- Review the past 5-year past paper repeated questions highlighted in this chapter.
- Practice neat presentation with headings, bullet points, and boxed numerical answers for scoring maximum marks."
Chemistry Class 11 - Unit 13 MCQ-s (New),Chemistry,11,PCTB (Punjab Curriculum & Textbook Board),CHAPTER_WISE,1,Solved MCQs,TaleemCity / PakParcha,https://drive.google.com/file/d/1ZVLaLboUxdc4xzThaX6b0xC87RCFWlcd/preview,"### Comprehensive 1st Year / Class 11 Chemistry (Chapter 1) Notes & Solutions (HSSC-I)

Get the best 1st Year (Class 11 / HSSC Part 1) Chemistry notes for **Chemistry Class 11 - Unit 13 MCQ-s (New)**. These high-yield study materials are designed strictly according to the latest National Curriculum 2025–2026, Punjab Curriculum & Textbook Board (PCTB), and Federal Board (FBISE) syllabus standards.

#### 📌 What's Included in this 11th Class Chemistry Guide:
1. **Topic-wise Short Questions & Conceptual Answers:** Comprehensive answers with high-scoring keywords, scientific terminology, and clear definitions.
2. **Solved Long Questions & Detailed Derivations:** Step-by-step explanations, labeled diagrams, mathematical derivations, and board-standard structured headings.
3. **Multiple Choice Questions (Solved MCQs):** High-frequency exam MCQs with 100% verified correct options and conceptual rationales.
4. **Textbook Exercise Solutions & Solved Numericals:** Complete, step-by-step solutions to all textbook review questions, exercises, and numerical problems with standard formulas and units.

#### 🏛️ Applicable for All Intermediate Boards across Pakistan:
- **Punjab Boards:** Lahore, Rawalpindi, Gujranwala, Faisalabad, Multan, Sargodha, Sahiwal, Bahawalpur, and DG Khan Board.
- **Federal Board (FBISE):** Islamabad Model Colleges, Army Public Schools & Overseas Examination Centers.
- **KPK, Sindh & Balochistan Boards:** Fully compliant with Single National Curriculum SLO-based assessments.

#### 💡 Expert 1st Year Board Exam Tips:
- High priority given to SLO-based (Student Learning Outcomes) conceptual questions.
- Review the past 5-year past paper repeated questions highlighted in this chapter.
- Practice neat presentation with headings, bullet points, and boxed numerical answers for scoring maximum marks."
Chemistry Class 11 - Unit 13 Short Questions (New),Chemistry,11,PCTB (Punjab Curriculum & Textbook Board),CHAPTER_WISE,1,Short Questions,TaleemCity / PakParcha,https://drive.google.com/file/d/1vq_3uX52X4tjP3TiZkf46N21UB4YqFKI/preview,"### Comprehensive 1st Year / Class 11 Chemistry (Chapter 1) Notes & Solutions (HSSC-I)

Get the best 1st Year (Class 11 / HSSC Part 1) Chemistry notes for **Chemistry Class 11 - Unit 13 Short Questions (New)**. These high-yield study materials are designed strictly according to the latest National Curriculum 2025–2026, Punjab Curriculum & Textbook Board (PCTB), and Federal Board (FBISE) syllabus standards.

#### 📌 What's Included in this 11th Class Chemistry Guide:
1. **Topic-wise Short Questions & Conceptual Answers:** Comprehensive answers with high-scoring keywords, scientific terminology, and clear definitions.
2. **Solved Long Questions & Detailed Derivations:** Step-by-step explanations, labeled diagrams, mathematical derivations, and board-standard structured headings.
3. **Multiple Choice Questions (Solved MCQs):** High-frequency exam MCQs with 100% verified correct options and conceptual rationales.
4. **Textbook Exercise Solutions & Solved Numericals:** Complete, step-by-step solutions to all textbook review questions, exercises, and numerical problems with standard formulas and units.

#### 🏛️ Applicable for All Intermediate Boards across Pakistan:
- **Punjab Boards:** Lahore, Rawalpindi, Gujranwala, Faisalabad, Multan, Sargodha, Sahiwal, Bahawalpur, and DG Khan Board.
- **Federal Board (FBISE):** Islamabad Model Colleges, Army Public Schools & Overseas Examination Centers.
- **KPK, Sindh & Balochistan Boards:** Fully compliant with Single National Curriculum SLO-based assessments.

#### 💡 Expert 1st Year Board Exam Tips:
- High priority given to SLO-based (Student Learning Outcomes) conceptual questions.
- Review the past 5-year past paper repeated questions highlighted in this chapter.
- Practice neat presentation with headings, bullet points, and boxed numerical answers for scoring maximum marks."
Chemistry Class 11 - Unit 14 Long Questions (New),Chemistry,11,PCTB (Punjab Curriculum & Textbook Board),CHAPTER_WISE,1,Long Questions,TaleemCity / PakParcha,https://drive.google.com/file/d/12KmUchE1A2-NDoHTcYu8sl1w7O1WGX9w/preview,"### Comprehensive 1st Year / Class 11 Chemistry (Chapter 1) Notes & Solutions (HSSC-I)

Get the best 1st Year (Class 11 / HSSC Part 1) Chemistry notes for **Chemistry Class 11 - Unit 14 Long Questions (New)**. These high-yield study materials are designed strictly according to the latest National Curriculum 2025–2026, Punjab Curriculum & Textbook Board (PCTB), and Federal Board (FBISE) syllabus standards.

#### 📌 What's Included in this 11th Class Chemistry Guide:
1. **Topic-wise Short Questions & Conceptual Answers:** Comprehensive answers with high-scoring keywords, scientific terminology, and clear definitions.
2. **Solved Long Questions & Detailed Derivations:** Step-by-step explanations, labeled diagrams, mathematical derivations, and board-standard structured headings.
3. **Multiple Choice Questions (Solved MCQs):** High-frequency exam MCQs with 100% verified correct options and conceptual rationales.
4. **Textbook Exercise Solutions & Solved Numericals:** Complete, step-by-step solutions to all textbook review questions, exercises, and numerical problems with standard formulas and units.

#### 🏛️ Applicable for All Intermediate Boards across Pakistan:
- **Punjab Boards:** Lahore, Rawalpindi, Gujranwala, Faisalabad, Multan, Sargodha, Sahiwal, Bahawalpur, and DG Khan Board.
- **Federal Board (FBISE):** Islamabad Model Colleges, Army Public Schools & Overseas Examination Centers.
- **KPK, Sindh & Balochistan Boards:** Fully compliant with Single National Curriculum SLO-based assessments.

#### 💡 Expert 1st Year Board Exam Tips:
- High priority given to SLO-based (Student Learning Outcomes) conceptual questions.
- Review the past 5-year past paper repeated questions highlighted in this chapter.
- Practice neat presentation with headings, bullet points, and boxed numerical answers for scoring maximum marks."
Chemistry Class 11 - Unit 14 MCQ-s (New),Chemistry,11,PCTB (Punjab Curriculum & Textbook Board),CHAPTER_WISE,1,Solved MCQs,TaleemCity / PakParcha,https://drive.google.com/file/d/1aw4BGhDFET89wTqmiiCiKvcUyWPcXzh1/preview,"### Comprehensive 1st Year / Class 11 Chemistry (Chapter 1) Notes & Solutions (HSSC-I)

Get the best 1st Year (Class 11 / HSSC Part 1) Chemistry notes for **Chemistry Class 11 - Unit 14 MCQ-s (New)**. These high-yield study materials are designed strictly according to the latest National Curriculum 2025–2026, Punjab Curriculum & Textbook Board (PCTB), and Federal Board (FBISE) syllabus standards.

#### 📌 What's Included in this 11th Class Chemistry Guide:
1. **Topic-wise Short Questions & Conceptual Answers:** Comprehensive answers with high-scoring keywords, scientific terminology, and clear definitions.
2. **Solved Long Questions & Detailed Derivations:** Step-by-step explanations, labeled diagrams, mathematical derivations, and board-standard structured headings.
3. **Multiple Choice Questions (Solved MCQs):** High-frequency exam MCQs with 100% verified correct options and conceptual rationales.
4. **Textbook Exercise Solutions & Solved Numericals:** Complete, step-by-step solutions to all textbook review questions, exercises, and numerical problems with standard formulas and units.

#### 🏛️ Applicable for All Intermediate Boards across Pakistan:
- **Punjab Boards:** Lahore, Rawalpindi, Gujranwala, Faisalabad, Multan, Sargodha, Sahiwal, Bahawalpur, and DG Khan Board.
- **Federal Board (FBISE):** Islamabad Model Colleges, Army Public Schools & Overseas Examination Centers.
- **KPK, Sindh & Balochistan Boards:** Fully compliant with Single National Curriculum SLO-based assessments.

#### 💡 Expert 1st Year Board Exam Tips:
- High priority given to SLO-based (Student Learning Outcomes) conceptual questions.
- Review the past 5-year past paper repeated questions highlighted in this chapter.
- Practice neat presentation with headings, bullet points, and boxed numerical answers for scoring maximum marks."
Chemistry Class 11 - Unit 14 Short Questions (New),Chemistry,11,PCTB (Punjab Curriculum & Textbook Board),CHAPTER_WISE,1,Short Questions,TaleemCity / PakParcha,https://drive.google.com/file/d/1888etwEx_95lQdB90Lt8a3DIUcUKjOuJ/preview,"### Comprehensive 1st Year / Class 11 Chemistry (Chapter 1) Notes & Solutions (HSSC-I)

Get the best 1st Year (Class 11 / HSSC Part 1) Chemistry notes for **Chemistry Class 11 - Unit 14 Short Questions (New)**. These high-yield study materials are designed strictly according to the latest National Curriculum 2025–2026, Punjab Curriculum & Textbook Board (PCTB), and Federal Board (FBISE) syllabus standards.

#### 📌 What's Included in this 11th Class Chemistry Guide:
1. **Topic-wise Short Questions & Conceptual Answers:** Comprehensive answers with high-scoring keywords, scientific terminology, and clear definitions.
2. **Solved Long Questions & Detailed Derivations:** Step-by-step explanations, labeled diagrams, mathematical derivations, and board-standard structured headings.
3. **Multiple Choice Questions (Solved MCQs):** High-frequency exam MCQs with 100% verified correct options and conceptual rationales.
4. **Textbook Exercise Solutions & Solved Numericals:** Complete, step-by-step solutions to all textbook review questions, exercises, and numerical problems with standard formulas and units.

#### 🏛️ Applicable for All Intermediate Boards across Pakistan:
- **Punjab Boards:** Lahore, Rawalpindi, Gujranwala, Faisalabad, Multan, Sargodha, Sahiwal, Bahawalpur, and DG Khan Board.
- **Federal Board (FBISE):** Islamabad Model Colleges, Army Public Schools & Overseas Examination Centers.
- **KPK, Sindh & Balochistan Boards:** Fully compliant with Single National Curriculum SLO-based assessments.

#### 💡 Expert 1st Year Board Exam Tips:
- High priority given to SLO-based (Student Learning Outcomes) conceptual questions.
- Review the past 5-year past paper repeated questions highlighted in this chapter.
- Practice neat presentation with headings, bullet points, and boxed numerical answers for scoring maximum marks."
Chemistry Class 11 - Unit 15 Long Questions (New),Chemistry,11,PCTB (Punjab Curriculum & Textbook Board),CHAPTER_WISE,1,Long Questions,TaleemCity / PakParcha,https://drive.google.com/file/d/18M5lUoq0Q_x8AyrOns7qVVzItJnBOmut/preview,"### Comprehensive 1st Year / Class 11 Chemistry (Chapter 1) Notes & Solutions (HSSC-I)

Get the best 1st Year (Class 11 / HSSC Part 1) Chemistry notes for **Chemistry Class 11 - Unit 15 Long Questions (New)**. These high-yield study materials are designed strictly according to the latest National Curriculum 2025–2026, Punjab Curriculum & Textbook Board (PCTB), and Federal Board (FBISE) syllabus standards.

#### 📌 What's Included in this 11th Class Chemistry Guide:
1. **Topic-wise Short Questions & Conceptual Answers:** Comprehensive answers with high-scoring keywords, scientific terminology, and clear definitions.
2. **Solved Long Questions & Detailed Derivations:** Step-by-step explanations, labeled diagrams, mathematical derivations, and board-standard structured headings.
3. **Multiple Choice Questions (Solved MCQs):** High-frequency exam MCQs with 100% verified correct options and conceptual rationales.
4. **Textbook Exercise Solutions & Solved Numericals:** Complete, step-by-step solutions to all textbook review questions, exercises, and numerical problems with standard formulas and units.

#### 🏛️ Applicable for All Intermediate Boards across Pakistan:
- **Punjab Boards:** Lahore, Rawalpindi, Gujranwala, Faisalabad, Multan, Sargodha, Sahiwal, Bahawalpur, and DG Khan Board.
- **Federal Board (FBISE):** Islamabad Model Colleges, Army Public Schools & Overseas Examination Centers.
- **KPK, Sindh & Balochistan Boards:** Fully compliant with Single National Curriculum SLO-based assessments.

#### 💡 Expert 1st Year Board Exam Tips:
- High priority given to SLO-based (Student Learning Outcomes) conceptual questions.
- Review the past 5-year past paper repeated questions highlighted in this chapter.
- Practice neat presentation with headings, bullet points, and boxed numerical answers for scoring maximum marks."
Chemistry Class 11 - Unit 15 MCQ-s (New),Chemistry,11,PCTB (Punjab Curriculum & Textbook Board),CHAPTER_WISE,1,Solved MCQs,TaleemCity / PakParcha,https://drive.google.com/file/d/1g9vjcUJ8ww9cmZBglFBQw9k1QhRcdAbZ/preview,"### Comprehensive 1st Year / Class 11 Chemistry (Chapter 1) Notes & Solutions (HSSC-I)

Get the best 1st Year (Class 11 / HSSC Part 1) Chemistry notes for **Chemistry Class 11 - Unit 15 MCQ-s (New)**. These high-yield study materials are designed strictly according to the latest National Curriculum 2025–2026, Punjab Curriculum & Textbook Board (PCTB), and Federal Board (FBISE) syllabus standards.

#### 📌 What's Included in this 11th Class Chemistry Guide:
1. **Topic-wise Short Questions & Conceptual Answers:** Comprehensive answers with high-scoring keywords, scientific terminology, and clear definitions.
2. **Solved Long Questions & Detailed Derivations:** Step-by-step explanations, labeled diagrams, mathematical derivations, and board-standard structured headings.
3. **Multiple Choice Questions (Solved MCQs):** High-frequency exam MCQs with 100% verified correct options and conceptual rationales.
4. **Textbook Exercise Solutions & Solved Numericals:** Complete, step-by-step solutions to all textbook review questions, exercises, and numerical problems with standard formulas and units.

#### 🏛️ Applicable for All Intermediate Boards across Pakistan:
- **Punjab Boards:** Lahore, Rawalpindi, Gujranwala, Faisalabad, Multan, Sargodha, Sahiwal, Bahawalpur, and DG Khan Board.
- **Federal Board (FBISE):** Islamabad Model Colleges, Army Public Schools & Overseas Examination Centers.
- **KPK, Sindh & Balochistan Boards:** Fully compliant with Single National Curriculum SLO-based assessments.

#### 💡 Expert 1st Year Board Exam Tips:
- High priority given to SLO-based (Student Learning Outcomes) conceptual questions.
- Review the past 5-year past paper repeated questions highlighted in this chapter.
- Practice neat presentation with headings, bullet points, and boxed numerical answers for scoring maximum marks."
Chemistry Class 11 - Unit 15 Short Questions (New),Chemistry,11,PCTB (Punjab Curriculum & Textbook Board),CHAPTER_WISE,1,Short Questions,TaleemCity / PakParcha,https://drive.google.com/file/d/1FLUKI-IexUxpMbu6ud9RJKeBh6pMdrNL/preview,"### Comprehensive 1st Year / Class 11 Chemistry (Chapter 1) Notes & Solutions (HSSC-I)

Get the best 1st Year (Class 11 / HSSC Part 1) Chemistry notes for **Chemistry Class 11 - Unit 15 Short Questions (New)**. These high-yield study materials are designed strictly according to the latest National Curriculum 2025–2026, Punjab Curriculum & Textbook Board (PCTB), and Federal Board (FBISE) syllabus standards.

#### 📌 What's Included in this 11th Class Chemistry Guide:
1. **Topic-wise Short Questions & Conceptual Answers:** Comprehensive answers with high-scoring keywords, scientific terminology, and clear definitions.
2. **Solved Long Questions & Detailed Derivations:** Step-by-step explanations, labeled diagrams, mathematical derivations, and board-standard structured headings.
3. **Multiple Choice Questions (Solved MCQs):** High-frequency exam MCQs with 100% verified correct options and conceptual rationales.
4. **Textbook Exercise Solutions & Solved Numericals:** Complete, step-by-step solutions to all textbook review questions, exercises, and numerical problems with standard formulas and units.

#### 🏛️ Applicable for All Intermediate Boards across Pakistan:
- **Punjab Boards:** Lahore, Rawalpindi, Gujranwala, Faisalabad, Multan, Sargodha, Sahiwal, Bahawalpur, and DG Khan Board.
- **Federal Board (FBISE):** Islamabad Model Colleges, Army Public Schools & Overseas Examination Centers.
- **KPK, Sindh & Balochistan Boards:** Fully compliant with Single National Curriculum SLO-based assessments.

#### 💡 Expert 1st Year Board Exam Tips:
- High priority given to SLO-based (Student Learning Outcomes) conceptual questions.
- Review the past 5-year past paper repeated questions highlighted in this chapter.
- Practice neat presentation with headings, bullet points, and boxed numerical answers for scoring maximum marks."
Chemistry Class 11 - Unit 16 Long Questions (New),Chemistry,11,PCTB (Punjab Curriculum & Textbook Board),CHAPTER_WISE,1,Long Questions,TaleemCity / PakParcha,https://drive.google.com/file/d/1CW1VbGqvKvSuGZSkcbud7p4WtN9v_UWc/preview,"### Comprehensive 1st Year / Class 11 Chemistry (Chapter 1) Notes & Solutions (HSSC-I)

Get the best 1st Year (Class 11 / HSSC Part 1) Chemistry notes for **Chemistry Class 11 - Unit 16 Long Questions (New)**. These high-yield study materials are designed strictly according to the latest National Curriculum 2025–2026, Punjab Curriculum & Textbook Board (PCTB), and Federal Board (FBISE) syllabus standards.

#### 📌 What's Included in this 11th Class Chemistry Guide:
1. **Topic-wise Short Questions & Conceptual Answers:** Comprehensive answers with high-scoring keywords, scientific terminology, and clear definitions.
2. **Solved Long Questions & Detailed Derivations:** Step-by-step explanations, labeled diagrams, mathematical derivations, and board-standard structured headings.
3. **Multiple Choice Questions (Solved MCQs):** High-frequency exam MCQs with 100% verified correct options and conceptual rationales.
4. **Textbook Exercise Solutions & Solved Numericals:** Complete, step-by-step solutions to all textbook review questions, exercises, and numerical problems with standard formulas and units.

#### 🏛️ Applicable for All Intermediate Boards across Pakistan:
- **Punjab Boards:** Lahore, Rawalpindi, Gujranwala, Faisalabad, Multan, Sargodha, Sahiwal, Bahawalpur, and DG Khan Board.
- **Federal Board (FBISE):** Islamabad Model Colleges, Army Public Schools & Overseas Examination Centers.
- **KPK, Sindh & Balochistan Boards:** Fully compliant with Single National Curriculum SLO-based assessments.

#### 💡 Expert 1st Year Board Exam Tips:
- High priority given to SLO-based (Student Learning Outcomes) conceptual questions.
- Review the past 5-year past paper repeated questions highlighted in this chapter.
- Practice neat presentation with headings, bullet points, and boxed numerical answers for scoring maximum marks."
Chemistry Class 11 - Unit 16 MCQ-s (New),Chemistry,11,PCTB (Punjab Curriculum & Textbook Board),CHAPTER_WISE,1,Solved MCQs,TaleemCity / PakParcha,https://drive.google.com/file/d/1WfHXuofJBca9C_wmyMREW3l0eFmFD3Rr/preview,"### Comprehensive 1st Year / Class 11 Chemistry (Chapter 1) Notes & Solutions (HSSC-I)

Get the best 1st Year (Class 11 / HSSC Part 1) Chemistry notes for **Chemistry Class 11 - Unit 16 MCQ-s (New)**. These high-yield study materials are designed strictly according to the latest National Curriculum 2025–2026, Punjab Curriculum & Textbook Board (PCTB), and Federal Board (FBISE) syllabus standards.

#### 📌 What's Included in this 11th Class Chemistry Guide:
1. **Topic-wise Short Questions & Conceptual Answers:** Comprehensive answers with high-scoring keywords, scientific terminology, and clear definitions.
2. **Solved Long Questions & Detailed Derivations:** Step-by-step explanations, labeled diagrams, mathematical derivations, and board-standard structured headings.
3. **Multiple Choice Questions (Solved MCQs):** High-frequency exam MCQs with 100% verified correct options and conceptual rationales.
4. **Textbook Exercise Solutions & Solved Numericals:** Complete, step-by-step solutions to all textbook review questions, exercises, and numerical problems with standard formulas and units.

#### 🏛️ Applicable for All Intermediate Boards across Pakistan:
- **Punjab Boards:** Lahore, Rawalpindi, Gujranwala, Faisalabad, Multan, Sargodha, Sahiwal, Bahawalpur, and DG Khan Board.
- **Federal Board (FBISE):** Islamabad Model Colleges, Army Public Schools & Overseas Examination Centers.
- **KPK, Sindh & Balochistan Boards:** Fully compliant with Single National Curriculum SLO-based assessments.

#### 💡 Expert 1st Year Board Exam Tips:
- High priority given to SLO-based (Student Learning Outcomes) conceptual questions.
- Review the past 5-year past paper repeated questions highlighted in this chapter.
- Practice neat presentation with headings, bullet points, and boxed numerical answers for scoring maximum marks."
Chemistry Class 11 - Unit 16 Short Questions (New),Chemistry,11,PCTB (Punjab Curriculum & Textbook Board),CHAPTER_WISE,1,Short Questions,TaleemCity / PakParcha,https://drive.google.com/file/d/1dN_3zpszhvhD4KYb_Sr2U1UiqoJPlS4F/preview,"### Comprehensive 1st Year / Class 11 Chemistry (Chapter 1) Notes & Solutions (HSSC-I)

Get the best 1st Year (Class 11 / HSSC Part 1) Chemistry notes for **Chemistry Class 11 - Unit 16 Short Questions (New)**. These high-yield study materials are designed strictly according to the latest National Curriculum 2025–2026, Punjab Curriculum & Textbook Board (PCTB), and Federal Board (FBISE) syllabus standards.

#### 📌 What's Included in this 11th Class Chemistry Guide:
1. **Topic-wise Short Questions & Conceptual Answers:** Comprehensive answers with high-scoring keywords, scientific terminology, and clear definitions.
2. **Solved Long Questions & Detailed Derivations:** Step-by-step explanations, labeled diagrams, mathematical derivations, and board-standard structured headings.
3. **Multiple Choice Questions (Solved MCQs):** High-frequency exam MCQs with 100% verified correct options and conceptual rationales.
4. **Textbook Exercise Solutions & Solved Numericals:** Complete, step-by-step solutions to all textbook review questions, exercises, and numerical problems with standard formulas and units.

#### 🏛️ Applicable for All Intermediate Boards across Pakistan:
- **Punjab Boards:** Lahore, Rawalpindi, Gujranwala, Faisalabad, Multan, Sargodha, Sahiwal, Bahawalpur, and DG Khan Board.
- **Federal Board (FBISE):** Islamabad Model Colleges, Army Public Schools & Overseas Examination Centers.
- **KPK, Sindh & Balochistan Boards:** Fully compliant with Single National Curriculum SLO-based assessments.

#### 💡 Expert 1st Year Board Exam Tips:
- High priority given to SLO-based (Student Learning Outcomes) conceptual questions.
- Review the past 5-year past paper repeated questions highlighted in this chapter.
- Practice neat presentation with headings, bullet points, and boxed numerical answers for scoring maximum marks."
Chemistry Class 11 - Full Book Complete Notes,Chemistry,11,PCTB (Punjab Curriculum & Textbook Board),FULL_BOOK,,Full Book Complete,TaleemCity / PakParcha,https://drive.google.com/file/d/1piMNqV6AI1jAC8nftmzQEhJV7olqMcU8/preview,"### Comprehensive 1st Year / Class 11 Chemistry (Full Book Complete Syllabus) Notes & Solutions (HSSC-I)

Get the best 1st Year (Class 11 / HSSC Part 1) Chemistry notes for **Chemistry Class 11 - Full Book Complete Notes**. These high-yield study materials are designed strictly according to the latest National Curriculum 2025–2026, Punjab Curriculum & Textbook Board (PCTB), and Federal Board (FBISE) syllabus standards.

#### 📌 What's Included in this 11th Class Chemistry Guide:
1. **Topic-wise Short Questions & Conceptual Answers:** Comprehensive answers with high-scoring keywords, scientific terminology, and clear definitions.
2. **Solved Long Questions & Detailed Derivations:** Step-by-step explanations, labeled diagrams, mathematical derivations, and board-standard structured headings.
3. **Multiple Choice Questions (Solved MCQs):** High-frequency exam MCQs with 100% verified correct options and conceptual rationales.
4. **Textbook Exercise Solutions & Solved Numericals:** Complete, step-by-step solutions to all textbook review questions, exercises, and numerical problems with standard formulas and units.

#### 🏛️ Applicable for All Intermediate Boards across Pakistan:
- **Punjab Boards:** Lahore, Rawalpindi, Gujranwala, Faisalabad, Multan, Sargodha, Sahiwal, Bahawalpur, and DG Khan Board.
- **Federal Board (FBISE):** Islamabad Model Colleges, Army Public Schools & Overseas Examination Centers.
- **KPK, Sindh & Balochistan Boards:** Fully compliant with Single National Curriculum SLO-based assessments.

#### 💡 Expert 1st Year Board Exam Tips:
- High priority given to SLO-based (Student Learning Outcomes) conceptual questions.
- Review the past 5-year past paper repeated questions highlighted in this chapter.
- Practice neat presentation with headings, bullet points, and boxed numerical answers for scoring maximum marks."
Computer Science Class 11 - Unit 01 Exercise Questions (New),Computer Science,11,PCTB (Punjab Curriculum & Textbook Board),CHAPTER_WISE,1,Solved Numericals,TaleemCity / PakParcha,https://drive.google.com/file/d/1zzTxzWElAbfL61cDhHcSZCw9CBYZS_E2/preview,"### Comprehensive 1st Year / Class 11 Computer Science (Chapter 1) Notes & Solutions (HSSC-I)

Get the best 1st Year (Class 11 / HSSC Part 1) Computer Science notes for **Computer Science Class 11 - Unit 01 Exercise Questions (New)**. These high-yield study materials are designed strictly according to the latest National Curriculum 2025–2026, Punjab Curriculum & Textbook Board (PCTB), and Federal Board (FBISE) syllabus standards.

#### 📌 What's Included in this 11th Class Computer Science Guide:
1. **Topic-wise Short Questions & Conceptual Answers:** Comprehensive answers with high-scoring keywords, scientific terminology, and clear definitions.
2. **Solved Long Questions & Detailed Derivations:** Step-by-step explanations, labeled diagrams, mathematical derivations, and board-standard structured headings.
3. **Multiple Choice Questions (Solved MCQs):** High-frequency exam MCQs with 100% verified correct options and conceptual rationales.
4. **Textbook Exercise Solutions & Solved Numericals:** Complete, step-by-step solutions to all textbook review questions, exercises, and numerical problems with standard formulas and units.

#### 🏛️ Applicable for All Intermediate Boards across Pakistan:
- **Punjab Boards:** Lahore, Rawalpindi, Gujranwala, Faisalabad, Multan, Sargodha, Sahiwal, Bahawalpur, and DG Khan Board.
- **Federal Board (FBISE):** Islamabad Model Colleges, Army Public Schools & Overseas Examination Centers.
- **KPK, Sindh & Balochistan Boards:** Fully compliant with Single National Curriculum SLO-based assessments.

#### 💡 Expert 1st Year Board Exam Tips:
- High priority given to SLO-based (Student Learning Outcomes) conceptual questions.
- Review the past 5-year past paper repeated questions highlighted in this chapter.
- Practice neat presentation with headings, bullet points, and boxed numerical answers for scoring maximum marks."
Computer Science Class 11 - Unit 01 Long Questions (New),Computer Science,11,PCTB (Punjab Curriculum & Textbook Board),CHAPTER_WISE,1,Long Questions,TaleemCity / PakParcha,https://drive.google.com/file/d/1nx4xD1Ewd0ypmqk2qBAywvmp_r63KxVm/preview,"### Comprehensive 1st Year / Class 11 Computer Science (Chapter 1) Notes & Solutions (HSSC-I)

Get the best 1st Year (Class 11 / HSSC Part 1) Computer Science notes for **Computer Science Class 11 - Unit 01 Long Questions (New)**. These high-yield study materials are designed strictly according to the latest National Curriculum 2025–2026, Punjab Curriculum & Textbook Board (PCTB), and Federal Board (FBISE) syllabus standards.

#### 📌 What's Included in this 11th Class Computer Science Guide:
1. **Topic-wise Short Questions & Conceptual Answers:** Comprehensive answers with high-scoring keywords, scientific terminology, and clear definitions.
2. **Solved Long Questions & Detailed Derivations:** Step-by-step explanations, labeled diagrams, mathematical derivations, and board-standard structured headings.
3. **Multiple Choice Questions (Solved MCQs):** High-frequency exam MCQs with 100% verified correct options and conceptual rationales.
4. **Textbook Exercise Solutions & Solved Numericals:** Complete, step-by-step solutions to all textbook review questions, exercises, and numerical problems with standard formulas and units.

#### 🏛️ Applicable for All Intermediate Boards across Pakistan:
- **Punjab Boards:** Lahore, Rawalpindi, Gujranwala, Faisalabad, Multan, Sargodha, Sahiwal, Bahawalpur, and DG Khan Board.
- **Federal Board (FBISE):** Islamabad Model Colleges, Army Public Schools & Overseas Examination Centers.
- **KPK, Sindh & Balochistan Boards:** Fully compliant with Single National Curriculum SLO-based assessments.

#### 💡 Expert 1st Year Board Exam Tips:
- High priority given to SLO-based (Student Learning Outcomes) conceptual questions.
- Review the past 5-year past paper repeated questions highlighted in this chapter.
- Practice neat presentation with headings, bullet points, and boxed numerical answers for scoring maximum marks."
Computer Science Class 11 - Unit 01 MCQ's (New),Computer Science,11,PCTB (Punjab Curriculum & Textbook Board),CHAPTER_WISE,1,Solved MCQs,TaleemCity / PakParcha,https://drive.google.com/file/d/1Ux8OT5PRtiamHhfNoLKAxQx9wp0eEkdN/preview,"### Comprehensive 1st Year / Class 11 Computer Science (Chapter 1) Notes & Solutions (HSSC-I)

Get the best 1st Year (Class 11 / HSSC Part 1) Computer Science notes for **Computer Science Class 11 - Unit 01 MCQ's (New)**. These high-yield study materials are designed strictly according to the latest National Curriculum 2025–2026, Punjab Curriculum & Textbook Board (PCTB), and Federal Board (FBISE) syllabus standards.

#### 📌 What's Included in this 11th Class Computer Science Guide:
1. **Topic-wise Short Questions & Conceptual Answers:** Comprehensive answers with high-scoring keywords, scientific terminology, and clear definitions.
2. **Solved Long Questions & Detailed Derivations:** Step-by-step explanations, labeled diagrams, mathematical derivations, and board-standard structured headings.
3. **Multiple Choice Questions (Solved MCQs):** High-frequency exam MCQs with 100% verified correct options and conceptual rationales.
4. **Textbook Exercise Solutions & Solved Numericals:** Complete, step-by-step solutions to all textbook review questions, exercises, and numerical problems with standard formulas and units.

#### 🏛️ Applicable for All Intermediate Boards across Pakistan:
- **Punjab Boards:** Lahore, Rawalpindi, Gujranwala, Faisalabad, Multan, Sargodha, Sahiwal, Bahawalpur, and DG Khan Board.
- **Federal Board (FBISE):** Islamabad Model Colleges, Army Public Schools & Overseas Examination Centers.
- **KPK, Sindh & Balochistan Boards:** Fully compliant with Single National Curriculum SLO-based assessments.

#### 💡 Expert 1st Year Board Exam Tips:
- High priority given to SLO-based (Student Learning Outcomes) conceptual questions.
- Review the past 5-year past paper repeated questions highlighted in this chapter.
- Practice neat presentation with headings, bullet points, and boxed numerical answers for scoring maximum marks."
Computer Science Class 11 - Unit 01 Short Questions (New),Computer Science,11,PCTB (Punjab Curriculum & Textbook Board),CHAPTER_WISE,1,Short Questions,TaleemCity / PakParcha,https://drive.google.com/file/d/1sTs9Vd7nw8BOmSyMs60aqIjaK2hRqu6O/preview,"### Comprehensive 1st Year / Class 11 Computer Science (Chapter 1) Notes & Solutions (HSSC-I)

Get the best 1st Year (Class 11 / HSSC Part 1) Computer Science notes for **Computer Science Class 11 - Unit 01 Short Questions (New)**. These high-yield study materials are designed strictly according to the latest National Curriculum 2025–2026, Punjab Curriculum & Textbook Board (PCTB), and Federal Board (FBISE) syllabus standards.

#### 📌 What's Included in this 11th Class Computer Science Guide:
1. **Topic-wise Short Questions & Conceptual Answers:** Comprehensive answers with high-scoring keywords, scientific terminology, and clear definitions.
2. **Solved Long Questions & Detailed Derivations:** Step-by-step explanations, labeled diagrams, mathematical derivations, and board-standard structured headings.
3. **Multiple Choice Questions (Solved MCQs):** High-frequency exam MCQs with 100% verified correct options and conceptual rationales.
4. **Textbook Exercise Solutions & Solved Numericals:** Complete, step-by-step solutions to all textbook review questions, exercises, and numerical problems with standard formulas and units.

#### 🏛️ Applicable for All Intermediate Boards across Pakistan:
- **Punjab Boards:** Lahore, Rawalpindi, Gujranwala, Faisalabad, Multan, Sargodha, Sahiwal, Bahawalpur, and DG Khan Board.
- **Federal Board (FBISE):** Islamabad Model Colleges, Army Public Schools & Overseas Examination Centers.
- **KPK, Sindh & Balochistan Boards:** Fully compliant with Single National Curriculum SLO-based assessments.

#### 💡 Expert 1st Year Board Exam Tips:
- High priority given to SLO-based (Student Learning Outcomes) conceptual questions.
- Review the past 5-year past paper repeated questions highlighted in this chapter.
- Practice neat presentation with headings, bullet points, and boxed numerical answers for scoring maximum marks."
Computer Science Class 11 - Unit 02 Exercise Questions (New),Computer Science,11,PCTB (Punjab Curriculum & Textbook Board),CHAPTER_WISE,1,Solved Numericals,TaleemCity / PakParcha,https://drive.google.com/file/d/1nUdLr64QbJhE06rOaIatCnU8U5pt1xMD/preview,"### Comprehensive 1st Year / Class 11 Computer Science (Chapter 1) Notes & Solutions (HSSC-I)

Get the best 1st Year (Class 11 / HSSC Part 1) Computer Science notes for **Computer Science Class 11 - Unit 02 Exercise Questions (New)**. These high-yield study materials are designed strictly according to the latest National Curriculum 2025–2026, Punjab Curriculum & Textbook Board (PCTB), and Federal Board (FBISE) syllabus standards.

#### 📌 What's Included in this 11th Class Computer Science Guide:
1. **Topic-wise Short Questions & Conceptual Answers:** Comprehensive answers with high-scoring keywords, scientific terminology, and clear definitions.
2. **Solved Long Questions & Detailed Derivations:** Step-by-step explanations, labeled diagrams, mathematical derivations, and board-standard structured headings.
3. **Multiple Choice Questions (Solved MCQs):** High-frequency exam MCQs with 100% verified correct options and conceptual rationales.
4. **Textbook Exercise Solutions & Solved Numericals:** Complete, step-by-step solutions to all textbook review questions, exercises, and numerical problems with standard formulas and units.

#### 🏛️ Applicable for All Intermediate Boards across Pakistan:
- **Punjab Boards:** Lahore, Rawalpindi, Gujranwala, Faisalabad, Multan, Sargodha, Sahiwal, Bahawalpur, and DG Khan Board.
- **Federal Board (FBISE):** Islamabad Model Colleges, Army Public Schools & Overseas Examination Centers.
- **KPK, Sindh & Balochistan Boards:** Fully compliant with Single National Curriculum SLO-based assessments.

#### 💡 Expert 1st Year Board Exam Tips:
- High priority given to SLO-based (Student Learning Outcomes) conceptual questions.
- Review the past 5-year past paper repeated questions highlighted in this chapter.
- Practice neat presentation with headings, bullet points, and boxed numerical answers for scoring maximum marks."
Computer Science Class 11 - Unit 02 Long Questions (New),Computer Science,11,PCTB (Punjab Curriculum & Textbook Board),CHAPTER_WISE,1,Long Questions,TaleemCity / PakParcha,https://drive.google.com/file/d/1eZBvpGs2QPTOiHSHIq5OPNagl-wZU5uZ/preview,"### Comprehensive 1st Year / Class 11 Computer Science (Chapter 1) Notes & Solutions (HSSC-I)

Get the best 1st Year (Class 11 / HSSC Part 1) Computer Science notes for **Computer Science Class 11 - Unit 02 Long Questions (New)**. These high-yield study materials are designed strictly according to the latest National Curriculum 2025–2026, Punjab Curriculum & Textbook Board (PCTB), and Federal Board (FBISE) syllabus standards.

#### 📌 What's Included in this 11th Class Computer Science Guide:
1. **Topic-wise Short Questions & Conceptual Answers:** Comprehensive answers with high-scoring keywords, scientific terminology, and clear definitions.
2. **Solved Long Questions & Detailed Derivations:** Step-by-step explanations, labeled diagrams, mathematical derivations, and board-standard structured headings.
3. **Multiple Choice Questions (Solved MCQs):** High-frequency exam MCQs with 100% verified correct options and conceptual rationales.
4. **Textbook Exercise Solutions & Solved Numericals:** Complete, step-by-step solutions to all textbook review questions, exercises, and numerical problems with standard formulas and units.

#### 🏛️ Applicable for All Intermediate Boards across Pakistan:
- **Punjab Boards:** Lahore, Rawalpindi, Gujranwala, Faisalabad, Multan, Sargodha, Sahiwal, Bahawalpur, and DG Khan Board.
- **Federal Board (FBISE):** Islamabad Model Colleges, Army Public Schools & Overseas Examination Centers.
- **KPK, Sindh & Balochistan Boards:** Fully compliant with Single National Curriculum SLO-based assessments.

#### 💡 Expert 1st Year Board Exam Tips:
- High priority given to SLO-based (Student Learning Outcomes) conceptual questions.
- Review the past 5-year past paper repeated questions highlighted in this chapter.
- Practice neat presentation with headings, bullet points, and boxed numerical answers for scoring maximum marks."
Computer Science Class 11 - Unit 02 MCQ's (New),Computer Science,11,PCTB (Punjab Curriculum & Textbook Board),CHAPTER_WISE,1,Solved MCQs,TaleemCity / PakParcha,https://drive.google.com/file/d/1h82RTk5MgD4rgqJe3qjs0QkDJreH1CvR/preview,"### Comprehensive 1st Year / Class 11 Computer Science (Chapter 1) Notes & Solutions (HSSC-I)

Get the best 1st Year (Class 11 / HSSC Part 1) Computer Science notes for **Computer Science Class 11 - Unit 02 MCQ's (New)**. These high-yield study materials are designed strictly according to the latest National Curriculum 2025–2026, Punjab Curriculum & Textbook Board (PCTB), and Federal Board (FBISE) syllabus standards.

#### 📌 What's Included in this 11th Class Computer Science Guide:
1. **Topic-wise Short Questions & Conceptual Answers:** Comprehensive answers with high-scoring keywords, scientific terminology, and clear definitions.
2. **Solved Long Questions & Detailed Derivations:** Step-by-step explanations, labeled diagrams, mathematical derivations, and board-standard structured headings.
3. **Multiple Choice Questions (Solved MCQs):** High-frequency exam MCQs with 100% verified correct options and conceptual rationales.
4. **Textbook Exercise Solutions & Solved Numericals:** Complete, step-by-step solutions to all textbook review questions, exercises, and numerical problems with standard formulas and units.

#### 🏛️ Applicable for All Intermediate Boards across Pakistan:
- **Punjab Boards:** Lahore, Rawalpindi, Gujranwala, Faisalabad, Multan, Sargodha, Sahiwal, Bahawalpur, and DG Khan Board.
- **Federal Board (FBISE):** Islamabad Model Colleges, Army Public Schools & Overseas Examination Centers.
- **KPK, Sindh & Balochistan Boards:** Fully compliant with Single National Curriculum SLO-based assessments.

#### 💡 Expert 1st Year Board Exam Tips:
- High priority given to SLO-based (Student Learning Outcomes) conceptual questions.
- Review the past 5-year past paper repeated questions highlighted in this chapter.
- Practice neat presentation with headings, bullet points, and boxed numerical answers for scoring maximum marks."
Computer Science Class 11 - Unit 02 Short Questions (New),Computer Science,11,PCTB (Punjab Curriculum & Textbook Board),CHAPTER_WISE,1,Short Questions,TaleemCity / PakParcha,https://drive.google.com/file/d/1EnyKvo9Ue58_usAFoccYNPYa9NJ6vkFR/preview,"### Comprehensive 1st Year / Class 11 Computer Science (Chapter 1) Notes & Solutions (HSSC-I)

Get the best 1st Year (Class 11 / HSSC Part 1) Computer Science notes for **Computer Science Class 11 - Unit 02 Short Questions (New)**. These high-yield study materials are designed strictly according to the latest National Curriculum 2025–2026, Punjab Curriculum & Textbook Board (PCTB), and Federal Board (FBISE) syllabus standards.

#### 📌 What's Included in this 11th Class Computer Science Guide:
1. **Topic-wise Short Questions & Conceptual Answers:** Comprehensive answers with high-scoring keywords, scientific terminology, and clear definitions.
2. **Solved Long Questions & Detailed Derivations:** Step-by-step explanations, labeled diagrams, mathematical derivations, and board-standard structured headings.
3. **Multiple Choice Questions (Solved MCQs):** High-frequency exam MCQs with 100% verified correct options and conceptual rationales.
4. **Textbook Exercise Solutions & Solved Numericals:** Complete, step-by-step solutions to all textbook review questions, exercises, and numerical problems with standard formulas and units.

#### 🏛️ Applicable for All Intermediate Boards across Pakistan:
- **Punjab Boards:** Lahore, Rawalpindi, Gujranwala, Faisalabad, Multan, Sargodha, Sahiwal, Bahawalpur, and DG Khan Board.
- **Federal Board (FBISE):** Islamabad Model Colleges, Army Public Schools & Overseas Examination Centers.
- **KPK, Sindh & Balochistan Boards:** Fully compliant with Single National Curriculum SLO-based assessments.

#### 💡 Expert 1st Year Board Exam Tips:
- High priority given to SLO-based (Student Learning Outcomes) conceptual questions.
- Review the past 5-year past paper repeated questions highlighted in this chapter.
- Practice neat presentation with headings, bullet points, and boxed numerical answers for scoring maximum marks."
Computer Science Class 11 - Unit 03 Exercise Questions (New),Computer Science,11,PCTB (Punjab Curriculum & Textbook Board),CHAPTER_WISE,1,Solved Numericals,TaleemCity / PakParcha,https://drive.google.com/file/d/1T5Lh6aDB4FtSzFruJA7jdoBufuwfsuRq/preview,"### Comprehensive 1st Year / Class 11 Computer Science (Chapter 1) Notes & Solutions (HSSC-I)

Get the best 1st Year (Class 11 / HSSC Part 1) Computer Science notes for **Computer Science Class 11 - Unit 03 Exercise Questions (New)**. These high-yield study materials are designed strictly according to the latest National Curriculum 2025–2026, Punjab Curriculum & Textbook Board (PCTB), and Federal Board (FBISE) syllabus standards.

#### 📌 What's Included in this 11th Class Computer Science Guide:
1. **Topic-wise Short Questions & Conceptual Answers:** Comprehensive answers with high-scoring keywords, scientific terminology, and clear definitions.
2. **Solved Long Questions & Detailed Derivations:** Step-by-step explanations, labeled diagrams, mathematical derivations, and board-standard structured headings.
3. **Multiple Choice Questions (Solved MCQs):** High-frequency exam MCQs with 100% verified correct options and conceptual rationales.
4. **Textbook Exercise Solutions & Solved Numericals:** Complete, step-by-step solutions to all textbook review questions, exercises, and numerical problems with standard formulas and units.

#### 🏛️ Applicable for All Intermediate Boards across Pakistan:
- **Punjab Boards:** Lahore, Rawalpindi, Gujranwala, Faisalabad, Multan, Sargodha, Sahiwal, Bahawalpur, and DG Khan Board.
- **Federal Board (FBISE):** Islamabad Model Colleges, Army Public Schools & Overseas Examination Centers.
- **KPK, Sindh & Balochistan Boards:** Fully compliant with Single National Curriculum SLO-based assessments.

#### 💡 Expert 1st Year Board Exam Tips:
- High priority given to SLO-based (Student Learning Outcomes) conceptual questions.
- Review the past 5-year past paper repeated questions highlighted in this chapter.
- Practice neat presentation with headings, bullet points, and boxed numerical answers for scoring maximum marks."
Computer Science Class 11 - Unit 03 Long Questions (New),Computer Science,11,PCTB (Punjab Curriculum & Textbook Board),CHAPTER_WISE,1,Long Questions,TaleemCity / PakParcha,https://drive.google.com/file/d/1gCaG7iH_kqdeY8zrJXX7T_6hPAKRqUXx/preview,"### Comprehensive 1st Year / Class 11 Computer Science (Chapter 1) Notes & Solutions (HSSC-I)

Get the best 1st Year (Class 11 / HSSC Part 1) Computer Science notes for **Computer Science Class 11 - Unit 03 Long Questions (New)**. These high-yield study materials are designed strictly according to the latest National Curriculum 2025–2026, Punjab Curriculum & Textbook Board (PCTB), and Federal Board (FBISE) syllabus standards.

#### 📌 What's Included in this 11th Class Computer Science Guide:
1. **Topic-wise Short Questions & Conceptual Answers:** Comprehensive answers with high-scoring keywords, scientific terminology, and clear definitions.
2. **Solved Long Questions & Detailed Derivations:** Step-by-step explanations, labeled diagrams, mathematical derivations, and board-standard structured headings.
3. **Multiple Choice Questions (Solved MCQs):** High-frequency exam MCQs with 100% verified correct options and conceptual rationales.
4. **Textbook Exercise Solutions & Solved Numericals:** Complete, step-by-step solutions to all textbook review questions, exercises, and numerical problems with standard formulas and units.

#### 🏛️ Applicable for All Intermediate Boards across Pakistan:
- **Punjab Boards:** Lahore, Rawalpindi, Gujranwala, Faisalabad, Multan, Sargodha, Sahiwal, Bahawalpur, and DG Khan Board.
- **Federal Board (FBISE):** Islamabad Model Colleges, Army Public Schools & Overseas Examination Centers.
- **KPK, Sindh & Balochistan Boards:** Fully compliant with Single National Curriculum SLO-based assessments.

#### 💡 Expert 1st Year Board Exam Tips:
- High priority given to SLO-based (Student Learning Outcomes) conceptual questions.
- Review the past 5-year past paper repeated questions highlighted in this chapter.
- Practice neat presentation with headings, bullet points, and boxed numerical answers for scoring maximum marks."
Computer Science Class 11 - Unit 03 MCQ's (New),Computer Science,11,PCTB (Punjab Curriculum & Textbook Board),CHAPTER_WISE,1,Solved MCQs,TaleemCity / PakParcha,https://drive.google.com/file/d/14yZEc9WYUpPyRIP_6cGTUxkGiu1PfcSF/preview,"### Comprehensive 1st Year / Class 11 Computer Science (Chapter 1) Notes & Solutions (HSSC-I)

Get the best 1st Year (Class 11 / HSSC Part 1) Computer Science notes for **Computer Science Class 11 - Unit 03 MCQ's (New)**. These high-yield study materials are designed strictly according to the latest National Curriculum 2025–2026, Punjab Curriculum & Textbook Board (PCTB), and Federal Board (FBISE) syllabus standards.

#### 📌 What's Included in this 11th Class Computer Science Guide:
1. **Topic-wise Short Questions & Conceptual Answers:** Comprehensive answers with high-scoring keywords, scientific terminology, and clear definitions.
2. **Solved Long Questions & Detailed Derivations:** Step-by-step explanations, labeled diagrams, mathematical derivations, and board-standard structured headings.
3. **Multiple Choice Questions (Solved MCQs):** High-frequency exam MCQs with 100% verified correct options and conceptual rationales.
4. **Textbook Exercise Solutions & Solved Numericals:** Complete, step-by-step solutions to all textbook review questions, exercises, and numerical problems with standard formulas and units.

#### 🏛️ Applicable for All Intermediate Boards across Pakistan:
- **Punjab Boards:** Lahore, Rawalpindi, Gujranwala, Faisalabad, Multan, Sargodha, Sahiwal, Bahawalpur, and DG Khan Board.
- **Federal Board (FBISE):** Islamabad Model Colleges, Army Public Schools & Overseas Examination Centers.
- **KPK, Sindh & Balochistan Boards:** Fully compliant with Single National Curriculum SLO-based assessments.

#### 💡 Expert 1st Year Board Exam Tips:
- High priority given to SLO-based (Student Learning Outcomes) conceptual questions.
- Review the past 5-year past paper repeated questions highlighted in this chapter.
- Practice neat presentation with headings, bullet points, and boxed numerical answers for scoring maximum marks."
Computer Science Class 11 - Unit 03 Short Questions (New),Computer Science,11,PCTB (Punjab Curriculum & Textbook Board),CHAPTER_WISE,1,Short Questions,TaleemCity / PakParcha,https://drive.google.com/file/d/1H_JbYE92-Ie7TKVwiqniLrqn0xMr_j46/preview,"### Comprehensive 1st Year / Class 11 Computer Science (Chapter 1) Notes & Solutions (HSSC-I)

Get the best 1st Year (Class 11 / HSSC Part 1) Computer Science notes for **Computer Science Class 11 - Unit 03 Short Questions (New)**. These high-yield study materials are designed strictly according to the latest National Curriculum 2025–2026, Punjab Curriculum & Textbook Board (PCTB), and Federal Board (FBISE) syllabus standards.

#### 📌 What's Included in this 11th Class Computer Science Guide:
1. **Topic-wise Short Questions & Conceptual Answers:** Comprehensive answers with high-scoring keywords, scientific terminology, and clear definitions.
2. **Solved Long Questions & Detailed Derivations:** Step-by-step explanations, labeled diagrams, mathematical derivations, and board-standard structured headings.
3. **Multiple Choice Questions (Solved MCQs):** High-frequency exam MCQs with 100% verified correct options and conceptual rationales.
4. **Textbook Exercise Solutions & Solved Numericals:** Complete, step-by-step solutions to all textbook review questions, exercises, and numerical problems with standard formulas and units.

#### 🏛️ Applicable for All Intermediate Boards across Pakistan:
- **Punjab Boards:** Lahore, Rawalpindi, Gujranwala, Faisalabad, Multan, Sargodha, Sahiwal, Bahawalpur, and DG Khan Board.
- **Federal Board (FBISE):** Islamabad Model Colleges, Army Public Schools & Overseas Examination Centers.
- **KPK, Sindh & Balochistan Boards:** Fully compliant with Single National Curriculum SLO-based assessments.

#### 💡 Expert 1st Year Board Exam Tips:
- High priority given to SLO-based (Student Learning Outcomes) conceptual questions.
- Review the past 5-year past paper repeated questions highlighted in this chapter.
- Practice neat presentation with headings, bullet points, and boxed numerical answers for scoring maximum marks."
Computer Science Class 11 - Unit 04 Exercise Questions (New),Computer Science,11,PCTB (Punjab Curriculum & Textbook Board),CHAPTER_WISE,1,Solved Numericals,TaleemCity / PakParcha,https://drive.google.com/file/d/1Dg0risq2kiA_ECu1cYFH8W8UoJxpPMeq/preview,"### Comprehensive 1st Year / Class 11 Computer Science (Chapter 1) Notes & Solutions (HSSC-I)

Get the best 1st Year (Class 11 / HSSC Part 1) Computer Science notes for **Computer Science Class 11 - Unit 04 Exercise Questions (New)**. These high-yield study materials are designed strictly according to the latest National Curriculum 2025–2026, Punjab Curriculum & Textbook Board (PCTB), and Federal Board (FBISE) syllabus standards.

#### 📌 What's Included in this 11th Class Computer Science Guide:
1. **Topic-wise Short Questions & Conceptual Answers:** Comprehensive answers with high-scoring keywords, scientific terminology, and clear definitions.
2. **Solved Long Questions & Detailed Derivations:** Step-by-step explanations, labeled diagrams, mathematical derivations, and board-standard structured headings.
3. **Multiple Choice Questions (Solved MCQs):** High-frequency exam MCQs with 100% verified correct options and conceptual rationales.
4. **Textbook Exercise Solutions & Solved Numericals:** Complete, step-by-step solutions to all textbook review questions, exercises, and numerical problems with standard formulas and units.

#### 🏛️ Applicable for All Intermediate Boards across Pakistan:
- **Punjab Boards:** Lahore, Rawalpindi, Gujranwala, Faisalabad, Multan, Sargodha, Sahiwal, Bahawalpur, and DG Khan Board.
- **Federal Board (FBISE):** Islamabad Model Colleges, Army Public Schools & Overseas Examination Centers.
- **KPK, Sindh & Balochistan Boards:** Fully compliant with Single National Curriculum SLO-based assessments.

#### 💡 Expert 1st Year Board Exam Tips:
- High priority given to SLO-based (Student Learning Outcomes) conceptual questions.
- Review the past 5-year past paper repeated questions highlighted in this chapter.
- Practice neat presentation with headings, bullet points, and boxed numerical answers for scoring maximum marks."
Computer Science Class 11 - Unit 04 Long Questions (New),Computer Science,11,PCTB (Punjab Curriculum & Textbook Board),CHAPTER_WISE,1,Long Questions,TaleemCity / PakParcha,https://drive.google.com/file/d/1cZPJugNvWbiAne8ubqnrMWIsDhmIiSia/preview,"### Comprehensive 1st Year / Class 11 Computer Science (Chapter 1) Notes & Solutions (HSSC-I)

Get the best 1st Year (Class 11 / HSSC Part 1) Computer Science notes for **Computer Science Class 11 - Unit 04 Long Questions (New)**. These high-yield study materials are designed strictly according to the latest National Curriculum 2025–2026, Punjab Curriculum & Textbook Board (PCTB), and Federal Board (FBISE) syllabus standards.

#### 📌 What's Included in this 11th Class Computer Science Guide:
1. **Topic-wise Short Questions & Conceptual Answers:** Comprehensive answers with high-scoring keywords, scientific terminology, and clear definitions.
2. **Solved Long Questions & Detailed Derivations:** Step-by-step explanations, labeled diagrams, mathematical derivations, and board-standard structured headings.
3. **Multiple Choice Questions (Solved MCQs):** High-frequency exam MCQs with 100% verified correct options and conceptual rationales.
4. **Textbook Exercise Solutions & Solved Numericals:** Complete, step-by-step solutions to all textbook review questions, exercises, and numerical problems with standard formulas and units.

#### 🏛️ Applicable for All Intermediate Boards across Pakistan:
- **Punjab Boards:** Lahore, Rawalpindi, Gujranwala, Faisalabad, Multan, Sargodha, Sahiwal, Bahawalpur, and DG Khan Board.
- **Federal Board (FBISE):** Islamabad Model Colleges, Army Public Schools & Overseas Examination Centers.
- **KPK, Sindh & Balochistan Boards:** Fully compliant with Single National Curriculum SLO-based assessments.

#### 💡 Expert 1st Year Board Exam Tips:
- High priority given to SLO-based (Student Learning Outcomes) conceptual questions.
- Review the past 5-year past paper repeated questions highlighted in this chapter.
- Practice neat presentation with headings, bullet points, and boxed numerical answers for scoring maximum marks."
Computer Science Class 11 - Unit 04 MCQ's (New),Computer Science,11,PCTB (Punjab Curriculum & Textbook Board),CHAPTER_WISE,1,Solved MCQs,TaleemCity / PakParcha,https://drive.google.com/file/d/1F5DiKspseyUdhGtHKVUe4Zkf09u2fRON/preview,"### Comprehensive 1st Year / Class 11 Computer Science (Chapter 1) Notes & Solutions (HSSC-I)

Get the best 1st Year (Class 11 / HSSC Part 1) Computer Science notes for **Computer Science Class 11 - Unit 04 MCQ's (New)**. These high-yield study materials are designed strictly according to the latest National Curriculum 2025–2026, Punjab Curriculum & Textbook Board (PCTB), and Federal Board (FBISE) syllabus standards.

#### 📌 What's Included in this 11th Class Computer Science Guide:
1. **Topic-wise Short Questions & Conceptual Answers:** Comprehensive answers with high-scoring keywords, scientific terminology, and clear definitions.
2. **Solved Long Questions & Detailed Derivations:** Step-by-step explanations, labeled diagrams, mathematical derivations, and board-standard structured headings.
3. **Multiple Choice Questions (Solved MCQs):** High-frequency exam MCQs with 100% verified correct options and conceptual rationales.
4. **Textbook Exercise Solutions & Solved Numericals:** Complete, step-by-step solutions to all textbook review questions, exercises, and numerical problems with standard formulas and units.

#### 🏛️ Applicable for All Intermediate Boards across Pakistan:
- **Punjab Boards:** Lahore, Rawalpindi, Gujranwala, Faisalabad, Multan, Sargodha, Sahiwal, Bahawalpur, and DG Khan Board.
- **Federal Board (FBISE):** Islamabad Model Colleges, Army Public Schools & Overseas Examination Centers.
- **KPK, Sindh & Balochistan Boards:** Fully compliant with Single National Curriculum SLO-based assessments.

#### 💡 Expert 1st Year Board Exam Tips:
- High priority given to SLO-based (Student Learning Outcomes) conceptual questions.
- Review the past 5-year past paper repeated questions highlighted in this chapter.
- Practice neat presentation with headings, bullet points, and boxed numerical answers for scoring maximum marks."
Computer Science Class 11 - Unit 04 Short Questions (New),Computer Science,11,PCTB (Punjab Curriculum & Textbook Board),CHAPTER_WISE,1,Short Questions,TaleemCity / PakParcha,https://drive.google.com/file/d/1FGh12TY9CO-NgcDt9_tliGFHHBDBjWuK/preview,"### Comprehensive 1st Year / Class 11 Computer Science (Chapter 1) Notes & Solutions (HSSC-I)

Get the best 1st Year (Class 11 / HSSC Part 1) Computer Science notes for **Computer Science Class 11 - Unit 04 Short Questions (New)**. These high-yield study materials are designed strictly according to the latest National Curriculum 2025–2026, Punjab Curriculum & Textbook Board (PCTB), and Federal Board (FBISE) syllabus standards.

#### 📌 What's Included in this 11th Class Computer Science Guide:
1. **Topic-wise Short Questions & Conceptual Answers:** Comprehensive answers with high-scoring keywords, scientific terminology, and clear definitions.
2. **Solved Long Questions & Detailed Derivations:** Step-by-step explanations, labeled diagrams, mathematical derivations, and board-standard structured headings.
3. **Multiple Choice Questions (Solved MCQs):** High-frequency exam MCQs with 100% verified correct options and conceptual rationales.
4. **Textbook Exercise Solutions & Solved Numericals:** Complete, step-by-step solutions to all textbook review questions, exercises, and numerical problems with standard formulas and units.

#### 🏛️ Applicable for All Intermediate Boards across Pakistan:
- **Punjab Boards:** Lahore, Rawalpindi, Gujranwala, Faisalabad, Multan, Sargodha, Sahiwal, Bahawalpur, and DG Khan Board.
- **Federal Board (FBISE):** Islamabad Model Colleges, Army Public Schools & Overseas Examination Centers.
- **KPK, Sindh & Balochistan Boards:** Fully compliant with Single National Curriculum SLO-based assessments.

#### 💡 Expert 1st Year Board Exam Tips:
- High priority given to SLO-based (Student Learning Outcomes) conceptual questions.
- Review the past 5-year past paper repeated questions highlighted in this chapter.
- Practice neat presentation with headings, bullet points, and boxed numerical answers for scoring maximum marks."
Computer Science Class 11 - Unit 05 Exercise Questions (New),Computer Science,11,PCTB (Punjab Curriculum & Textbook Board),CHAPTER_WISE,1,Solved Numericals,TaleemCity / PakParcha,https://drive.google.com/file/d/17tgrhIuniLaC2y5wHHgxPldXmAoI5EZ0/preview,"### Comprehensive 1st Year / Class 11 Computer Science (Chapter 1) Notes & Solutions (HSSC-I)

Get the best 1st Year (Class 11 / HSSC Part 1) Computer Science notes for **Computer Science Class 11 - Unit 05 Exercise Questions (New)**. These high-yield study materials are designed strictly according to the latest National Curriculum 2025–2026, Punjab Curriculum & Textbook Board (PCTB), and Federal Board (FBISE) syllabus standards.

#### 📌 What's Included in this 11th Class Computer Science Guide:
1. **Topic-wise Short Questions & Conceptual Answers:** Comprehensive answers with high-scoring keywords, scientific terminology, and clear definitions.
2. **Solved Long Questions & Detailed Derivations:** Step-by-step explanations, labeled diagrams, mathematical derivations, and board-standard structured headings.
3. **Multiple Choice Questions (Solved MCQs):** High-frequency exam MCQs with 100% verified correct options and conceptual rationales.
4. **Textbook Exercise Solutions & Solved Numericals:** Complete, step-by-step solutions to all textbook review questions, exercises, and numerical problems with standard formulas and units.

#### 🏛️ Applicable for All Intermediate Boards across Pakistan:
- **Punjab Boards:** Lahore, Rawalpindi, Gujranwala, Faisalabad, Multan, Sargodha, Sahiwal, Bahawalpur, and DG Khan Board.
- **Federal Board (FBISE):** Islamabad Model Colleges, Army Public Schools & Overseas Examination Centers.
- **KPK, Sindh & Balochistan Boards:** Fully compliant with Single National Curriculum SLO-based assessments.

#### 💡 Expert 1st Year Board Exam Tips:
- High priority given to SLO-based (Student Learning Outcomes) conceptual questions.
- Review the past 5-year past paper repeated questions highlighted in this chapter.
- Practice neat presentation with headings, bullet points, and boxed numerical answers for scoring maximum marks."
Computer Science Class 11 - Unit 05 Long Questions (New),Computer Science,11,PCTB (Punjab Curriculum & Textbook Board),CHAPTER_WISE,1,Long Questions,TaleemCity / PakParcha,https://drive.google.com/file/d/1g1sSbHZDRWFVoAkoDqCnwJ-3dV6eL9um/preview,"### Comprehensive 1st Year / Class 11 Computer Science (Chapter 1) Notes & Solutions (HSSC-I)

Get the best 1st Year (Class 11 / HSSC Part 1) Computer Science notes for **Computer Science Class 11 - Unit 05 Long Questions (New)**. These high-yield study materials are designed strictly according to the latest National Curriculum 2025–2026, Punjab Curriculum & Textbook Board (PCTB), and Federal Board (FBISE) syllabus standards.

#### 📌 What's Included in this 11th Class Computer Science Guide:
1. **Topic-wise Short Questions & Conceptual Answers:** Comprehensive answers with high-scoring keywords, scientific terminology, and clear definitions.
2. **Solved Long Questions & Detailed Derivations:** Step-by-step explanations, labeled diagrams, mathematical derivations, and board-standard structured headings.
3. **Multiple Choice Questions (Solved MCQs):** High-frequency exam MCQs with 100% verified correct options and conceptual rationales.
4. **Textbook Exercise Solutions & Solved Numericals:** Complete, step-by-step solutions to all textbook review questions, exercises, and numerical problems with standard formulas and units.

#### 🏛️ Applicable for All Intermediate Boards across Pakistan:
- **Punjab Boards:** Lahore, Rawalpindi, Gujranwala, Faisalabad, Multan, Sargodha, Sahiwal, Bahawalpur, and DG Khan Board.
- **Federal Board (FBISE):** Islamabad Model Colleges, Army Public Schools & Overseas Examination Centers.
- **KPK, Sindh & Balochistan Boards:** Fully compliant with Single National Curriculum SLO-based assessments.

#### 💡 Expert 1st Year Board Exam Tips:
- High priority given to SLO-based (Student Learning Outcomes) conceptual questions.
- Review the past 5-year past paper repeated questions highlighted in this chapter.
- Practice neat presentation with headings, bullet points, and boxed numerical answers for scoring maximum marks."
Computer Science Class 11 - Unit 05 MCQ's (New),Computer Science,11,PCTB (Punjab Curriculum & Textbook Board),CHAPTER_WISE,1,Solved MCQs,TaleemCity / PakParcha,https://drive.google.com/file/d/1Y2w9OISrIGTynPoAug9QiMBScawNJPDD/preview,"### Comprehensive 1st Year / Class 11 Computer Science (Chapter 1) Notes & Solutions (HSSC-I)

Get the best 1st Year (Class 11 / HSSC Part 1) Computer Science notes for **Computer Science Class 11 - Unit 05 MCQ's (New)**. These high-yield study materials are designed strictly according to the latest National Curriculum 2025–2026, Punjab Curriculum & Textbook Board (PCTB), and Federal Board (FBISE) syllabus standards.

#### 📌 What's Included in this 11th Class Computer Science Guide:
1. **Topic-wise Short Questions & Conceptual Answers:** Comprehensive answers with high-scoring keywords, scientific terminology, and clear definitions.
2. **Solved Long Questions & Detailed Derivations:** Step-by-step explanations, labeled diagrams, mathematical derivations, and board-standard structured headings.
3. **Multiple Choice Questions (Solved MCQs):** High-frequency exam MCQs with 100% verified correct options and conceptual rationales.
4. **Textbook Exercise Solutions & Solved Numericals:** Complete, step-by-step solutions to all textbook review questions, exercises, and numerical problems with standard formulas and units.

#### 🏛️ Applicable for All Intermediate Boards across Pakistan:
- **Punjab Boards:** Lahore, Rawalpindi, Gujranwala, Faisalabad, Multan, Sargodha, Sahiwal, Bahawalpur, and DG Khan Board.
- **Federal Board (FBISE):** Islamabad Model Colleges, Army Public Schools & Overseas Examination Centers.
- **KPK, Sindh & Balochistan Boards:** Fully compliant with Single National Curriculum SLO-based assessments.

#### 💡 Expert 1st Year Board Exam Tips:
- High priority given to SLO-based (Student Learning Outcomes) conceptual questions.
- Review the past 5-year past paper repeated questions highlighted in this chapter.
- Practice neat presentation with headings, bullet points, and boxed numerical answers for scoring maximum marks."
Computer Science Class 11 - Unit 05 Short Questions (New),Computer Science,11,PCTB (Punjab Curriculum & Textbook Board),CHAPTER_WISE,1,Short Questions,TaleemCity / PakParcha,https://drive.google.com/file/d/1R_Wb9a-nCBRGoK6_jbib5-5h88z1GHqj/preview,"### Comprehensive 1st Year / Class 11 Computer Science (Chapter 1) Notes & Solutions (HSSC-I)

Get the best 1st Year (Class 11 / HSSC Part 1) Computer Science notes for **Computer Science Class 11 - Unit 05 Short Questions (New)**. These high-yield study materials are designed strictly according to the latest National Curriculum 2025–2026, Punjab Curriculum & Textbook Board (PCTB), and Federal Board (FBISE) syllabus standards.

#### 📌 What's Included in this 11th Class Computer Science Guide:
1. **Topic-wise Short Questions & Conceptual Answers:** Comprehensive answers with high-scoring keywords, scientific terminology, and clear definitions.
2. **Solved Long Questions & Detailed Derivations:** Step-by-step explanations, labeled diagrams, mathematical derivations, and board-standard structured headings.
3. **Multiple Choice Questions (Solved MCQs):** High-frequency exam MCQs with 100% verified correct options and conceptual rationales.
4. **Textbook Exercise Solutions & Solved Numericals:** Complete, step-by-step solutions to all textbook review questions, exercises, and numerical problems with standard formulas and units.

#### 🏛️ Applicable for All Intermediate Boards across Pakistan:
- **Punjab Boards:** Lahore, Rawalpindi, Gujranwala, Faisalabad, Multan, Sargodha, Sahiwal, Bahawalpur, and DG Khan Board.
- **Federal Board (FBISE):** Islamabad Model Colleges, Army Public Schools & Overseas Examination Centers.
- **KPK, Sindh & Balochistan Boards:** Fully compliant with Single National Curriculum SLO-based assessments.

#### 💡 Expert 1st Year Board Exam Tips:
- High priority given to SLO-based (Student Learning Outcomes) conceptual questions.
- Review the past 5-year past paper repeated questions highlighted in this chapter.
- Practice neat presentation with headings, bullet points, and boxed numerical answers for scoring maximum marks."
Computer Science Class 11 - Unit 06 Exercise Questions (New),Computer Science,11,PCTB (Punjab Curriculum & Textbook Board),CHAPTER_WISE,1,Solved Numericals,TaleemCity / PakParcha,https://drive.google.com/file/d/1bY4ppMf6z0egd8qGTlZ2R9RzFfQ_SYkV/preview,"### Comprehensive 1st Year / Class 11 Computer Science (Chapter 1) Notes & Solutions (HSSC-I)

Get the best 1st Year (Class 11 / HSSC Part 1) Computer Science notes for **Computer Science Class 11 - Unit 06 Exercise Questions (New)**. These high-yield study materials are designed strictly according to the latest National Curriculum 2025–2026, Punjab Curriculum & Textbook Board (PCTB), and Federal Board (FBISE) syllabus standards.

#### 📌 What's Included in this 11th Class Computer Science Guide:
1. **Topic-wise Short Questions & Conceptual Answers:** Comprehensive answers with high-scoring keywords, scientific terminology, and clear definitions.
2. **Solved Long Questions & Detailed Derivations:** Step-by-step explanations, labeled diagrams, mathematical derivations, and board-standard structured headings.
3. **Multiple Choice Questions (Solved MCQs):** High-frequency exam MCQs with 100% verified correct options and conceptual rationales.
4. **Textbook Exercise Solutions & Solved Numericals:** Complete, step-by-step solutions to all textbook review questions, exercises, and numerical problems with standard formulas and units.

#### 🏛️ Applicable for All Intermediate Boards across Pakistan:
- **Punjab Boards:** Lahore, Rawalpindi, Gujranwala, Faisalabad, Multan, Sargodha, Sahiwal, Bahawalpur, and DG Khan Board.
- **Federal Board (FBISE):** Islamabad Model Colleges, Army Public Schools & Overseas Examination Centers.
- **KPK, Sindh & Balochistan Boards:** Fully compliant with Single National Curriculum SLO-based assessments.

#### 💡 Expert 1st Year Board Exam Tips:
- High priority given to SLO-based (Student Learning Outcomes) conceptual questions.
- Review the past 5-year past paper repeated questions highlighted in this chapter.
- Practice neat presentation with headings, bullet points, and boxed numerical answers for scoring maximum marks."
Computer Science Class 11 - Unit 06 Long Questions (New),Computer Science,11,PCTB (Punjab Curriculum & Textbook Board),CHAPTER_WISE,1,Long Questions,TaleemCity / PakParcha,https://drive.google.com/file/d/1oQUFap-Erdfd5A73bC0X_ScKUNDhIkmQ/preview,"### Comprehensive 1st Year / Class 11 Computer Science (Chapter 1) Notes & Solutions (HSSC-I)

Get the best 1st Year (Class 11 / HSSC Part 1) Computer Science notes for **Computer Science Class 11 - Unit 06 Long Questions (New)**. These high-yield study materials are designed strictly according to the latest National Curriculum 2025–2026, Punjab Curriculum & Textbook Board (PCTB), and Federal Board (FBISE) syllabus standards.

#### 📌 What's Included in this 11th Class Computer Science Guide:
1. **Topic-wise Short Questions & Conceptual Answers:** Comprehensive answers with high-scoring keywords, scientific terminology, and clear definitions.
2. **Solved Long Questions & Detailed Derivations:** Step-by-step explanations, labeled diagrams, mathematical derivations, and board-standard structured headings.
3. **Multiple Choice Questions (Solved MCQs):** High-frequency exam MCQs with 100% verified correct options and conceptual rationales.
4. **Textbook Exercise Solutions & Solved Numericals:** Complete, step-by-step solutions to all textbook review questions, exercises, and numerical problems with standard formulas and units.

#### 🏛️ Applicable for All Intermediate Boards across Pakistan:
- **Punjab Boards:** Lahore, Rawalpindi, Gujranwala, Faisalabad, Multan, Sargodha, Sahiwal, Bahawalpur, and DG Khan Board.
- **Federal Board (FBISE):** Islamabad Model Colleges, Army Public Schools & Overseas Examination Centers.
- **KPK, Sindh & Balochistan Boards:** Fully compliant with Single National Curriculum SLO-based assessments.

#### 💡 Expert 1st Year Board Exam Tips:
- High priority given to SLO-based (Student Learning Outcomes) conceptual questions.
- Review the past 5-year past paper repeated questions highlighted in this chapter.
- Practice neat presentation with headings, bullet points, and boxed numerical answers for scoring maximum marks."
Computer Science Class 11 - Unit 06 MCQ's (New),Computer Science,11,PCTB (Punjab Curriculum & Textbook Board),CHAPTER_WISE,1,Solved MCQs,TaleemCity / PakParcha,https://drive.google.com/file/d/1LtLiss18gU55keQxM4G0FFgEt2-FI7SK/preview,"### Comprehensive 1st Year / Class 11 Computer Science (Chapter 1) Notes & Solutions (HSSC-I)

Get the best 1st Year (Class 11 / HSSC Part 1) Computer Science notes for **Computer Science Class 11 - Unit 06 MCQ's (New)**. These high-yield study materials are designed strictly according to the latest National Curriculum 2025–2026, Punjab Curriculum & Textbook Board (PCTB), and Federal Board (FBISE) syllabus standards.

#### 📌 What's Included in this 11th Class Computer Science Guide:
1. **Topic-wise Short Questions & Conceptual Answers:** Comprehensive answers with high-scoring keywords, scientific terminology, and clear definitions.
2. **Solved Long Questions & Detailed Derivations:** Step-by-step explanations, labeled diagrams, mathematical derivations, and board-standard structured headings.
3. **Multiple Choice Questions (Solved MCQs):** High-frequency exam MCQs with 100% verified correct options and conceptual rationales.
4. **Textbook Exercise Solutions & Solved Numericals:** Complete, step-by-step solutions to all textbook review questions, exercises, and numerical problems with standard formulas and units.

#### 🏛️ Applicable for All Intermediate Boards across Pakistan:
- **Punjab Boards:** Lahore, Rawalpindi, Gujranwala, Faisalabad, Multan, Sargodha, Sahiwal, Bahawalpur, and DG Khan Board.
- **Federal Board (FBISE):** Islamabad Model Colleges, Army Public Schools & Overseas Examination Centers.
- **KPK, Sindh & Balochistan Boards:** Fully compliant with Single National Curriculum SLO-based assessments.

#### 💡 Expert 1st Year Board Exam Tips:
- High priority given to SLO-based (Student Learning Outcomes) conceptual questions.
- Review the past 5-year past paper repeated questions highlighted in this chapter.
- Practice neat presentation with headings, bullet points, and boxed numerical answers for scoring maximum marks."
Computer Science Class 11 - Unit 06 Short Questions (New),Computer Science,11,PCTB (Punjab Curriculum & Textbook Board),CHAPTER_WISE,1,Short Questions,TaleemCity / PakParcha,https://drive.google.com/file/d/1f6uryeGfRerclJ7OxgWBdsTH-_q87Sv4/preview,"### Comprehensive 1st Year / Class 11 Computer Science (Chapter 1) Notes & Solutions (HSSC-I)

Get the best 1st Year (Class 11 / HSSC Part 1) Computer Science notes for **Computer Science Class 11 - Unit 06 Short Questions (New)**. These high-yield study materials are designed strictly according to the latest National Curriculum 2025–2026, Punjab Curriculum & Textbook Board (PCTB), and Federal Board (FBISE) syllabus standards.

#### 📌 What's Included in this 11th Class Computer Science Guide:
1. **Topic-wise Short Questions & Conceptual Answers:** Comprehensive answers with high-scoring keywords, scientific terminology, and clear definitions.
2. **Solved Long Questions & Detailed Derivations:** Step-by-step explanations, labeled diagrams, mathematical derivations, and board-standard structured headings.
3. **Multiple Choice Questions (Solved MCQs):** High-frequency exam MCQs with 100% verified correct options and conceptual rationales.
4. **Textbook Exercise Solutions & Solved Numericals:** Complete, step-by-step solutions to all textbook review questions, exercises, and numerical problems with standard formulas and units.

#### 🏛️ Applicable for All Intermediate Boards across Pakistan:
- **Punjab Boards:** Lahore, Rawalpindi, Gujranwala, Faisalabad, Multan, Sargodha, Sahiwal, Bahawalpur, and DG Khan Board.
- **Federal Board (FBISE):** Islamabad Model Colleges, Army Public Schools & Overseas Examination Centers.
- **KPK, Sindh & Balochistan Boards:** Fully compliant with Single National Curriculum SLO-based assessments.

#### 💡 Expert 1st Year Board Exam Tips:
- High priority given to SLO-based (Student Learning Outcomes) conceptual questions.
- Review the past 5-year past paper repeated questions highlighted in this chapter.
- Practice neat presentation with headings, bullet points, and boxed numerical answers for scoring maximum marks."
Computer Science Class 11 - Unit 07 Exercise Questions (New),Computer Science,11,PCTB (Punjab Curriculum & Textbook Board),CHAPTER_WISE,1,Solved Numericals,TaleemCity / PakParcha,https://drive.google.com/file/d/1BvX0E9uMSorCIdTumyti2kITwZpXMlko/preview,"### Comprehensive 1st Year / Class 11 Computer Science (Chapter 1) Notes & Solutions (HSSC-I)

Get the best 1st Year (Class 11 / HSSC Part 1) Computer Science notes for **Computer Science Class 11 - Unit 07 Exercise Questions (New)**. These high-yield study materials are designed strictly according to the latest National Curriculum 2025–2026, Punjab Curriculum & Textbook Board (PCTB), and Federal Board (FBISE) syllabus standards.

#### 📌 What's Included in this 11th Class Computer Science Guide:
1. **Topic-wise Short Questions & Conceptual Answers:** Comprehensive answers with high-scoring keywords, scientific terminology, and clear definitions.
2. **Solved Long Questions & Detailed Derivations:** Step-by-step explanations, labeled diagrams, mathematical derivations, and board-standard structured headings.
3. **Multiple Choice Questions (Solved MCQs):** High-frequency exam MCQs with 100% verified correct options and conceptual rationales.
4. **Textbook Exercise Solutions & Solved Numericals:** Complete, step-by-step solutions to all textbook review questions, exercises, and numerical problems with standard formulas and units.

#### 🏛️ Applicable for All Intermediate Boards across Pakistan:
- **Punjab Boards:** Lahore, Rawalpindi, Gujranwala, Faisalabad, Multan, Sargodha, Sahiwal, Bahawalpur, and DG Khan Board.
- **Federal Board (FBISE):** Islamabad Model Colleges, Army Public Schools & Overseas Examination Centers.
- **KPK, Sindh & Balochistan Boards:** Fully compliant with Single National Curriculum SLO-based assessments.

#### 💡 Expert 1st Year Board Exam Tips:
- High priority given to SLO-based (Student Learning Outcomes) conceptual questions.
- Review the past 5-year past paper repeated questions highlighted in this chapter.
- Practice neat presentation with headings, bullet points, and boxed numerical answers for scoring maximum marks."
Computer Science Class 11 - Unit 07 Long Questions (New),Computer Science,11,PCTB (Punjab Curriculum & Textbook Board),CHAPTER_WISE,1,Long Questions,TaleemCity / PakParcha,https://drive.google.com/file/d/1Txlb2HsgA3SdsjHtVBgvSZizzVg60F5q/preview,"### Comprehensive 1st Year / Class 11 Computer Science (Chapter 1) Notes & Solutions (HSSC-I)

Get the best 1st Year (Class 11 / HSSC Part 1) Computer Science notes for **Computer Science Class 11 - Unit 07 Long Questions (New)**. These high-yield study materials are designed strictly according to the latest National Curriculum 2025–2026, Punjab Curriculum & Textbook Board (PCTB), and Federal Board (FBISE) syllabus standards.

#### 📌 What's Included in this 11th Class Computer Science Guide:
1. **Topic-wise Short Questions & Conceptual Answers:** Comprehensive answers with high-scoring keywords, scientific terminology, and clear definitions.
2. **Solved Long Questions & Detailed Derivations:** Step-by-step explanations, labeled diagrams, mathematical derivations, and board-standard structured headings.
3. **Multiple Choice Questions (Solved MCQs):** High-frequency exam MCQs with 100% verified correct options and conceptual rationales.
4. **Textbook Exercise Solutions & Solved Numericals:** Complete, step-by-step solutions to all textbook review questions, exercises, and numerical problems with standard formulas and units.

#### 🏛️ Applicable for All Intermediate Boards across Pakistan:
- **Punjab Boards:** Lahore, Rawalpindi, Gujranwala, Faisalabad, Multan, Sargodha, Sahiwal, Bahawalpur, and DG Khan Board.
- **Federal Board (FBISE):** Islamabad Model Colleges, Army Public Schools & Overseas Examination Centers.
- **KPK, Sindh & Balochistan Boards:** Fully compliant with Single National Curriculum SLO-based assessments.

#### 💡 Expert 1st Year Board Exam Tips:
- High priority given to SLO-based (Student Learning Outcomes) conceptual questions.
- Review the past 5-year past paper repeated questions highlighted in this chapter.
- Practice neat presentation with headings, bullet points, and boxed numerical answers for scoring maximum marks."
Computer Science Class 11 - Unit 07 MCQ's (New),Computer Science,11,PCTB (Punjab Curriculum & Textbook Board),CHAPTER_WISE,1,Solved MCQs,TaleemCity / PakParcha,https://drive.google.com/file/d/1M5QfsYH4t-pqeSnw9WULCxqjZ_Z2e473/preview,"### Comprehensive 1st Year / Class 11 Computer Science (Chapter 1) Notes & Solutions (HSSC-I)

Get the best 1st Year (Class 11 / HSSC Part 1) Computer Science notes for **Computer Science Class 11 - Unit 07 MCQ's (New)**. These high-yield study materials are designed strictly according to the latest National Curriculum 2025–2026, Punjab Curriculum & Textbook Board (PCTB), and Federal Board (FBISE) syllabus standards.

#### 📌 What's Included in this 11th Class Computer Science Guide:
1. **Topic-wise Short Questions & Conceptual Answers:** Comprehensive answers with high-scoring keywords, scientific terminology, and clear definitions.
2. **Solved Long Questions & Detailed Derivations:** Step-by-step explanations, labeled diagrams, mathematical derivations, and board-standard structured headings.
3. **Multiple Choice Questions (Solved MCQs):** High-frequency exam MCQs with 100% verified correct options and conceptual rationales.
4. **Textbook Exercise Solutions & Solved Numericals:** Complete, step-by-step solutions to all textbook review questions, exercises, and numerical problems with standard formulas and units.

#### 🏛️ Applicable for All Intermediate Boards across Pakistan:
- **Punjab Boards:** Lahore, Rawalpindi, Gujranwala, Faisalabad, Multan, Sargodha, Sahiwal, Bahawalpur, and DG Khan Board.
- **Federal Board (FBISE):** Islamabad Model Colleges, Army Public Schools & Overseas Examination Centers.
- **KPK, Sindh & Balochistan Boards:** Fully compliant with Single National Curriculum SLO-based assessments.

#### 💡 Expert 1st Year Board Exam Tips:
- High priority given to SLO-based (Student Learning Outcomes) conceptual questions.
- Review the past 5-year past paper repeated questions highlighted in this chapter.
- Practice neat presentation with headings, bullet points, and boxed numerical answers for scoring maximum marks."
Computer Science Class 11 - Unit 07 Short Questions (New),Computer Science,11,PCTB (Punjab Curriculum & Textbook Board),CHAPTER_WISE,1,Short Questions,TaleemCity / PakParcha,https://drive.google.com/file/d/17dSAqQ2EVf8Tluozrcs7WQiiR6dkQGQU/preview,"### Comprehensive 1st Year / Class 11 Computer Science (Chapter 1) Notes & Solutions (HSSC-I)

Get the best 1st Year (Class 11 / HSSC Part 1) Computer Science notes for **Computer Science Class 11 - Unit 07 Short Questions (New)**. These high-yield study materials are designed strictly according to the latest National Curriculum 2025–2026, Punjab Curriculum & Textbook Board (PCTB), and Federal Board (FBISE) syllabus standards.

#### 📌 What's Included in this 11th Class Computer Science Guide:
1. **Topic-wise Short Questions & Conceptual Answers:** Comprehensive answers with high-scoring keywords, scientific terminology, and clear definitions.
2. **Solved Long Questions & Detailed Derivations:** Step-by-step explanations, labeled diagrams, mathematical derivations, and board-standard structured headings.
3. **Multiple Choice Questions (Solved MCQs):** High-frequency exam MCQs with 100% verified correct options and conceptual rationales.
4. **Textbook Exercise Solutions & Solved Numericals:** Complete, step-by-step solutions to all textbook review questions, exercises, and numerical problems with standard formulas and units.

#### 🏛️ Applicable for All Intermediate Boards across Pakistan:
- **Punjab Boards:** Lahore, Rawalpindi, Gujranwala, Faisalabad, Multan, Sargodha, Sahiwal, Bahawalpur, and DG Khan Board.
- **Federal Board (FBISE):** Islamabad Model Colleges, Army Public Schools & Overseas Examination Centers.
- **KPK, Sindh & Balochistan Boards:** Fully compliant with Single National Curriculum SLO-based assessments.

#### 💡 Expert 1st Year Board Exam Tips:
- High priority given to SLO-based (Student Learning Outcomes) conceptual questions.
- Review the past 5-year past paper repeated questions highlighted in this chapter.
- Practice neat presentation with headings, bullet points, and boxed numerical answers for scoring maximum marks."
Computer Science Class 11 - Unit 08 Exercise Questions (New),Computer Science,11,PCTB (Punjab Curriculum & Textbook Board),CHAPTER_WISE,1,Solved Numericals,TaleemCity / PakParcha,https://drive.google.com/file/d/1ZycPBRfKrPycGl-f7sHQk_q6aW407rqH/preview,"### Comprehensive 1st Year / Class 11 Computer Science (Chapter 1) Notes & Solutions (HSSC-I)

Get the best 1st Year (Class 11 / HSSC Part 1) Computer Science notes for **Computer Science Class 11 - Unit 08 Exercise Questions (New)**. These high-yield study materials are designed strictly according to the latest National Curriculum 2025–2026, Punjab Curriculum & Textbook Board (PCTB), and Federal Board (FBISE) syllabus standards.

#### 📌 What's Included in this 11th Class Computer Science Guide:
1. **Topic-wise Short Questions & Conceptual Answers:** Comprehensive answers with high-scoring keywords, scientific terminology, and clear definitions.
2. **Solved Long Questions & Detailed Derivations:** Step-by-step explanations, labeled diagrams, mathematical derivations, and board-standard structured headings.
3. **Multiple Choice Questions (Solved MCQs):** High-frequency exam MCQs with 100% verified correct options and conceptual rationales.
4. **Textbook Exercise Solutions & Solved Numericals:** Complete, step-by-step solutions to all textbook review questions, exercises, and numerical problems with standard formulas and units.

#### 🏛️ Applicable for All Intermediate Boards across Pakistan:
- **Punjab Boards:** Lahore, Rawalpindi, Gujranwala, Faisalabad, Multan, Sargodha, Sahiwal, Bahawalpur, and DG Khan Board.
- **Federal Board (FBISE):** Islamabad Model Colleges, Army Public Schools & Overseas Examination Centers.
- **KPK, Sindh & Balochistan Boards:** Fully compliant with Single National Curriculum SLO-based assessments.

#### 💡 Expert 1st Year Board Exam Tips:
- High priority given to SLO-based (Student Learning Outcomes) conceptual questions.
- Review the past 5-year past paper repeated questions highlighted in this chapter.
- Practice neat presentation with headings, bullet points, and boxed numerical answers for scoring maximum marks."
Computer Science Class 11 - Unit 08 Long Questions (New),Computer Science,11,PCTB (Punjab Curriculum & Textbook Board),CHAPTER_WISE,1,Long Questions,TaleemCity / PakParcha,https://drive.google.com/file/d/1Yph1dggHiLS_ZZp0rrrfcNJtaxBML1ZN/preview,"### Comprehensive 1st Year / Class 11 Computer Science (Chapter 1) Notes & Solutions (HSSC-I)

Get the best 1st Year (Class 11 / HSSC Part 1) Computer Science notes for **Computer Science Class 11 - Unit 08 Long Questions (New)**. These high-yield study materials are designed strictly according to the latest National Curriculum 2025–2026, Punjab Curriculum & Textbook Board (PCTB), and Federal Board (FBISE) syllabus standards.

#### 📌 What's Included in this 11th Class Computer Science Guide:
1. **Topic-wise Short Questions & Conceptual Answers:** Comprehensive answers with high-scoring keywords, scientific terminology, and clear definitions.
2. **Solved Long Questions & Detailed Derivations:** Step-by-step explanations, labeled diagrams, mathematical derivations, and board-standard structured headings.
3. **Multiple Choice Questions (Solved MCQs):** High-frequency exam MCQs with 100% verified correct options and conceptual rationales.
4. **Textbook Exercise Solutions & Solved Numericals:** Complete, step-by-step solutions to all textbook review questions, exercises, and numerical problems with standard formulas and units.

#### 🏛️ Applicable for All Intermediate Boards across Pakistan:
- **Punjab Boards:** Lahore, Rawalpindi, Gujranwala, Faisalabad, Multan, Sargodha, Sahiwal, Bahawalpur, and DG Khan Board.
- **Federal Board (FBISE):** Islamabad Model Colleges, Army Public Schools & Overseas Examination Centers.
- **KPK, Sindh & Balochistan Boards:** Fully compliant with Single National Curriculum SLO-based assessments.

#### 💡 Expert 1st Year Board Exam Tips:
- High priority given to SLO-based (Student Learning Outcomes) conceptual questions.
- Review the past 5-year past paper repeated questions highlighted in this chapter.
- Practice neat presentation with headings, bullet points, and boxed numerical answers for scoring maximum marks."
Computer Science Class 11 - Unit 08 MCQ's (New),Computer Science,11,PCTB (Punjab Curriculum & Textbook Board),CHAPTER_WISE,1,Solved MCQs,TaleemCity / PakParcha,https://drive.google.com/file/d/1Ewhi93p4_ootT1OfH6IfQpSfqdSKGmfs/preview,"### Comprehensive 1st Year / Class 11 Computer Science (Chapter 1) Notes & Solutions (HSSC-I)

Get the best 1st Year (Class 11 / HSSC Part 1) Computer Science notes for **Computer Science Class 11 - Unit 08 MCQ's (New)**. These high-yield study materials are designed strictly according to the latest National Curriculum 2025–2026, Punjab Curriculum & Textbook Board (PCTB), and Federal Board (FBISE) syllabus standards.

#### 📌 What's Included in this 11th Class Computer Science Guide:
1. **Topic-wise Short Questions & Conceptual Answers:** Comprehensive answers with high-scoring keywords, scientific terminology, and clear definitions.
2. **Solved Long Questions & Detailed Derivations:** Step-by-step explanations, labeled diagrams, mathematical derivations, and board-standard structured headings.
3. **Multiple Choice Questions (Solved MCQs):** High-frequency exam MCQs with 100% verified correct options and conceptual rationales.
4. **Textbook Exercise Solutions & Solved Numericals:** Complete, step-by-step solutions to all textbook review questions, exercises, and numerical problems with standard formulas and units.

#### 🏛️ Applicable for All Intermediate Boards across Pakistan:
- **Punjab Boards:** Lahore, Rawalpindi, Gujranwala, Faisalabad, Multan, Sargodha, Sahiwal, Bahawalpur, and DG Khan Board.
- **Federal Board (FBISE):** Islamabad Model Colleges, Army Public Schools & Overseas Examination Centers.
- **KPK, Sindh & Balochistan Boards:** Fully compliant with Single National Curriculum SLO-based assessments.

#### 💡 Expert 1st Year Board Exam Tips:
- High priority given to SLO-based (Student Learning Outcomes) conceptual questions.
- Review the past 5-year past paper repeated questions highlighted in this chapter.
- Practice neat presentation with headings, bullet points, and boxed numerical answers for scoring maximum marks."
Computer Science Class 11 - Unit 08 Short Questions (New),Computer Science,11,PCTB (Punjab Curriculum & Textbook Board),CHAPTER_WISE,1,Short Questions,TaleemCity / PakParcha,https://drive.google.com/file/d/1y0KrTUxnTZYvLfXtnreORs0RxJOcn8wa/preview,"### Comprehensive 1st Year / Class 11 Computer Science (Chapter 1) Notes & Solutions (HSSC-I)

Get the best 1st Year (Class 11 / HSSC Part 1) Computer Science notes for **Computer Science Class 11 - Unit 08 Short Questions (New)**. These high-yield study materials are designed strictly according to the latest National Curriculum 2025–2026, Punjab Curriculum & Textbook Board (PCTB), and Federal Board (FBISE) syllabus standards.

#### 📌 What's Included in this 11th Class Computer Science Guide:
1. **Topic-wise Short Questions & Conceptual Answers:** Comprehensive answers with high-scoring keywords, scientific terminology, and clear definitions.
2. **Solved Long Questions & Detailed Derivations:** Step-by-step explanations, labeled diagrams, mathematical derivations, and board-standard structured headings.
3. **Multiple Choice Questions (Solved MCQs):** High-frequency exam MCQs with 100% verified correct options and conceptual rationales.
4. **Textbook Exercise Solutions & Solved Numericals:** Complete, step-by-step solutions to all textbook review questions, exercises, and numerical problems with standard formulas and units.

#### 🏛️ Applicable for All Intermediate Boards across Pakistan:
- **Punjab Boards:** Lahore, Rawalpindi, Gujranwala, Faisalabad, Multan, Sargodha, Sahiwal, Bahawalpur, and DG Khan Board.
- **Federal Board (FBISE):** Islamabad Model Colleges, Army Public Schools & Overseas Examination Centers.
- **KPK, Sindh & Balochistan Boards:** Fully compliant with Single National Curriculum SLO-based assessments.

#### 💡 Expert 1st Year Board Exam Tips:
- High priority given to SLO-based (Student Learning Outcomes) conceptual questions.
- Review the past 5-year past paper repeated questions highlighted in this chapter.
- Practice neat presentation with headings, bullet points, and boxed numerical answers for scoring maximum marks."
Computer Science Class 11 - Unit 09 Exercise Questions (New),Computer Science,11,PCTB (Punjab Curriculum & Textbook Board),CHAPTER_WISE,1,Solved Numericals,TaleemCity / PakParcha,https://drive.google.com/file/d/1jYmGImaCSjuEiNXMLkaoxyS2nxYao_tr/preview,"### Comprehensive 1st Year / Class 11 Computer Science (Chapter 1) Notes & Solutions (HSSC-I)

Get the best 1st Year (Class 11 / HSSC Part 1) Computer Science notes for **Computer Science Class 11 - Unit 09 Exercise Questions (New)**. These high-yield study materials are designed strictly according to the latest National Curriculum 2025–2026, Punjab Curriculum & Textbook Board (PCTB), and Federal Board (FBISE) syllabus standards.

#### 📌 What's Included in this 11th Class Computer Science Guide:
1. **Topic-wise Short Questions & Conceptual Answers:** Comprehensive answers with high-scoring keywords, scientific terminology, and clear definitions.
2. **Solved Long Questions & Detailed Derivations:** Step-by-step explanations, labeled diagrams, mathematical derivations, and board-standard structured headings.
3. **Multiple Choice Questions (Solved MCQs):** High-frequency exam MCQs with 100% verified correct options and conceptual rationales.
4. **Textbook Exercise Solutions & Solved Numericals:** Complete, step-by-step solutions to all textbook review questions, exercises, and numerical problems with standard formulas and units.

#### 🏛️ Applicable for All Intermediate Boards across Pakistan:
- **Punjab Boards:** Lahore, Rawalpindi, Gujranwala, Faisalabad, Multan, Sargodha, Sahiwal, Bahawalpur, and DG Khan Board.
- **Federal Board (FBISE):** Islamabad Model Colleges, Army Public Schools & Overseas Examination Centers.
- **KPK, Sindh & Balochistan Boards:** Fully compliant with Single National Curriculum SLO-based assessments.

#### 💡 Expert 1st Year Board Exam Tips:
- High priority given to SLO-based (Student Learning Outcomes) conceptual questions.
- Review the past 5-year past paper repeated questions highlighted in this chapter.
- Practice neat presentation with headings, bullet points, and boxed numerical answers for scoring maximum marks."
Computer Science Class 11 - Unit 09 Long Questions (New),Computer Science,11,PCTB (Punjab Curriculum & Textbook Board),CHAPTER_WISE,1,Long Questions,TaleemCity / PakParcha,https://drive.google.com/file/d/1cx4RTamtbHSyoD8uuakVM6nkJ8sbdJjz/preview,"### Comprehensive 1st Year / Class 11 Computer Science (Chapter 1) Notes & Solutions (HSSC-I)

Get the best 1st Year (Class 11 / HSSC Part 1) Computer Science notes for **Computer Science Class 11 - Unit 09 Long Questions (New)**. These high-yield study materials are designed strictly according to the latest National Curriculum 2025–2026, Punjab Curriculum & Textbook Board (PCTB), and Federal Board (FBISE) syllabus standards.

#### 📌 What's Included in this 11th Class Computer Science Guide:
1. **Topic-wise Short Questions & Conceptual Answers:** Comprehensive answers with high-scoring keywords, scientific terminology, and clear definitions.
2. **Solved Long Questions & Detailed Derivations:** Step-by-step explanations, labeled diagrams, mathematical derivations, and board-standard structured headings.
3. **Multiple Choice Questions (Solved MCQs):** High-frequency exam MCQs with 100% verified correct options and conceptual rationales.
4. **Textbook Exercise Solutions & Solved Numericals:** Complete, step-by-step solutions to all textbook review questions, exercises, and numerical problems with standard formulas and units.

#### 🏛️ Applicable for All Intermediate Boards across Pakistan:
- **Punjab Boards:** Lahore, Rawalpindi, Gujranwala, Faisalabad, Multan, Sargodha, Sahiwal, Bahawalpur, and DG Khan Board.
- **Federal Board (FBISE):** Islamabad Model Colleges, Army Public Schools & Overseas Examination Centers.
- **KPK, Sindh & Balochistan Boards:** Fully compliant with Single National Curriculum SLO-based assessments.

#### 💡 Expert 1st Year Board Exam Tips:
- High priority given to SLO-based (Student Learning Outcomes) conceptual questions.
- Review the past 5-year past paper repeated questions highlighted in this chapter.
- Practice neat presentation with headings, bullet points, and boxed numerical answers for scoring maximum marks."
Computer Science Class 11 - Unit 09 MCQ's (New),Computer Science,11,PCTB (Punjab Curriculum & Textbook Board),CHAPTER_WISE,1,Solved MCQs,TaleemCity / PakParcha,https://drive.google.com/file/d/1ZSu0Mu8uMvHq-VU8Bv7zvd2KJO8wPt4e/preview,"### Comprehensive 1st Year / Class 11 Computer Science (Chapter 1) Notes & Solutions (HSSC-I)

Get the best 1st Year (Class 11 / HSSC Part 1) Computer Science notes for **Computer Science Class 11 - Unit 09 MCQ's (New)**. These high-yield study materials are designed strictly according to the latest National Curriculum 2025–2026, Punjab Curriculum & Textbook Board (PCTB), and Federal Board (FBISE) syllabus standards.

#### 📌 What's Included in this 11th Class Computer Science Guide:
1. **Topic-wise Short Questions & Conceptual Answers:** Comprehensive answers with high-scoring keywords, scientific terminology, and clear definitions.
2. **Solved Long Questions & Detailed Derivations:** Step-by-step explanations, labeled diagrams, mathematical derivations, and board-standard structured headings.
3. **Multiple Choice Questions (Solved MCQs):** High-frequency exam MCQs with 100% verified correct options and conceptual rationales.
4. **Textbook Exercise Solutions & Solved Numericals:** Complete, step-by-step solutions to all textbook review questions, exercises, and numerical problems with standard formulas and units.

#### 🏛️ Applicable for All Intermediate Boards across Pakistan:
- **Punjab Boards:** Lahore, Rawalpindi, Gujranwala, Faisalabad, Multan, Sargodha, Sahiwal, Bahawalpur, and DG Khan Board.
- **Federal Board (FBISE):** Islamabad Model Colleges, Army Public Schools & Overseas Examination Centers.
- **KPK, Sindh & Balochistan Boards:** Fully compliant with Single National Curriculum SLO-based assessments.

#### 💡 Expert 1st Year Board Exam Tips:
- High priority given to SLO-based (Student Learning Outcomes) conceptual questions.
- Review the past 5-year past paper repeated questions highlighted in this chapter.
- Practice neat presentation with headings, bullet points, and boxed numerical answers for scoring maximum marks."
Computer Science Class 11 - Unit 09 Short Questions (New),Computer Science,11,PCTB (Punjab Curriculum & Textbook Board),CHAPTER_WISE,1,Short Questions,TaleemCity / PakParcha,https://drive.google.com/file/d/1IRdnERU3IzEnBMUTbfvdNvBAlMc5kyly/preview,"### Comprehensive 1st Year / Class 11 Computer Science (Chapter 1) Notes & Solutions (HSSC-I)

Get the best 1st Year (Class 11 / HSSC Part 1) Computer Science notes for **Computer Science Class 11 - Unit 09 Short Questions (New)**. These high-yield study materials are designed strictly according to the latest National Curriculum 2025–2026, Punjab Curriculum & Textbook Board (PCTB), and Federal Board (FBISE) syllabus standards.

#### 📌 What's Included in this 11th Class Computer Science Guide:
1. **Topic-wise Short Questions & Conceptual Answers:** Comprehensive answers with high-scoring keywords, scientific terminology, and clear definitions.
2. **Solved Long Questions & Detailed Derivations:** Step-by-step explanations, labeled diagrams, mathematical derivations, and board-standard structured headings.
3. **Multiple Choice Questions (Solved MCQs):** High-frequency exam MCQs with 100% verified correct options and conceptual rationales.
4. **Textbook Exercise Solutions & Solved Numericals:** Complete, step-by-step solutions to all textbook review questions, exercises, and numerical problems with standard formulas and units.

#### 🏛️ Applicable for All Intermediate Boards across Pakistan:
- **Punjab Boards:** Lahore, Rawalpindi, Gujranwala, Faisalabad, Multan, Sargodha, Sahiwal, Bahawalpur, and DG Khan Board.
- **Federal Board (FBISE):** Islamabad Model Colleges, Army Public Schools & Overseas Examination Centers.
- **KPK, Sindh & Balochistan Boards:** Fully compliant with Single National Curriculum SLO-based assessments.

#### 💡 Expert 1st Year Board Exam Tips:
- High priority given to SLO-based (Student Learning Outcomes) conceptual questions.
- Review the past 5-year past paper repeated questions highlighted in this chapter.
- Practice neat presentation with headings, bullet points, and boxed numerical answers for scoring maximum marks."
Computer Science Class 11 - Unit 10 Long Questions,Computer Science,11,PCTB (Punjab Curriculum & Textbook Board),CHAPTER_WISE,1,Long Questions,TaleemCity / PakParcha,https://drive.google.com/file/d/1XYC7Bsq8UpOTH3p0en_O1s6sB44h8f2O/preview,"### Comprehensive 1st Year / Class 11 Computer Science (Chapter 1) Notes & Solutions (HSSC-I)

Get the best 1st Year (Class 11 / HSSC Part 1) Computer Science notes for **Computer Science Class 11 - Unit 10 Long Questions**. These high-yield study materials are designed strictly according to the latest National Curriculum 2025–2026, Punjab Curriculum & Textbook Board (PCTB), and Federal Board (FBISE) syllabus standards.

#### 📌 What's Included in this 11th Class Computer Science Guide:
1. **Topic-wise Short Questions & Conceptual Answers:** Comprehensive answers with high-scoring keywords, scientific terminology, and clear definitions.
2. **Solved Long Questions & Detailed Derivations:** Step-by-step explanations, labeled diagrams, mathematical derivations, and board-standard structured headings.
3. **Multiple Choice Questions (Solved MCQs):** High-frequency exam MCQs with 100% verified correct options and conceptual rationales.
4. **Textbook Exercise Solutions & Solved Numericals:** Complete, step-by-step solutions to all textbook review questions, exercises, and numerical problems with standard formulas and units.

#### 🏛️ Applicable for All Intermediate Boards across Pakistan:
- **Punjab Boards:** Lahore, Rawalpindi, Gujranwala, Faisalabad, Multan, Sargodha, Sahiwal, Bahawalpur, and DG Khan Board.
- **Federal Board (FBISE):** Islamabad Model Colleges, Army Public Schools & Overseas Examination Centers.
- **KPK, Sindh & Balochistan Boards:** Fully compliant with Single National Curriculum SLO-based assessments.

#### 💡 Expert 1st Year Board Exam Tips:
- High priority given to SLO-based (Student Learning Outcomes) conceptual questions.
- Review the past 5-year past paper repeated questions highlighted in this chapter.
- Practice neat presentation with headings, bullet points, and boxed numerical answers for scoring maximum marks."
Computer Science Class 11 - Unit 10 MCQ-s,Computer Science,11,PCTB (Punjab Curriculum & Textbook Board),CHAPTER_WISE,1,Solved MCQs,TaleemCity / PakParcha,https://drive.google.com/file/d/1p0G4MzlynjjghNPSdCGOkekipuXI-g0g/preview,"### Comprehensive 1st Year / Class 11 Computer Science (Chapter 1) Notes & Solutions (HSSC-I)

Get the best 1st Year (Class 11 / HSSC Part 1) Computer Science notes for **Computer Science Class 11 - Unit 10 MCQ-s**. These high-yield study materials are designed strictly according to the latest National Curriculum 2025–2026, Punjab Curriculum & Textbook Board (PCTB), and Federal Board (FBISE) syllabus standards.

#### 📌 What's Included in this 11th Class Computer Science Guide:
1. **Topic-wise Short Questions & Conceptual Answers:** Comprehensive answers with high-scoring keywords, scientific terminology, and clear definitions.
2. **Solved Long Questions & Detailed Derivations:** Step-by-step explanations, labeled diagrams, mathematical derivations, and board-standard structured headings.
3. **Multiple Choice Questions (Solved MCQs):** High-frequency exam MCQs with 100% verified correct options and conceptual rationales.
4. **Textbook Exercise Solutions & Solved Numericals:** Complete, step-by-step solutions to all textbook review questions, exercises, and numerical problems with standard formulas and units.

#### 🏛️ Applicable for All Intermediate Boards across Pakistan:
- **Punjab Boards:** Lahore, Rawalpindi, Gujranwala, Faisalabad, Multan, Sargodha, Sahiwal, Bahawalpur, and DG Khan Board.
- **Federal Board (FBISE):** Islamabad Model Colleges, Army Public Schools & Overseas Examination Centers.
- **KPK, Sindh & Balochistan Boards:** Fully compliant with Single National Curriculum SLO-based assessments.

#### 💡 Expert 1st Year Board Exam Tips:
- High priority given to SLO-based (Student Learning Outcomes) conceptual questions.
- Review the past 5-year past paper repeated questions highlighted in this chapter.
- Practice neat presentation with headings, bullet points, and boxed numerical answers for scoring maximum marks."
Computer Science Class 11 - Unit 10 Short Questions,Computer Science,11,PCTB (Punjab Curriculum & Textbook Board),CHAPTER_WISE,1,Short Questions,TaleemCity / PakParcha,https://drive.google.com/file/d/1AOqWA9tfvwWrbwPFr7RF0Dq20cn0Jj2r/preview,"### Comprehensive 1st Year / Class 11 Computer Science (Chapter 1) Notes & Solutions (HSSC-I)

Get the best 1st Year (Class 11 / HSSC Part 1) Computer Science notes for **Computer Science Class 11 - Unit 10 Short Questions**. These high-yield study materials are designed strictly according to the latest National Curriculum 2025–2026, Punjab Curriculum & Textbook Board (PCTB), and Federal Board (FBISE) syllabus standards.

#### 📌 What's Included in this 11th Class Computer Science Guide:
1. **Topic-wise Short Questions & Conceptual Answers:** Comprehensive answers with high-scoring keywords, scientific terminology, and clear definitions.
2. **Solved Long Questions & Detailed Derivations:** Step-by-step explanations, labeled diagrams, mathematical derivations, and board-standard structured headings.
3. **Multiple Choice Questions (Solved MCQs):** High-frequency exam MCQs with 100% verified correct options and conceptual rationales.
4. **Textbook Exercise Solutions & Solved Numericals:** Complete, step-by-step solutions to all textbook review questions, exercises, and numerical problems with standard formulas and units.

#### 🏛️ Applicable for All Intermediate Boards across Pakistan:
- **Punjab Boards:** Lahore, Rawalpindi, Gujranwala, Faisalabad, Multan, Sargodha, Sahiwal, Bahawalpur, and DG Khan Board.
- **Federal Board (FBISE):** Islamabad Model Colleges, Army Public Schools & Overseas Examination Centers.
- **KPK, Sindh & Balochistan Boards:** Fully compliant with Single National Curriculum SLO-based assessments.

#### 💡 Expert 1st Year Board Exam Tips:
- High priority given to SLO-based (Student Learning Outcomes) conceptual questions.
- Review the past 5-year past paper repeated questions highlighted in this chapter.
- Practice neat presentation with headings, bullet points, and boxed numerical answers for scoring maximum marks."
Computer Science Class 11 - Full Book Complete Notes,Computer Science,11,PCTB (Punjab Curriculum & Textbook Board),FULL_BOOK,,Full Book Complete,TaleemCity / PakParcha,https://drive.google.com/file/d/12Ye0EfkPc4rYwd12WdktGOxcKaF0D_uT/preview,"### Comprehensive 1st Year / Class 11 Computer Science (Full Book Complete Syllabus) Notes & Solutions (HSSC-I)

Get the best 1st Year (Class 11 / HSSC Part 1) Computer Science notes for **Computer Science Class 11 - Full Book Complete Notes**. These high-yield study materials are designed strictly according to the latest National Curriculum 2025–2026, Punjab Curriculum & Textbook Board (PCTB), and Federal Board (FBISE) syllabus standards.

#### 📌 What's Included in this 11th Class Computer Science Guide:
1. **Topic-wise Short Questions & Conceptual Answers:** Comprehensive answers with high-scoring keywords, scientific terminology, and clear definitions.
2. **Solved Long Questions & Detailed Derivations:** Step-by-step explanations, labeled diagrams, mathematical derivations, and board-standard structured headings.
3. **Multiple Choice Questions (Solved MCQs):** High-frequency exam MCQs with 100% verified correct options and conceptual rationales.
4. **Textbook Exercise Solutions & Solved Numericals:** Complete, step-by-step solutions to all textbook review questions, exercises, and numerical problems with standard formulas and units.

#### 🏛️ Applicable for All Intermediate Boards across Pakistan:
- **Punjab Boards:** Lahore, Rawalpindi, Gujranwala, Faisalabad, Multan, Sargodha, Sahiwal, Bahawalpur, and DG Khan Board.
- **Federal Board (FBISE):** Islamabad Model Colleges, Army Public Schools & Overseas Examination Centers.
- **KPK, Sindh & Balochistan Boards:** Fully compliant with Single National Curriculum SLO-based assessments.

#### 💡 Expert 1st Year Board Exam Tips:
- High priority given to SLO-based (Student Learning Outcomes) conceptual questions.
- Review the past 5-year past paper repeated questions highlighted in this chapter.
- Practice neat presentation with headings, bullet points, and boxed numerical answers for scoring maximum marks."
English Class 11 - Unit 01 Unit 1 - Khatam-un-Nabiyeen Hazrat Muhammad (PBUH) (New),English,11,PCTB (Punjab Curriculum & Textbook Board),CHAPTER_WISE,1,Chapter Questions,TaleemCity / PakParcha,https://drive.google.com/file/d/1-qG8YuBIFjeydQjftrbkCaCml3kbpa1o/preview,"### Comprehensive 1st Year / Class 11 English (Chapter 1) Notes & Solutions (HSSC-I)

Get the best 1st Year (Class 11 / HSSC Part 1) English notes for **English Class 11 - Unit 01 Unit 1 - Khatam-un-Nabiyeen Hazrat Muhammad (PBUH) (New)**. These high-yield study materials are designed strictly according to the latest National Curriculum 2025–2026, Punjab Curriculum & Textbook Board (PCTB), and Federal Board (FBISE) syllabus standards.

#### 📌 What's Included in this 11th Class English Guide:
1. **Topic-wise Short Questions & Conceptual Answers:** Comprehensive answers with high-scoring keywords, scientific terminology, and clear definitions.
2. **Solved Long Questions & Detailed Derivations:** Step-by-step explanations, labeled diagrams, mathematical derivations, and board-standard structured headings.
3. **Multiple Choice Questions (Solved MCQs):** High-frequency exam MCQs with 100% verified correct options and conceptual rationales.
4. **Textbook Exercise Solutions & Solved Numericals:** Complete, step-by-step solutions to all textbook review questions, exercises, and numerical problems with standard formulas and units.

#### 🏛️ Applicable for All Intermediate Boards across Pakistan:
- **Punjab Boards:** Lahore, Rawalpindi, Gujranwala, Faisalabad, Multan, Sargodha, Sahiwal, Bahawalpur, and DG Khan Board.
- **Federal Board (FBISE):** Islamabad Model Colleges, Army Public Schools & Overseas Examination Centers.
- **KPK, Sindh & Balochistan Boards:** Fully compliant with Single National Curriculum SLO-based assessments.

#### 💡 Expert 1st Year Board Exam Tips:
- High priority given to SLO-based (Student Learning Outcomes) conceptual questions.
- Review the past 5-year past paper repeated questions highlighted in this chapter.
- Practice neat presentation with headings, bullet points, and boxed numerical answers for scoring maximum marks."
English Class 11 - Unit 02 Unit 2 - Responsibility of the Youth in Nation-Building (New),English,11,PCTB (Punjab Curriculum & Textbook Board),CHAPTER_WISE,2,Chapter Questions,TaleemCity / PakParcha,https://drive.google.com/file/d/1GvLxTtRChLMSRtebBzlsaa1DGlZn3_9e/preview,"### Comprehensive 1st Year / Class 11 English (Chapter 2) Notes & Solutions (HSSC-I)

Get the best 1st Year (Class 11 / HSSC Part 1) English notes for **English Class 11 - Unit 02 Unit 2 - Responsibility of the Youth in Nation-Building (New)**. These high-yield study materials are designed strictly according to the latest National Curriculum 2025–2026, Punjab Curriculum & Textbook Board (PCTB), and Federal Board (FBISE) syllabus standards.

#### 📌 What's Included in this 11th Class English Guide:
1. **Topic-wise Short Questions & Conceptual Answers:** Comprehensive answers with high-scoring keywords, scientific terminology, and clear definitions.
2. **Solved Long Questions & Detailed Derivations:** Step-by-step explanations, labeled diagrams, mathematical derivations, and board-standard structured headings.
3. **Multiple Choice Questions (Solved MCQs):** High-frequency exam MCQs with 100% verified correct options and conceptual rationales.
4. **Textbook Exercise Solutions & Solved Numericals:** Complete, step-by-step solutions to all textbook review questions, exercises, and numerical problems with standard formulas and units.

#### 🏛️ Applicable for All Intermediate Boards across Pakistan:
- **Punjab Boards:** Lahore, Rawalpindi, Gujranwala, Faisalabad, Multan, Sargodha, Sahiwal, Bahawalpur, and DG Khan Board.
- **Federal Board (FBISE):** Islamabad Model Colleges, Army Public Schools & Overseas Examination Centers.
- **KPK, Sindh & Balochistan Boards:** Fully compliant with Single National Curriculum SLO-based assessments.

#### 💡 Expert 1st Year Board Exam Tips:
- High priority given to SLO-based (Student Learning Outcomes) conceptual questions.
- Review the past 5-year past paper repeated questions highlighted in this chapter.
- Practice neat presentation with headings, bullet points, and boxed numerical answers for scoring maximum marks."
"English Class 11 - Unit 03 Unit 3 - A Bird, Came Down the Walk (New)",English,11,PCTB (Punjab Curriculum & Textbook Board),CHAPTER_WISE,3,Chapter Questions,TaleemCity / PakParcha,https://drive.google.com/file/d/1BUN86SAnjTlBQ0huggMjc-OdW4Rq5lzv/preview,"### Comprehensive 1st Year / Class 11 English (Chapter 3) Notes & Solutions (HSSC-I)

Get the best 1st Year (Class 11 / HSSC Part 1) English notes for **English Class 11 - Unit 03 Unit 3 - A Bird, Came Down the Walk (New)**. These high-yield study materials are designed strictly according to the latest National Curriculum 2025–2026, Punjab Curriculum & Textbook Board (PCTB), and Federal Board (FBISE) syllabus standards.

#### 📌 What's Included in this 11th Class English Guide:
1. **Topic-wise Short Questions & Conceptual Answers:** Comprehensive answers with high-scoring keywords, scientific terminology, and clear definitions.
2. **Solved Long Questions & Detailed Derivations:** Step-by-step explanations, labeled diagrams, mathematical derivations, and board-standard structured headings.
3. **Multiple Choice Questions (Solved MCQs):** High-frequency exam MCQs with 100% verified correct options and conceptual rationales.
4. **Textbook Exercise Solutions & Solved Numericals:** Complete, step-by-step solutions to all textbook review questions, exercises, and numerical problems with standard formulas and units.

#### 🏛️ Applicable for All Intermediate Boards across Pakistan:
- **Punjab Boards:** Lahore, Rawalpindi, Gujranwala, Faisalabad, Multan, Sargodha, Sahiwal, Bahawalpur, and DG Khan Board.
- **Federal Board (FBISE):** Islamabad Model Colleges, Army Public Schools & Overseas Examination Centers.
- **KPK, Sindh & Balochistan Boards:** Fully compliant with Single National Curriculum SLO-based assessments.

#### 💡 Expert 1st Year Board Exam Tips:
- High priority given to SLO-based (Student Learning Outcomes) conceptual questions.
- Review the past 5-year past paper repeated questions highlighted in this chapter.
- Practice neat presentation with headings, bullet points, and boxed numerical answers for scoring maximum marks."
English Class 11 - Unit 04 Unit 4 - Team Moon (New),English,11,PCTB (Punjab Curriculum & Textbook Board),CHAPTER_WISE,4,Chapter Questions,TaleemCity / PakParcha,https://drive.google.com/file/d/1sDdgfeIiFiDq7qGmj2sKubB8bqMs1Fat/preview,"### Comprehensive 1st Year / Class 11 English (Chapter 4) Notes & Solutions (HSSC-I)

Get the best 1st Year (Class 11 / HSSC Part 1) English notes for **English Class 11 - Unit 04 Unit 4 - Team Moon (New)**. These high-yield study materials are designed strictly according to the latest National Curriculum 2025–2026, Punjab Curriculum & Textbook Board (PCTB), and Federal Board (FBISE) syllabus standards.

#### 📌 What's Included in this 11th Class English Guide:
1. **Topic-wise Short Questions & Conceptual Answers:** Comprehensive answers with high-scoring keywords, scientific terminology, and clear definitions.
2. **Solved Long Questions & Detailed Derivations:** Step-by-step explanations, labeled diagrams, mathematical derivations, and board-standard structured headings.
3. **Multiple Choice Questions (Solved MCQs):** High-frequency exam MCQs with 100% verified correct options and conceptual rationales.
4. **Textbook Exercise Solutions & Solved Numericals:** Complete, step-by-step solutions to all textbook review questions, exercises, and numerical problems with standard formulas and units.

#### 🏛️ Applicable for All Intermediate Boards across Pakistan:
- **Punjab Boards:** Lahore, Rawalpindi, Gujranwala, Faisalabad, Multan, Sargodha, Sahiwal, Bahawalpur, and DG Khan Board.
- **Federal Board (FBISE):** Islamabad Model Colleges, Army Public Schools & Overseas Examination Centers.
- **KPK, Sindh & Balochistan Boards:** Fully compliant with Single National Curriculum SLO-based assessments.

#### 💡 Expert 1st Year Board Exam Tips:
- High priority given to SLO-based (Student Learning Outcomes) conceptual questions.
- Review the past 5-year past paper repeated questions highlighted in this chapter.
- Practice neat presentation with headings, bullet points, and boxed numerical answers for scoring maximum marks."
English Class 11 - Unit 05 Unit 5 - Impact of Global Warming on Pakistan (New),English,11,PCTB (Punjab Curriculum & Textbook Board),CHAPTER_WISE,5,Chapter Questions,TaleemCity / PakParcha,https://drive.google.com/file/d/1RnhIp2UDfqFhfdGZkKkln4x945ADB5m4/preview,"### Comprehensive 1st Year / Class 11 English (Chapter 5) Notes & Solutions (HSSC-I)

Get the best 1st Year (Class 11 / HSSC Part 1) English notes for **English Class 11 - Unit 05 Unit 5 - Impact of Global Warming on Pakistan (New)**. These high-yield study materials are designed strictly according to the latest National Curriculum 2025–2026, Punjab Curriculum & Textbook Board (PCTB), and Federal Board (FBISE) syllabus standards.

#### 📌 What's Included in this 11th Class English Guide:
1. **Topic-wise Short Questions & Conceptual Answers:** Comprehensive answers with high-scoring keywords, scientific terminology, and clear definitions.
2. **Solved Long Questions & Detailed Derivations:** Step-by-step explanations, labeled diagrams, mathematical derivations, and board-standard structured headings.
3. **Multiple Choice Questions (Solved MCQs):** High-frequency exam MCQs with 100% verified correct options and conceptual rationales.
4. **Textbook Exercise Solutions & Solved Numericals:** Complete, step-by-step solutions to all textbook review questions, exercises, and numerical problems with standard formulas and units.

#### 🏛️ Applicable for All Intermediate Boards across Pakistan:
- **Punjab Boards:** Lahore, Rawalpindi, Gujranwala, Faisalabad, Multan, Sargodha, Sahiwal, Bahawalpur, and DG Khan Board.
- **Federal Board (FBISE):** Islamabad Model Colleges, Army Public Schools & Overseas Examination Centers.
- **KPK, Sindh & Balochistan Boards:** Fully compliant with Single National Curriculum SLO-based assessments.

#### 💡 Expert 1st Year Board Exam Tips:
- High priority given to SLO-based (Student Learning Outcomes) conceptual questions.
- Review the past 5-year past paper repeated questions highlighted in this chapter.
- Practice neat presentation with headings, bullet points, and boxed numerical answers for scoring maximum marks."
English Class 11 - Unit 06 Unit 6 - The Echoing Green (New),English,11,PCTB (Punjab Curriculum & Textbook Board),CHAPTER_WISE,6,Chapter Questions,TaleemCity / PakParcha,https://drive.google.com/file/d/1fcvdteulqANzqViJY2VxfpTGu1bjMcm3/preview,"### Comprehensive 1st Year / Class 11 English (Chapter 6) Notes & Solutions (HSSC-I)

Get the best 1st Year (Class 11 / HSSC Part 1) English notes for **English Class 11 - Unit 06 Unit 6 - The Echoing Green (New)**. These high-yield study materials are designed strictly according to the latest National Curriculum 2025–2026, Punjab Curriculum & Textbook Board (PCTB), and Federal Board (FBISE) syllabus standards.

#### 📌 What's Included in this 11th Class English Guide:
1. **Topic-wise Short Questions & Conceptual Answers:** Comprehensive answers with high-scoring keywords, scientific terminology, and clear definitions.
2. **Solved Long Questions & Detailed Derivations:** Step-by-step explanations, labeled diagrams, mathematical derivations, and board-standard structured headings.
3. **Multiple Choice Questions (Solved MCQs):** High-frequency exam MCQs with 100% verified correct options and conceptual rationales.
4. **Textbook Exercise Solutions & Solved Numericals:** Complete, step-by-step solutions to all textbook review questions, exercises, and numerical problems with standard formulas and units.

#### 🏛️ Applicable for All Intermediate Boards across Pakistan:
- **Punjab Boards:** Lahore, Rawalpindi, Gujranwala, Faisalabad, Multan, Sargodha, Sahiwal, Bahawalpur, and DG Khan Board.
- **Federal Board (FBISE):** Islamabad Model Colleges, Army Public Schools & Overseas Examination Centers.
- **KPK, Sindh & Balochistan Boards:** Fully compliant with Single National Curriculum SLO-based assessments.

#### 💡 Expert 1st Year Board Exam Tips:
- High priority given to SLO-based (Student Learning Outcomes) conceptual questions.
- Review the past 5-year past paper repeated questions highlighted in this chapter.
- Practice neat presentation with headings, bullet points, and boxed numerical answers for scoring maximum marks."
English Class 11 - Unit 07 Unit 7 - What You do is What You are (New),English,11,PCTB (Punjab Curriculum & Textbook Board),CHAPTER_WISE,7,Chapter Questions,TaleemCity / PakParcha,https://drive.google.com/file/d/1O-j-QiFx-rS7glHtFCRwSfQXi6fX3VDI/preview,"### Comprehensive 1st Year / Class 11 English (Chapter 7) Notes & Solutions (HSSC-I)

Get the best 1st Year (Class 11 / HSSC Part 1) English notes for **English Class 11 - Unit 07 Unit 7 - What You do is What You are (New)**. These high-yield study materials are designed strictly according to the latest National Curriculum 2025–2026, Punjab Curriculum & Textbook Board (PCTB), and Federal Board (FBISE) syllabus standards.

#### 📌 What's Included in this 11th Class English Guide:
1. **Topic-wise Short Questions & Conceptual Answers:** Comprehensive answers with high-scoring keywords, scientific terminology, and clear definitions.
2. **Solved Long Questions & Detailed Derivations:** Step-by-step explanations, labeled diagrams, mathematical derivations, and board-standard structured headings.
3. **Multiple Choice Questions (Solved MCQs):** High-frequency exam MCQs with 100% verified correct options and conceptual rationales.
4. **Textbook Exercise Solutions & Solved Numericals:** Complete, step-by-step solutions to all textbook review questions, exercises, and numerical problems with standard formulas and units.

#### 🏛️ Applicable for All Intermediate Boards across Pakistan:
- **Punjab Boards:** Lahore, Rawalpindi, Gujranwala, Faisalabad, Multan, Sargodha, Sahiwal, Bahawalpur, and DG Khan Board.
- **Federal Board (FBISE):** Islamabad Model Colleges, Army Public Schools & Overseas Examination Centers.
- **KPK, Sindh & Balochistan Boards:** Fully compliant with Single National Curriculum SLO-based assessments.

#### 💡 Expert 1st Year Board Exam Tips:
- High priority given to SLO-based (Student Learning Outcomes) conceptual questions.
- Review the past 5-year past paper repeated questions highlighted in this chapter.
- Practice neat presentation with headings, bullet points, and boxed numerical answers for scoring maximum marks."
English Class 11 - Unit 08 Unit 8 - Clean Water (New),English,11,PCTB (Punjab Curriculum & Textbook Board),CHAPTER_WISE,8,Chapter Questions,TaleemCity / PakParcha,https://drive.google.com/file/d/1M0L4X2GCingV6M3GZ3yZgpALhzIWm8Co/preview,"### Comprehensive 1st Year / Class 11 English (Chapter 8) Notes & Solutions (HSSC-I)

Get the best 1st Year (Class 11 / HSSC Part 1) English notes for **English Class 11 - Unit 08 Unit 8 - Clean Water (New)**. These high-yield study materials are designed strictly according to the latest National Curriculum 2025–2026, Punjab Curriculum & Textbook Board (PCTB), and Federal Board (FBISE) syllabus standards.

#### 📌 What's Included in this 11th Class English Guide:
1. **Topic-wise Short Questions & Conceptual Answers:** Comprehensive answers with high-scoring keywords, scientific terminology, and clear definitions.
2. **Solved Long Questions & Detailed Derivations:** Step-by-step explanations, labeled diagrams, mathematical derivations, and board-standard structured headings.
3. **Multiple Choice Questions (Solved MCQs):** High-frequency exam MCQs with 100% verified correct options and conceptual rationales.
4. **Textbook Exercise Solutions & Solved Numericals:** Complete, step-by-step solutions to all textbook review questions, exercises, and numerical problems with standard formulas and units.

#### 🏛️ Applicable for All Intermediate Boards across Pakistan:
- **Punjab Boards:** Lahore, Rawalpindi, Gujranwala, Faisalabad, Multan, Sargodha, Sahiwal, Bahawalpur, and DG Khan Board.
- **Federal Board (FBISE):** Islamabad Model Colleges, Army Public Schools & Overseas Examination Centers.
- **KPK, Sindh & Balochistan Boards:** Fully compliant with Single National Curriculum SLO-based assessments.

#### 💡 Expert 1st Year Board Exam Tips:
- High priority given to SLO-based (Student Learning Outcomes) conceptual questions.
- Review the past 5-year past paper repeated questions highlighted in this chapter.
- Practice neat presentation with headings, bullet points, and boxed numerical answers for scoring maximum marks."
English Class 11 - Unit 09 Unit 9 - Freedom (New),English,11,PCTB (Punjab Curriculum & Textbook Board),CHAPTER_WISE,9,Chapter Questions,TaleemCity / PakParcha,https://drive.google.com/file/d/1Tp2PimqP0rdJvuxmPpwn9lRIvIbwLKPm/preview,"### Comprehensive 1st Year / Class 11 English (Chapter 9) Notes & Solutions (HSSC-I)

Get the best 1st Year (Class 11 / HSSC Part 1) English notes for **English Class 11 - Unit 09 Unit 9 - Freedom (New)**. These high-yield study materials are designed strictly according to the latest National Curriculum 2025–2026, Punjab Curriculum & Textbook Board (PCTB), and Federal Board (FBISE) syllabus standards.

#### 📌 What's Included in this 11th Class English Guide:
1. **Topic-wise Short Questions & Conceptual Answers:** Comprehensive answers with high-scoring keywords, scientific terminology, and clear definitions.
2. **Solved Long Questions & Detailed Derivations:** Step-by-step explanations, labeled diagrams, mathematical derivations, and board-standard structured headings.
3. **Multiple Choice Questions (Solved MCQs):** High-frequency exam MCQs with 100% verified correct options and conceptual rationales.
4. **Textbook Exercise Solutions & Solved Numericals:** Complete, step-by-step solutions to all textbook review questions, exercises, and numerical problems with standard formulas and units.

#### 🏛️ Applicable for All Intermediate Boards across Pakistan:
- **Punjab Boards:** Lahore, Rawalpindi, Gujranwala, Faisalabad, Multan, Sargodha, Sahiwal, Bahawalpur, and DG Khan Board.
- **Federal Board (FBISE):** Islamabad Model Colleges, Army Public Schools & Overseas Examination Centers.
- **KPK, Sindh & Balochistan Boards:** Fully compliant with Single National Curriculum SLO-based assessments.

#### 💡 Expert 1st Year Board Exam Tips:
- High priority given to SLO-based (Student Learning Outcomes) conceptual questions.
- Review the past 5-year past paper repeated questions highlighted in this chapter.
- Practice neat presentation with headings, bullet points, and boxed numerical answers for scoring maximum marks."
"English Class 11 - Unit 10 Unit 10 - The Punishment of Shahpesh, Persian, on Khipil, the Builder (New)",English,11,PCTB (Punjab Curriculum & Textbook Board),CHAPTER_WISE,10,Chapter Questions,TaleemCity / PakParcha,https://drive.google.com/file/d/1W-uJ_-aYJ_TdvMZ9BDuf3MeCgzAn4DCe/preview,"### Comprehensive 1st Year / Class 11 English (Chapter 10) Notes & Solutions (HSSC-I)

Get the best 1st Year (Class 11 / HSSC Part 1) English notes for **English Class 11 - Unit 10 Unit 10 - The Punishment of Shahpesh, Persian, on Khipil, the Builder (New)**. These high-yield study materials are designed strictly according to the latest National Curriculum 2025–2026, Punjab Curriculum & Textbook Board (PCTB), and Federal Board (FBISE) syllabus standards.

#### 📌 What's Included in this 11th Class English Guide:
1. **Topic-wise Short Questions & Conceptual Answers:** Comprehensive answers with high-scoring keywords, scientific terminology, and clear definitions.
2. **Solved Long Questions & Detailed Derivations:** Step-by-step explanations, labeled diagrams, mathematical derivations, and board-standard structured headings.
3. **Multiple Choice Questions (Solved MCQs):** High-frequency exam MCQs with 100% verified correct options and conceptual rationales.
4. **Textbook Exercise Solutions & Solved Numericals:** Complete, step-by-step solutions to all textbook review questions, exercises, and numerical problems with standard formulas and units.

#### 🏛️ Applicable for All Intermediate Boards across Pakistan:
- **Punjab Boards:** Lahore, Rawalpindi, Gujranwala, Faisalabad, Multan, Sargodha, Sahiwal, Bahawalpur, and DG Khan Board.
- **Federal Board (FBISE):** Islamabad Model Colleges, Army Public Schools & Overseas Examination Centers.
- **KPK, Sindh & Balochistan Boards:** Fully compliant with Single National Curriculum SLO-based assessments.

#### 💡 Expert 1st Year Board Exam Tips:
- High priority given to SLO-based (Student Learning Outcomes) conceptual questions.
- Review the past 5-year past paper repeated questions highlighted in this chapter.
- Practice neat presentation with headings, bullet points, and boxed numerical answers for scoring maximum marks."
English Class 11 - Unit 11 Unit 11 - Those Winter Sundays (New),English,11,PCTB (Punjab Curriculum & Textbook Board),CHAPTER_WISE,11,Chapter Questions,TaleemCity / PakParcha,https://drive.google.com/file/d/1venj_mIFenMzjPNB4t3IZ3GDU5gdF-C_/preview,"### Comprehensive 1st Year / Class 11 English (Chapter 11) Notes & Solutions (HSSC-I)

Get the best 1st Year (Class 11 / HSSC Part 1) English notes for **English Class 11 - Unit 11 Unit 11 - Those Winter Sundays (New)**. These high-yield study materials are designed strictly according to the latest National Curriculum 2025–2026, Punjab Curriculum & Textbook Board (PCTB), and Federal Board (FBISE) syllabus standards.

#### 📌 What's Included in this 11th Class English Guide:
1. **Topic-wise Short Questions & Conceptual Answers:** Comprehensive answers with high-scoring keywords, scientific terminology, and clear definitions.
2. **Solved Long Questions & Detailed Derivations:** Step-by-step explanations, labeled diagrams, mathematical derivations, and board-standard structured headings.
3. **Multiple Choice Questions (Solved MCQs):** High-frequency exam MCQs with 100% verified correct options and conceptual rationales.
4. **Textbook Exercise Solutions & Solved Numericals:** Complete, step-by-step solutions to all textbook review questions, exercises, and numerical problems with standard formulas and units.

#### 🏛️ Applicable for All Intermediate Boards across Pakistan:
- **Punjab Boards:** Lahore, Rawalpindi, Gujranwala, Faisalabad, Multan, Sargodha, Sahiwal, Bahawalpur, and DG Khan Board.
- **Federal Board (FBISE):** Islamabad Model Colleges, Army Public Schools & Overseas Examination Centers.
- **KPK, Sindh & Balochistan Boards:** Fully compliant with Single National Curriculum SLO-based assessments.

#### 💡 Expert 1st Year Board Exam Tips:
- High priority given to SLO-based (Student Learning Outcomes) conceptual questions.
- Review the past 5-year past paper repeated questions highlighted in this chapter.
- Practice neat presentation with headings, bullet points, and boxed numerical answers for scoring maximum marks."
"English Class 11 - Unit 12 Unit 12 - The Impact of AI on Society, Human Relationships, and Ethics (New)",English,11,PCTB (Punjab Curriculum & Textbook Board),CHAPTER_WISE,12,Chapter Questions,TaleemCity / PakParcha,https://drive.google.com/file/d/191Bwfe_vCw6h4_fmaWVbOmsVkcO35dW0/preview,"### Comprehensive 1st Year / Class 11 English (Chapter 12) Notes & Solutions (HSSC-I)

Get the best 1st Year (Class 11 / HSSC Part 1) English notes for **English Class 11 - Unit 12 Unit 12 - The Impact of AI on Society, Human Relationships, and Ethics (New)**. These high-yield study materials are designed strictly according to the latest National Curriculum 2025–2026, Punjab Curriculum & Textbook Board (PCTB), and Federal Board (FBISE) syllabus standards.

#### 📌 What's Included in this 11th Class English Guide:
1. **Topic-wise Short Questions & Conceptual Answers:** Comprehensive answers with high-scoring keywords, scientific terminology, and clear definitions.
2. **Solved Long Questions & Detailed Derivations:** Step-by-step explanations, labeled diagrams, mathematical derivations, and board-standard structured headings.
3. **Multiple Choice Questions (Solved MCQs):** High-frequency exam MCQs with 100% verified correct options and conceptual rationales.
4. **Textbook Exercise Solutions & Solved Numericals:** Complete, step-by-step solutions to all textbook review questions, exercises, and numerical problems with standard formulas and units.

#### 🏛️ Applicable for All Intermediate Boards across Pakistan:
- **Punjab Boards:** Lahore, Rawalpindi, Gujranwala, Faisalabad, Multan, Sargodha, Sahiwal, Bahawalpur, and DG Khan Board.
- **Federal Board (FBISE):** Islamabad Model Colleges, Army Public Schools & Overseas Examination Centers.
- **KPK, Sindh & Balochistan Boards:** Fully compliant with Single National Curriculum SLO-based assessments.

#### 💡 Expert 1st Year Board Exam Tips:
- High priority given to SLO-based (Student Learning Outcomes) conceptual questions.
- Review the past 5-year past paper repeated questions highlighted in this chapter.
- Practice neat presentation with headings, bullet points, and boxed numerical answers for scoring maximum marks."
English Class 11 - Unit 13 Unit 13 - Ruba-iyat (New),English,11,PCTB (Punjab Curriculum & Textbook Board),CHAPTER_WISE,13,Chapter Questions,TaleemCity / PakParcha,https://drive.google.com/file/d/1bFnRj5sjZ24qNHdEZiDb4ukpzYeDYXaz/preview,"### Comprehensive 1st Year / Class 11 English (Chapter 13) Notes & Solutions (HSSC-I)

Get the best 1st Year (Class 11 / HSSC Part 1) English notes for **English Class 11 - Unit 13 Unit 13 - Ruba-iyat (New)**. These high-yield study materials are designed strictly according to the latest National Curriculum 2025–2026, Punjab Curriculum & Textbook Board (PCTB), and Federal Board (FBISE) syllabus standards.

#### 📌 What's Included in this 11th Class English Guide:
1. **Topic-wise Short Questions & Conceptual Answers:** Comprehensive answers with high-scoring keywords, scientific terminology, and clear definitions.
2. **Solved Long Questions & Detailed Derivations:** Step-by-step explanations, labeled diagrams, mathematical derivations, and board-standard structured headings.
3. **Multiple Choice Questions (Solved MCQs):** High-frequency exam MCQs with 100% verified correct options and conceptual rationales.
4. **Textbook Exercise Solutions & Solved Numericals:** Complete, step-by-step solutions to all textbook review questions, exercises, and numerical problems with standard formulas and units.

#### 🏛️ Applicable for All Intermediate Boards across Pakistan:
- **Punjab Boards:** Lahore, Rawalpindi, Gujranwala, Faisalabad, Multan, Sargodha, Sahiwal, Bahawalpur, and DG Khan Board.
- **Federal Board (FBISE):** Islamabad Model Colleges, Army Public Schools & Overseas Examination Centers.
- **KPK, Sindh & Balochistan Boards:** Fully compliant with Single National Curriculum SLO-based assessments.

#### 💡 Expert 1st Year Board Exam Tips:
- High priority given to SLO-based (Student Learning Outcomes) conceptual questions.
- Review the past 5-year past paper repeated questions highlighted in this chapter.
- Practice neat presentation with headings, bullet points, and boxed numerical answers for scoring maximum marks."
English Class 11 - Unit 14 Unit 14 - The End of the Beginning (New),English,11,PCTB (Punjab Curriculum & Textbook Board),CHAPTER_WISE,14,Chapter Questions,TaleemCity / PakParcha,https://drive.google.com/file/d/1wbkoNyRffT_lJxYeKJE-9r4W3NkmcDsx/preview,"### Comprehensive 1st Year / Class 11 English (Chapter 14) Notes & Solutions (HSSC-I)

Get the best 1st Year (Class 11 / HSSC Part 1) English notes for **English Class 11 - Unit 14 Unit 14 - The End of the Beginning (New)**. These high-yield study materials are designed strictly according to the latest National Curriculum 2025–2026, Punjab Curriculum & Textbook Board (PCTB), and Federal Board (FBISE) syllabus standards.

#### 📌 What's Included in this 11th Class English Guide:
1. **Topic-wise Short Questions & Conceptual Answers:** Comprehensive answers with high-scoring keywords, scientific terminology, and clear definitions.
2. **Solved Long Questions & Detailed Derivations:** Step-by-step explanations, labeled diagrams, mathematical derivations, and board-standard structured headings.
3. **Multiple Choice Questions (Solved MCQs):** High-frequency exam MCQs with 100% verified correct options and conceptual rationales.
4. **Textbook Exercise Solutions & Solved Numericals:** Complete, step-by-step solutions to all textbook review questions, exercises, and numerical problems with standard formulas and units.

#### 🏛️ Applicable for All Intermediate Boards across Pakistan:
- **Punjab Boards:** Lahore, Rawalpindi, Gujranwala, Faisalabad, Multan, Sargodha, Sahiwal, Bahawalpur, and DG Khan Board.
- **Federal Board (FBISE):** Islamabad Model Colleges, Army Public Schools & Overseas Examination Centers.
- **KPK, Sindh & Balochistan Boards:** Fully compliant with Single National Curriculum SLO-based assessments.

#### 💡 Expert 1st Year Board Exam Tips:
- High priority given to SLO-based (Student Learning Outcomes) conceptual questions.
- Review the past 5-year past paper repeated questions highlighted in this chapter.
- Practice neat presentation with headings, bullet points, and boxed numerical answers for scoring maximum marks."
English Class 11 - Unit 15 Chapter 15 - Exercise Questions,English,11,PCTB (Punjab Curriculum & Textbook Board),CHAPTER_WISE,15,Solved Numericals,TaleemCity / PakParcha,https://drive.google.com/file/d/1ves_txvIr2Ms0kxy26dudkI_RR4dVPP6/preview,"### Comprehensive 1st Year / Class 11 English (Chapter 15) Notes & Solutions (HSSC-I)

Get the best 1st Year (Class 11 / HSSC Part 1) English notes for **English Class 11 - Unit 15 Chapter 15 - Exercise Questions**. These high-yield study materials are designed strictly according to the latest National Curriculum 2025–2026, Punjab Curriculum & Textbook Board (PCTB), and Federal Board (FBISE) syllabus standards.

#### 📌 What's Included in this 11th Class English Guide:
1. **Topic-wise Short Questions & Conceptual Answers:** Comprehensive answers with high-scoring keywords, scientific terminology, and clear definitions.
2. **Solved Long Questions & Detailed Derivations:** Step-by-step explanations, labeled diagrams, mathematical derivations, and board-standard structured headings.
3. **Multiple Choice Questions (Solved MCQs):** High-frequency exam MCQs with 100% verified correct options and conceptual rationales.
4. **Textbook Exercise Solutions & Solved Numericals:** Complete, step-by-step solutions to all textbook review questions, exercises, and numerical problems with standard formulas and units.

#### 🏛️ Applicable for All Intermediate Boards across Pakistan:
- **Punjab Boards:** Lahore, Rawalpindi, Gujranwala, Faisalabad, Multan, Sargodha, Sahiwal, Bahawalpur, and DG Khan Board.
- **Federal Board (FBISE):** Islamabad Model Colleges, Army Public Schools & Overseas Examination Centers.
- **KPK, Sindh & Balochistan Boards:** Fully compliant with Single National Curriculum SLO-based assessments.

#### 💡 Expert 1st Year Board Exam Tips:
- High priority given to SLO-based (Student Learning Outcomes) conceptual questions.
- Review the past 5-year past paper repeated questions highlighted in this chapter.
- Practice neat presentation with headings, bullet points, and boxed numerical answers for scoring maximum marks."
English Class 11 - Unit 15 Chapter 15 - Translations,English,11,PCTB (Punjab Curriculum & Textbook Board),CHAPTER_WISE,15,Chapter Questions,TaleemCity / PakParcha,https://drive.google.com/file/d/1TLpZPz_GndJmDP4GuQ4piSbKc-POWONi/preview,"### Comprehensive 1st Year / Class 11 English (Chapter 15) Notes & Solutions (HSSC-I)

Get the best 1st Year (Class 11 / HSSC Part 1) English notes for **English Class 11 - Unit 15 Chapter 15 - Translations**. These high-yield study materials are designed strictly according to the latest National Curriculum 2025–2026, Punjab Curriculum & Textbook Board (PCTB), and Federal Board (FBISE) syllabus standards.

#### 📌 What's Included in this 11th Class English Guide:
1. **Topic-wise Short Questions & Conceptual Answers:** Comprehensive answers with high-scoring keywords, scientific terminology, and clear definitions.
2. **Solved Long Questions & Detailed Derivations:** Step-by-step explanations, labeled diagrams, mathematical derivations, and board-standard structured headings.
3. **Multiple Choice Questions (Solved MCQs):** High-frequency exam MCQs with 100% verified correct options and conceptual rationales.
4. **Textbook Exercise Solutions & Solved Numericals:** Complete, step-by-step solutions to all textbook review questions, exercises, and numerical problems with standard formulas and units.

#### 🏛️ Applicable for All Intermediate Boards across Pakistan:
- **Punjab Boards:** Lahore, Rawalpindi, Gujranwala, Faisalabad, Multan, Sargodha, Sahiwal, Bahawalpur, and DG Khan Board.
- **Federal Board (FBISE):** Islamabad Model Colleges, Army Public Schools & Overseas Examination Centers.
- **KPK, Sindh & Balochistan Boards:** Fully compliant with Single National Curriculum SLO-based assessments.

#### 💡 Expert 1st Year Board Exam Tips:
- High priority given to SLO-based (Student Learning Outcomes) conceptual questions.
- Review the past 5-year past paper repeated questions highlighted in this chapter.
- Practice neat presentation with headings, bullet points, and boxed numerical answers for scoring maximum marks."
English Class 11 - Full Book Complete Notes,English,11,PCTB (Punjab Curriculum & Textbook Board),FULL_BOOK,,Full Book Complete,TaleemCity / PakParcha,https://drive.google.com/file/d/1SdLzpQS2trGe44R0wEU0S_pwn8thc8mO/preview,"### Comprehensive 1st Year / Class 11 English (Full Book Complete Syllabus) Notes & Solutions (HSSC-I)

Get the best 1st Year (Class 11 / HSSC Part 1) English notes for **English Class 11 - Full Book Complete Notes**. These high-yield study materials are designed strictly according to the latest National Curriculum 2025–2026, Punjab Curriculum & Textbook Board (PCTB), and Federal Board (FBISE) syllabus standards.

#### 📌 What's Included in this 11th Class English Guide:
1. **Topic-wise Short Questions & Conceptual Answers:** Comprehensive answers with high-scoring keywords, scientific terminology, and clear definitions.
2. **Solved Long Questions & Detailed Derivations:** Step-by-step explanations, labeled diagrams, mathematical derivations, and board-standard structured headings.
3. **Multiple Choice Questions (Solved MCQs):** High-frequency exam MCQs with 100% verified correct options and conceptual rationales.
4. **Textbook Exercise Solutions & Solved Numericals:** Complete, step-by-step solutions to all textbook review questions, exercises, and numerical problems with standard formulas and units.

#### 🏛️ Applicable for All Intermediate Boards across Pakistan:
- **Punjab Boards:** Lahore, Rawalpindi, Gujranwala, Faisalabad, Multan, Sargodha, Sahiwal, Bahawalpur, and DG Khan Board.
- **Federal Board (FBISE):** Islamabad Model Colleges, Army Public Schools & Overseas Examination Centers.
- **KPK, Sindh & Balochistan Boards:** Fully compliant with Single National Curriculum SLO-based assessments.

#### 💡 Expert 1st Year Board Exam Tips:
- High priority given to SLO-based (Student Learning Outcomes) conceptual questions.
- Review the past 5-year past paper repeated questions highlighted in this chapter.
- Practice neat presentation with headings, bullet points, and boxed numerical answers for scoring maximum marks."
Islamiat Class 11 - Unit 01 Chapter 1 - Quran Majeed aur Hadees Nabwi (S.A.W) (New),Islamiat,11,PCTB (Punjab Curriculum & Textbook Board),CHAPTER_WISE,1,Chapter Questions,TaleemCity / PakParcha,https://drive.google.com/file/d/1r0Laf6XsDFmbVK5jllj5VBGSw0EvRXYr/preview,"### Comprehensive 1st Year / Class 11 Islamiat (Chapter 1) Notes & Solutions (HSSC-I)

Get the best 1st Year (Class 11 / HSSC Part 1) Islamiat notes for **Islamiat Class 11 - Unit 01 Chapter 1 - Quran Majeed aur Hadees Nabwi (S.A.W) (New)**. These high-yield study materials are designed strictly according to the latest National Curriculum 2025–2026, Punjab Curriculum & Textbook Board (PCTB), and Federal Board (FBISE) syllabus standards.

#### 📌 What's Included in this 11th Class Islamiat Guide:
1. **Topic-wise Short Questions & Conceptual Answers:** Comprehensive answers with high-scoring keywords, scientific terminology, and clear definitions.
2. **Solved Long Questions & Detailed Derivations:** Step-by-step explanations, labeled diagrams, mathematical derivations, and board-standard structured headings.
3. **Multiple Choice Questions (Solved MCQs):** High-frequency exam MCQs with 100% verified correct options and conceptual rationales.
4. **Textbook Exercise Solutions & Solved Numericals:** Complete, step-by-step solutions to all textbook review questions, exercises, and numerical problems with standard formulas and units.

#### 🏛️ Applicable for All Intermediate Boards across Pakistan:
- **Punjab Boards:** Lahore, Rawalpindi, Gujranwala, Faisalabad, Multan, Sargodha, Sahiwal, Bahawalpur, and DG Khan Board.
- **Federal Board (FBISE):** Islamabad Model Colleges, Army Public Schools & Overseas Examination Centers.
- **KPK, Sindh & Balochistan Boards:** Fully compliant with Single National Curriculum SLO-based assessments.

#### 💡 Expert 1st Year Board Exam Tips:
- High priority given to SLO-based (Student Learning Outcomes) conceptual questions.
- Review the past 5-year past paper repeated questions highlighted in this chapter.
- Practice neat presentation with headings, bullet points, and boxed numerical answers for scoring maximum marks."
Islamiat Class 11 - Unit 02 Chapter 2 - Imaniyat aur Ibadaat (New),Islamiat,11,PCTB (Punjab Curriculum & Textbook Board),CHAPTER_WISE,2,Chapter Questions,TaleemCity / PakParcha,https://drive.google.com/file/d/1B-m1DLxAC7hKdolkMjmM0MEFKaNmAYKy/preview,"### Comprehensive 1st Year / Class 11 Islamiat (Chapter 2) Notes & Solutions (HSSC-I)

Get the best 1st Year (Class 11 / HSSC Part 1) Islamiat notes for **Islamiat Class 11 - Unit 02 Chapter 2 - Imaniyat aur Ibadaat (New)**. These high-yield study materials are designed strictly according to the latest National Curriculum 2025–2026, Punjab Curriculum & Textbook Board (PCTB), and Federal Board (FBISE) syllabus standards.

#### 📌 What's Included in this 11th Class Islamiat Guide:
1. **Topic-wise Short Questions & Conceptual Answers:** Comprehensive answers with high-scoring keywords, scientific terminology, and clear definitions.
2. **Solved Long Questions & Detailed Derivations:** Step-by-step explanations, labeled diagrams, mathematical derivations, and board-standard structured headings.
3. **Multiple Choice Questions (Solved MCQs):** High-frequency exam MCQs with 100% verified correct options and conceptual rationales.
4. **Textbook Exercise Solutions & Solved Numericals:** Complete, step-by-step solutions to all textbook review questions, exercises, and numerical problems with standard formulas and units.

#### 🏛️ Applicable for All Intermediate Boards across Pakistan:
- **Punjab Boards:** Lahore, Rawalpindi, Gujranwala, Faisalabad, Multan, Sargodha, Sahiwal, Bahawalpur, and DG Khan Board.
- **Federal Board (FBISE):** Islamabad Model Colleges, Army Public Schools & Overseas Examination Centers.
- **KPK, Sindh & Balochistan Boards:** Fully compliant with Single National Curriculum SLO-based assessments.

#### 💡 Expert 1st Year Board Exam Tips:
- High priority given to SLO-based (Student Learning Outcomes) conceptual questions.
- Review the past 5-year past paper repeated questions highlighted in this chapter.
- Practice neat presentation with headings, bullet points, and boxed numerical answers for scoring maximum marks."
Islamiat Class 11 - Unit 03 Chapter 3 - Seerat-e-Nabwi (S.A.W) (New),Islamiat,11,PCTB (Punjab Curriculum & Textbook Board),CHAPTER_WISE,3,Chapter Questions,TaleemCity / PakParcha,https://drive.google.com/file/d/1t4fJ7k3TYjDVFIDxbUL1rlK3SpZaQOcc/preview,"### Comprehensive 1st Year / Class 11 Islamiat (Chapter 3) Notes & Solutions (HSSC-I)

Get the best 1st Year (Class 11 / HSSC Part 1) Islamiat notes for **Islamiat Class 11 - Unit 03 Chapter 3 - Seerat-e-Nabwi (S.A.W) (New)**. These high-yield study materials are designed strictly according to the latest National Curriculum 2025–2026, Punjab Curriculum & Textbook Board (PCTB), and Federal Board (FBISE) syllabus standards.

#### 📌 What's Included in this 11th Class Islamiat Guide:
1. **Topic-wise Short Questions & Conceptual Answers:** Comprehensive answers with high-scoring keywords, scientific terminology, and clear definitions.
2. **Solved Long Questions & Detailed Derivations:** Step-by-step explanations, labeled diagrams, mathematical derivations, and board-standard structured headings.
3. **Multiple Choice Questions (Solved MCQs):** High-frequency exam MCQs with 100% verified correct options and conceptual rationales.
4. **Textbook Exercise Solutions & Solved Numericals:** Complete, step-by-step solutions to all textbook review questions, exercises, and numerical problems with standard formulas and units.

#### 🏛️ Applicable for All Intermediate Boards across Pakistan:
- **Punjab Boards:** Lahore, Rawalpindi, Gujranwala, Faisalabad, Multan, Sargodha, Sahiwal, Bahawalpur, and DG Khan Board.
- **Federal Board (FBISE):** Islamabad Model Colleges, Army Public Schools & Overseas Examination Centers.
- **KPK, Sindh & Balochistan Boards:** Fully compliant with Single National Curriculum SLO-based assessments.

#### 💡 Expert 1st Year Board Exam Tips:
- High priority given to SLO-based (Student Learning Outcomes) conceptual questions.
- Review the past 5-year past paper repeated questions highlighted in this chapter.
- Practice neat presentation with headings, bullet points, and boxed numerical answers for scoring maximum marks."
Islamiat Class 11 - Unit 04 Chapter 4 - Akhlaq-o-Adab (New),Islamiat,11,PCTB (Punjab Curriculum & Textbook Board),CHAPTER_WISE,4,Chapter Questions,TaleemCity / PakParcha,https://drive.google.com/file/d/1rGLhwvrHSxB7VmNUysNmpNM8m7BWQQw5/preview,"### Comprehensive 1st Year / Class 11 Islamiat (Chapter 4) Notes & Solutions (HSSC-I)

Get the best 1st Year (Class 11 / HSSC Part 1) Islamiat notes for **Islamiat Class 11 - Unit 04 Chapter 4 - Akhlaq-o-Adab (New)**. These high-yield study materials are designed strictly according to the latest National Curriculum 2025–2026, Punjab Curriculum & Textbook Board (PCTB), and Federal Board (FBISE) syllabus standards.

#### 📌 What's Included in this 11th Class Islamiat Guide:
1. **Topic-wise Short Questions & Conceptual Answers:** Comprehensive answers with high-scoring keywords, scientific terminology, and clear definitions.
2. **Solved Long Questions & Detailed Derivations:** Step-by-step explanations, labeled diagrams, mathematical derivations, and board-standard structured headings.
3. **Multiple Choice Questions (Solved MCQs):** High-frequency exam MCQs with 100% verified correct options and conceptual rationales.
4. **Textbook Exercise Solutions & Solved Numericals:** Complete, step-by-step solutions to all textbook review questions, exercises, and numerical problems with standard formulas and units.

#### 🏛️ Applicable for All Intermediate Boards across Pakistan:
- **Punjab Boards:** Lahore, Rawalpindi, Gujranwala, Faisalabad, Multan, Sargodha, Sahiwal, Bahawalpur, and DG Khan Board.
- **Federal Board (FBISE):** Islamabad Model Colleges, Army Public Schools & Overseas Examination Centers.
- **KPK, Sindh & Balochistan Boards:** Fully compliant with Single National Curriculum SLO-based assessments.

#### 💡 Expert 1st Year Board Exam Tips:
- High priority given to SLO-based (Student Learning Outcomes) conceptual questions.
- Review the past 5-year past paper repeated questions highlighted in this chapter.
- Practice neat presentation with headings, bullet points, and boxed numerical answers for scoring maximum marks."
Islamiat Class 11 - Unit 05 Chapter 5 - Husn-e-Mamlaat and Muashrat (New),Islamiat,11,PCTB (Punjab Curriculum & Textbook Board),CHAPTER_WISE,5,Chapter Questions,TaleemCity / PakParcha,https://drive.google.com/file/d/1CXSZJyVf8dcPIF98zsEGeQoWfX-8x_Z2/preview,"### Comprehensive 1st Year / Class 11 Islamiat (Chapter 5) Notes & Solutions (HSSC-I)

Get the best 1st Year (Class 11 / HSSC Part 1) Islamiat notes for **Islamiat Class 11 - Unit 05 Chapter 5 - Husn-e-Mamlaat and Muashrat (New)**. These high-yield study materials are designed strictly according to the latest National Curriculum 2025–2026, Punjab Curriculum & Textbook Board (PCTB), and Federal Board (FBISE) syllabus standards.

#### 📌 What's Included in this 11th Class Islamiat Guide:
1. **Topic-wise Short Questions & Conceptual Answers:** Comprehensive answers with high-scoring keywords, scientific terminology, and clear definitions.
2. **Solved Long Questions & Detailed Derivations:** Step-by-step explanations, labeled diagrams, mathematical derivations, and board-standard structured headings.
3. **Multiple Choice Questions (Solved MCQs):** High-frequency exam MCQs with 100% verified correct options and conceptual rationales.
4. **Textbook Exercise Solutions & Solved Numericals:** Complete, step-by-step solutions to all textbook review questions, exercises, and numerical problems with standard formulas and units.

#### 🏛️ Applicable for All Intermediate Boards across Pakistan:
- **Punjab Boards:** Lahore, Rawalpindi, Gujranwala, Faisalabad, Multan, Sargodha, Sahiwal, Bahawalpur, and DG Khan Board.
- **Federal Board (FBISE):** Islamabad Model Colleges, Army Public Schools & Overseas Examination Centers.
- **KPK, Sindh & Balochistan Boards:** Fully compliant with Single National Curriculum SLO-based assessments.

#### 💡 Expert 1st Year Board Exam Tips:
- High priority given to SLO-based (Student Learning Outcomes) conceptual questions.
- Review the past 5-year past paper repeated questions highlighted in this chapter.
- Practice neat presentation with headings, bullet points, and boxed numerical answers for scoring maximum marks."
Islamiat Class 11 - Unit 06 Chapter 6 - Hidayat ke Sar Chashme aur Mashaheer-e-Islam (New),Islamiat,11,PCTB (Punjab Curriculum & Textbook Board),CHAPTER_WISE,6,Chapter Questions,TaleemCity / PakParcha,https://drive.google.com/file/d/1qW7m4EiTWvHlHJI073QFitBtEuIxi9G_/preview,"### Comprehensive 1st Year / Class 11 Islamiat (Chapter 6) Notes & Solutions (HSSC-I)

Get the best 1st Year (Class 11 / HSSC Part 1) Islamiat notes for **Islamiat Class 11 - Unit 06 Chapter 6 - Hidayat ke Sar Chashme aur Mashaheer-e-Islam (New)**. These high-yield study materials are designed strictly according to the latest National Curriculum 2025–2026, Punjab Curriculum & Textbook Board (PCTB), and Federal Board (FBISE) syllabus standards.

#### 📌 What's Included in this 11th Class Islamiat Guide:
1. **Topic-wise Short Questions & Conceptual Answers:** Comprehensive answers with high-scoring keywords, scientific terminology, and clear definitions.
2. **Solved Long Questions & Detailed Derivations:** Step-by-step explanations, labeled diagrams, mathematical derivations, and board-standard structured headings.
3. **Multiple Choice Questions (Solved MCQs):** High-frequency exam MCQs with 100% verified correct options and conceptual rationales.
4. **Textbook Exercise Solutions & Solved Numericals:** Complete, step-by-step solutions to all textbook review questions, exercises, and numerical problems with standard formulas and units.

#### 🏛️ Applicable for All Intermediate Boards across Pakistan:
- **Punjab Boards:** Lahore, Rawalpindi, Gujranwala, Faisalabad, Multan, Sargodha, Sahiwal, Bahawalpur, and DG Khan Board.
- **Federal Board (FBISE):** Islamabad Model Colleges, Army Public Schools & Overseas Examination Centers.
- **KPK, Sindh & Balochistan Boards:** Fully compliant with Single National Curriculum SLO-based assessments.

#### 💡 Expert 1st Year Board Exam Tips:
- High priority given to SLO-based (Student Learning Outcomes) conceptual questions.
- Review the past 5-year past paper repeated questions highlighted in this chapter.
- Practice neat presentation with headings, bullet points, and boxed numerical answers for scoring maximum marks."
Islamiat Class 11 - Unit 07 Chapter 7 - Islami Taleemat aur Asr Hazir ke Taqaze (New),Islamiat,11,PCTB (Punjab Curriculum & Textbook Board),CHAPTER_WISE,7,Chapter Questions,TaleemCity / PakParcha,https://drive.google.com/file/d/15mXOslKCyZ4YslcV6MPPgzdusxU7Z3T_/preview,"### Comprehensive 1st Year / Class 11 Islamiat (Chapter 7) Notes & Solutions (HSSC-I)

Get the best 1st Year (Class 11 / HSSC Part 1) Islamiat notes for **Islamiat Class 11 - Unit 07 Chapter 7 - Islami Taleemat aur Asr Hazir ke Taqaze (New)**. These high-yield study materials are designed strictly according to the latest National Curriculum 2025–2026, Punjab Curriculum & Textbook Board (PCTB), and Federal Board (FBISE) syllabus standards.

#### 📌 What's Included in this 11th Class Islamiat Guide:
1. **Topic-wise Short Questions & Conceptual Answers:** Comprehensive answers with high-scoring keywords, scientific terminology, and clear definitions.
2. **Solved Long Questions & Detailed Derivations:** Step-by-step explanations, labeled diagrams, mathematical derivations, and board-standard structured headings.
3. **Multiple Choice Questions (Solved MCQs):** High-frequency exam MCQs with 100% verified correct options and conceptual rationales.
4. **Textbook Exercise Solutions & Solved Numericals:** Complete, step-by-step solutions to all textbook review questions, exercises, and numerical problems with standard formulas and units.

#### 🏛️ Applicable for All Intermediate Boards across Pakistan:
- **Punjab Boards:** Lahore, Rawalpindi, Gujranwala, Faisalabad, Multan, Sargodha, Sahiwal, Bahawalpur, and DG Khan Board.
- **Federal Board (FBISE):** Islamabad Model Colleges, Army Public Schools & Overseas Examination Centers.
- **KPK, Sindh & Balochistan Boards:** Fully compliant with Single National Curriculum SLO-based assessments.

#### 💡 Expert 1st Year Board Exam Tips:
- High priority given to SLO-based (Student Learning Outcomes) conceptual questions.
- Review the past 5-year past paper repeated questions highlighted in this chapter.
- Practice neat presentation with headings, bullet points, and boxed numerical answers for scoring maximum marks."
Islamiat Class 11 - Full Book Complete Notes,Islamiat,11,PCTB (Punjab Curriculum & Textbook Board),FULL_BOOK,,Full Book Complete,TaleemCity / PakParcha,https://drive.google.com/file/d/12U0U2Qmpat86fbt2Ndvn_JUn_gbpsk9a/preview,"### Comprehensive 1st Year / Class 11 Islamiat (Full Book Complete Syllabus) Notes & Solutions (HSSC-I)

Get the best 1st Year (Class 11 / HSSC Part 1) Islamiat notes for **Islamiat Class 11 - Full Book Complete Notes**. These high-yield study materials are designed strictly according to the latest National Curriculum 2025–2026, Punjab Curriculum & Textbook Board (PCTB), and Federal Board (FBISE) syllabus standards.

#### 📌 What's Included in this 11th Class Islamiat Guide:
1. **Topic-wise Short Questions & Conceptual Answers:** Comprehensive answers with high-scoring keywords, scientific terminology, and clear definitions.
2. **Solved Long Questions & Detailed Derivations:** Step-by-step explanations, labeled diagrams, mathematical derivations, and board-standard structured headings.
3. **Multiple Choice Questions (Solved MCQs):** High-frequency exam MCQs with 100% verified correct options and conceptual rationales.
4. **Textbook Exercise Solutions & Solved Numericals:** Complete, step-by-step solutions to all textbook review questions, exercises, and numerical problems with standard formulas and units.

#### 🏛️ Applicable for All Intermediate Boards across Pakistan:
- **Punjab Boards:** Lahore, Rawalpindi, Gujranwala, Faisalabad, Multan, Sargodha, Sahiwal, Bahawalpur, and DG Khan Board.
- **Federal Board (FBISE):** Islamabad Model Colleges, Army Public Schools & Overseas Examination Centers.
- **KPK, Sindh & Balochistan Boards:** Fully compliant with Single National Curriculum SLO-based assessments.

#### 💡 Expert 1st Year Board Exam Tips:
- High priority given to SLO-based (Student Learning Outcomes) conceptual questions.
- Review the past 5-year past paper repeated questions highlighted in this chapter.
- Practice neat presentation with headings, bullet points, and boxed numerical answers for scoring maximum marks."
Mathematics Class 11 - Unit 01 Exercise 1.1 (New),Mathematics,11,PCTB (Punjab Curriculum & Textbook Board),CHAPTER_WISE,1,Solved Numericals,TaleemCity / PakParcha,https://drive.google.com/file/d/1h9temjGtTfJyVElnaq8JbCIU70Ud47z4/preview,"### Comprehensive 1st Year / Class 11 Mathematics (Chapter 1) Notes & Solutions (HSSC-I)

Get the best 1st Year (Class 11 / HSSC Part 1) Mathematics notes for **Mathematics Class 11 - Unit 01 Exercise 1.1 (New)**. These high-yield study materials are designed strictly according to the latest National Curriculum 2025–2026, Punjab Curriculum & Textbook Board (PCTB), and Federal Board (FBISE) syllabus standards.

#### 📌 What's Included in this 11th Class Mathematics Guide:
1. **Topic-wise Short Questions & Conceptual Answers:** Comprehensive answers with high-scoring keywords, scientific terminology, and clear definitions.
2. **Solved Long Questions & Detailed Derivations:** Step-by-step explanations, labeled diagrams, mathematical derivations, and board-standard structured headings.
3. **Multiple Choice Questions (Solved MCQs):** High-frequency exam MCQs with 100% verified correct options and conceptual rationales.
4. **Textbook Exercise Solutions & Solved Numericals:** Complete, step-by-step solutions to all textbook review questions, exercises, and numerical problems with standard formulas and units.

#### 🏛️ Applicable for All Intermediate Boards across Pakistan:
- **Punjab Boards:** Lahore, Rawalpindi, Gujranwala, Faisalabad, Multan, Sargodha, Sahiwal, Bahawalpur, and DG Khan Board.
- **Federal Board (FBISE):** Islamabad Model Colleges, Army Public Schools & Overseas Examination Centers.
- **KPK, Sindh & Balochistan Boards:** Fully compliant with Single National Curriculum SLO-based assessments.

#### 💡 Expert 1st Year Board Exam Tips:
- High priority given to SLO-based (Student Learning Outcomes) conceptual questions.
- Review the past 5-year past paper repeated questions highlighted in this chapter.
- Practice neat presentation with headings, bullet points, and boxed numerical answers for scoring maximum marks."
Mathematics Class 11 - Unit 01 Exercise 1.2 (New),Mathematics,11,PCTB (Punjab Curriculum & Textbook Board),CHAPTER_WISE,1,Solved Numericals,TaleemCity / PakParcha,https://drive.google.com/file/d/1JpuSYiGujbuwJtpeZgjhQBNn1uJvr3by/preview,"### Comprehensive 1st Year / Class 11 Mathematics (Chapter 1) Notes & Solutions (HSSC-I)

Get the best 1st Year (Class 11 / HSSC Part 1) Mathematics notes for **Mathematics Class 11 - Unit 01 Exercise 1.2 (New)**. These high-yield study materials are designed strictly according to the latest National Curriculum 2025–2026, Punjab Curriculum & Textbook Board (PCTB), and Federal Board (FBISE) syllabus standards.

#### 📌 What's Included in this 11th Class Mathematics Guide:
1. **Topic-wise Short Questions & Conceptual Answers:** Comprehensive answers with high-scoring keywords, scientific terminology, and clear definitions.
2. **Solved Long Questions & Detailed Derivations:** Step-by-step explanations, labeled diagrams, mathematical derivations, and board-standard structured headings.
3. **Multiple Choice Questions (Solved MCQs):** High-frequency exam MCQs with 100% verified correct options and conceptual rationales.
4. **Textbook Exercise Solutions & Solved Numericals:** Complete, step-by-step solutions to all textbook review questions, exercises, and numerical problems with standard formulas and units.

#### 🏛️ Applicable for All Intermediate Boards across Pakistan:
- **Punjab Boards:** Lahore, Rawalpindi, Gujranwala, Faisalabad, Multan, Sargodha, Sahiwal, Bahawalpur, and DG Khan Board.
- **Federal Board (FBISE):** Islamabad Model Colleges, Army Public Schools & Overseas Examination Centers.
- **KPK, Sindh & Balochistan Boards:** Fully compliant with Single National Curriculum SLO-based assessments.

#### 💡 Expert 1st Year Board Exam Tips:
- High priority given to SLO-based (Student Learning Outcomes) conceptual questions.
- Review the past 5-year past paper repeated questions highlighted in this chapter.
- Practice neat presentation with headings, bullet points, and boxed numerical answers for scoring maximum marks."
Mathematics Class 11 - Unit 01 Exercise 1.3 (New),Mathematics,11,PCTB (Punjab Curriculum & Textbook Board),CHAPTER_WISE,1,Solved Numericals,TaleemCity / PakParcha,https://drive.google.com/file/d/1ZdQXM0tH4vqhG1UZzdknnBisTAv-8zgl/preview,"### Comprehensive 1st Year / Class 11 Mathematics (Chapter 1) Notes & Solutions (HSSC-I)

Get the best 1st Year (Class 11 / HSSC Part 1) Mathematics notes for **Mathematics Class 11 - Unit 01 Exercise 1.3 (New)**. These high-yield study materials are designed strictly according to the latest National Curriculum 2025–2026, Punjab Curriculum & Textbook Board (PCTB), and Federal Board (FBISE) syllabus standards.

#### 📌 What's Included in this 11th Class Mathematics Guide:
1. **Topic-wise Short Questions & Conceptual Answers:** Comprehensive answers with high-scoring keywords, scientific terminology, and clear definitions.
2. **Solved Long Questions & Detailed Derivations:** Step-by-step explanations, labeled diagrams, mathematical derivations, and board-standard structured headings.
3. **Multiple Choice Questions (Solved MCQs):** High-frequency exam MCQs with 100% verified correct options and conceptual rationales.
4. **Textbook Exercise Solutions & Solved Numericals:** Complete, step-by-step solutions to all textbook review questions, exercises, and numerical problems with standard formulas and units.

#### 🏛️ Applicable for All Intermediate Boards across Pakistan:
- **Punjab Boards:** Lahore, Rawalpindi, Gujranwala, Faisalabad, Multan, Sargodha, Sahiwal, Bahawalpur, and DG Khan Board.
- **Federal Board (FBISE):** Islamabad Model Colleges, Army Public Schools & Overseas Examination Centers.
- **KPK, Sindh & Balochistan Boards:** Fully compliant with Single National Curriculum SLO-based assessments.

#### 💡 Expert 1st Year Board Exam Tips:
- High priority given to SLO-based (Student Learning Outcomes) conceptual questions.
- Review the past 5-year past paper repeated questions highlighted in this chapter.
- Practice neat presentation with headings, bullet points, and boxed numerical answers for scoring maximum marks."
Mathematics Class 11 - Unit 01 Exercise 1.4 (New),Mathematics,11,PCTB (Punjab Curriculum & Textbook Board),CHAPTER_WISE,1,Solved Numericals,TaleemCity / PakParcha,https://drive.google.com/file/d/1JTv3UuW4yyPtvGvrGcpC1zMYiRWC_jdc/preview,"### Comprehensive 1st Year / Class 11 Mathematics (Chapter 1) Notes & Solutions (HSSC-I)

Get the best 1st Year (Class 11 / HSSC Part 1) Mathematics notes for **Mathematics Class 11 - Unit 01 Exercise 1.4 (New)**. These high-yield study materials are designed strictly according to the latest National Curriculum 2025–2026, Punjab Curriculum & Textbook Board (PCTB), and Federal Board (FBISE) syllabus standards.

#### 📌 What's Included in this 11th Class Mathematics Guide:
1. **Topic-wise Short Questions & Conceptual Answers:** Comprehensive answers with high-scoring keywords, scientific terminology, and clear definitions.
2. **Solved Long Questions & Detailed Derivations:** Step-by-step explanations, labeled diagrams, mathematical derivations, and board-standard structured headings.
3. **Multiple Choice Questions (Solved MCQs):** High-frequency exam MCQs with 100% verified correct options and conceptual rationales.
4. **Textbook Exercise Solutions & Solved Numericals:** Complete, step-by-step solutions to all textbook review questions, exercises, and numerical problems with standard formulas and units.

#### 🏛️ Applicable for All Intermediate Boards across Pakistan:
- **Punjab Boards:** Lahore, Rawalpindi, Gujranwala, Faisalabad, Multan, Sargodha, Sahiwal, Bahawalpur, and DG Khan Board.
- **Federal Board (FBISE):** Islamabad Model Colleges, Army Public Schools & Overseas Examination Centers.
- **KPK, Sindh & Balochistan Boards:** Fully compliant with Single National Curriculum SLO-based assessments.

#### 💡 Expert 1st Year Board Exam Tips:
- High priority given to SLO-based (Student Learning Outcomes) conceptual questions.
- Review the past 5-year past paper repeated questions highlighted in this chapter.
- Practice neat presentation with headings, bullet points, and boxed numerical answers for scoring maximum marks."
Mathematics Class 11 - Unit 01 Exercise 1.5 (New),Mathematics,11,PCTB (Punjab Curriculum & Textbook Board),CHAPTER_WISE,1,Solved Numericals,TaleemCity / PakParcha,https://drive.google.com/file/d/1Dee78j1lByJc02fY9RjRdH2EL4_MAfIt/preview,"### Comprehensive 1st Year / Class 11 Mathematics (Chapter 1) Notes & Solutions (HSSC-I)

Get the best 1st Year (Class 11 / HSSC Part 1) Mathematics notes for **Mathematics Class 11 - Unit 01 Exercise 1.5 (New)**. These high-yield study materials are designed strictly according to the latest National Curriculum 2025–2026, Punjab Curriculum & Textbook Board (PCTB), and Federal Board (FBISE) syllabus standards.

#### 📌 What's Included in this 11th Class Mathematics Guide:
1. **Topic-wise Short Questions & Conceptual Answers:** Comprehensive answers with high-scoring keywords, scientific terminology, and clear definitions.
2. **Solved Long Questions & Detailed Derivations:** Step-by-step explanations, labeled diagrams, mathematical derivations, and board-standard structured headings.
3. **Multiple Choice Questions (Solved MCQs):** High-frequency exam MCQs with 100% verified correct options and conceptual rationales.
4. **Textbook Exercise Solutions & Solved Numericals:** Complete, step-by-step solutions to all textbook review questions, exercises, and numerical problems with standard formulas and units.

#### 🏛️ Applicable for All Intermediate Boards across Pakistan:
- **Punjab Boards:** Lahore, Rawalpindi, Gujranwala, Faisalabad, Multan, Sargodha, Sahiwal, Bahawalpur, and DG Khan Board.
- **Federal Board (FBISE):** Islamabad Model Colleges, Army Public Schools & Overseas Examination Centers.
- **KPK, Sindh & Balochistan Boards:** Fully compliant with Single National Curriculum SLO-based assessments.

#### 💡 Expert 1st Year Board Exam Tips:
- High priority given to SLO-based (Student Learning Outcomes) conceptual questions.
- Review the past 5-year past paper repeated questions highlighted in this chapter.
- Practice neat presentation with headings, bullet points, and boxed numerical answers for scoring maximum marks."
Mathematics Class 11 - Unit 02 Exercise 2.1 (New),Mathematics,11,PCTB (Punjab Curriculum & Textbook Board),CHAPTER_WISE,1,Solved Numericals,TaleemCity / PakParcha,https://drive.google.com/file/d/1DwtwejmJsyZeAwu-lRT6h61DYfDSdNtr/preview,"### Comprehensive 1st Year / Class 11 Mathematics (Chapter 1) Notes & Solutions (HSSC-I)

Get the best 1st Year (Class 11 / HSSC Part 1) Mathematics notes for **Mathematics Class 11 - Unit 02 Exercise 2.1 (New)**. These high-yield study materials are designed strictly according to the latest National Curriculum 2025–2026, Punjab Curriculum & Textbook Board (PCTB), and Federal Board (FBISE) syllabus standards.

#### 📌 What's Included in this 11th Class Mathematics Guide:
1. **Topic-wise Short Questions & Conceptual Answers:** Comprehensive answers with high-scoring keywords, scientific terminology, and clear definitions.
2. **Solved Long Questions & Detailed Derivations:** Step-by-step explanations, labeled diagrams, mathematical derivations, and board-standard structured headings.
3. **Multiple Choice Questions (Solved MCQs):** High-frequency exam MCQs with 100% verified correct options and conceptual rationales.
4. **Textbook Exercise Solutions & Solved Numericals:** Complete, step-by-step solutions to all textbook review questions, exercises, and numerical problems with standard formulas and units.

#### 🏛️ Applicable for All Intermediate Boards across Pakistan:
- **Punjab Boards:** Lahore, Rawalpindi, Gujranwala, Faisalabad, Multan, Sargodha, Sahiwal, Bahawalpur, and DG Khan Board.
- **Federal Board (FBISE):** Islamabad Model Colleges, Army Public Schools & Overseas Examination Centers.
- **KPK, Sindh & Balochistan Boards:** Fully compliant with Single National Curriculum SLO-based assessments.

#### 💡 Expert 1st Year Board Exam Tips:
- High priority given to SLO-based (Student Learning Outcomes) conceptual questions.
- Review the past 5-year past paper repeated questions highlighted in this chapter.
- Practice neat presentation with headings, bullet points, and boxed numerical answers for scoring maximum marks."
Mathematics Class 11 - Unit 02 Exercise 2.2 (New),Mathematics,11,PCTB (Punjab Curriculum & Textbook Board),CHAPTER_WISE,1,Solved Numericals,TaleemCity / PakParcha,https://drive.google.com/file/d/10tpqXw1k623-2NiFyCUCZc1QNXKWHD3N/preview,"### Comprehensive 1st Year / Class 11 Mathematics (Chapter 1) Notes & Solutions (HSSC-I)

Get the best 1st Year (Class 11 / HSSC Part 1) Mathematics notes for **Mathematics Class 11 - Unit 02 Exercise 2.2 (New)**. These high-yield study materials are designed strictly according to the latest National Curriculum 2025–2026, Punjab Curriculum & Textbook Board (PCTB), and Federal Board (FBISE) syllabus standards.

#### 📌 What's Included in this 11th Class Mathematics Guide:
1. **Topic-wise Short Questions & Conceptual Answers:** Comprehensive answers with high-scoring keywords, scientific terminology, and clear definitions.
2. **Solved Long Questions & Detailed Derivations:** Step-by-step explanations, labeled diagrams, mathematical derivations, and board-standard structured headings.
3. **Multiple Choice Questions (Solved MCQs):** High-frequency exam MCQs with 100% verified correct options and conceptual rationales.
4. **Textbook Exercise Solutions & Solved Numericals:** Complete, step-by-step solutions to all textbook review questions, exercises, and numerical problems with standard formulas and units.

#### 🏛️ Applicable for All Intermediate Boards across Pakistan:
- **Punjab Boards:** Lahore, Rawalpindi, Gujranwala, Faisalabad, Multan, Sargodha, Sahiwal, Bahawalpur, and DG Khan Board.
- **Federal Board (FBISE):** Islamabad Model Colleges, Army Public Schools & Overseas Examination Centers.
- **KPK, Sindh & Balochistan Boards:** Fully compliant with Single National Curriculum SLO-based assessments.

#### 💡 Expert 1st Year Board Exam Tips:
- High priority given to SLO-based (Student Learning Outcomes) conceptual questions.
- Review the past 5-year past paper repeated questions highlighted in this chapter.
- Practice neat presentation with headings, bullet points, and boxed numerical answers for scoring maximum marks."
Mathematics Class 11 - Unit 03 Exercise 3.1 (New),Mathematics,11,PCTB (Punjab Curriculum & Textbook Board),CHAPTER_WISE,1,Solved Numericals,TaleemCity / PakParcha,https://drive.google.com/file/d/17j9Nl8-DfAfOo23KF9x6qGRqw7ApCs6b/preview,"### Comprehensive 1st Year / Class 11 Mathematics (Chapter 1) Notes & Solutions (HSSC-I)

Get the best 1st Year (Class 11 / HSSC Part 1) Mathematics notes for **Mathematics Class 11 - Unit 03 Exercise 3.1 (New)**. These high-yield study materials are designed strictly according to the latest National Curriculum 2025–2026, Punjab Curriculum & Textbook Board (PCTB), and Federal Board (FBISE) syllabus standards.

#### 📌 What's Included in this 11th Class Mathematics Guide:
1. **Topic-wise Short Questions & Conceptual Answers:** Comprehensive answers with high-scoring keywords, scientific terminology, and clear definitions.
2. **Solved Long Questions & Detailed Derivations:** Step-by-step explanations, labeled diagrams, mathematical derivations, and board-standard structured headings.
3. **Multiple Choice Questions (Solved MCQs):** High-frequency exam MCQs with 100% verified correct options and conceptual rationales.
4. **Textbook Exercise Solutions & Solved Numericals:** Complete, step-by-step solutions to all textbook review questions, exercises, and numerical problems with standard formulas and units.

#### 🏛️ Applicable for All Intermediate Boards across Pakistan:
- **Punjab Boards:** Lahore, Rawalpindi, Gujranwala, Faisalabad, Multan, Sargodha, Sahiwal, Bahawalpur, and DG Khan Board.
- **Federal Board (FBISE):** Islamabad Model Colleges, Army Public Schools & Overseas Examination Centers.
- **KPK, Sindh & Balochistan Boards:** Fully compliant with Single National Curriculum SLO-based assessments.

#### 💡 Expert 1st Year Board Exam Tips:
- High priority given to SLO-based (Student Learning Outcomes) conceptual questions.
- Review the past 5-year past paper repeated questions highlighted in this chapter.
- Practice neat presentation with headings, bullet points, and boxed numerical answers for scoring maximum marks."
Mathematics Class 11 - Unit 03 Exercise 3.2 (New),Mathematics,11,PCTB (Punjab Curriculum & Textbook Board),CHAPTER_WISE,1,Solved Numericals,TaleemCity / PakParcha,https://drive.google.com/file/d/19-p4r1KUK9rSoHvX3W2Jdgj8adSzjpbE/preview,"### Comprehensive 1st Year / Class 11 Mathematics (Chapter 1) Notes & Solutions (HSSC-I)

Get the best 1st Year (Class 11 / HSSC Part 1) Mathematics notes for **Mathematics Class 11 - Unit 03 Exercise 3.2 (New)**. These high-yield study materials are designed strictly according to the latest National Curriculum 2025–2026, Punjab Curriculum & Textbook Board (PCTB), and Federal Board (FBISE) syllabus standards.

#### 📌 What's Included in this 11th Class Mathematics Guide:
1. **Topic-wise Short Questions & Conceptual Answers:** Comprehensive answers with high-scoring keywords, scientific terminology, and clear definitions.
2. **Solved Long Questions & Detailed Derivations:** Step-by-step explanations, labeled diagrams, mathematical derivations, and board-standard structured headings.
3. **Multiple Choice Questions (Solved MCQs):** High-frequency exam MCQs with 100% verified correct options and conceptual rationales.
4. **Textbook Exercise Solutions & Solved Numericals:** Complete, step-by-step solutions to all textbook review questions, exercises, and numerical problems with standard formulas and units.

#### 🏛️ Applicable for All Intermediate Boards across Pakistan:
- **Punjab Boards:** Lahore, Rawalpindi, Gujranwala, Faisalabad, Multan, Sargodha, Sahiwal, Bahawalpur, and DG Khan Board.
- **Federal Board (FBISE):** Islamabad Model Colleges, Army Public Schools & Overseas Examination Centers.
- **KPK, Sindh & Balochistan Boards:** Fully compliant with Single National Curriculum SLO-based assessments.

#### 💡 Expert 1st Year Board Exam Tips:
- High priority given to SLO-based (Student Learning Outcomes) conceptual questions.
- Review the past 5-year past paper repeated questions highlighted in this chapter.
- Practice neat presentation with headings, bullet points, and boxed numerical answers for scoring maximum marks."
Mathematics Class 11 - Unit 04 Exercise 4.1 (New),Mathematics,11,PCTB (Punjab Curriculum & Textbook Board),CHAPTER_WISE,1,Solved Numericals,TaleemCity / PakParcha,https://drive.google.com/file/d/1iEUXvZ5mKa6BRkbExSEpV6ZAYRtVmxAG/preview,"### Comprehensive 1st Year / Class 11 Mathematics (Chapter 1) Notes & Solutions (HSSC-I)

Get the best 1st Year (Class 11 / HSSC Part 1) Mathematics notes for **Mathematics Class 11 - Unit 04 Exercise 4.1 (New)**. These high-yield study materials are designed strictly according to the latest National Curriculum 2025–2026, Punjab Curriculum & Textbook Board (PCTB), and Federal Board (FBISE) syllabus standards.

#### 📌 What's Included in this 11th Class Mathematics Guide:
1. **Topic-wise Short Questions & Conceptual Answers:** Comprehensive answers with high-scoring keywords, scientific terminology, and clear definitions.
2. **Solved Long Questions & Detailed Derivations:** Step-by-step explanations, labeled diagrams, mathematical derivations, and board-standard structured headings.
3. **Multiple Choice Questions (Solved MCQs):** High-frequency exam MCQs with 100% verified correct options and conceptual rationales.
4. **Textbook Exercise Solutions & Solved Numericals:** Complete, step-by-step solutions to all textbook review questions, exercises, and numerical problems with standard formulas and units.

#### 🏛️ Applicable for All Intermediate Boards across Pakistan:
- **Punjab Boards:** Lahore, Rawalpindi, Gujranwala, Faisalabad, Multan, Sargodha, Sahiwal, Bahawalpur, and DG Khan Board.
- **Federal Board (FBISE):** Islamabad Model Colleges, Army Public Schools & Overseas Examination Centers.
- **KPK, Sindh & Balochistan Boards:** Fully compliant with Single National Curriculum SLO-based assessments.

#### 💡 Expert 1st Year Board Exam Tips:
- High priority given to SLO-based (Student Learning Outcomes) conceptual questions.
- Review the past 5-year past paper repeated questions highlighted in this chapter.
- Practice neat presentation with headings, bullet points, and boxed numerical answers for scoring maximum marks."
Mathematics Class 11 - Unit 04 Exercise 4.2 (New),Mathematics,11,PCTB (Punjab Curriculum & Textbook Board),CHAPTER_WISE,1,Solved Numericals,TaleemCity / PakParcha,https://drive.google.com/file/d/1JECFISI3jyqIn7PPYL0kubil0kSSVZBZ/preview,"### Comprehensive 1st Year / Class 11 Mathematics (Chapter 1) Notes & Solutions (HSSC-I)

Get the best 1st Year (Class 11 / HSSC Part 1) Mathematics notes for **Mathematics Class 11 - Unit 04 Exercise 4.2 (New)**. These high-yield study materials are designed strictly according to the latest National Curriculum 2025–2026, Punjab Curriculum & Textbook Board (PCTB), and Federal Board (FBISE) syllabus standards.

#### 📌 What's Included in this 11th Class Mathematics Guide:
1. **Topic-wise Short Questions & Conceptual Answers:** Comprehensive answers with high-scoring keywords, scientific terminology, and clear definitions.
2. **Solved Long Questions & Detailed Derivations:** Step-by-step explanations, labeled diagrams, mathematical derivations, and board-standard structured headings.
3. **Multiple Choice Questions (Solved MCQs):** High-frequency exam MCQs with 100% verified correct options and conceptual rationales.
4. **Textbook Exercise Solutions & Solved Numericals:** Complete, step-by-step solutions to all textbook review questions, exercises, and numerical problems with standard formulas and units.

#### 🏛️ Applicable for All Intermediate Boards across Pakistan:
- **Punjab Boards:** Lahore, Rawalpindi, Gujranwala, Faisalabad, Multan, Sargodha, Sahiwal, Bahawalpur, and DG Khan Board.
- **Federal Board (FBISE):** Islamabad Model Colleges, Army Public Schools & Overseas Examination Centers.
- **KPK, Sindh & Balochistan Boards:** Fully compliant with Single National Curriculum SLO-based assessments.

#### 💡 Expert 1st Year Board Exam Tips:
- High priority given to SLO-based (Student Learning Outcomes) conceptual questions.
- Review the past 5-year past paper repeated questions highlighted in this chapter.
- Practice neat presentation with headings, bullet points, and boxed numerical answers for scoring maximum marks."
Mathematics Class 11 - Unit 04 Exercise 4.3 (New),Mathematics,11,PCTB (Punjab Curriculum & Textbook Board),CHAPTER_WISE,1,Solved Numericals,TaleemCity / PakParcha,https://drive.google.com/file/d/1qRYJun_t7Sjcufv0f_TamEchV8yhqQPZ/preview,"### Comprehensive 1st Year / Class 11 Mathematics (Chapter 1) Notes & Solutions (HSSC-I)

Get the best 1st Year (Class 11 / HSSC Part 1) Mathematics notes for **Mathematics Class 11 - Unit 04 Exercise 4.3 (New)**. These high-yield study materials are designed strictly according to the latest National Curriculum 2025–2026, Punjab Curriculum & Textbook Board (PCTB), and Federal Board (FBISE) syllabus standards.

#### 📌 What's Included in this 11th Class Mathematics Guide:
1. **Topic-wise Short Questions & Conceptual Answers:** Comprehensive answers with high-scoring keywords, scientific terminology, and clear definitions.
2. **Solved Long Questions & Detailed Derivations:** Step-by-step explanations, labeled diagrams, mathematical derivations, and board-standard structured headings.
3. **Multiple Choice Questions (Solved MCQs):** High-frequency exam MCQs with 100% verified correct options and conceptual rationales.
4. **Textbook Exercise Solutions & Solved Numericals:** Complete, step-by-step solutions to all textbook review questions, exercises, and numerical problems with standard formulas and units.

#### 🏛️ Applicable for All Intermediate Boards across Pakistan:
- **Punjab Boards:** Lahore, Rawalpindi, Gujranwala, Faisalabad, Multan, Sargodha, Sahiwal, Bahawalpur, and DG Khan Board.
- **Federal Board (FBISE):** Islamabad Model Colleges, Army Public Schools & Overseas Examination Centers.
- **KPK, Sindh & Balochistan Boards:** Fully compliant with Single National Curriculum SLO-based assessments.

#### 💡 Expert 1st Year Board Exam Tips:
- High priority given to SLO-based (Student Learning Outcomes) conceptual questions.
- Review the past 5-year past paper repeated questions highlighted in this chapter.
- Practice neat presentation with headings, bullet points, and boxed numerical answers for scoring maximum marks."
Mathematics Class 11 - Unit 05 Exercise 5.1 (New),Mathematics,11,PCTB (Punjab Curriculum & Textbook Board),CHAPTER_WISE,1,Solved Numericals,TaleemCity / PakParcha,https://drive.google.com/file/d/1pCBem9g59SMSGU-HUvTZ_QB0_7r8jh2w/preview,"### Comprehensive 1st Year / Class 11 Mathematics (Chapter 1) Notes & Solutions (HSSC-I)

Get the best 1st Year (Class 11 / HSSC Part 1) Mathematics notes for **Mathematics Class 11 - Unit 05 Exercise 5.1 (New)**. These high-yield study materials are designed strictly according to the latest National Curriculum 2025–2026, Punjab Curriculum & Textbook Board (PCTB), and Federal Board (FBISE) syllabus standards.

#### 📌 What's Included in this 11th Class Mathematics Guide:
1. **Topic-wise Short Questions & Conceptual Answers:** Comprehensive answers with high-scoring keywords, scientific terminology, and clear definitions.
2. **Solved Long Questions & Detailed Derivations:** Step-by-step explanations, labeled diagrams, mathematical derivations, and board-standard structured headings.
3. **Multiple Choice Questions (Solved MCQs):** High-frequency exam MCQs with 100% verified correct options and conceptual rationales.
4. **Textbook Exercise Solutions & Solved Numericals:** Complete, step-by-step solutions to all textbook review questions, exercises, and numerical problems with standard formulas and units.

#### 🏛️ Applicable for All Intermediate Boards across Pakistan:
- **Punjab Boards:** Lahore, Rawalpindi, Gujranwala, Faisalabad, Multan, Sargodha, Sahiwal, Bahawalpur, and DG Khan Board.
- **Federal Board (FBISE):** Islamabad Model Colleges, Army Public Schools & Overseas Examination Centers.
- **KPK, Sindh & Balochistan Boards:** Fully compliant with Single National Curriculum SLO-based assessments.

#### 💡 Expert 1st Year Board Exam Tips:
- High priority given to SLO-based (Student Learning Outcomes) conceptual questions.
- Review the past 5-year past paper repeated questions highlighted in this chapter.
- Practice neat presentation with headings, bullet points, and boxed numerical answers for scoring maximum marks."
Mathematics Class 11 - Unit 05 Exercise 5.2 (New),Mathematics,11,PCTB (Punjab Curriculum & Textbook Board),CHAPTER_WISE,1,Solved Numericals,TaleemCity / PakParcha,https://drive.google.com/file/d/13BxgE8__9QiC7dDSaqhGUv57j0f_D8yc/preview,"### Comprehensive 1st Year / Class 11 Mathematics (Chapter 1) Notes & Solutions (HSSC-I)

Get the best 1st Year (Class 11 / HSSC Part 1) Mathematics notes for **Mathematics Class 11 - Unit 05 Exercise 5.2 (New)**. These high-yield study materials are designed strictly according to the latest National Curriculum 2025–2026, Punjab Curriculum & Textbook Board (PCTB), and Federal Board (FBISE) syllabus standards.

#### 📌 What's Included in this 11th Class Mathematics Guide:
1. **Topic-wise Short Questions & Conceptual Answers:** Comprehensive answers with high-scoring keywords, scientific terminology, and clear definitions.
2. **Solved Long Questions & Detailed Derivations:** Step-by-step explanations, labeled diagrams, mathematical derivations, and board-standard structured headings.
3. **Multiple Choice Questions (Solved MCQs):** High-frequency exam MCQs with 100% verified correct options and conceptual rationales.
4. **Textbook Exercise Solutions & Solved Numericals:** Complete, step-by-step solutions to all textbook review questions, exercises, and numerical problems with standard formulas and units.

#### 🏛️ Applicable for All Intermediate Boards across Pakistan:
- **Punjab Boards:** Lahore, Rawalpindi, Gujranwala, Faisalabad, Multan, Sargodha, Sahiwal, Bahawalpur, and DG Khan Board.
- **Federal Board (FBISE):** Islamabad Model Colleges, Army Public Schools & Overseas Examination Centers.
- **KPK, Sindh & Balochistan Boards:** Fully compliant with Single National Curriculum SLO-based assessments.

#### 💡 Expert 1st Year Board Exam Tips:
- High priority given to SLO-based (Student Learning Outcomes) conceptual questions.
- Review the past 5-year past paper repeated questions highlighted in this chapter.
- Practice neat presentation with headings, bullet points, and boxed numerical answers for scoring maximum marks."
Mathematics Class 11 - Unit 06 Exercise 6.1 (New),Mathematics,11,PCTB (Punjab Curriculum & Textbook Board),CHAPTER_WISE,1,Solved Numericals,TaleemCity / PakParcha,https://drive.google.com/file/d/1gJaaKNG0jXXp4_5voecs17SgGMv0Styl/preview,"### Comprehensive 1st Year / Class 11 Mathematics (Chapter 1) Notes & Solutions (HSSC-I)

Get the best 1st Year (Class 11 / HSSC Part 1) Mathematics notes for **Mathematics Class 11 - Unit 06 Exercise 6.1 (New)**. These high-yield study materials are designed strictly according to the latest National Curriculum 2025–2026, Punjab Curriculum & Textbook Board (PCTB), and Federal Board (FBISE) syllabus standards.

#### 📌 What's Included in this 11th Class Mathematics Guide:
1. **Topic-wise Short Questions & Conceptual Answers:** Comprehensive answers with high-scoring keywords, scientific terminology, and clear definitions.
2. **Solved Long Questions & Detailed Derivations:** Step-by-step explanations, labeled diagrams, mathematical derivations, and board-standard structured headings.
3. **Multiple Choice Questions (Solved MCQs):** High-frequency exam MCQs with 100% verified correct options and conceptual rationales.
4. **Textbook Exercise Solutions & Solved Numericals:** Complete, step-by-step solutions to all textbook review questions, exercises, and numerical problems with standard formulas and units.

#### 🏛️ Applicable for All Intermediate Boards across Pakistan:
- **Punjab Boards:** Lahore, Rawalpindi, Gujranwala, Faisalabad, Multan, Sargodha, Sahiwal, Bahawalpur, and DG Khan Board.
- **Federal Board (FBISE):** Islamabad Model Colleges, Army Public Schools & Overseas Examination Centers.
- **KPK, Sindh & Balochistan Boards:** Fully compliant with Single National Curriculum SLO-based assessments.

#### 💡 Expert 1st Year Board Exam Tips:
- High priority given to SLO-based (Student Learning Outcomes) conceptual questions.
- Review the past 5-year past paper repeated questions highlighted in this chapter.
- Practice neat presentation with headings, bullet points, and boxed numerical answers for scoring maximum marks."
Mathematics Class 11 - Unit 06 Exercise 6.2 (New),Mathematics,11,PCTB (Punjab Curriculum & Textbook Board),CHAPTER_WISE,1,Solved Numericals,TaleemCity / PakParcha,https://drive.google.com/file/d/1MWpYzNm_cvowqpsaDqWJLLFsoOp5aB-M/preview,"### Comprehensive 1st Year / Class 11 Mathematics (Chapter 1) Notes & Solutions (HSSC-I)

Get the best 1st Year (Class 11 / HSSC Part 1) Mathematics notes for **Mathematics Class 11 - Unit 06 Exercise 6.2 (New)**. These high-yield study materials are designed strictly according to the latest National Curriculum 2025–2026, Punjab Curriculum & Textbook Board (PCTB), and Federal Board (FBISE) syllabus standards.

#### 📌 What's Included in this 11th Class Mathematics Guide:
1. **Topic-wise Short Questions & Conceptual Answers:** Comprehensive answers with high-scoring keywords, scientific terminology, and clear definitions.
2. **Solved Long Questions & Detailed Derivations:** Step-by-step explanations, labeled diagrams, mathematical derivations, and board-standard structured headings.
3. **Multiple Choice Questions (Solved MCQs):** High-frequency exam MCQs with 100% verified correct options and conceptual rationales.
4. **Textbook Exercise Solutions & Solved Numericals:** Complete, step-by-step solutions to all textbook review questions, exercises, and numerical problems with standard formulas and units.

#### 🏛️ Applicable for All Intermediate Boards across Pakistan:
- **Punjab Boards:** Lahore, Rawalpindi, Gujranwala, Faisalabad, Multan, Sargodha, Sahiwal, Bahawalpur, and DG Khan Board.
- **Federal Board (FBISE):** Islamabad Model Colleges, Army Public Schools & Overseas Examination Centers.
- **KPK, Sindh & Balochistan Boards:** Fully compliant with Single National Curriculum SLO-based assessments.

#### 💡 Expert 1st Year Board Exam Tips:
- High priority given to SLO-based (Student Learning Outcomes) conceptual questions.
- Review the past 5-year past paper repeated questions highlighted in this chapter.
- Practice neat presentation with headings, bullet points, and boxed numerical answers for scoring maximum marks."
Mathematics Class 11 - Unit 06 Exercise 6.3 (New),Mathematics,11,PCTB (Punjab Curriculum & Textbook Board),CHAPTER_WISE,1,Solved Numericals,TaleemCity / PakParcha,https://drive.google.com/file/d/1bW1qaZKi5PbZBLULq7GoYCVB2GrmrHVd/preview,"### Comprehensive 1st Year / Class 11 Mathematics (Chapter 1) Notes & Solutions (HSSC-I)

Get the best 1st Year (Class 11 / HSSC Part 1) Mathematics notes for **Mathematics Class 11 - Unit 06 Exercise 6.3 (New)**. These high-yield study materials are designed strictly according to the latest National Curriculum 2025–2026, Punjab Curriculum & Textbook Board (PCTB), and Federal Board (FBISE) syllabus standards.

#### 📌 What's Included in this 11th Class Mathematics Guide:
1. **Topic-wise Short Questions & Conceptual Answers:** Comprehensive answers with high-scoring keywords, scientific terminology, and clear definitions.
2. **Solved Long Questions & Detailed Derivations:** Step-by-step explanations, labeled diagrams, mathematical derivations, and board-standard structured headings.
3. **Multiple Choice Questions (Solved MCQs):** High-frequency exam MCQs with 100% verified correct options and conceptual rationales.
4. **Textbook Exercise Solutions & Solved Numericals:** Complete, step-by-step solutions to all textbook review questions, exercises, and numerical problems with standard formulas and units.

#### 🏛️ Applicable for All Intermediate Boards across Pakistan:
- **Punjab Boards:** Lahore, Rawalpindi, Gujranwala, Faisalabad, Multan, Sargodha, Sahiwal, Bahawalpur, and DG Khan Board.
- **Federal Board (FBISE):** Islamabad Model Colleges, Army Public Schools & Overseas Examination Centers.
- **KPK, Sindh & Balochistan Boards:** Fully compliant with Single National Curriculum SLO-based assessments.

#### 💡 Expert 1st Year Board Exam Tips:
- High priority given to SLO-based (Student Learning Outcomes) conceptual questions.
- Review the past 5-year past paper repeated questions highlighted in this chapter.
- Practice neat presentation with headings, bullet points, and boxed numerical answers for scoring maximum marks."
Mathematics Class 11 - Unit 06 Exercise 6.4 (New),Mathematics,11,PCTB (Punjab Curriculum & Textbook Board),CHAPTER_WISE,1,Solved Numericals,TaleemCity / PakParcha,https://drive.google.com/file/d/1EnCa795j2A6caX3fnyOqY1RjknKeR9oP/preview,"### Comprehensive 1st Year / Class 11 Mathematics (Chapter 1) Notes & Solutions (HSSC-I)

Get the best 1st Year (Class 11 / HSSC Part 1) Mathematics notes for **Mathematics Class 11 - Unit 06 Exercise 6.4 (New)**. These high-yield study materials are designed strictly according to the latest National Curriculum 2025–2026, Punjab Curriculum & Textbook Board (PCTB), and Federal Board (FBISE) syllabus standards.

#### 📌 What's Included in this 11th Class Mathematics Guide:
1. **Topic-wise Short Questions & Conceptual Answers:** Comprehensive answers with high-scoring keywords, scientific terminology, and clear definitions.
2. **Solved Long Questions & Detailed Derivations:** Step-by-step explanations, labeled diagrams, mathematical derivations, and board-standard structured headings.
3. **Multiple Choice Questions (Solved MCQs):** High-frequency exam MCQs with 100% verified correct options and conceptual rationales.
4. **Textbook Exercise Solutions & Solved Numericals:** Complete, step-by-step solutions to all textbook review questions, exercises, and numerical problems with standard formulas and units.

#### 🏛️ Applicable for All Intermediate Boards across Pakistan:
- **Punjab Boards:** Lahore, Rawalpindi, Gujranwala, Faisalabad, Multan, Sargodha, Sahiwal, Bahawalpur, and DG Khan Board.
- **Federal Board (FBISE):** Islamabad Model Colleges, Army Public Schools & Overseas Examination Centers.
- **KPK, Sindh & Balochistan Boards:** Fully compliant with Single National Curriculum SLO-based assessments.

#### 💡 Expert 1st Year Board Exam Tips:
- High priority given to SLO-based (Student Learning Outcomes) conceptual questions.
- Review the past 5-year past paper repeated questions highlighted in this chapter.
- Practice neat presentation with headings, bullet points, and boxed numerical answers for scoring maximum marks."
Mathematics Class 11 - Unit 06 Exercise 6.5 (New),Mathematics,11,PCTB (Punjab Curriculum & Textbook Board),CHAPTER_WISE,1,Solved Numericals,TaleemCity / PakParcha,https://drive.google.com/file/d/11YEp2ChMDULteSG8G_iNkS9facqqieZ9/preview,"### Comprehensive 1st Year / Class 11 Mathematics (Chapter 1) Notes & Solutions (HSSC-I)

Get the best 1st Year (Class 11 / HSSC Part 1) Mathematics notes for **Mathematics Class 11 - Unit 06 Exercise 6.5 (New)**. These high-yield study materials are designed strictly according to the latest National Curriculum 2025–2026, Punjab Curriculum & Textbook Board (PCTB), and Federal Board (FBISE) syllabus standards.

#### 📌 What's Included in this 11th Class Mathematics Guide:
1. **Topic-wise Short Questions & Conceptual Answers:** Comprehensive answers with high-scoring keywords, scientific terminology, and clear definitions.
2. **Solved Long Questions & Detailed Derivations:** Step-by-step explanations, labeled diagrams, mathematical derivations, and board-standard structured headings.
3. **Multiple Choice Questions (Solved MCQs):** High-frequency exam MCQs with 100% verified correct options and conceptual rationales.
4. **Textbook Exercise Solutions & Solved Numericals:** Complete, step-by-step solutions to all textbook review questions, exercises, and numerical problems with standard formulas and units.

#### 🏛️ Applicable for All Intermediate Boards across Pakistan:
- **Punjab Boards:** Lahore, Rawalpindi, Gujranwala, Faisalabad, Multan, Sargodha, Sahiwal, Bahawalpur, and DG Khan Board.
- **Federal Board (FBISE):** Islamabad Model Colleges, Army Public Schools & Overseas Examination Centers.
- **KPK, Sindh & Balochistan Boards:** Fully compliant with Single National Curriculum SLO-based assessments.

#### 💡 Expert 1st Year Board Exam Tips:
- High priority given to SLO-based (Student Learning Outcomes) conceptual questions.
- Review the past 5-year past paper repeated questions highlighted in this chapter.
- Practice neat presentation with headings, bullet points, and boxed numerical answers for scoring maximum marks."
Mathematics Class 11 - Unit 06 Exercise 6.6 (New),Mathematics,11,PCTB (Punjab Curriculum & Textbook Board),CHAPTER_WISE,1,Solved Numericals,TaleemCity / PakParcha,https://drive.google.com/file/d/1Tb4qIbB_beSwsSUwGgcgvDbgoDvYk2AM/preview,"### Comprehensive 1st Year / Class 11 Mathematics (Chapter 1) Notes & Solutions (HSSC-I)

Get the best 1st Year (Class 11 / HSSC Part 1) Mathematics notes for **Mathematics Class 11 - Unit 06 Exercise 6.6 (New)**. These high-yield study materials are designed strictly according to the latest National Curriculum 2025–2026, Punjab Curriculum & Textbook Board (PCTB), and Federal Board (FBISE) syllabus standards.

#### 📌 What's Included in this 11th Class Mathematics Guide:
1. **Topic-wise Short Questions & Conceptual Answers:** Comprehensive answers with high-scoring keywords, scientific terminology, and clear definitions.
2. **Solved Long Questions & Detailed Derivations:** Step-by-step explanations, labeled diagrams, mathematical derivations, and board-standard structured headings.
3. **Multiple Choice Questions (Solved MCQs):** High-frequency exam MCQs with 100% verified correct options and conceptual rationales.
4. **Textbook Exercise Solutions & Solved Numericals:** Complete, step-by-step solutions to all textbook review questions, exercises, and numerical problems with standard formulas and units.

#### 🏛️ Applicable for All Intermediate Boards across Pakistan:
- **Punjab Boards:** Lahore, Rawalpindi, Gujranwala, Faisalabad, Multan, Sargodha, Sahiwal, Bahawalpur, and DG Khan Board.
- **Federal Board (FBISE):** Islamabad Model Colleges, Army Public Schools & Overseas Examination Centers.
- **KPK, Sindh & Balochistan Boards:** Fully compliant with Single National Curriculum SLO-based assessments.

#### 💡 Expert 1st Year Board Exam Tips:
- High priority given to SLO-based (Student Learning Outcomes) conceptual questions.
- Review the past 5-year past paper repeated questions highlighted in this chapter.
- Practice neat presentation with headings, bullet points, and boxed numerical answers for scoring maximum marks."
Mathematics Class 11 - Unit 06 Exercise 6.7 (New),Mathematics,11,PCTB (Punjab Curriculum & Textbook Board),CHAPTER_WISE,1,Solved Numericals,TaleemCity / PakParcha,https://drive.google.com/file/d/1epRXCYHQ1utNxGN5st9cPIriQPKKIGV5/preview,"### Comprehensive 1st Year / Class 11 Mathematics (Chapter 1) Notes & Solutions (HSSC-I)

Get the best 1st Year (Class 11 / HSSC Part 1) Mathematics notes for **Mathematics Class 11 - Unit 06 Exercise 6.7 (New)**. These high-yield study materials are designed strictly according to the latest National Curriculum 2025–2026, Punjab Curriculum & Textbook Board (PCTB), and Federal Board (FBISE) syllabus standards.

#### 📌 What's Included in this 11th Class Mathematics Guide:
1. **Topic-wise Short Questions & Conceptual Answers:** Comprehensive answers with high-scoring keywords, scientific terminology, and clear definitions.
2. **Solved Long Questions & Detailed Derivations:** Step-by-step explanations, labeled diagrams, mathematical derivations, and board-standard structured headings.
3. **Multiple Choice Questions (Solved MCQs):** High-frequency exam MCQs with 100% verified correct options and conceptual rationales.
4. **Textbook Exercise Solutions & Solved Numericals:** Complete, step-by-step solutions to all textbook review questions, exercises, and numerical problems with standard formulas and units.

#### 🏛️ Applicable for All Intermediate Boards across Pakistan:
- **Punjab Boards:** Lahore, Rawalpindi, Gujranwala, Faisalabad, Multan, Sargodha, Sahiwal, Bahawalpur, and DG Khan Board.
- **Federal Board (FBISE):** Islamabad Model Colleges, Army Public Schools & Overseas Examination Centers.
- **KPK, Sindh & Balochistan Boards:** Fully compliant with Single National Curriculum SLO-based assessments.

#### 💡 Expert 1st Year Board Exam Tips:
- High priority given to SLO-based (Student Learning Outcomes) conceptual questions.
- Review the past 5-year past paper repeated questions highlighted in this chapter.
- Practice neat presentation with headings, bullet points, and boxed numerical answers for scoring maximum marks."
Mathematics Class 11 - Unit 06 Exercise 6.8 (New),Mathematics,11,PCTB (Punjab Curriculum & Textbook Board),CHAPTER_WISE,1,Solved Numericals,TaleemCity / PakParcha,https://drive.google.com/file/d/1hghGQMjE2B0f5NEyhR43kR247ORqyLc4/preview,"### Comprehensive 1st Year / Class 11 Mathematics (Chapter 1) Notes & Solutions (HSSC-I)

Get the best 1st Year (Class 11 / HSSC Part 1) Mathematics notes for **Mathematics Class 11 - Unit 06 Exercise 6.8 (New)**. These high-yield study materials are designed strictly according to the latest National Curriculum 2025–2026, Punjab Curriculum & Textbook Board (PCTB), and Federal Board (FBISE) syllabus standards.

#### 📌 What's Included in this 11th Class Mathematics Guide:
1. **Topic-wise Short Questions & Conceptual Answers:** Comprehensive answers with high-scoring keywords, scientific terminology, and clear definitions.
2. **Solved Long Questions & Detailed Derivations:** Step-by-step explanations, labeled diagrams, mathematical derivations, and board-standard structured headings.
3. **Multiple Choice Questions (Solved MCQs):** High-frequency exam MCQs with 100% verified correct options and conceptual rationales.
4. **Textbook Exercise Solutions & Solved Numericals:** Complete, step-by-step solutions to all textbook review questions, exercises, and numerical problems with standard formulas and units.

#### 🏛️ Applicable for All Intermediate Boards across Pakistan:
- **Punjab Boards:** Lahore, Rawalpindi, Gujranwala, Faisalabad, Multan, Sargodha, Sahiwal, Bahawalpur, and DG Khan Board.
- **Federal Board (FBISE):** Islamabad Model Colleges, Army Public Schools & Overseas Examination Centers.
- **KPK, Sindh & Balochistan Boards:** Fully compliant with Single National Curriculum SLO-based assessments.

#### 💡 Expert 1st Year Board Exam Tips:
- High priority given to SLO-based (Student Learning Outcomes) conceptual questions.
- Review the past 5-year past paper repeated questions highlighted in this chapter.
- Practice neat presentation with headings, bullet points, and boxed numerical answers for scoring maximum marks."
Mathematics Class 11 - Unit 06 Exercise 6.9 (New),Mathematics,11,PCTB (Punjab Curriculum & Textbook Board),CHAPTER_WISE,1,Solved Numericals,TaleemCity / PakParcha,https://drive.google.com/file/d/1OPfL3wLOUh1C3KenmFG1pMf3VFkdj47I/preview,"### Comprehensive 1st Year / Class 11 Mathematics (Chapter 1) Notes & Solutions (HSSC-I)

Get the best 1st Year (Class 11 / HSSC Part 1) Mathematics notes for **Mathematics Class 11 - Unit 06 Exercise 6.9 (New)**. These high-yield study materials are designed strictly according to the latest National Curriculum 2025–2026, Punjab Curriculum & Textbook Board (PCTB), and Federal Board (FBISE) syllabus standards.

#### 📌 What's Included in this 11th Class Mathematics Guide:
1. **Topic-wise Short Questions & Conceptual Answers:** Comprehensive answers with high-scoring keywords, scientific terminology, and clear definitions.
2. **Solved Long Questions & Detailed Derivations:** Step-by-step explanations, labeled diagrams, mathematical derivations, and board-standard structured headings.
3. **Multiple Choice Questions (Solved MCQs):** High-frequency exam MCQs with 100% verified correct options and conceptual rationales.
4. **Textbook Exercise Solutions & Solved Numericals:** Complete, step-by-step solutions to all textbook review questions, exercises, and numerical problems with standard formulas and units.

#### 🏛️ Applicable for All Intermediate Boards across Pakistan:
- **Punjab Boards:** Lahore, Rawalpindi, Gujranwala, Faisalabad, Multan, Sargodha, Sahiwal, Bahawalpur, and DG Khan Board.
- **Federal Board (FBISE):** Islamabad Model Colleges, Army Public Schools & Overseas Examination Centers.
- **KPK, Sindh & Balochistan Boards:** Fully compliant with Single National Curriculum SLO-based assessments.

#### 💡 Expert 1st Year Board Exam Tips:
- High priority given to SLO-based (Student Learning Outcomes) conceptual questions.
- Review the past 5-year past paper repeated questions highlighted in this chapter.
- Practice neat presentation with headings, bullet points, and boxed numerical answers for scoring maximum marks."
Mathematics Class 11 - Unit 06 Exercise 6.10 (New),Mathematics,11,PCTB (Punjab Curriculum & Textbook Board),CHAPTER_WISE,1,Solved Numericals,TaleemCity / PakParcha,https://drive.google.com/file/d/19cUVpgTF7ZONoiV9u-6zlYwwZyzFCvgO/preview,"### Comprehensive 1st Year / Class 11 Mathematics (Chapter 1) Notes & Solutions (HSSC-I)

Get the best 1st Year (Class 11 / HSSC Part 1) Mathematics notes for **Mathematics Class 11 - Unit 06 Exercise 6.10 (New)**. These high-yield study materials are designed strictly according to the latest National Curriculum 2025–2026, Punjab Curriculum & Textbook Board (PCTB), and Federal Board (FBISE) syllabus standards.

#### 📌 What's Included in this 11th Class Mathematics Guide:
1. **Topic-wise Short Questions & Conceptual Answers:** Comprehensive answers with high-scoring keywords, scientific terminology, and clear definitions.
2. **Solved Long Questions & Detailed Derivations:** Step-by-step explanations, labeled diagrams, mathematical derivations, and board-standard structured headings.
3. **Multiple Choice Questions (Solved MCQs):** High-frequency exam MCQs with 100% verified correct options and conceptual rationales.
4. **Textbook Exercise Solutions & Solved Numericals:** Complete, step-by-step solutions to all textbook review questions, exercises, and numerical problems with standard formulas and units.

#### 🏛️ Applicable for All Intermediate Boards across Pakistan:
- **Punjab Boards:** Lahore, Rawalpindi, Gujranwala, Faisalabad, Multan, Sargodha, Sahiwal, Bahawalpur, and DG Khan Board.
- **Federal Board (FBISE):** Islamabad Model Colleges, Army Public Schools & Overseas Examination Centers.
- **KPK, Sindh & Balochistan Boards:** Fully compliant with Single National Curriculum SLO-based assessments.

#### 💡 Expert 1st Year Board Exam Tips:
- High priority given to SLO-based (Student Learning Outcomes) conceptual questions.
- Review the past 5-year past paper repeated questions highlighted in this chapter.
- Practice neat presentation with headings, bullet points, and boxed numerical answers for scoring maximum marks."
Mathematics Class 11 - Unit 06 Exercise 6.11 (New),Mathematics,11,PCTB (Punjab Curriculum & Textbook Board),CHAPTER_WISE,1,Solved Numericals,TaleemCity / PakParcha,https://drive.google.com/file/d/1TYCnXj4ozYW0SGTdFja206Fkechx4PFV/preview,"### Comprehensive 1st Year / Class 11 Mathematics (Chapter 1) Notes & Solutions (HSSC-I)

Get the best 1st Year (Class 11 / HSSC Part 1) Mathematics notes for **Mathematics Class 11 - Unit 06 Exercise 6.11 (New)**. These high-yield study materials are designed strictly according to the latest National Curriculum 2025–2026, Punjab Curriculum & Textbook Board (PCTB), and Federal Board (FBISE) syllabus standards.

#### 📌 What's Included in this 11th Class Mathematics Guide:
1. **Topic-wise Short Questions & Conceptual Answers:** Comprehensive answers with high-scoring keywords, scientific terminology, and clear definitions.
2. **Solved Long Questions & Detailed Derivations:** Step-by-step explanations, labeled diagrams, mathematical derivations, and board-standard structured headings.
3. **Multiple Choice Questions (Solved MCQs):** High-frequency exam MCQs with 100% verified correct options and conceptual rationales.
4. **Textbook Exercise Solutions & Solved Numericals:** Complete, step-by-step solutions to all textbook review questions, exercises, and numerical problems with standard formulas and units.

#### 🏛️ Applicable for All Intermediate Boards across Pakistan:
- **Punjab Boards:** Lahore, Rawalpindi, Gujranwala, Faisalabad, Multan, Sargodha, Sahiwal, Bahawalpur, and DG Khan Board.
- **Federal Board (FBISE):** Islamabad Model Colleges, Army Public Schools & Overseas Examination Centers.
- **KPK, Sindh & Balochistan Boards:** Fully compliant with Single National Curriculum SLO-based assessments.

#### 💡 Expert 1st Year Board Exam Tips:
- High priority given to SLO-based (Student Learning Outcomes) conceptual questions.
- Review the past 5-year past paper repeated questions highlighted in this chapter.
- Practice neat presentation with headings, bullet points, and boxed numerical answers for scoring maximum marks."
Mathematics Class 11 - Unit 07 Exercise 7.1 (New),Mathematics,11,PCTB (Punjab Curriculum & Textbook Board),CHAPTER_WISE,1,Solved Numericals,TaleemCity / PakParcha,https://drive.google.com/file/d/1Ja04W4xaaytUdBrIynZXe4k3GBkSviPG/preview,"### Comprehensive 1st Year / Class 11 Mathematics (Chapter 1) Notes & Solutions (HSSC-I)

Get the best 1st Year (Class 11 / HSSC Part 1) Mathematics notes for **Mathematics Class 11 - Unit 07 Exercise 7.1 (New)**. These high-yield study materials are designed strictly according to the latest National Curriculum 2025–2026, Punjab Curriculum & Textbook Board (PCTB), and Federal Board (FBISE) syllabus standards.

#### 📌 What's Included in this 11th Class Mathematics Guide:
1. **Topic-wise Short Questions & Conceptual Answers:** Comprehensive answers with high-scoring keywords, scientific terminology, and clear definitions.
2. **Solved Long Questions & Detailed Derivations:** Step-by-step explanations, labeled diagrams, mathematical derivations, and board-standard structured headings.
3. **Multiple Choice Questions (Solved MCQs):** High-frequency exam MCQs with 100% verified correct options and conceptual rationales.
4. **Textbook Exercise Solutions & Solved Numericals:** Complete, step-by-step solutions to all textbook review questions, exercises, and numerical problems with standard formulas and units.

#### 🏛️ Applicable for All Intermediate Boards across Pakistan:
- **Punjab Boards:** Lahore, Rawalpindi, Gujranwala, Faisalabad, Multan, Sargodha, Sahiwal, Bahawalpur, and DG Khan Board.
- **Federal Board (FBISE):** Islamabad Model Colleges, Army Public Schools & Overseas Examination Centers.
- **KPK, Sindh & Balochistan Boards:** Fully compliant with Single National Curriculum SLO-based assessments.

#### 💡 Expert 1st Year Board Exam Tips:
- High priority given to SLO-based (Student Learning Outcomes) conceptual questions.
- Review the past 5-year past paper repeated questions highlighted in this chapter.
- Practice neat presentation with headings, bullet points, and boxed numerical answers for scoring maximum marks."
Mathematics Class 11 - Unit 07 Exercise 7.2 (New),Mathematics,11,PCTB (Punjab Curriculum & Textbook Board),CHAPTER_WISE,1,Solved Numericals,TaleemCity / PakParcha,https://drive.google.com/file/d/1NK_teIsPBS8TYgXVSg0uIOQ6XHlzxyzM/preview,"### Comprehensive 1st Year / Class 11 Mathematics (Chapter 1) Notes & Solutions (HSSC-I)

Get the best 1st Year (Class 11 / HSSC Part 1) Mathematics notes for **Mathematics Class 11 - Unit 07 Exercise 7.2 (New)**. These high-yield study materials are designed strictly according to the latest National Curriculum 2025–2026, Punjab Curriculum & Textbook Board (PCTB), and Federal Board (FBISE) syllabus standards.

#### 📌 What's Included in this 11th Class Mathematics Guide:
1. **Topic-wise Short Questions & Conceptual Answers:** Comprehensive answers with high-scoring keywords, scientific terminology, and clear definitions.
2. **Solved Long Questions & Detailed Derivations:** Step-by-step explanations, labeled diagrams, mathematical derivations, and board-standard structured headings.
3. **Multiple Choice Questions (Solved MCQs):** High-frequency exam MCQs with 100% verified correct options and conceptual rationales.
4. **Textbook Exercise Solutions & Solved Numericals:** Complete, step-by-step solutions to all textbook review questions, exercises, and numerical problems with standard formulas and units.

#### 🏛️ Applicable for All Intermediate Boards across Pakistan:
- **Punjab Boards:** Lahore, Rawalpindi, Gujranwala, Faisalabad, Multan, Sargodha, Sahiwal, Bahawalpur, and DG Khan Board.
- **Federal Board (FBISE):** Islamabad Model Colleges, Army Public Schools & Overseas Examination Centers.
- **KPK, Sindh & Balochistan Boards:** Fully compliant with Single National Curriculum SLO-based assessments.

#### 💡 Expert 1st Year Board Exam Tips:
- High priority given to SLO-based (Student Learning Outcomes) conceptual questions.
- Review the past 5-year past paper repeated questions highlighted in this chapter.
- Practice neat presentation with headings, bullet points, and boxed numerical answers for scoring maximum marks."
Mathematics Class 11 - Unit 07 Exercise 7.3 (New),Mathematics,11,PCTB (Punjab Curriculum & Textbook Board),CHAPTER_WISE,1,Solved Numericals,TaleemCity / PakParcha,https://drive.google.com/file/d/1oDdCqBDUnmzPPhcHhsCiF2hpd4Rjy10F/preview,"### Comprehensive 1st Year / Class 11 Mathematics (Chapter 1) Notes & Solutions (HSSC-I)

Get the best 1st Year (Class 11 / HSSC Part 1) Mathematics notes for **Mathematics Class 11 - Unit 07 Exercise 7.3 (New)**. These high-yield study materials are designed strictly according to the latest National Curriculum 2025–2026, Punjab Curriculum & Textbook Board (PCTB), and Federal Board (FBISE) syllabus standards.

#### 📌 What's Included in this 11th Class Mathematics Guide:
1. **Topic-wise Short Questions & Conceptual Answers:** Comprehensive answers with high-scoring keywords, scientific terminology, and clear definitions.
2. **Solved Long Questions & Detailed Derivations:** Step-by-step explanations, labeled diagrams, mathematical derivations, and board-standard structured headings.
3. **Multiple Choice Questions (Solved MCQs):** High-frequency exam MCQs with 100% verified correct options and conceptual rationales.
4. **Textbook Exercise Solutions & Solved Numericals:** Complete, step-by-step solutions to all textbook review questions, exercises, and numerical problems with standard formulas and units.

#### 🏛️ Applicable for All Intermediate Boards across Pakistan:
- **Punjab Boards:** Lahore, Rawalpindi, Gujranwala, Faisalabad, Multan, Sargodha, Sahiwal, Bahawalpur, and DG Khan Board.
- **Federal Board (FBISE):** Islamabad Model Colleges, Army Public Schools & Overseas Examination Centers.
- **KPK, Sindh & Balochistan Boards:** Fully compliant with Single National Curriculum SLO-based assessments.

#### 💡 Expert 1st Year Board Exam Tips:
- High priority given to SLO-based (Student Learning Outcomes) conceptual questions.
- Review the past 5-year past paper repeated questions highlighted in this chapter.
- Practice neat presentation with headings, bullet points, and boxed numerical answers for scoring maximum marks."
Mathematics Class 11 - Unit 07 Exercise 7.4 (New),Mathematics,11,PCTB (Punjab Curriculum & Textbook Board),CHAPTER_WISE,1,Solved Numericals,TaleemCity / PakParcha,https://drive.google.com/file/d/1nLIX9HJQJ8yoP4ffmNTbyZjib-BfPp8_/preview,"### Comprehensive 1st Year / Class 11 Mathematics (Chapter 1) Notes & Solutions (HSSC-I)

Get the best 1st Year (Class 11 / HSSC Part 1) Mathematics notes for **Mathematics Class 11 - Unit 07 Exercise 7.4 (New)**. These high-yield study materials are designed strictly according to the latest National Curriculum 2025–2026, Punjab Curriculum & Textbook Board (PCTB), and Federal Board (FBISE) syllabus standards.

#### 📌 What's Included in this 11th Class Mathematics Guide:
1. **Topic-wise Short Questions & Conceptual Answers:** Comprehensive answers with high-scoring keywords, scientific terminology, and clear definitions.
2. **Solved Long Questions & Detailed Derivations:** Step-by-step explanations, labeled diagrams, mathematical derivations, and board-standard structured headings.
3. **Multiple Choice Questions (Solved MCQs):** High-frequency exam MCQs with 100% verified correct options and conceptual rationales.
4. **Textbook Exercise Solutions & Solved Numericals:** Complete, step-by-step solutions to all textbook review questions, exercises, and numerical problems with standard formulas and units.

#### 🏛️ Applicable for All Intermediate Boards across Pakistan:
- **Punjab Boards:** Lahore, Rawalpindi, Gujranwala, Faisalabad, Multan, Sargodha, Sahiwal, Bahawalpur, and DG Khan Board.
- **Federal Board (FBISE):** Islamabad Model Colleges, Army Public Schools & Overseas Examination Centers.
- **KPK, Sindh & Balochistan Boards:** Fully compliant with Single National Curriculum SLO-based assessments.

#### 💡 Expert 1st Year Board Exam Tips:
- High priority given to SLO-based (Student Learning Outcomes) conceptual questions.
- Review the past 5-year past paper repeated questions highlighted in this chapter.
- Practice neat presentation with headings, bullet points, and boxed numerical answers for scoring maximum marks."
Mathematics Class 11 - Unit 08 Exercise 8.1 (New),Mathematics,11,PCTB (Punjab Curriculum & Textbook Board),CHAPTER_WISE,1,Solved Numericals,TaleemCity / PakParcha,https://drive.google.com/file/d/1c38VRPeL781tuGKsOM6IIdVBkFQUfyH7/preview,"### Comprehensive 1st Year / Class 11 Mathematics (Chapter 1) Notes & Solutions (HSSC-I)

Get the best 1st Year (Class 11 / HSSC Part 1) Mathematics notes for **Mathematics Class 11 - Unit 08 Exercise 8.1 (New)**. These high-yield study materials are designed strictly according to the latest National Curriculum 2025–2026, Punjab Curriculum & Textbook Board (PCTB), and Federal Board (FBISE) syllabus standards.

#### 📌 What's Included in this 11th Class Mathematics Guide:
1. **Topic-wise Short Questions & Conceptual Answers:** Comprehensive answers with high-scoring keywords, scientific terminology, and clear definitions.
2. **Solved Long Questions & Detailed Derivations:** Step-by-step explanations, labeled diagrams, mathematical derivations, and board-standard structured headings.
3. **Multiple Choice Questions (Solved MCQs):** High-frequency exam MCQs with 100% verified correct options and conceptual rationales.
4. **Textbook Exercise Solutions & Solved Numericals:** Complete, step-by-step solutions to all textbook review questions, exercises, and numerical problems with standard formulas and units.

#### 🏛️ Applicable for All Intermediate Boards across Pakistan:
- **Punjab Boards:** Lahore, Rawalpindi, Gujranwala, Faisalabad, Multan, Sargodha, Sahiwal, Bahawalpur, and DG Khan Board.
- **Federal Board (FBISE):** Islamabad Model Colleges, Army Public Schools & Overseas Examination Centers.
- **KPK, Sindh & Balochistan Boards:** Fully compliant with Single National Curriculum SLO-based assessments.

#### 💡 Expert 1st Year Board Exam Tips:
- High priority given to SLO-based (Student Learning Outcomes) conceptual questions.
- Review the past 5-year past paper repeated questions highlighted in this chapter.
- Practice neat presentation with headings, bullet points, and boxed numerical answers for scoring maximum marks."
Mathematics Class 11 - Unit 08 Exercise 8.2 (New),Mathematics,11,PCTB (Punjab Curriculum & Textbook Board),CHAPTER_WISE,1,Solved Numericals,TaleemCity / PakParcha,https://drive.google.com/file/d/1uwJo8WMLMsw0D_Udea7FHVKSh18SCYx4/preview,"### Comprehensive 1st Year / Class 11 Mathematics (Chapter 1) Notes & Solutions (HSSC-I)

Get the best 1st Year (Class 11 / HSSC Part 1) Mathematics notes for **Mathematics Class 11 - Unit 08 Exercise 8.2 (New)**. These high-yield study materials are designed strictly according to the latest National Curriculum 2025–2026, Punjab Curriculum & Textbook Board (PCTB), and Federal Board (FBISE) syllabus standards.

#### 📌 What's Included in this 11th Class Mathematics Guide:
1. **Topic-wise Short Questions & Conceptual Answers:** Comprehensive answers with high-scoring keywords, scientific terminology, and clear definitions.
2. **Solved Long Questions & Detailed Derivations:** Step-by-step explanations, labeled diagrams, mathematical derivations, and board-standard structured headings.
3. **Multiple Choice Questions (Solved MCQs):** High-frequency exam MCQs with 100% verified correct options and conceptual rationales.
4. **Textbook Exercise Solutions & Solved Numericals:** Complete, step-by-step solutions to all textbook review questions, exercises, and numerical problems with standard formulas and units.

#### 🏛️ Applicable for All Intermediate Boards across Pakistan:
- **Punjab Boards:** Lahore, Rawalpindi, Gujranwala, Faisalabad, Multan, Sargodha, Sahiwal, Bahawalpur, and DG Khan Board.
- **Federal Board (FBISE):** Islamabad Model Colleges, Army Public Schools & Overseas Examination Centers.
- **KPK, Sindh & Balochistan Boards:** Fully compliant with Single National Curriculum SLO-based assessments.

#### 💡 Expert 1st Year Board Exam Tips:
- High priority given to SLO-based (Student Learning Outcomes) conceptual questions.
- Review the past 5-year past paper repeated questions highlighted in this chapter.
- Practice neat presentation with headings, bullet points, and boxed numerical answers for scoring maximum marks."
Mathematics Class 11 - Unit 08 Exercise 8.3 (New),Mathematics,11,PCTB (Punjab Curriculum & Textbook Board),CHAPTER_WISE,1,Solved Numericals,TaleemCity / PakParcha,https://drive.google.com/file/d/167Jxlh9ufcT-2aBesCoKS404gth6sKxv/preview,"### Comprehensive 1st Year / Class 11 Mathematics (Chapter 1) Notes & Solutions (HSSC-I)

Get the best 1st Year (Class 11 / HSSC Part 1) Mathematics notes for **Mathematics Class 11 - Unit 08 Exercise 8.3 (New)**. These high-yield study materials are designed strictly according to the latest National Curriculum 2025–2026, Punjab Curriculum & Textbook Board (PCTB), and Federal Board (FBISE) syllabus standards.

#### 📌 What's Included in this 11th Class Mathematics Guide:
1. **Topic-wise Short Questions & Conceptual Answers:** Comprehensive answers with high-scoring keywords, scientific terminology, and clear definitions.
2. **Solved Long Questions & Detailed Derivations:** Step-by-step explanations, labeled diagrams, mathematical derivations, and board-standard structured headings.
3. **Multiple Choice Questions (Solved MCQs):** High-frequency exam MCQs with 100% verified correct options and conceptual rationales.
4. **Textbook Exercise Solutions & Solved Numericals:** Complete, step-by-step solutions to all textbook review questions, exercises, and numerical problems with standard formulas and units.

#### 🏛️ Applicable for All Intermediate Boards across Pakistan:
- **Punjab Boards:** Lahore, Rawalpindi, Gujranwala, Faisalabad, Multan, Sargodha, Sahiwal, Bahawalpur, and DG Khan Board.
- **Federal Board (FBISE):** Islamabad Model Colleges, Army Public Schools & Overseas Examination Centers.
- **KPK, Sindh & Balochistan Boards:** Fully compliant with Single National Curriculum SLO-based assessments.

#### 💡 Expert 1st Year Board Exam Tips:
- High priority given to SLO-based (Student Learning Outcomes) conceptual questions.
- Review the past 5-year past paper repeated questions highlighted in this chapter.
- Practice neat presentation with headings, bullet points, and boxed numerical answers for scoring maximum marks."
Mathematics Class 11 - Unit 08 Exercise 8.4 (New),Mathematics,11,PCTB (Punjab Curriculum & Textbook Board),CHAPTER_WISE,1,Solved Numericals,TaleemCity / PakParcha,https://drive.google.com/file/d/1P_Yj0-5HKe8JtP1brhZiXPBI63E30LD6/preview,"### Comprehensive 1st Year / Class 11 Mathematics (Chapter 1) Notes & Solutions (HSSC-I)

Get the best 1st Year (Class 11 / HSSC Part 1) Mathematics notes for **Mathematics Class 11 - Unit 08 Exercise 8.4 (New)**. These high-yield study materials are designed strictly according to the latest National Curriculum 2025–2026, Punjab Curriculum & Textbook Board (PCTB), and Federal Board (FBISE) syllabus standards.

#### 📌 What's Included in this 11th Class Mathematics Guide:
1. **Topic-wise Short Questions & Conceptual Answers:** Comprehensive answers with high-scoring keywords, scientific terminology, and clear definitions.
2. **Solved Long Questions & Detailed Derivations:** Step-by-step explanations, labeled diagrams, mathematical derivations, and board-standard structured headings.
3. **Multiple Choice Questions (Solved MCQs):** High-frequency exam MCQs with 100% verified correct options and conceptual rationales.
4. **Textbook Exercise Solutions & Solved Numericals:** Complete, step-by-step solutions to all textbook review questions, exercises, and numerical problems with standard formulas and units.

#### 🏛️ Applicable for All Intermediate Boards across Pakistan:
- **Punjab Boards:** Lahore, Rawalpindi, Gujranwala, Faisalabad, Multan, Sargodha, Sahiwal, Bahawalpur, and DG Khan Board.
- **Federal Board (FBISE):** Islamabad Model Colleges, Army Public Schools & Overseas Examination Centers.
- **KPK, Sindh & Balochistan Boards:** Fully compliant with Single National Curriculum SLO-based assessments.

#### 💡 Expert 1st Year Board Exam Tips:
- High priority given to SLO-based (Student Learning Outcomes) conceptual questions.
- Review the past 5-year past paper repeated questions highlighted in this chapter.
- Practice neat presentation with headings, bullet points, and boxed numerical answers for scoring maximum marks."
Mathematics Class 11 - Unit 09 Exercise 9.1 (New),Mathematics,11,PCTB (Punjab Curriculum & Textbook Board),CHAPTER_WISE,1,Solved Numericals,TaleemCity / PakParcha,https://drive.google.com/file/d/1ahLz1Ogg8YKz8TdK-MCE4_WNqOXGZITx/preview,"### Comprehensive 1st Year / Class 11 Mathematics (Chapter 1) Notes & Solutions (HSSC-I)

Get the best 1st Year (Class 11 / HSSC Part 1) Mathematics notes for **Mathematics Class 11 - Unit 09 Exercise 9.1 (New)**. These high-yield study materials are designed strictly according to the latest National Curriculum 2025–2026, Punjab Curriculum & Textbook Board (PCTB), and Federal Board (FBISE) syllabus standards.

#### 📌 What's Included in this 11th Class Mathematics Guide:
1. **Topic-wise Short Questions & Conceptual Answers:** Comprehensive answers with high-scoring keywords, scientific terminology, and clear definitions.
2. **Solved Long Questions & Detailed Derivations:** Step-by-step explanations, labeled diagrams, mathematical derivations, and board-standard structured headings.
3. **Multiple Choice Questions (Solved MCQs):** High-frequency exam MCQs with 100% verified correct options and conceptual rationales.
4. **Textbook Exercise Solutions & Solved Numericals:** Complete, step-by-step solutions to all textbook review questions, exercises, and numerical problems with standard formulas and units.

#### 🏛️ Applicable for All Intermediate Boards across Pakistan:
- **Punjab Boards:** Lahore, Rawalpindi, Gujranwala, Faisalabad, Multan, Sargodha, Sahiwal, Bahawalpur, and DG Khan Board.
- **Federal Board (FBISE):** Islamabad Model Colleges, Army Public Schools & Overseas Examination Centers.
- **KPK, Sindh & Balochistan Boards:** Fully compliant with Single National Curriculum SLO-based assessments.

#### 💡 Expert 1st Year Board Exam Tips:
- High priority given to SLO-based (Student Learning Outcomes) conceptual questions.
- Review the past 5-year past paper repeated questions highlighted in this chapter.
- Practice neat presentation with headings, bullet points, and boxed numerical answers for scoring maximum marks."
Mathematics Class 11 - Unit 09 Exercise 9.2 (New),Mathematics,11,PCTB (Punjab Curriculum & Textbook Board),CHAPTER_WISE,1,Solved Numericals,TaleemCity / PakParcha,https://drive.google.com/file/d/1sYEJ9ZHr-hfOEGJZSJaGJTdRLJyG8gJe/preview,"### Comprehensive 1st Year / Class 11 Mathematics (Chapter 1) Notes & Solutions (HSSC-I)

Get the best 1st Year (Class 11 / HSSC Part 1) Mathematics notes for **Mathematics Class 11 - Unit 09 Exercise 9.2 (New)**. These high-yield study materials are designed strictly according to the latest National Curriculum 2025–2026, Punjab Curriculum & Textbook Board (PCTB), and Federal Board (FBISE) syllabus standards.

#### 📌 What's Included in this 11th Class Mathematics Guide:
1. **Topic-wise Short Questions & Conceptual Answers:** Comprehensive answers with high-scoring keywords, scientific terminology, and clear definitions.
2. **Solved Long Questions & Detailed Derivations:** Step-by-step explanations, labeled diagrams, mathematical derivations, and board-standard structured headings.
3. **Multiple Choice Questions (Solved MCQs):** High-frequency exam MCQs with 100% verified correct options and conceptual rationales.
4. **Textbook Exercise Solutions & Solved Numericals:** Complete, step-by-step solutions to all textbook review questions, exercises, and numerical problems with standard formulas and units.

#### 🏛️ Applicable for All Intermediate Boards across Pakistan:
- **Punjab Boards:** Lahore, Rawalpindi, Gujranwala, Faisalabad, Multan, Sargodha, Sahiwal, Bahawalpur, and DG Khan Board.
- **Federal Board (FBISE):** Islamabad Model Colleges, Army Public Schools & Overseas Examination Centers.
- **KPK, Sindh & Balochistan Boards:** Fully compliant with Single National Curriculum SLO-based assessments.

#### 💡 Expert 1st Year Board Exam Tips:
- High priority given to SLO-based (Student Learning Outcomes) conceptual questions.
- Review the past 5-year past paper repeated questions highlighted in this chapter.
- Practice neat presentation with headings, bullet points, and boxed numerical answers for scoring maximum marks."
Mathematics Class 11 - Unit 10 Exercise 10.1 (New),Mathematics,11,PCTB (Punjab Curriculum & Textbook Board),CHAPTER_WISE,1,Solved Numericals,TaleemCity / PakParcha,https://drive.google.com/file/d/1vwuu2fd6BflWIEWMGJYLqB_av6kV5TYT/preview,"### Comprehensive 1st Year / Class 11 Mathematics (Chapter 1) Notes & Solutions (HSSC-I)

Get the best 1st Year (Class 11 / HSSC Part 1) Mathematics notes for **Mathematics Class 11 - Unit 10 Exercise 10.1 (New)**. These high-yield study materials are designed strictly according to the latest National Curriculum 2025–2026, Punjab Curriculum & Textbook Board (PCTB), and Federal Board (FBISE) syllabus standards.

#### 📌 What's Included in this 11th Class Mathematics Guide:
1. **Topic-wise Short Questions & Conceptual Answers:** Comprehensive answers with high-scoring keywords, scientific terminology, and clear definitions.
2. **Solved Long Questions & Detailed Derivations:** Step-by-step explanations, labeled diagrams, mathematical derivations, and board-standard structured headings.
3. **Multiple Choice Questions (Solved MCQs):** High-frequency exam MCQs with 100% verified correct options and conceptual rationales.
4. **Textbook Exercise Solutions & Solved Numericals:** Complete, step-by-step solutions to all textbook review questions, exercises, and numerical problems with standard formulas and units.

#### 🏛️ Applicable for All Intermediate Boards across Pakistan:
- **Punjab Boards:** Lahore, Rawalpindi, Gujranwala, Faisalabad, Multan, Sargodha, Sahiwal, Bahawalpur, and DG Khan Board.
- **Federal Board (FBISE):** Islamabad Model Colleges, Army Public Schools & Overseas Examination Centers.
- **KPK, Sindh & Balochistan Boards:** Fully compliant with Single National Curriculum SLO-based assessments.

#### 💡 Expert 1st Year Board Exam Tips:
- High priority given to SLO-based (Student Learning Outcomes) conceptual questions.
- Review the past 5-year past paper repeated questions highlighted in this chapter.
- Practice neat presentation with headings, bullet points, and boxed numerical answers for scoring maximum marks."
Mathematics Class 11 - Unit 10 Exercise 10.2 (New),Mathematics,11,PCTB (Punjab Curriculum & Textbook Board),CHAPTER_WISE,1,Solved Numericals,TaleemCity / PakParcha,https://drive.google.com/file/d/1wDj3aG0A085XDpbIDgc1qmRRCaSdft5H/preview,"### Comprehensive 1st Year / Class 11 Mathematics (Chapter 1) Notes & Solutions (HSSC-I)

Get the best 1st Year (Class 11 / HSSC Part 1) Mathematics notes for **Mathematics Class 11 - Unit 10 Exercise 10.2 (New)**. These high-yield study materials are designed strictly according to the latest National Curriculum 2025–2026, Punjab Curriculum & Textbook Board (PCTB), and Federal Board (FBISE) syllabus standards.

#### 📌 What's Included in this 11th Class Mathematics Guide:
1. **Topic-wise Short Questions & Conceptual Answers:** Comprehensive answers with high-scoring keywords, scientific terminology, and clear definitions.
2. **Solved Long Questions & Detailed Derivations:** Step-by-step explanations, labeled diagrams, mathematical derivations, and board-standard structured headings.
3. **Multiple Choice Questions (Solved MCQs):** High-frequency exam MCQs with 100% verified correct options and conceptual rationales.
4. **Textbook Exercise Solutions & Solved Numericals:** Complete, step-by-step solutions to all textbook review questions, exercises, and numerical problems with standard formulas and units.

#### 🏛️ Applicable for All Intermediate Boards across Pakistan:
- **Punjab Boards:** Lahore, Rawalpindi, Gujranwala, Faisalabad, Multan, Sargodha, Sahiwal, Bahawalpur, and DG Khan Board.
- **Federal Board (FBISE):** Islamabad Model Colleges, Army Public Schools & Overseas Examination Centers.
- **KPK, Sindh & Balochistan Boards:** Fully compliant with Single National Curriculum SLO-based assessments.

#### 💡 Expert 1st Year Board Exam Tips:
- High priority given to SLO-based (Student Learning Outcomes) conceptual questions.
- Review the past 5-year past paper repeated questions highlighted in this chapter.
- Practice neat presentation with headings, bullet points, and boxed numerical answers for scoring maximum marks."
Mathematics Class 11 - Unit 10 Exercise 10.3 (New),Mathematics,11,PCTB (Punjab Curriculum & Textbook Board),CHAPTER_WISE,1,Solved Numericals,TaleemCity / PakParcha,https://drive.google.com/file/d/1gaCIYPU5nD9RMCuv8ZrIJqMrgmyGYH7p/preview,"### Comprehensive 1st Year / Class 11 Mathematics (Chapter 1) Notes & Solutions (HSSC-I)

Get the best 1st Year (Class 11 / HSSC Part 1) Mathematics notes for **Mathematics Class 11 - Unit 10 Exercise 10.3 (New)**. These high-yield study materials are designed strictly according to the latest National Curriculum 2025–2026, Punjab Curriculum & Textbook Board (PCTB), and Federal Board (FBISE) syllabus standards.

#### 📌 What's Included in this 11th Class Mathematics Guide:
1. **Topic-wise Short Questions & Conceptual Answers:** Comprehensive answers with high-scoring keywords, scientific terminology, and clear definitions.
2. **Solved Long Questions & Detailed Derivations:** Step-by-step explanations, labeled diagrams, mathematical derivations, and board-standard structured headings.
3. **Multiple Choice Questions (Solved MCQs):** High-frequency exam MCQs with 100% verified correct options and conceptual rationales.
4. **Textbook Exercise Solutions & Solved Numericals:** Complete, step-by-step solutions to all textbook review questions, exercises, and numerical problems with standard formulas and units.

#### 🏛️ Applicable for All Intermediate Boards across Pakistan:
- **Punjab Boards:** Lahore, Rawalpindi, Gujranwala, Faisalabad, Multan, Sargodha, Sahiwal, Bahawalpur, and DG Khan Board.
- **Federal Board (FBISE):** Islamabad Model Colleges, Army Public Schools & Overseas Examination Centers.
- **KPK, Sindh & Balochistan Boards:** Fully compliant with Single National Curriculum SLO-based assessments.

#### 💡 Expert 1st Year Board Exam Tips:
- High priority given to SLO-based (Student Learning Outcomes) conceptual questions.
- Review the past 5-year past paper repeated questions highlighted in this chapter.
- Practice neat presentation with headings, bullet points, and boxed numerical answers for scoring maximum marks."
Mathematics Class 11 - Unit 10 Exercise 10.4 (New),Mathematics,11,PCTB (Punjab Curriculum & Textbook Board),CHAPTER_WISE,1,Solved Numericals,TaleemCity / PakParcha,https://drive.google.com/file/d/1979vFst8mjK3NCKcnJ_bzwJ2p8JFKoSI/preview,"### Comprehensive 1st Year / Class 11 Mathematics (Chapter 1) Notes & Solutions (HSSC-I)

Get the best 1st Year (Class 11 / HSSC Part 1) Mathematics notes for **Mathematics Class 11 - Unit 10 Exercise 10.4 (New)**. These high-yield study materials are designed strictly according to the latest National Curriculum 2025–2026, Punjab Curriculum & Textbook Board (PCTB), and Federal Board (FBISE) syllabus standards.

#### 📌 What's Included in this 11th Class Mathematics Guide:
1. **Topic-wise Short Questions & Conceptual Answers:** Comprehensive answers with high-scoring keywords, scientific terminology, and clear definitions.
2. **Solved Long Questions & Detailed Derivations:** Step-by-step explanations, labeled diagrams, mathematical derivations, and board-standard structured headings.
3. **Multiple Choice Questions (Solved MCQs):** High-frequency exam MCQs with 100% verified correct options and conceptual rationales.
4. **Textbook Exercise Solutions & Solved Numericals:** Complete, step-by-step solutions to all textbook review questions, exercises, and numerical problems with standard formulas and units.

#### 🏛️ Applicable for All Intermediate Boards across Pakistan:
- **Punjab Boards:** Lahore, Rawalpindi, Gujranwala, Faisalabad, Multan, Sargodha, Sahiwal, Bahawalpur, and DG Khan Board.
- **Federal Board (FBISE):** Islamabad Model Colleges, Army Public Schools & Overseas Examination Centers.
- **KPK, Sindh & Balochistan Boards:** Fully compliant with Single National Curriculum SLO-based assessments.

#### 💡 Expert 1st Year Board Exam Tips:
- High priority given to SLO-based (Student Learning Outcomes) conceptual questions.
- Review the past 5-year past paper repeated questions highlighted in this chapter.
- Practice neat presentation with headings, bullet points, and boxed numerical answers for scoring maximum marks."
Mathematics Class 11 - Unit 11 Exercise 11.1 (New),Mathematics,11,PCTB (Punjab Curriculum & Textbook Board),CHAPTER_WISE,1,Solved Numericals,TaleemCity / PakParcha,https://drive.google.com/file/d/1Nd4Leg3VoSShM0RQYEAvWIQyRX8-jwJ8/preview,"### Comprehensive 1st Year / Class 11 Mathematics (Chapter 1) Notes & Solutions (HSSC-I)

Get the best 1st Year (Class 11 / HSSC Part 1) Mathematics notes for **Mathematics Class 11 - Unit 11 Exercise 11.1 (New)**. These high-yield study materials are designed strictly according to the latest National Curriculum 2025–2026, Punjab Curriculum & Textbook Board (PCTB), and Federal Board (FBISE) syllabus standards.

#### 📌 What's Included in this 11th Class Mathematics Guide:
1. **Topic-wise Short Questions & Conceptual Answers:** Comprehensive answers with high-scoring keywords, scientific terminology, and clear definitions.
2. **Solved Long Questions & Detailed Derivations:** Step-by-step explanations, labeled diagrams, mathematical derivations, and board-standard structured headings.
3. **Multiple Choice Questions (Solved MCQs):** High-frequency exam MCQs with 100% verified correct options and conceptual rationales.
4. **Textbook Exercise Solutions & Solved Numericals:** Complete, step-by-step solutions to all textbook review questions, exercises, and numerical problems with standard formulas and units.

#### 🏛️ Applicable for All Intermediate Boards across Pakistan:
- **Punjab Boards:** Lahore, Rawalpindi, Gujranwala, Faisalabad, Multan, Sargodha, Sahiwal, Bahawalpur, and DG Khan Board.
- **Federal Board (FBISE):** Islamabad Model Colleges, Army Public Schools & Overseas Examination Centers.
- **KPK, Sindh & Balochistan Boards:** Fully compliant with Single National Curriculum SLO-based assessments.

#### 💡 Expert 1st Year Board Exam Tips:
- High priority given to SLO-based (Student Learning Outcomes) conceptual questions.
- Review the past 5-year past paper repeated questions highlighted in this chapter.
- Practice neat presentation with headings, bullet points, and boxed numerical answers for scoring maximum marks."
Mathematics Class 11 - Unit 11 Exercise 11.2 (New),Mathematics,11,PCTB (Punjab Curriculum & Textbook Board),CHAPTER_WISE,1,Solved Numericals,TaleemCity / PakParcha,https://drive.google.com/file/d/1Qbcbjtawavn3fVaF27-KSxGDQJOWGMQP/preview,"### Comprehensive 1st Year / Class 11 Mathematics (Chapter 1) Notes & Solutions (HSSC-I)

Get the best 1st Year (Class 11 / HSSC Part 1) Mathematics notes for **Mathematics Class 11 - Unit 11 Exercise 11.2 (New)**. These high-yield study materials are designed strictly according to the latest National Curriculum 2025–2026, Punjab Curriculum & Textbook Board (PCTB), and Federal Board (FBISE) syllabus standards.

#### 📌 What's Included in this 11th Class Mathematics Guide:
1. **Topic-wise Short Questions & Conceptual Answers:** Comprehensive answers with high-scoring keywords, scientific terminology, and clear definitions.
2. **Solved Long Questions & Detailed Derivations:** Step-by-step explanations, labeled diagrams, mathematical derivations, and board-standard structured headings.
3. **Multiple Choice Questions (Solved MCQs):** High-frequency exam MCQs with 100% verified correct options and conceptual rationales.
4. **Textbook Exercise Solutions & Solved Numericals:** Complete, step-by-step solutions to all textbook review questions, exercises, and numerical problems with standard formulas and units.

#### 🏛️ Applicable for All Intermediate Boards across Pakistan:
- **Punjab Boards:** Lahore, Rawalpindi, Gujranwala, Faisalabad, Multan, Sargodha, Sahiwal, Bahawalpur, and DG Khan Board.
- **Federal Board (FBISE):** Islamabad Model Colleges, Army Public Schools & Overseas Examination Centers.
- **KPK, Sindh & Balochistan Boards:** Fully compliant with Single National Curriculum SLO-based assessments.

#### 💡 Expert 1st Year Board Exam Tips:
- High priority given to SLO-based (Student Learning Outcomes) conceptual questions.
- Review the past 5-year past paper repeated questions highlighted in this chapter.
- Practice neat presentation with headings, bullet points, and boxed numerical answers for scoring maximum marks."
Mathematics Class 11 - Unit 11 Exercise 11.3 (New),Mathematics,11,PCTB (Punjab Curriculum & Textbook Board),CHAPTER_WISE,1,Solved Numericals,TaleemCity / PakParcha,https://drive.google.com/file/d/1q7UExRto4YKeTB0bm-Oc2v4021pIRECK/preview,"### Comprehensive 1st Year / Class 11 Mathematics (Chapter 1) Notes & Solutions (HSSC-I)

Get the best 1st Year (Class 11 / HSSC Part 1) Mathematics notes for **Mathematics Class 11 - Unit 11 Exercise 11.3 (New)**. These high-yield study materials are designed strictly according to the latest National Curriculum 2025–2026, Punjab Curriculum & Textbook Board (PCTB), and Federal Board (FBISE) syllabus standards.

#### 📌 What's Included in this 11th Class Mathematics Guide:
1. **Topic-wise Short Questions & Conceptual Answers:** Comprehensive answers with high-scoring keywords, scientific terminology, and clear definitions.
2. **Solved Long Questions & Detailed Derivations:** Step-by-step explanations, labeled diagrams, mathematical derivations, and board-standard structured headings.
3. **Multiple Choice Questions (Solved MCQs):** High-frequency exam MCQs with 100% verified correct options and conceptual rationales.
4. **Textbook Exercise Solutions & Solved Numericals:** Complete, step-by-step solutions to all textbook review questions, exercises, and numerical problems with standard formulas and units.

#### 🏛️ Applicable for All Intermediate Boards across Pakistan:
- **Punjab Boards:** Lahore, Rawalpindi, Gujranwala, Faisalabad, Multan, Sargodha, Sahiwal, Bahawalpur, and DG Khan Board.
- **Federal Board (FBISE):** Islamabad Model Colleges, Army Public Schools & Overseas Examination Centers.
- **KPK, Sindh & Balochistan Boards:** Fully compliant with Single National Curriculum SLO-based assessments.

#### 💡 Expert 1st Year Board Exam Tips:
- High priority given to SLO-based (Student Learning Outcomes) conceptual questions.
- Review the past 5-year past paper repeated questions highlighted in this chapter.
- Practice neat presentation with headings, bullet points, and boxed numerical answers for scoring maximum marks."
Mathematics Class 11 - Unit 12 Exercise 12.1 (New),Mathematics,11,PCTB (Punjab Curriculum & Textbook Board),CHAPTER_WISE,1,Solved Numericals,TaleemCity / PakParcha,https://drive.google.com/file/d/12htkA0XeBHv0-ig_E9C44pT43w13fEMK/preview,"### Comprehensive 1st Year / Class 11 Mathematics (Chapter 1) Notes & Solutions (HSSC-I)

Get the best 1st Year (Class 11 / HSSC Part 1) Mathematics notes for **Mathematics Class 11 - Unit 12 Exercise 12.1 (New)**. These high-yield study materials are designed strictly according to the latest National Curriculum 2025–2026, Punjab Curriculum & Textbook Board (PCTB), and Federal Board (FBISE) syllabus standards.

#### 📌 What's Included in this 11th Class Mathematics Guide:
1. **Topic-wise Short Questions & Conceptual Answers:** Comprehensive answers with high-scoring keywords, scientific terminology, and clear definitions.
2. **Solved Long Questions & Detailed Derivations:** Step-by-step explanations, labeled diagrams, mathematical derivations, and board-standard structured headings.
3. **Multiple Choice Questions (Solved MCQs):** High-frequency exam MCQs with 100% verified correct options and conceptual rationales.
4. **Textbook Exercise Solutions & Solved Numericals:** Complete, step-by-step solutions to all textbook review questions, exercises, and numerical problems with standard formulas and units.

#### 🏛️ Applicable for All Intermediate Boards across Pakistan:
- **Punjab Boards:** Lahore, Rawalpindi, Gujranwala, Faisalabad, Multan, Sargodha, Sahiwal, Bahawalpur, and DG Khan Board.
- **Federal Board (FBISE):** Islamabad Model Colleges, Army Public Schools & Overseas Examination Centers.
- **KPK, Sindh & Balochistan Boards:** Fully compliant with Single National Curriculum SLO-based assessments.

#### 💡 Expert 1st Year Board Exam Tips:
- High priority given to SLO-based (Student Learning Outcomes) conceptual questions.
- Review the past 5-year past paper repeated questions highlighted in this chapter.
- Practice neat presentation with headings, bullet points, and boxed numerical answers for scoring maximum marks."
Mathematics Class 11 - Unit 12 Exercise 12.2 (New),Mathematics,11,PCTB (Punjab Curriculum & Textbook Board),CHAPTER_WISE,1,Solved Numericals,TaleemCity / PakParcha,https://drive.google.com/file/d/12wxdmxaPtnboSQCRzttHaVBoTsvWooyI/preview,"### Comprehensive 1st Year / Class 11 Mathematics (Chapter 1) Notes & Solutions (HSSC-I)

Get the best 1st Year (Class 11 / HSSC Part 1) Mathematics notes for **Mathematics Class 11 - Unit 12 Exercise 12.2 (New)**. These high-yield study materials are designed strictly according to the latest National Curriculum 2025–2026, Punjab Curriculum & Textbook Board (PCTB), and Federal Board (FBISE) syllabus standards.

#### 📌 What's Included in this 11th Class Mathematics Guide:
1. **Topic-wise Short Questions & Conceptual Answers:** Comprehensive answers with high-scoring keywords, scientific terminology, and clear definitions.
2. **Solved Long Questions & Detailed Derivations:** Step-by-step explanations, labeled diagrams, mathematical derivations, and board-standard structured headings.
3. **Multiple Choice Questions (Solved MCQs):** High-frequency exam MCQs with 100% verified correct options and conceptual rationales.
4. **Textbook Exercise Solutions & Solved Numericals:** Complete, step-by-step solutions to all textbook review questions, exercises, and numerical problems with standard formulas and units.

#### 🏛️ Applicable for All Intermediate Boards across Pakistan:
- **Punjab Boards:** Lahore, Rawalpindi, Gujranwala, Faisalabad, Multan, Sargodha, Sahiwal, Bahawalpur, and DG Khan Board.
- **Federal Board (FBISE):** Islamabad Model Colleges, Army Public Schools & Overseas Examination Centers.
- **KPK, Sindh & Balochistan Boards:** Fully compliant with Single National Curriculum SLO-based assessments.

#### 💡 Expert 1st Year Board Exam Tips:
- High priority given to SLO-based (Student Learning Outcomes) conceptual questions.
- Review the past 5-year past paper repeated questions highlighted in this chapter.
- Practice neat presentation with headings, bullet points, and boxed numerical answers for scoring maximum marks."
Mathematics Class 11 - Unit 12 Exercise 12.3 (New),Mathematics,11,PCTB (Punjab Curriculum & Textbook Board),CHAPTER_WISE,1,Solved Numericals,TaleemCity / PakParcha,https://drive.google.com/file/d/1HKn2enHcikL_5lJPbRTFe8JsGzfEMi0v/preview,"### Comprehensive 1st Year / Class 11 Mathematics (Chapter 1) Notes & Solutions (HSSC-I)

Get the best 1st Year (Class 11 / HSSC Part 1) Mathematics notes for **Mathematics Class 11 - Unit 12 Exercise 12.3 (New)**. These high-yield study materials are designed strictly according to the latest National Curriculum 2025–2026, Punjab Curriculum & Textbook Board (PCTB), and Federal Board (FBISE) syllabus standards.

#### 📌 What's Included in this 11th Class Mathematics Guide:
1. **Topic-wise Short Questions & Conceptual Answers:** Comprehensive answers with high-scoring keywords, scientific terminology, and clear definitions.
2. **Solved Long Questions & Detailed Derivations:** Step-by-step explanations, labeled diagrams, mathematical derivations, and board-standard structured headings.
3. **Multiple Choice Questions (Solved MCQs):** High-frequency exam MCQs with 100% verified correct options and conceptual rationales.
4. **Textbook Exercise Solutions & Solved Numericals:** Complete, step-by-step solutions to all textbook review questions, exercises, and numerical problems with standard formulas and units.

#### 🏛️ Applicable for All Intermediate Boards across Pakistan:
- **Punjab Boards:** Lahore, Rawalpindi, Gujranwala, Faisalabad, Multan, Sargodha, Sahiwal, Bahawalpur, and DG Khan Board.
- **Federal Board (FBISE):** Islamabad Model Colleges, Army Public Schools & Overseas Examination Centers.
- **KPK, Sindh & Balochistan Boards:** Fully compliant with Single National Curriculum SLO-based assessments.

#### 💡 Expert 1st Year Board Exam Tips:
- High priority given to SLO-based (Student Learning Outcomes) conceptual questions.
- Review the past 5-year past paper repeated questions highlighted in this chapter.
- Practice neat presentation with headings, bullet points, and boxed numerical answers for scoring maximum marks."
Mathematics Class 11 - Unit 13 Exercise 13.1 (New),Mathematics,11,PCTB (Punjab Curriculum & Textbook Board),CHAPTER_WISE,1,Solved Numericals,TaleemCity / PakParcha,https://drive.google.com/file/d/12ToZuyBL-IjdRDUYteaGJBuK0qTfD2D4/preview,"### Comprehensive 1st Year / Class 11 Mathematics (Chapter 1) Notes & Solutions (HSSC-I)

Get the best 1st Year (Class 11 / HSSC Part 1) Mathematics notes for **Mathematics Class 11 - Unit 13 Exercise 13.1 (New)**. These high-yield study materials are designed strictly according to the latest National Curriculum 2025–2026, Punjab Curriculum & Textbook Board (PCTB), and Federal Board (FBISE) syllabus standards.

#### 📌 What's Included in this 11th Class Mathematics Guide:
1. **Topic-wise Short Questions & Conceptual Answers:** Comprehensive answers with high-scoring keywords, scientific terminology, and clear definitions.
2. **Solved Long Questions & Detailed Derivations:** Step-by-step explanations, labeled diagrams, mathematical derivations, and board-standard structured headings.
3. **Multiple Choice Questions (Solved MCQs):** High-frequency exam MCQs with 100% verified correct options and conceptual rationales.
4. **Textbook Exercise Solutions & Solved Numericals:** Complete, step-by-step solutions to all textbook review questions, exercises, and numerical problems with standard formulas and units.

#### 🏛️ Applicable for All Intermediate Boards across Pakistan:
- **Punjab Boards:** Lahore, Rawalpindi, Gujranwala, Faisalabad, Multan, Sargodha, Sahiwal, Bahawalpur, and DG Khan Board.
- **Federal Board (FBISE):** Islamabad Model Colleges, Army Public Schools & Overseas Examination Centers.
- **KPK, Sindh & Balochistan Boards:** Fully compliant with Single National Curriculum SLO-based assessments.

#### 💡 Expert 1st Year Board Exam Tips:
- High priority given to SLO-based (Student Learning Outcomes) conceptual questions.
- Review the past 5-year past paper repeated questions highlighted in this chapter.
- Practice neat presentation with headings, bullet points, and boxed numerical answers for scoring maximum marks."
Mathematics Class 11 - Unit 13 Exercise 13.2 (New),Mathematics,11,PCTB (Punjab Curriculum & Textbook Board),CHAPTER_WISE,1,Solved Numericals,TaleemCity / PakParcha,https://drive.google.com/file/d/1vcyuv1spFhvgbSanS69iceDHP5sKVQ12/preview,"### Comprehensive 1st Year / Class 11 Mathematics (Chapter 1) Notes & Solutions (HSSC-I)

Get the best 1st Year (Class 11 / HSSC Part 1) Mathematics notes for **Mathematics Class 11 - Unit 13 Exercise 13.2 (New)**. These high-yield study materials are designed strictly according to the latest National Curriculum 2025–2026, Punjab Curriculum & Textbook Board (PCTB), and Federal Board (FBISE) syllabus standards.

#### 📌 What's Included in this 11th Class Mathematics Guide:
1. **Topic-wise Short Questions & Conceptual Answers:** Comprehensive answers with high-scoring keywords, scientific terminology, and clear definitions.
2. **Solved Long Questions & Detailed Derivations:** Step-by-step explanations, labeled diagrams, mathematical derivations, and board-standard structured headings.
3. **Multiple Choice Questions (Solved MCQs):** High-frequency exam MCQs with 100% verified correct options and conceptual rationales.
4. **Textbook Exercise Solutions & Solved Numericals:** Complete, step-by-step solutions to all textbook review questions, exercises, and numerical problems with standard formulas and units.

#### 🏛️ Applicable for All Intermediate Boards across Pakistan:
- **Punjab Boards:** Lahore, Rawalpindi, Gujranwala, Faisalabad, Multan, Sargodha, Sahiwal, Bahawalpur, and DG Khan Board.
- **Federal Board (FBISE):** Islamabad Model Colleges, Army Public Schools & Overseas Examination Centers.
- **KPK, Sindh & Balochistan Boards:** Fully compliant with Single National Curriculum SLO-based assessments.

#### 💡 Expert 1st Year Board Exam Tips:
- High priority given to SLO-based (Student Learning Outcomes) conceptual questions.
- Review the past 5-year past paper repeated questions highlighted in this chapter.
- Practice neat presentation with headings, bullet points, and boxed numerical answers for scoring maximum marks."
Mathematics Class 11 - Unit 13 Exercise 13.3 (New),Mathematics,11,PCTB (Punjab Curriculum & Textbook Board),CHAPTER_WISE,1,Solved Numericals,TaleemCity / PakParcha,https://drive.google.com/file/d/1JJpPrk3BOYBJp7CHtRMBCyUztmwEZrPT/preview,"### Comprehensive 1st Year / Class 11 Mathematics (Chapter 1) Notes & Solutions (HSSC-I)

Get the best 1st Year (Class 11 / HSSC Part 1) Mathematics notes for **Mathematics Class 11 - Unit 13 Exercise 13.3 (New)**. These high-yield study materials are designed strictly according to the latest National Curriculum 2025–2026, Punjab Curriculum & Textbook Board (PCTB), and Federal Board (FBISE) syllabus standards.

#### 📌 What's Included in this 11th Class Mathematics Guide:
1. **Topic-wise Short Questions & Conceptual Answers:** Comprehensive answers with high-scoring keywords, scientific terminology, and clear definitions.
2. **Solved Long Questions & Detailed Derivations:** Step-by-step explanations, labeled diagrams, mathematical derivations, and board-standard structured headings.
3. **Multiple Choice Questions (Solved MCQs):** High-frequency exam MCQs with 100% verified correct options and conceptual rationales.
4. **Textbook Exercise Solutions & Solved Numericals:** Complete, step-by-step solutions to all textbook review questions, exercises, and numerical problems with standard formulas and units.

#### 🏛️ Applicable for All Intermediate Boards across Pakistan:
- **Punjab Boards:** Lahore, Rawalpindi, Gujranwala, Faisalabad, Multan, Sargodha, Sahiwal, Bahawalpur, and DG Khan Board.
- **Federal Board (FBISE):** Islamabad Model Colleges, Army Public Schools & Overseas Examination Centers.
- **KPK, Sindh & Balochistan Boards:** Fully compliant with Single National Curriculum SLO-based assessments.

#### 💡 Expert 1st Year Board Exam Tips:
- High priority given to SLO-based (Student Learning Outcomes) conceptual questions.
- Review the past 5-year past paper repeated questions highlighted in this chapter.
- Practice neat presentation with headings, bullet points, and boxed numerical answers for scoring maximum marks."
Mathematics Class 11 - Unit 14 Exercise 14.1 (New),Mathematics,11,PCTB (Punjab Curriculum & Textbook Board),CHAPTER_WISE,1,Solved Numericals,TaleemCity / PakParcha,https://drive.google.com/file/d/1_UakYYoFn4iepX_CxSRT05x8OUjfAYxl/preview,"### Comprehensive 1st Year / Class 11 Mathematics (Chapter 1) Notes & Solutions (HSSC-I)

Get the best 1st Year (Class 11 / HSSC Part 1) Mathematics notes for **Mathematics Class 11 - Unit 14 Exercise 14.1 (New)**. These high-yield study materials are designed strictly according to the latest National Curriculum 2025–2026, Punjab Curriculum & Textbook Board (PCTB), and Federal Board (FBISE) syllabus standards.

#### 📌 What's Included in this 11th Class Mathematics Guide:
1. **Topic-wise Short Questions & Conceptual Answers:** Comprehensive answers with high-scoring keywords, scientific terminology, and clear definitions.
2. **Solved Long Questions & Detailed Derivations:** Step-by-step explanations, labeled diagrams, mathematical derivations, and board-standard structured headings.
3. **Multiple Choice Questions (Solved MCQs):** High-frequency exam MCQs with 100% verified correct options and conceptual rationales.
4. **Textbook Exercise Solutions & Solved Numericals:** Complete, step-by-step solutions to all textbook review questions, exercises, and numerical problems with standard formulas and units.

#### 🏛️ Applicable for All Intermediate Boards across Pakistan:
- **Punjab Boards:** Lahore, Rawalpindi, Gujranwala, Faisalabad, Multan, Sargodha, Sahiwal, Bahawalpur, and DG Khan Board.
- **Federal Board (FBISE):** Islamabad Model Colleges, Army Public Schools & Overseas Examination Centers.
- **KPK, Sindh & Balochistan Boards:** Fully compliant with Single National Curriculum SLO-based assessments.

#### 💡 Expert 1st Year Board Exam Tips:
- High priority given to SLO-based (Student Learning Outcomes) conceptual questions.
- Review the past 5-year past paper repeated questions highlighted in this chapter.
- Practice neat presentation with headings, bullet points, and boxed numerical answers for scoring maximum marks."
Mathematics Class 11 - Unit 14 Exercise 14.2 (New),Mathematics,11,PCTB (Punjab Curriculum & Textbook Board),CHAPTER_WISE,1,Solved Numericals,TaleemCity / PakParcha,https://drive.google.com/file/d/19udQuvE0CbriX-fNRzcpErlQW0rL3qQj/preview,"### Comprehensive 1st Year / Class 11 Mathematics (Chapter 1) Notes & Solutions (HSSC-I)

Get the best 1st Year (Class 11 / HSSC Part 1) Mathematics notes for **Mathematics Class 11 - Unit 14 Exercise 14.2 (New)**. These high-yield study materials are designed strictly according to the latest National Curriculum 2025–2026, Punjab Curriculum & Textbook Board (PCTB), and Federal Board (FBISE) syllabus standards.

#### 📌 What's Included in this 11th Class Mathematics Guide:
1. **Topic-wise Short Questions & Conceptual Answers:** Comprehensive answers with high-scoring keywords, scientific terminology, and clear definitions.
2. **Solved Long Questions & Detailed Derivations:** Step-by-step explanations, labeled diagrams, mathematical derivations, and board-standard structured headings.
3. **Multiple Choice Questions (Solved MCQs):** High-frequency exam MCQs with 100% verified correct options and conceptual rationales.
4. **Textbook Exercise Solutions & Solved Numericals:** Complete, step-by-step solutions to all textbook review questions, exercises, and numerical problems with standard formulas and units.

#### 🏛️ Applicable for All Intermediate Boards across Pakistan:
- **Punjab Boards:** Lahore, Rawalpindi, Gujranwala, Faisalabad, Multan, Sargodha, Sahiwal, Bahawalpur, and DG Khan Board.
- **Federal Board (FBISE):** Islamabad Model Colleges, Army Public Schools & Overseas Examination Centers.
- **KPK, Sindh & Balochistan Boards:** Fully compliant with Single National Curriculum SLO-based assessments.

#### 💡 Expert 1st Year Board Exam Tips:
- High priority given to SLO-based (Student Learning Outcomes) conceptual questions.
- Review the past 5-year past paper repeated questions highlighted in this chapter.
- Practice neat presentation with headings, bullet points, and boxed numerical answers for scoring maximum marks."
Mathematics Class 11 - Full Book Complete Notes,Mathematics,11,PCTB (Punjab Curriculum & Textbook Board),FULL_BOOK,,Full Book Complete,TaleemCity / PakParcha,https://drive.google.com/file/d/1ufl67hqRuPyaBMkJBCBLoujINuESC-ue/preview,"### Comprehensive 1st Year / Class 11 Mathematics (Full Book Complete Syllabus) Notes & Solutions (HSSC-I)

Get the best 1st Year (Class 11 / HSSC Part 1) Mathematics notes for **Mathematics Class 11 - Full Book Complete Notes**. These high-yield study materials are designed strictly according to the latest National Curriculum 2025–2026, Punjab Curriculum & Textbook Board (PCTB), and Federal Board (FBISE) syllabus standards.

#### 📌 What's Included in this 11th Class Mathematics Guide:
1. **Topic-wise Short Questions & Conceptual Answers:** Comprehensive answers with high-scoring keywords, scientific terminology, and clear definitions.
2. **Solved Long Questions & Detailed Derivations:** Step-by-step explanations, labeled diagrams, mathematical derivations, and board-standard structured headings.
3. **Multiple Choice Questions (Solved MCQs):** High-frequency exam MCQs with 100% verified correct options and conceptual rationales.
4. **Textbook Exercise Solutions & Solved Numericals:** Complete, step-by-step solutions to all textbook review questions, exercises, and numerical problems with standard formulas and units.

#### 🏛️ Applicable for All Intermediate Boards across Pakistan:
- **Punjab Boards:** Lahore, Rawalpindi, Gujranwala, Faisalabad, Multan, Sargodha, Sahiwal, Bahawalpur, and DG Khan Board.
- **Federal Board (FBISE):** Islamabad Model Colleges, Army Public Schools & Overseas Examination Centers.
- **KPK, Sindh & Balochistan Boards:** Fully compliant with Single National Curriculum SLO-based assessments.

#### 💡 Expert 1st Year Board Exam Tips:
- High priority given to SLO-based (Student Learning Outcomes) conceptual questions.
- Review the past 5-year past paper repeated questions highlighted in this chapter.
- Practice neat presentation with headings, bullet points, and boxed numerical answers for scoring maximum marks."
Mathematics Class 11 - Unit 14 Exercise 14.4 (New),Mathematics,11,PCTB (Punjab Curriculum & Textbook Board),CHAPTER_WISE,1,Solved Numericals,TaleemCity / PakParcha,https://drive.google.com/file/d/1mFPHDOkU0-WorawXOGdI38kP6UPtSPCI/preview,"### Comprehensive 1st Year / Class 11 Mathematics (Chapter 1) Notes & Solutions (HSSC-I)

Get the best 1st Year (Class 11 / HSSC Part 1) Mathematics notes for **Mathematics Class 11 - Unit 14 Exercise 14.4 (New)**. These high-yield study materials are designed strictly according to the latest National Curriculum 2025–2026, Punjab Curriculum & Textbook Board (PCTB), and Federal Board (FBISE) syllabus standards.

#### 📌 What's Included in this 11th Class Mathematics Guide:
1. **Topic-wise Short Questions & Conceptual Answers:** Comprehensive answers with high-scoring keywords, scientific terminology, and clear definitions.
2. **Solved Long Questions & Detailed Derivations:** Step-by-step explanations, labeled diagrams, mathematical derivations, and board-standard structured headings.
3. **Multiple Choice Questions (Solved MCQs):** High-frequency exam MCQs with 100% verified correct options and conceptual rationales.
4. **Textbook Exercise Solutions & Solved Numericals:** Complete, step-by-step solutions to all textbook review questions, exercises, and numerical problems with standard formulas and units.

#### 🏛️ Applicable for All Intermediate Boards across Pakistan:
- **Punjab Boards:** Lahore, Rawalpindi, Gujranwala, Faisalabad, Multan, Sargodha, Sahiwal, Bahawalpur, and DG Khan Board.
- **Federal Board (FBISE):** Islamabad Model Colleges, Army Public Schools & Overseas Examination Centers.
- **KPK, Sindh & Balochistan Boards:** Fully compliant with Single National Curriculum SLO-based assessments.

#### 💡 Expert 1st Year Board Exam Tips:
- High priority given to SLO-based (Student Learning Outcomes) conceptual questions.
- Review the past 5-year past paper repeated questions highlighted in this chapter.
- Practice neat presentation with headings, bullet points, and boxed numerical answers for scoring maximum marks."
Mathematics Class 11 - Unit 14 Exercise 14.3 (New),Mathematics,11,PCTB (Punjab Curriculum & Textbook Board),CHAPTER_WISE,1,Solved Numericals,TaleemCity / PakParcha,https://drive.google.com/file/d/1gj5o5QSpXYyOaGYKyPlN9cozi4fmKWqe/preview,"### Comprehensive 1st Year / Class 11 Mathematics (Chapter 1) Notes & Solutions (HSSC-I)

Get the best 1st Year (Class 11 / HSSC Part 1) Mathematics notes for **Mathematics Class 11 - Unit 14 Exercise 14.3 (New)**. These high-yield study materials are designed strictly according to the latest National Curriculum 2025–2026, Punjab Curriculum & Textbook Board (PCTB), and Federal Board (FBISE) syllabus standards.

#### 📌 What's Included in this 11th Class Mathematics Guide:
1. **Topic-wise Short Questions & Conceptual Answers:** Comprehensive answers with high-scoring keywords, scientific terminology, and clear definitions.
2. **Solved Long Questions & Detailed Derivations:** Step-by-step explanations, labeled diagrams, mathematical derivations, and board-standard structured headings.
3. **Multiple Choice Questions (Solved MCQs):** High-frequency exam MCQs with 100% verified correct options and conceptual rationales.
4. **Textbook Exercise Solutions & Solved Numericals:** Complete, step-by-step solutions to all textbook review questions, exercises, and numerical problems with standard formulas and units.

#### 🏛️ Applicable for All Intermediate Boards across Pakistan:
- **Punjab Boards:** Lahore, Rawalpindi, Gujranwala, Faisalabad, Multan, Sargodha, Sahiwal, Bahawalpur, and DG Khan Board.
- **Federal Board (FBISE):** Islamabad Model Colleges, Army Public Schools & Overseas Examination Centers.
- **KPK, Sindh & Balochistan Boards:** Fully compliant with Single National Curriculum SLO-based assessments.

#### 💡 Expert 1st Year Board Exam Tips:
- High priority given to SLO-based (Student Learning Outcomes) conceptual questions.
- Review the past 5-year past paper repeated questions highlighted in this chapter.
- Practice neat presentation with headings, bullet points, and boxed numerical answers for scoring maximum marks."
Mathematics Class 11 - Unit 09 Exercise 9.1 (New),Mathematics,11,PCTB (Punjab Curriculum & Textbook Board),CHAPTER_WISE,1,Solved Numericals,TaleemCity / PakParcha,https://drive.google.com/file/d/1ZDTu_N91iGijp9_L_vM4-UWNa85ZTctk/preview,"### Comprehensive 1st Year / Class 11 Mathematics (Chapter 1) Notes & Solutions (HSSC-I)

Get the best 1st Year (Class 11 / HSSC Part 1) Mathematics notes for **Mathematics Class 11 - Unit 09 Exercise 9.1 (New)**. These high-yield study materials are designed strictly according to the latest National Curriculum 2025–2026, Punjab Curriculum & Textbook Board (PCTB), and Federal Board (FBISE) syllabus standards.

#### 📌 What's Included in this 11th Class Mathematics Guide:
1. **Topic-wise Short Questions & Conceptual Answers:** Comprehensive answers with high-scoring keywords, scientific terminology, and clear definitions.
2. **Solved Long Questions & Detailed Derivations:** Step-by-step explanations, labeled diagrams, mathematical derivations, and board-standard structured headings.
3. **Multiple Choice Questions (Solved MCQs):** High-frequency exam MCQs with 100% verified correct options and conceptual rationales.
4. **Textbook Exercise Solutions & Solved Numericals:** Complete, step-by-step solutions to all textbook review questions, exercises, and numerical problems with standard formulas and units.

#### 🏛️ Applicable for All Intermediate Boards across Pakistan:
- **Punjab Boards:** Lahore, Rawalpindi, Gujranwala, Faisalabad, Multan, Sargodha, Sahiwal, Bahawalpur, and DG Khan Board.
- **Federal Board (FBISE):** Islamabad Model Colleges, Army Public Schools & Overseas Examination Centers.
- **KPK, Sindh & Balochistan Boards:** Fully compliant with Single National Curriculum SLO-based assessments.

#### 💡 Expert 1st Year Board Exam Tips:
- High priority given to SLO-based (Student Learning Outcomes) conceptual questions.
- Review the past 5-year past paper repeated questions highlighted in this chapter.
- Practice neat presentation with headings, bullet points, and boxed numerical answers for scoring maximum marks."
Mathematics Class 11 - Unit 09 Exercise 9.2 (New),Mathematics,11,PCTB (Punjab Curriculum & Textbook Board),CHAPTER_WISE,1,Solved Numericals,TaleemCity / PakParcha,https://drive.google.com/file/d/156v42__5edpuatiFjsCJhnzVUtjaSxjO/preview,"### Comprehensive 1st Year / Class 11 Mathematics (Chapter 1) Notes & Solutions (HSSC-I)

Get the best 1st Year (Class 11 / HSSC Part 1) Mathematics notes for **Mathematics Class 11 - Unit 09 Exercise 9.2 (New)**. These high-yield study materials are designed strictly according to the latest National Curriculum 2025–2026, Punjab Curriculum & Textbook Board (PCTB), and Federal Board (FBISE) syllabus standards.

#### 📌 What's Included in this 11th Class Mathematics Guide:
1. **Topic-wise Short Questions & Conceptual Answers:** Comprehensive answers with high-scoring keywords, scientific terminology, and clear definitions.
2. **Solved Long Questions & Detailed Derivations:** Step-by-step explanations, labeled diagrams, mathematical derivations, and board-standard structured headings.
3. **Multiple Choice Questions (Solved MCQs):** High-frequency exam MCQs with 100% verified correct options and conceptual rationales.
4. **Textbook Exercise Solutions & Solved Numericals:** Complete, step-by-step solutions to all textbook review questions, exercises, and numerical problems with standard formulas and units.

#### 🏛️ Applicable for All Intermediate Boards across Pakistan:
- **Punjab Boards:** Lahore, Rawalpindi, Gujranwala, Faisalabad, Multan, Sargodha, Sahiwal, Bahawalpur, and DG Khan Board.
- **Federal Board (FBISE):** Islamabad Model Colleges, Army Public Schools & Overseas Examination Centers.
- **KPK, Sindh & Balochistan Boards:** Fully compliant with Single National Curriculum SLO-based assessments.

#### 💡 Expert 1st Year Board Exam Tips:
- High priority given to SLO-based (Student Learning Outcomes) conceptual questions.
- Review the past 5-year past paper repeated questions highlighted in this chapter.
- Practice neat presentation with headings, bullet points, and boxed numerical answers for scoring maximum marks."
Mathematics Class 11 - Unit 10 Exercise 10.1 (New),Mathematics,11,PCTB (Punjab Curriculum & Textbook Board),CHAPTER_WISE,1,Solved Numericals,TaleemCity / PakParcha,https://drive.google.com/file/d/1tGlrc6DHCt3t7GKnK7fUaDllShKEHVyH/preview,"### Comprehensive 1st Year / Class 11 Mathematics (Chapter 1) Notes & Solutions (HSSC-I)

Get the best 1st Year (Class 11 / HSSC Part 1) Mathematics notes for **Mathematics Class 11 - Unit 10 Exercise 10.1 (New)**. These high-yield study materials are designed strictly according to the latest National Curriculum 2025–2026, Punjab Curriculum & Textbook Board (PCTB), and Federal Board (FBISE) syllabus standards.

#### 📌 What's Included in this 11th Class Mathematics Guide:
1. **Topic-wise Short Questions & Conceptual Answers:** Comprehensive answers with high-scoring keywords, scientific terminology, and clear definitions.
2. **Solved Long Questions & Detailed Derivations:** Step-by-step explanations, labeled diagrams, mathematical derivations, and board-standard structured headings.
3. **Multiple Choice Questions (Solved MCQs):** High-frequency exam MCQs with 100% verified correct options and conceptual rationales.
4. **Textbook Exercise Solutions & Solved Numericals:** Complete, step-by-step solutions to all textbook review questions, exercises, and numerical problems with standard formulas and units.

#### 🏛️ Applicable for All Intermediate Boards across Pakistan:
- **Punjab Boards:** Lahore, Rawalpindi, Gujranwala, Faisalabad, Multan, Sargodha, Sahiwal, Bahawalpur, and DG Khan Board.
- **Federal Board (FBISE):** Islamabad Model Colleges, Army Public Schools & Overseas Examination Centers.
- **KPK, Sindh & Balochistan Boards:** Fully compliant with Single National Curriculum SLO-based assessments.

#### 💡 Expert 1st Year Board Exam Tips:
- High priority given to SLO-based (Student Learning Outcomes) conceptual questions.
- Review the past 5-year past paper repeated questions highlighted in this chapter.
- Practice neat presentation with headings, bullet points, and boxed numerical answers for scoring maximum marks."
Mathematics Class 11 - Unit 10 Exercise 10.2 (New),Mathematics,11,PCTB (Punjab Curriculum & Textbook Board),CHAPTER_WISE,1,Solved Numericals,TaleemCity / PakParcha,https://drive.google.com/file/d/1q9hu5xSurJz-54-sYypfY9YKjfucrQbg/preview,"### Comprehensive 1st Year / Class 11 Mathematics (Chapter 1) Notes & Solutions (HSSC-I)

Get the best 1st Year (Class 11 / HSSC Part 1) Mathematics notes for **Mathematics Class 11 - Unit 10 Exercise 10.2 (New)**. These high-yield study materials are designed strictly according to the latest National Curriculum 2025–2026, Punjab Curriculum & Textbook Board (PCTB), and Federal Board (FBISE) syllabus standards.

#### 📌 What's Included in this 11th Class Mathematics Guide:
1. **Topic-wise Short Questions & Conceptual Answers:** Comprehensive answers with high-scoring keywords, scientific terminology, and clear definitions.
2. **Solved Long Questions & Detailed Derivations:** Step-by-step explanations, labeled diagrams, mathematical derivations, and board-standard structured headings.
3. **Multiple Choice Questions (Solved MCQs):** High-frequency exam MCQs with 100% verified correct options and conceptual rationales.
4. **Textbook Exercise Solutions & Solved Numericals:** Complete, step-by-step solutions to all textbook review questions, exercises, and numerical problems with standard formulas and units.

#### 🏛️ Applicable for All Intermediate Boards across Pakistan:
- **Punjab Boards:** Lahore, Rawalpindi, Gujranwala, Faisalabad, Multan, Sargodha, Sahiwal, Bahawalpur, and DG Khan Board.
- **Federal Board (FBISE):** Islamabad Model Colleges, Army Public Schools & Overseas Examination Centers.
- **KPK, Sindh & Balochistan Boards:** Fully compliant with Single National Curriculum SLO-based assessments.

#### 💡 Expert 1st Year Board Exam Tips:
- High priority given to SLO-based (Student Learning Outcomes) conceptual questions.
- Review the past 5-year past paper repeated questions highlighted in this chapter.
- Practice neat presentation with headings, bullet points, and boxed numerical answers for scoring maximum marks."
Mathematics Class 11 - Unit 10 Exercise 10.3 (New),Mathematics,11,PCTB (Punjab Curriculum & Textbook Board),CHAPTER_WISE,1,Solved Numericals,TaleemCity / PakParcha,https://drive.google.com/file/d/1Ju99wS2jQuqu3cmwOxpzjOplWCjsGfng/preview,"### Comprehensive 1st Year / Class 11 Mathematics (Chapter 1) Notes & Solutions (HSSC-I)

Get the best 1st Year (Class 11 / HSSC Part 1) Mathematics notes for **Mathematics Class 11 - Unit 10 Exercise 10.3 (New)**. These high-yield study materials are designed strictly according to the latest National Curriculum 2025–2026, Punjab Curriculum & Textbook Board (PCTB), and Federal Board (FBISE) syllabus standards.

#### 📌 What's Included in this 11th Class Mathematics Guide:
1. **Topic-wise Short Questions & Conceptual Answers:** Comprehensive answers with high-scoring keywords, scientific terminology, and clear definitions.
2. **Solved Long Questions & Detailed Derivations:** Step-by-step explanations, labeled diagrams, mathematical derivations, and board-standard structured headings.
3. **Multiple Choice Questions (Solved MCQs):** High-frequency exam MCQs with 100% verified correct options and conceptual rationales.
4. **Textbook Exercise Solutions & Solved Numericals:** Complete, step-by-step solutions to all textbook review questions, exercises, and numerical problems with standard formulas and units.

#### 🏛️ Applicable for All Intermediate Boards across Pakistan:
- **Punjab Boards:** Lahore, Rawalpindi, Gujranwala, Faisalabad, Multan, Sargodha, Sahiwal, Bahawalpur, and DG Khan Board.
- **Federal Board (FBISE):** Islamabad Model Colleges, Army Public Schools & Overseas Examination Centers.
- **KPK, Sindh & Balochistan Boards:** Fully compliant with Single National Curriculum SLO-based assessments.

#### 💡 Expert 1st Year Board Exam Tips:
- High priority given to SLO-based (Student Learning Outcomes) conceptual questions.
- Review the past 5-year past paper repeated questions highlighted in this chapter.
- Practice neat presentation with headings, bullet points, and boxed numerical answers for scoring maximum marks."
Mathematics Class 11 - Unit 10 Exercise 10.4 (New),Mathematics,11,PCTB (Punjab Curriculum & Textbook Board),CHAPTER_WISE,1,Solved Numericals,TaleemCity / PakParcha,https://drive.google.com/file/d/1mXW50hsY-e0YWWUWHd169ofNar-mYGiI/preview,"### Comprehensive 1st Year / Class 11 Mathematics (Chapter 1) Notes & Solutions (HSSC-I)

Get the best 1st Year (Class 11 / HSSC Part 1) Mathematics notes for **Mathematics Class 11 - Unit 10 Exercise 10.4 (New)**. These high-yield study materials are designed strictly according to the latest National Curriculum 2025–2026, Punjab Curriculum & Textbook Board (PCTB), and Federal Board (FBISE) syllabus standards.

#### 📌 What's Included in this 11th Class Mathematics Guide:
1. **Topic-wise Short Questions & Conceptual Answers:** Comprehensive answers with high-scoring keywords, scientific terminology, and clear definitions.
2. **Solved Long Questions & Detailed Derivations:** Step-by-step explanations, labeled diagrams, mathematical derivations, and board-standard structured headings.
3. **Multiple Choice Questions (Solved MCQs):** High-frequency exam MCQs with 100% verified correct options and conceptual rationales.
4. **Textbook Exercise Solutions & Solved Numericals:** Complete, step-by-step solutions to all textbook review questions, exercises, and numerical problems with standard formulas and units.

#### 🏛️ Applicable for All Intermediate Boards across Pakistan:
- **Punjab Boards:** Lahore, Rawalpindi, Gujranwala, Faisalabad, Multan, Sargodha, Sahiwal, Bahawalpur, and DG Khan Board.
- **Federal Board (FBISE):** Islamabad Model Colleges, Army Public Schools & Overseas Examination Centers.
- **KPK, Sindh & Balochistan Boards:** Fully compliant with Single National Curriculum SLO-based assessments.

#### 💡 Expert 1st Year Board Exam Tips:
- High priority given to SLO-based (Student Learning Outcomes) conceptual questions.
- Review the past 5-year past paper repeated questions highlighted in this chapter.
- Practice neat presentation with headings, bullet points, and boxed numerical answers for scoring maximum marks."
Mathematics Class 11 - Unit 11 Exercise 11.1 (New),Mathematics,11,PCTB (Punjab Curriculum & Textbook Board),CHAPTER_WISE,1,Solved Numericals,TaleemCity / PakParcha,https://drive.google.com/file/d/1ZVvt1wON8Swt4WF47b344Rsox5PEmGNv/preview,"### Comprehensive 1st Year / Class 11 Mathematics (Chapter 1) Notes & Solutions (HSSC-I)

Get the best 1st Year (Class 11 / HSSC Part 1) Mathematics notes for **Mathematics Class 11 - Unit 11 Exercise 11.1 (New)**. These high-yield study materials are designed strictly according to the latest National Curriculum 2025–2026, Punjab Curriculum & Textbook Board (PCTB), and Federal Board (FBISE) syllabus standards.

#### 📌 What's Included in this 11th Class Mathematics Guide:
1. **Topic-wise Short Questions & Conceptual Answers:** Comprehensive answers with high-scoring keywords, scientific terminology, and clear definitions.
2. **Solved Long Questions & Detailed Derivations:** Step-by-step explanations, labeled diagrams, mathematical derivations, and board-standard structured headings.
3. **Multiple Choice Questions (Solved MCQs):** High-frequency exam MCQs with 100% verified correct options and conceptual rationales.
4. **Textbook Exercise Solutions & Solved Numericals:** Complete, step-by-step solutions to all textbook review questions, exercises, and numerical problems with standard formulas and units.

#### 🏛️ Applicable for All Intermediate Boards across Pakistan:
- **Punjab Boards:** Lahore, Rawalpindi, Gujranwala, Faisalabad, Multan, Sargodha, Sahiwal, Bahawalpur, and DG Khan Board.
- **Federal Board (FBISE):** Islamabad Model Colleges, Army Public Schools & Overseas Examination Centers.
- **KPK, Sindh & Balochistan Boards:** Fully compliant with Single National Curriculum SLO-based assessments.

#### 💡 Expert 1st Year Board Exam Tips:
- High priority given to SLO-based (Student Learning Outcomes) conceptual questions.
- Review the past 5-year past paper repeated questions highlighted in this chapter.
- Practice neat presentation with headings, bullet points, and boxed numerical answers for scoring maximum marks."
Mathematics Class 11 - Unit 11 Exercise 11.2 (New),Mathematics,11,PCTB (Punjab Curriculum & Textbook Board),CHAPTER_WISE,1,Solved Numericals,TaleemCity / PakParcha,https://drive.google.com/file/d/1rryY7-TIJPEKL8OLNqdsLeZiPAJ7pz62/preview,"### Comprehensive 1st Year / Class 11 Mathematics (Chapter 1) Notes & Solutions (HSSC-I)

Get the best 1st Year (Class 11 / HSSC Part 1) Mathematics notes for **Mathematics Class 11 - Unit 11 Exercise 11.2 (New)**. These high-yield study materials are designed strictly according to the latest National Curriculum 2025–2026, Punjab Curriculum & Textbook Board (PCTB), and Federal Board (FBISE) syllabus standards.

#### 📌 What's Included in this 11th Class Mathematics Guide:
1. **Topic-wise Short Questions & Conceptual Answers:** Comprehensive answers with high-scoring keywords, scientific terminology, and clear definitions.
2. **Solved Long Questions & Detailed Derivations:** Step-by-step explanations, labeled diagrams, mathematical derivations, and board-standard structured headings.
3. **Multiple Choice Questions (Solved MCQs):** High-frequency exam MCQs with 100% verified correct options and conceptual rationales.
4. **Textbook Exercise Solutions & Solved Numericals:** Complete, step-by-step solutions to all textbook review questions, exercises, and numerical problems with standard formulas and units.

#### 🏛️ Applicable for All Intermediate Boards across Pakistan:
- **Punjab Boards:** Lahore, Rawalpindi, Gujranwala, Faisalabad, Multan, Sargodha, Sahiwal, Bahawalpur, and DG Khan Board.
- **Federal Board (FBISE):** Islamabad Model Colleges, Army Public Schools & Overseas Examination Centers.
- **KPK, Sindh & Balochistan Boards:** Fully compliant with Single National Curriculum SLO-based assessments.

#### 💡 Expert 1st Year Board Exam Tips:
- High priority given to SLO-based (Student Learning Outcomes) conceptual questions.
- Review the past 5-year past paper repeated questions highlighted in this chapter.
- Practice neat presentation with headings, bullet points, and boxed numerical answers for scoring maximum marks."
Mathematics Class 11 - Unit 11 Exercise 11.3 (New),Mathematics,11,PCTB (Punjab Curriculum & Textbook Board),CHAPTER_WISE,1,Solved Numericals,TaleemCity / PakParcha,https://drive.google.com/file/d/1JNMd3qMwzlJDNPJ1XGe_kPJVzujF1tLo/preview,"### Comprehensive 1st Year / Class 11 Mathematics (Chapter 1) Notes & Solutions (HSSC-I)

Get the best 1st Year (Class 11 / HSSC Part 1) Mathematics notes for **Mathematics Class 11 - Unit 11 Exercise 11.3 (New)**. These high-yield study materials are designed strictly according to the latest National Curriculum 2025–2026, Punjab Curriculum & Textbook Board (PCTB), and Federal Board (FBISE) syllabus standards.

#### 📌 What's Included in this 11th Class Mathematics Guide:
1. **Topic-wise Short Questions & Conceptual Answers:** Comprehensive answers with high-scoring keywords, scientific terminology, and clear definitions.
2. **Solved Long Questions & Detailed Derivations:** Step-by-step explanations, labeled diagrams, mathematical derivations, and board-standard structured headings.
3. **Multiple Choice Questions (Solved MCQs):** High-frequency exam MCQs with 100% verified correct options and conceptual rationales.
4. **Textbook Exercise Solutions & Solved Numericals:** Complete, step-by-step solutions to all textbook review questions, exercises, and numerical problems with standard formulas and units.

#### 🏛️ Applicable for All Intermediate Boards across Pakistan:
- **Punjab Boards:** Lahore, Rawalpindi, Gujranwala, Faisalabad, Multan, Sargodha, Sahiwal, Bahawalpur, and DG Khan Board.
- **Federal Board (FBISE):** Islamabad Model Colleges, Army Public Schools & Overseas Examination Centers.
- **KPK, Sindh & Balochistan Boards:** Fully compliant with Single National Curriculum SLO-based assessments.

#### 💡 Expert 1st Year Board Exam Tips:
- High priority given to SLO-based (Student Learning Outcomes) conceptual questions.
- Review the past 5-year past paper repeated questions highlighted in this chapter.
- Practice neat presentation with headings, bullet points, and boxed numerical answers for scoring maximum marks."
Mathematics Class 11 - Unit 12 Exercise 12.1 (New),Mathematics,11,PCTB (Punjab Curriculum & Textbook Board),CHAPTER_WISE,1,Solved Numericals,TaleemCity / PakParcha,https://drive.google.com/file/d/1YFZKKWbY05qUiA9zrBbI2Ty0CGFUFOQk/preview,"### Comprehensive 1st Year / Class 11 Mathematics (Chapter 1) Notes & Solutions (HSSC-I)

Get the best 1st Year (Class 11 / HSSC Part 1) Mathematics notes for **Mathematics Class 11 - Unit 12 Exercise 12.1 (New)**. These high-yield study materials are designed strictly according to the latest National Curriculum 2025–2026, Punjab Curriculum & Textbook Board (PCTB), and Federal Board (FBISE) syllabus standards.

#### 📌 What's Included in this 11th Class Mathematics Guide:
1. **Topic-wise Short Questions & Conceptual Answers:** Comprehensive answers with high-scoring keywords, scientific terminology, and clear definitions.
2. **Solved Long Questions & Detailed Derivations:** Step-by-step explanations, labeled diagrams, mathematical derivations, and board-standard structured headings.
3. **Multiple Choice Questions (Solved MCQs):** High-frequency exam MCQs with 100% verified correct options and conceptual rationales.
4. **Textbook Exercise Solutions & Solved Numericals:** Complete, step-by-step solutions to all textbook review questions, exercises, and numerical problems with standard formulas and units.

#### 🏛️ Applicable for All Intermediate Boards across Pakistan:
- **Punjab Boards:** Lahore, Rawalpindi, Gujranwala, Faisalabad, Multan, Sargodha, Sahiwal, Bahawalpur, and DG Khan Board.
- **Federal Board (FBISE):** Islamabad Model Colleges, Army Public Schools & Overseas Examination Centers.
- **KPK, Sindh & Balochistan Boards:** Fully compliant with Single National Curriculum SLO-based assessments.

#### 💡 Expert 1st Year Board Exam Tips:
- High priority given to SLO-based (Student Learning Outcomes) conceptual questions.
- Review the past 5-year past paper repeated questions highlighted in this chapter.
- Practice neat presentation with headings, bullet points, and boxed numerical answers for scoring maximum marks."
Mathematics Class 11 - Unit 12 Exercise 12.2 (New),Mathematics,11,PCTB (Punjab Curriculum & Textbook Board),CHAPTER_WISE,1,Solved Numericals,TaleemCity / PakParcha,https://drive.google.com/file/d/1dWA1qGn9wqZwB_zjV0-fmzW4NMoIljMX/preview,"### Comprehensive 1st Year / Class 11 Mathematics (Chapter 1) Notes & Solutions (HSSC-I)

Get the best 1st Year (Class 11 / HSSC Part 1) Mathematics notes for **Mathematics Class 11 - Unit 12 Exercise 12.2 (New)**. These high-yield study materials are designed strictly according to the latest National Curriculum 2025–2026, Punjab Curriculum & Textbook Board (PCTB), and Federal Board (FBISE) syllabus standards.

#### 📌 What's Included in this 11th Class Mathematics Guide:
1. **Topic-wise Short Questions & Conceptual Answers:** Comprehensive answers with high-scoring keywords, scientific terminology, and clear definitions.
2. **Solved Long Questions & Detailed Derivations:** Step-by-step explanations, labeled diagrams, mathematical derivations, and board-standard structured headings.
3. **Multiple Choice Questions (Solved MCQs):** High-frequency exam MCQs with 100% verified correct options and conceptual rationales.
4. **Textbook Exercise Solutions & Solved Numericals:** Complete, step-by-step solutions to all textbook review questions, exercises, and numerical problems with standard formulas and units.

#### 🏛️ Applicable for All Intermediate Boards across Pakistan:
- **Punjab Boards:** Lahore, Rawalpindi, Gujranwala, Faisalabad, Multan, Sargodha, Sahiwal, Bahawalpur, and DG Khan Board.
- **Federal Board (FBISE):** Islamabad Model Colleges, Army Public Schools & Overseas Examination Centers.
- **KPK, Sindh & Balochistan Boards:** Fully compliant with Single National Curriculum SLO-based assessments.

#### 💡 Expert 1st Year Board Exam Tips:
- High priority given to SLO-based (Student Learning Outcomes) conceptual questions.
- Review the past 5-year past paper repeated questions highlighted in this chapter.
- Practice neat presentation with headings, bullet points, and boxed numerical answers for scoring maximum marks."
Mathematics Class 11 - Unit 12 Exercise 12.3 (New),Mathematics,11,PCTB (Punjab Curriculum & Textbook Board),CHAPTER_WISE,1,Solved Numericals,TaleemCity / PakParcha,https://drive.google.com/file/d/1_eInfUdiDBgKSDVARfxNcziKU42J-q0E/preview,"### Comprehensive 1st Year / Class 11 Mathematics (Chapter 1) Notes & Solutions (HSSC-I)

Get the best 1st Year (Class 11 / HSSC Part 1) Mathematics notes for **Mathematics Class 11 - Unit 12 Exercise 12.3 (New)**. These high-yield study materials are designed strictly according to the latest National Curriculum 2025–2026, Punjab Curriculum & Textbook Board (PCTB), and Federal Board (FBISE) syllabus standards.

#### 📌 What's Included in this 11th Class Mathematics Guide:
1. **Topic-wise Short Questions & Conceptual Answers:** Comprehensive answers with high-scoring keywords, scientific terminology, and clear definitions.
2. **Solved Long Questions & Detailed Derivations:** Step-by-step explanations, labeled diagrams, mathematical derivations, and board-standard structured headings.
3. **Multiple Choice Questions (Solved MCQs):** High-frequency exam MCQs with 100% verified correct options and conceptual rationales.
4. **Textbook Exercise Solutions & Solved Numericals:** Complete, step-by-step solutions to all textbook review questions, exercises, and numerical problems with standard formulas and units.

#### 🏛️ Applicable for All Intermediate Boards across Pakistan:
- **Punjab Boards:** Lahore, Rawalpindi, Gujranwala, Faisalabad, Multan, Sargodha, Sahiwal, Bahawalpur, and DG Khan Board.
- **Federal Board (FBISE):** Islamabad Model Colleges, Army Public Schools & Overseas Examination Centers.
- **KPK, Sindh & Balochistan Boards:** Fully compliant with Single National Curriculum SLO-based assessments.

#### 💡 Expert 1st Year Board Exam Tips:
- High priority given to SLO-based (Student Learning Outcomes) conceptual questions.
- Review the past 5-year past paper repeated questions highlighted in this chapter.
- Practice neat presentation with headings, bullet points, and boxed numerical answers for scoring maximum marks."
Mathematics Class 11 - Unit 13 Exercise 13.1 (New),Mathematics,11,PCTB (Punjab Curriculum & Textbook Board),CHAPTER_WISE,1,Solved Numericals,TaleemCity / PakParcha,https://drive.google.com/file/d/17pN5ptRq0SovnYVVrlje7k22bzJ1HXSr/preview,"### Comprehensive 1st Year / Class 11 Mathematics (Chapter 1) Notes & Solutions (HSSC-I)

Get the best 1st Year (Class 11 / HSSC Part 1) Mathematics notes for **Mathematics Class 11 - Unit 13 Exercise 13.1 (New)**. These high-yield study materials are designed strictly according to the latest National Curriculum 2025–2026, Punjab Curriculum & Textbook Board (PCTB), and Federal Board (FBISE) syllabus standards.

#### 📌 What's Included in this 11th Class Mathematics Guide:
1. **Topic-wise Short Questions & Conceptual Answers:** Comprehensive answers with high-scoring keywords, scientific terminology, and clear definitions.
2. **Solved Long Questions & Detailed Derivations:** Step-by-step explanations, labeled diagrams, mathematical derivations, and board-standard structured headings.
3. **Multiple Choice Questions (Solved MCQs):** High-frequency exam MCQs with 100% verified correct options and conceptual rationales.
4. **Textbook Exercise Solutions & Solved Numericals:** Complete, step-by-step solutions to all textbook review questions, exercises, and numerical problems with standard formulas and units.

#### 🏛️ Applicable for All Intermediate Boards across Pakistan:
- **Punjab Boards:** Lahore, Rawalpindi, Gujranwala, Faisalabad, Multan, Sargodha, Sahiwal, Bahawalpur, and DG Khan Board.
- **Federal Board (FBISE):** Islamabad Model Colleges, Army Public Schools & Overseas Examination Centers.
- **KPK, Sindh & Balochistan Boards:** Fully compliant with Single National Curriculum SLO-based assessments.

#### 💡 Expert 1st Year Board Exam Tips:
- High priority given to SLO-based (Student Learning Outcomes) conceptual questions.
- Review the past 5-year past paper repeated questions highlighted in this chapter.
- Practice neat presentation with headings, bullet points, and boxed numerical answers for scoring maximum marks."
Mathematics Class 11 - Unit 13 Exercise 13.2 (New),Mathematics,11,PCTB (Punjab Curriculum & Textbook Board),CHAPTER_WISE,1,Solved Numericals,TaleemCity / PakParcha,https://drive.google.com/file/d/1Ib1miOcOqRvrFYDHknumgSOUGyeaJK4O/preview,"### Comprehensive 1st Year / Class 11 Mathematics (Chapter 1) Notes & Solutions (HSSC-I)

Get the best 1st Year (Class 11 / HSSC Part 1) Mathematics notes for **Mathematics Class 11 - Unit 13 Exercise 13.2 (New)**. These high-yield study materials are designed strictly according to the latest National Curriculum 2025–2026, Punjab Curriculum & Textbook Board (PCTB), and Federal Board (FBISE) syllabus standards.

#### 📌 What's Included in this 11th Class Mathematics Guide:
1. **Topic-wise Short Questions & Conceptual Answers:** Comprehensive answers with high-scoring keywords, scientific terminology, and clear definitions.
2. **Solved Long Questions & Detailed Derivations:** Step-by-step explanations, labeled diagrams, mathematical derivations, and board-standard structured headings.
3. **Multiple Choice Questions (Solved MCQs):** High-frequency exam MCQs with 100% verified correct options and conceptual rationales.
4. **Textbook Exercise Solutions & Solved Numericals:** Complete, step-by-step solutions to all textbook review questions, exercises, and numerical problems with standard formulas and units.

#### 🏛️ Applicable for All Intermediate Boards across Pakistan:
- **Punjab Boards:** Lahore, Rawalpindi, Gujranwala, Faisalabad, Multan, Sargodha, Sahiwal, Bahawalpur, and DG Khan Board.
- **Federal Board (FBISE):** Islamabad Model Colleges, Army Public Schools & Overseas Examination Centers.
- **KPK, Sindh & Balochistan Boards:** Fully compliant with Single National Curriculum SLO-based assessments.

#### 💡 Expert 1st Year Board Exam Tips:
- High priority given to SLO-based (Student Learning Outcomes) conceptual questions.
- Review the past 5-year past paper repeated questions highlighted in this chapter.
- Practice neat presentation with headings, bullet points, and boxed numerical answers for scoring maximum marks."
Mathematics Class 11 - Unit 13 Exercise 13.3 (New),Mathematics,11,PCTB (Punjab Curriculum & Textbook Board),CHAPTER_WISE,1,Solved Numericals,TaleemCity / PakParcha,https://drive.google.com/file/d/1_5McNMijuBSOdFf_Wm0xklz6ql8_EVOL/preview,"### Comprehensive 1st Year / Class 11 Mathematics (Chapter 1) Notes & Solutions (HSSC-I)

Get the best 1st Year (Class 11 / HSSC Part 1) Mathematics notes for **Mathematics Class 11 - Unit 13 Exercise 13.3 (New)**. These high-yield study materials are designed strictly according to the latest National Curriculum 2025–2026, Punjab Curriculum & Textbook Board (PCTB), and Federal Board (FBISE) syllabus standards.

#### 📌 What's Included in this 11th Class Mathematics Guide:
1. **Topic-wise Short Questions & Conceptual Answers:** Comprehensive answers with high-scoring keywords, scientific terminology, and clear definitions.
2. **Solved Long Questions & Detailed Derivations:** Step-by-step explanations, labeled diagrams, mathematical derivations, and board-standard structured headings.
3. **Multiple Choice Questions (Solved MCQs):** High-frequency exam MCQs with 100% verified correct options and conceptual rationales.
4. **Textbook Exercise Solutions & Solved Numericals:** Complete, step-by-step solutions to all textbook review questions, exercises, and numerical problems with standard formulas and units.

#### 🏛️ Applicable for All Intermediate Boards across Pakistan:
- **Punjab Boards:** Lahore, Rawalpindi, Gujranwala, Faisalabad, Multan, Sargodha, Sahiwal, Bahawalpur, and DG Khan Board.
- **Federal Board (FBISE):** Islamabad Model Colleges, Army Public Schools & Overseas Examination Centers.
- **KPK, Sindh & Balochistan Boards:** Fully compliant with Single National Curriculum SLO-based assessments.

#### 💡 Expert 1st Year Board Exam Tips:
- High priority given to SLO-based (Student Learning Outcomes) conceptual questions.
- Review the past 5-year past paper repeated questions highlighted in this chapter.
- Practice neat presentation with headings, bullet points, and boxed numerical answers for scoring maximum marks."
Mathematics Class 11 - Unit 14 Exercise 14.1 (New),Mathematics,11,PCTB (Punjab Curriculum & Textbook Board),CHAPTER_WISE,1,Solved Numericals,TaleemCity / PakParcha,https://drive.google.com/file/d/1AwYZ5a3gllUI61ZtnJWHpyqWSur2ovSK/preview,"### Comprehensive 1st Year / Class 11 Mathematics (Chapter 1) Notes & Solutions (HSSC-I)

Get the best 1st Year (Class 11 / HSSC Part 1) Mathematics notes for **Mathematics Class 11 - Unit 14 Exercise 14.1 (New)**. These high-yield study materials are designed strictly according to the latest National Curriculum 2025–2026, Punjab Curriculum & Textbook Board (PCTB), and Federal Board (FBISE) syllabus standards.

#### 📌 What's Included in this 11th Class Mathematics Guide:
1. **Topic-wise Short Questions & Conceptual Answers:** Comprehensive answers with high-scoring keywords, scientific terminology, and clear definitions.
2. **Solved Long Questions & Detailed Derivations:** Step-by-step explanations, labeled diagrams, mathematical derivations, and board-standard structured headings.
3. **Multiple Choice Questions (Solved MCQs):** High-frequency exam MCQs with 100% verified correct options and conceptual rationales.
4. **Textbook Exercise Solutions & Solved Numericals:** Complete, step-by-step solutions to all textbook review questions, exercises, and numerical problems with standard formulas and units.

#### 🏛️ Applicable for All Intermediate Boards across Pakistan:
- **Punjab Boards:** Lahore, Rawalpindi, Gujranwala, Faisalabad, Multan, Sargodha, Sahiwal, Bahawalpur, and DG Khan Board.
- **Federal Board (FBISE):** Islamabad Model Colleges, Army Public Schools & Overseas Examination Centers.
- **KPK, Sindh & Balochistan Boards:** Fully compliant with Single National Curriculum SLO-based assessments.

#### 💡 Expert 1st Year Board Exam Tips:
- High priority given to SLO-based (Student Learning Outcomes) conceptual questions.
- Review the past 5-year past paper repeated questions highlighted in this chapter.
- Practice neat presentation with headings, bullet points, and boxed numerical answers for scoring maximum marks."
Mathematics Class 11 - Unit 14 Exercise 14.2 (New),Mathematics,11,PCTB (Punjab Curriculum & Textbook Board),CHAPTER_WISE,1,Solved Numericals,TaleemCity / PakParcha,https://drive.google.com/file/d/1M2wfPraVl6hSrOSmmCUDrRgLHKw2DbB1/preview,"### Comprehensive 1st Year / Class 11 Mathematics (Chapter 1) Notes & Solutions (HSSC-I)

Get the best 1st Year (Class 11 / HSSC Part 1) Mathematics notes for **Mathematics Class 11 - Unit 14 Exercise 14.2 (New)**. These high-yield study materials are designed strictly according to the latest National Curriculum 2025–2026, Punjab Curriculum & Textbook Board (PCTB), and Federal Board (FBISE) syllabus standards.

#### 📌 What's Included in this 11th Class Mathematics Guide:
1. **Topic-wise Short Questions & Conceptual Answers:** Comprehensive answers with high-scoring keywords, scientific terminology, and clear definitions.
2. **Solved Long Questions & Detailed Derivations:** Step-by-step explanations, labeled diagrams, mathematical derivations, and board-standard structured headings.
3. **Multiple Choice Questions (Solved MCQs):** High-frequency exam MCQs with 100% verified correct options and conceptual rationales.
4. **Textbook Exercise Solutions & Solved Numericals:** Complete, step-by-step solutions to all textbook review questions, exercises, and numerical problems with standard formulas and units.

#### 🏛️ Applicable for All Intermediate Boards across Pakistan:
- **Punjab Boards:** Lahore, Rawalpindi, Gujranwala, Faisalabad, Multan, Sargodha, Sahiwal, Bahawalpur, and DG Khan Board.
- **Federal Board (FBISE):** Islamabad Model Colleges, Army Public Schools & Overseas Examination Centers.
- **KPK, Sindh & Balochistan Boards:** Fully compliant with Single National Curriculum SLO-based assessments.

#### 💡 Expert 1st Year Board Exam Tips:
- High priority given to SLO-based (Student Learning Outcomes) conceptual questions.
- Review the past 5-year past paper repeated questions highlighted in this chapter.
- Practice neat presentation with headings, bullet points, and boxed numerical answers for scoring maximum marks."
Mathematics Class 11 - Unit 14 Exercise 14.3 (New),Mathematics,11,PCTB (Punjab Curriculum & Textbook Board),CHAPTER_WISE,1,Solved Numericals,TaleemCity / PakParcha,https://drive.google.com/file/d/1GMs5Azho6aUM-EBEQDxDwRWIri6Ly6N5/preview,"### Comprehensive 1st Year / Class 11 Mathematics (Chapter 1) Notes & Solutions (HSSC-I)

Get the best 1st Year (Class 11 / HSSC Part 1) Mathematics notes for **Mathematics Class 11 - Unit 14 Exercise 14.3 (New)**. These high-yield study materials are designed strictly according to the latest National Curriculum 2025–2026, Punjab Curriculum & Textbook Board (PCTB), and Federal Board (FBISE) syllabus standards.

#### 📌 What's Included in this 11th Class Mathematics Guide:
1. **Topic-wise Short Questions & Conceptual Answers:** Comprehensive answers with high-scoring keywords, scientific terminology, and clear definitions.
2. **Solved Long Questions & Detailed Derivations:** Step-by-step explanations, labeled diagrams, mathematical derivations, and board-standard structured headings.
3. **Multiple Choice Questions (Solved MCQs):** High-frequency exam MCQs with 100% verified correct options and conceptual rationales.
4. **Textbook Exercise Solutions & Solved Numericals:** Complete, step-by-step solutions to all textbook review questions, exercises, and numerical problems with standard formulas and units.

#### 🏛️ Applicable for All Intermediate Boards across Pakistan:
- **Punjab Boards:** Lahore, Rawalpindi, Gujranwala, Faisalabad, Multan, Sargodha, Sahiwal, Bahawalpur, and DG Khan Board.
- **Federal Board (FBISE):** Islamabad Model Colleges, Army Public Schools & Overseas Examination Centers.
- **KPK, Sindh & Balochistan Boards:** Fully compliant with Single National Curriculum SLO-based assessments.

#### 💡 Expert 1st Year Board Exam Tips:
- High priority given to SLO-based (Student Learning Outcomes) conceptual questions.
- Review the past 5-year past paper repeated questions highlighted in this chapter.
- Practice neat presentation with headings, bullet points, and boxed numerical answers for scoring maximum marks."
Mathematics Class 11 - Unit 14 Exercise 14.4 (New),Mathematics,11,PCTB (Punjab Curriculum & Textbook Board),CHAPTER_WISE,1,Solved Numericals,TaleemCity / PakParcha,https://drive.google.com/file/d/1dMS55KeDLInP8ruT5BDnV5fhO2vZgLtS/preview,"### Comprehensive 1st Year / Class 11 Mathematics (Chapter 1) Notes & Solutions (HSSC-I)

Get the best 1st Year (Class 11 / HSSC Part 1) Mathematics notes for **Mathematics Class 11 - Unit 14 Exercise 14.4 (New)**. These high-yield study materials are designed strictly according to the latest National Curriculum 2025–2026, Punjab Curriculum & Textbook Board (PCTB), and Federal Board (FBISE) syllabus standards.

#### 📌 What's Included in this 11th Class Mathematics Guide:
1. **Topic-wise Short Questions & Conceptual Answers:** Comprehensive answers with high-scoring keywords, scientific terminology, and clear definitions.
2. **Solved Long Questions & Detailed Derivations:** Step-by-step explanations, labeled diagrams, mathematical derivations, and board-standard structured headings.
3. **Multiple Choice Questions (Solved MCQs):** High-frequency exam MCQs with 100% verified correct options and conceptual rationales.
4. **Textbook Exercise Solutions & Solved Numericals:** Complete, step-by-step solutions to all textbook review questions, exercises, and numerical problems with standard formulas and units.

#### 🏛️ Applicable for All Intermediate Boards across Pakistan:
- **Punjab Boards:** Lahore, Rawalpindi, Gujranwala, Faisalabad, Multan, Sargodha, Sahiwal, Bahawalpur, and DG Khan Board.
- **Federal Board (FBISE):** Islamabad Model Colleges, Army Public Schools & Overseas Examination Centers.
- **KPK, Sindh & Balochistan Boards:** Fully compliant with Single National Curriculum SLO-based assessments.

#### 💡 Expert 1st Year Board Exam Tips:
- High priority given to SLO-based (Student Learning Outcomes) conceptual questions.
- Review the past 5-year past paper repeated questions highlighted in this chapter.
- Practice neat presentation with headings, bullet points, and boxed numerical answers for scoring maximum marks."
Mathematics Class 11 - Full Book Complete Notes,Mathematics,11,PCTB (Punjab Curriculum & Textbook Board),FULL_BOOK,,Full Book Complete,TaleemCity / PakParcha,https://drive.google.com/file/d/1HpAEJtZWFR_pSd6_QDRlVwSpwTGS8iJl/preview,"### Comprehensive 1st Year / Class 11 Mathematics (Full Book Complete Syllabus) Notes & Solutions (HSSC-I)

Get the best 1st Year (Class 11 / HSSC Part 1) Mathematics notes for **Mathematics Class 11 - Full Book Complete Notes**. These high-yield study materials are designed strictly according to the latest National Curriculum 2025–2026, Punjab Curriculum & Textbook Board (PCTB), and Federal Board (FBISE) syllabus standards.

#### 📌 What's Included in this 11th Class Mathematics Guide:
1. **Topic-wise Short Questions & Conceptual Answers:** Comprehensive answers with high-scoring keywords, scientific terminology, and clear definitions.
2. **Solved Long Questions & Detailed Derivations:** Step-by-step explanations, labeled diagrams, mathematical derivations, and board-standard structured headings.
3. **Multiple Choice Questions (Solved MCQs):** High-frequency exam MCQs with 100% verified correct options and conceptual rationales.
4. **Textbook Exercise Solutions & Solved Numericals:** Complete, step-by-step solutions to all textbook review questions, exercises, and numerical problems with standard formulas and units.

#### 🏛️ Applicable for All Intermediate Boards across Pakistan:
- **Punjab Boards:** Lahore, Rawalpindi, Gujranwala, Faisalabad, Multan, Sargodha, Sahiwal, Bahawalpur, and DG Khan Board.
- **Federal Board (FBISE):** Islamabad Model Colleges, Army Public Schools & Overseas Examination Centers.
- **KPK, Sindh & Balochistan Boards:** Fully compliant with Single National Curriculum SLO-based assessments.

#### 💡 Expert 1st Year Board Exam Tips:
- High priority given to SLO-based (Student Learning Outcomes) conceptual questions.
- Review the past 5-year past paper repeated questions highlighted in this chapter.
- Practice neat presentation with headings, bullet points, and boxed numerical answers for scoring maximum marks."
Physics Class 11 - Unit 01 Exercise Numericals (New),Physics,11,PCTB (Punjab Curriculum & Textbook Board),CHAPTER_WISE,1,Solved Numericals,TaleemCity / PakParcha,https://drive.google.com/file/d/1m3FWqR2cZQwCIrjWd8pUKhlGlI13aan8/preview,"### Comprehensive 1st Year / Class 11 Physics (Chapter 1) Notes & Solutions (HSSC-I)

Get the best 1st Year (Class 11 / HSSC Part 1) Physics notes for **Physics Class 11 - Unit 01 Exercise Numericals (New)**. These high-yield study materials are designed strictly according to the latest National Curriculum 2025–2026, Punjab Curriculum & Textbook Board (PCTB), and Federal Board (FBISE) syllabus standards.

#### 📌 What's Included in this 11th Class Physics Guide:
1. **Topic-wise Short Questions & Conceptual Answers:** Comprehensive answers with high-scoring keywords, scientific terminology, and clear definitions.
2. **Solved Long Questions & Detailed Derivations:** Step-by-step explanations, labeled diagrams, mathematical derivations, and board-standard structured headings.
3. **Multiple Choice Questions (Solved MCQs):** High-frequency exam MCQs with 100% verified correct options and conceptual rationales.
4. **Textbook Exercise Solutions & Solved Numericals:** Complete, step-by-step solutions to all textbook review questions, exercises, and numerical problems with standard formulas and units.

#### 🏛️ Applicable for All Intermediate Boards across Pakistan:
- **Punjab Boards:** Lahore, Rawalpindi, Gujranwala, Faisalabad, Multan, Sargodha, Sahiwal, Bahawalpur, and DG Khan Board.
- **Federal Board (FBISE):** Islamabad Model Colleges, Army Public Schools & Overseas Examination Centers.
- **KPK, Sindh & Balochistan Boards:** Fully compliant with Single National Curriculum SLO-based assessments.

#### 💡 Expert 1st Year Board Exam Tips:
- High priority given to SLO-based (Student Learning Outcomes) conceptual questions.
- Review the past 5-year past paper repeated questions highlighted in this chapter.
- Practice neat presentation with headings, bullet points, and boxed numerical answers for scoring maximum marks."
Physics Class 11 - Unit 01 Long Questions (New),Physics,11,PCTB (Punjab Curriculum & Textbook Board),CHAPTER_WISE,1,Long Questions,TaleemCity / PakParcha,https://drive.google.com/file/d/1vcqrMWy6bAdkDX3Q0aB3Slc4DQIDtTmX/preview,"### Comprehensive 1st Year / Class 11 Physics (Chapter 1) Notes & Solutions (HSSC-I)

Get the best 1st Year (Class 11 / HSSC Part 1) Physics notes for **Physics Class 11 - Unit 01 Long Questions (New)**. These high-yield study materials are designed strictly according to the latest National Curriculum 2025–2026, Punjab Curriculum & Textbook Board (PCTB), and Federal Board (FBISE) syllabus standards.

#### 📌 What's Included in this 11th Class Physics Guide:
1. **Topic-wise Short Questions & Conceptual Answers:** Comprehensive answers with high-scoring keywords, scientific terminology, and clear definitions.
2. **Solved Long Questions & Detailed Derivations:** Step-by-step explanations, labeled diagrams, mathematical derivations, and board-standard structured headings.
3. **Multiple Choice Questions (Solved MCQs):** High-frequency exam MCQs with 100% verified correct options and conceptual rationales.
4. **Textbook Exercise Solutions & Solved Numericals:** Complete, step-by-step solutions to all textbook review questions, exercises, and numerical problems with standard formulas and units.

#### 🏛️ Applicable for All Intermediate Boards across Pakistan:
- **Punjab Boards:** Lahore, Rawalpindi, Gujranwala, Faisalabad, Multan, Sargodha, Sahiwal, Bahawalpur, and DG Khan Board.
- **Federal Board (FBISE):** Islamabad Model Colleges, Army Public Schools & Overseas Examination Centers.
- **KPK, Sindh & Balochistan Boards:** Fully compliant with Single National Curriculum SLO-based assessments.

#### 💡 Expert 1st Year Board Exam Tips:
- High priority given to SLO-based (Student Learning Outcomes) conceptual questions.
- Review the past 5-year past paper repeated questions highlighted in this chapter.
- Practice neat presentation with headings, bullet points, and boxed numerical answers for scoring maximum marks."
Physics Class 11 - Unit 01 MCQ-s (New),Physics,11,PCTB (Punjab Curriculum & Textbook Board),CHAPTER_WISE,1,Solved MCQs,TaleemCity / PakParcha,https://drive.google.com/file/d/1ZoQrumGwL_hhV4DaL-zoWnzk4ymQe7z3/preview,"### Comprehensive 1st Year / Class 11 Physics (Chapter 1) Notes & Solutions (HSSC-I)

Get the best 1st Year (Class 11 / HSSC Part 1) Physics notes for **Physics Class 11 - Unit 01 MCQ-s (New)**. These high-yield study materials are designed strictly according to the latest National Curriculum 2025–2026, Punjab Curriculum & Textbook Board (PCTB), and Federal Board (FBISE) syllabus standards.

#### 📌 What's Included in this 11th Class Physics Guide:
1. **Topic-wise Short Questions & Conceptual Answers:** Comprehensive answers with high-scoring keywords, scientific terminology, and clear definitions.
2. **Solved Long Questions & Detailed Derivations:** Step-by-step explanations, labeled diagrams, mathematical derivations, and board-standard structured headings.
3. **Multiple Choice Questions (Solved MCQs):** High-frequency exam MCQs with 100% verified correct options and conceptual rationales.
4. **Textbook Exercise Solutions & Solved Numericals:** Complete, step-by-step solutions to all textbook review questions, exercises, and numerical problems with standard formulas and units.

#### 🏛️ Applicable for All Intermediate Boards across Pakistan:
- **Punjab Boards:** Lahore, Rawalpindi, Gujranwala, Faisalabad, Multan, Sargodha, Sahiwal, Bahawalpur, and DG Khan Board.
- **Federal Board (FBISE):** Islamabad Model Colleges, Army Public Schools & Overseas Examination Centers.
- **KPK, Sindh & Balochistan Boards:** Fully compliant with Single National Curriculum SLO-based assessments.

#### 💡 Expert 1st Year Board Exam Tips:
- High priority given to SLO-based (Student Learning Outcomes) conceptual questions.
- Review the past 5-year past paper repeated questions highlighted in this chapter.
- Practice neat presentation with headings, bullet points, and boxed numerical answers for scoring maximum marks."
Physics Class 11 - Unit 01 Short Questions (New),Physics,11,PCTB (Punjab Curriculum & Textbook Board),CHAPTER_WISE,1,Short Questions,TaleemCity / PakParcha,https://drive.google.com/file/d/1TMpbfsmyb3SpOUsBzJkIAu8HE8k2c-IC/preview,"### Comprehensive 1st Year / Class 11 Physics (Chapter 1) Notes & Solutions (HSSC-I)

Get the best 1st Year (Class 11 / HSSC Part 1) Physics notes for **Physics Class 11 - Unit 01 Short Questions (New)**. These high-yield study materials are designed strictly according to the latest National Curriculum 2025–2026, Punjab Curriculum & Textbook Board (PCTB), and Federal Board (FBISE) syllabus standards.

#### 📌 What's Included in this 11th Class Physics Guide:
1. **Topic-wise Short Questions & Conceptual Answers:** Comprehensive answers with high-scoring keywords, scientific terminology, and clear definitions.
2. **Solved Long Questions & Detailed Derivations:** Step-by-step explanations, labeled diagrams, mathematical derivations, and board-standard structured headings.
3. **Multiple Choice Questions (Solved MCQs):** High-frequency exam MCQs with 100% verified correct options and conceptual rationales.
4. **Textbook Exercise Solutions & Solved Numericals:** Complete, step-by-step solutions to all textbook review questions, exercises, and numerical problems with standard formulas and units.

#### 🏛️ Applicable for All Intermediate Boards across Pakistan:
- **Punjab Boards:** Lahore, Rawalpindi, Gujranwala, Faisalabad, Multan, Sargodha, Sahiwal, Bahawalpur, and DG Khan Board.
- **Federal Board (FBISE):** Islamabad Model Colleges, Army Public Schools & Overseas Examination Centers.
- **KPK, Sindh & Balochistan Boards:** Fully compliant with Single National Curriculum SLO-based assessments.

#### 💡 Expert 1st Year Board Exam Tips:
- High priority given to SLO-based (Student Learning Outcomes) conceptual questions.
- Review the past 5-year past paper repeated questions highlighted in this chapter.
- Practice neat presentation with headings, bullet points, and boxed numerical answers for scoring maximum marks."
Physics Class 11 - Unit 02 Exercise Numericals (New),Physics,11,PCTB (Punjab Curriculum & Textbook Board),CHAPTER_WISE,1,Solved Numericals,TaleemCity / PakParcha,https://drive.google.com/file/d/1xy8tEnRreW0tNp0zPrn5PXs42_yAiMuh/preview,"### Comprehensive 1st Year / Class 11 Physics (Chapter 1) Notes & Solutions (HSSC-I)

Get the best 1st Year (Class 11 / HSSC Part 1) Physics notes for **Physics Class 11 - Unit 02 Exercise Numericals (New)**. These high-yield study materials are designed strictly according to the latest National Curriculum 2025–2026, Punjab Curriculum & Textbook Board (PCTB), and Federal Board (FBISE) syllabus standards.

#### 📌 What's Included in this 11th Class Physics Guide:
1. **Topic-wise Short Questions & Conceptual Answers:** Comprehensive answers with high-scoring keywords, scientific terminology, and clear definitions.
2. **Solved Long Questions & Detailed Derivations:** Step-by-step explanations, labeled diagrams, mathematical derivations, and board-standard structured headings.
3. **Multiple Choice Questions (Solved MCQs):** High-frequency exam MCQs with 100% verified correct options and conceptual rationales.
4. **Textbook Exercise Solutions & Solved Numericals:** Complete, step-by-step solutions to all textbook review questions, exercises, and numerical problems with standard formulas and units.

#### 🏛️ Applicable for All Intermediate Boards across Pakistan:
- **Punjab Boards:** Lahore, Rawalpindi, Gujranwala, Faisalabad, Multan, Sargodha, Sahiwal, Bahawalpur, and DG Khan Board.
- **Federal Board (FBISE):** Islamabad Model Colleges, Army Public Schools & Overseas Examination Centers.
- **KPK, Sindh & Balochistan Boards:** Fully compliant with Single National Curriculum SLO-based assessments.

#### 💡 Expert 1st Year Board Exam Tips:
- High priority given to SLO-based (Student Learning Outcomes) conceptual questions.
- Review the past 5-year past paper repeated questions highlighted in this chapter.
- Practice neat presentation with headings, bullet points, and boxed numerical answers for scoring maximum marks."
Physics Class 11 - Unit 02 Long Questions (New),Physics,11,PCTB (Punjab Curriculum & Textbook Board),CHAPTER_WISE,1,Long Questions,TaleemCity / PakParcha,https://drive.google.com/file/d/17fXjd2arYiev6uqIofRLcNqbE6j-OFYf/preview,"### Comprehensive 1st Year / Class 11 Physics (Chapter 1) Notes & Solutions (HSSC-I)

Get the best 1st Year (Class 11 / HSSC Part 1) Physics notes for **Physics Class 11 - Unit 02 Long Questions (New)**. These high-yield study materials are designed strictly according to the latest National Curriculum 2025–2026, Punjab Curriculum & Textbook Board (PCTB), and Federal Board (FBISE) syllabus standards.

#### 📌 What's Included in this 11th Class Physics Guide:
1. **Topic-wise Short Questions & Conceptual Answers:** Comprehensive answers with high-scoring keywords, scientific terminology, and clear definitions.
2. **Solved Long Questions & Detailed Derivations:** Step-by-step explanations, labeled diagrams, mathematical derivations, and board-standard structured headings.
3. **Multiple Choice Questions (Solved MCQs):** High-frequency exam MCQs with 100% verified correct options and conceptual rationales.
4. **Textbook Exercise Solutions & Solved Numericals:** Complete, step-by-step solutions to all textbook review questions, exercises, and numerical problems with standard formulas and units.

#### 🏛️ Applicable for All Intermediate Boards across Pakistan:
- **Punjab Boards:** Lahore, Rawalpindi, Gujranwala, Faisalabad, Multan, Sargodha, Sahiwal, Bahawalpur, and DG Khan Board.
- **Federal Board (FBISE):** Islamabad Model Colleges, Army Public Schools & Overseas Examination Centers.
- **KPK, Sindh & Balochistan Boards:** Fully compliant with Single National Curriculum SLO-based assessments.

#### 💡 Expert 1st Year Board Exam Tips:
- High priority given to SLO-based (Student Learning Outcomes) conceptual questions.
- Review the past 5-year past paper repeated questions highlighted in this chapter.
- Practice neat presentation with headings, bullet points, and boxed numerical answers for scoring maximum marks."
Physics Class 11 - Unit 02 MCQ-s (New),Physics,11,PCTB (Punjab Curriculum & Textbook Board),CHAPTER_WISE,1,Solved MCQs,TaleemCity / PakParcha,https://drive.google.com/file/d/1a5855TmT34MUoMsBapQ_4Sdm7dtV-YA6/preview,"### Comprehensive 1st Year / Class 11 Physics (Chapter 1) Notes & Solutions (HSSC-I)

Get the best 1st Year (Class 11 / HSSC Part 1) Physics notes for **Physics Class 11 - Unit 02 MCQ-s (New)**. These high-yield study materials are designed strictly according to the latest National Curriculum 2025–2026, Punjab Curriculum & Textbook Board (PCTB), and Federal Board (FBISE) syllabus standards.

#### 📌 What's Included in this 11th Class Physics Guide:
1. **Topic-wise Short Questions & Conceptual Answers:** Comprehensive answers with high-scoring keywords, scientific terminology, and clear definitions.
2. **Solved Long Questions & Detailed Derivations:** Step-by-step explanations, labeled diagrams, mathematical derivations, and board-standard structured headings.
3. **Multiple Choice Questions (Solved MCQs):** High-frequency exam MCQs with 100% verified correct options and conceptual rationales.
4. **Textbook Exercise Solutions & Solved Numericals:** Complete, step-by-step solutions to all textbook review questions, exercises, and numerical problems with standard formulas and units.

#### 🏛️ Applicable for All Intermediate Boards across Pakistan:
- **Punjab Boards:** Lahore, Rawalpindi, Gujranwala, Faisalabad, Multan, Sargodha, Sahiwal, Bahawalpur, and DG Khan Board.
- **Federal Board (FBISE):** Islamabad Model Colleges, Army Public Schools & Overseas Examination Centers.
- **KPK, Sindh & Balochistan Boards:** Fully compliant with Single National Curriculum SLO-based assessments.

#### 💡 Expert 1st Year Board Exam Tips:
- High priority given to SLO-based (Student Learning Outcomes) conceptual questions.
- Review the past 5-year past paper repeated questions highlighted in this chapter.
- Practice neat presentation with headings, bullet points, and boxed numerical answers for scoring maximum marks."
Physics Class 11 - Unit 02 Short Questions (New),Physics,11,PCTB (Punjab Curriculum & Textbook Board),CHAPTER_WISE,1,Short Questions,TaleemCity / PakParcha,https://drive.google.com/file/d/13FBtrRp8rJ5-Tc2UOKxR-N7LxzoUieQ0/preview,"### Comprehensive 1st Year / Class 11 Physics (Chapter 1) Notes & Solutions (HSSC-I)

Get the best 1st Year (Class 11 / HSSC Part 1) Physics notes for **Physics Class 11 - Unit 02 Short Questions (New)**. These high-yield study materials are designed strictly according to the latest National Curriculum 2025–2026, Punjab Curriculum & Textbook Board (PCTB), and Federal Board (FBISE) syllabus standards.

#### 📌 What's Included in this 11th Class Physics Guide:
1. **Topic-wise Short Questions & Conceptual Answers:** Comprehensive answers with high-scoring keywords, scientific terminology, and clear definitions.
2. **Solved Long Questions & Detailed Derivations:** Step-by-step explanations, labeled diagrams, mathematical derivations, and board-standard structured headings.
3. **Multiple Choice Questions (Solved MCQs):** High-frequency exam MCQs with 100% verified correct options and conceptual rationales.
4. **Textbook Exercise Solutions & Solved Numericals:** Complete, step-by-step solutions to all textbook review questions, exercises, and numerical problems with standard formulas and units.

#### 🏛️ Applicable for All Intermediate Boards across Pakistan:
- **Punjab Boards:** Lahore, Rawalpindi, Gujranwala, Faisalabad, Multan, Sargodha, Sahiwal, Bahawalpur, and DG Khan Board.
- **Federal Board (FBISE):** Islamabad Model Colleges, Army Public Schools & Overseas Examination Centers.
- **KPK, Sindh & Balochistan Boards:** Fully compliant with Single National Curriculum SLO-based assessments.

#### 💡 Expert 1st Year Board Exam Tips:
- High priority given to SLO-based (Student Learning Outcomes) conceptual questions.
- Review the past 5-year past paper repeated questions highlighted in this chapter.
- Practice neat presentation with headings, bullet points, and boxed numerical answers for scoring maximum marks."
Physics Class 11 - Unit 03 Exercise Numericals (New),Physics,11,PCTB (Punjab Curriculum & Textbook Board),CHAPTER_WISE,1,Solved Numericals,TaleemCity / PakParcha,https://drive.google.com/file/d/1Ivnd8j59E1DqLDja-IzxDh6weQVhv0wH/preview,"### Comprehensive 1st Year / Class 11 Physics (Chapter 1) Notes & Solutions (HSSC-I)

Get the best 1st Year (Class 11 / HSSC Part 1) Physics notes for **Physics Class 11 - Unit 03 Exercise Numericals (New)**. These high-yield study materials are designed strictly according to the latest National Curriculum 2025–2026, Punjab Curriculum & Textbook Board (PCTB), and Federal Board (FBISE) syllabus standards.

#### 📌 What's Included in this 11th Class Physics Guide:
1. **Topic-wise Short Questions & Conceptual Answers:** Comprehensive answers with high-scoring keywords, scientific terminology, and clear definitions.
2. **Solved Long Questions & Detailed Derivations:** Step-by-step explanations, labeled diagrams, mathematical derivations, and board-standard structured headings.
3. **Multiple Choice Questions (Solved MCQs):** High-frequency exam MCQs with 100% verified correct options and conceptual rationales.
4. **Textbook Exercise Solutions & Solved Numericals:** Complete, step-by-step solutions to all textbook review questions, exercises, and numerical problems with standard formulas and units.

#### 🏛️ Applicable for All Intermediate Boards across Pakistan:
- **Punjab Boards:** Lahore, Rawalpindi, Gujranwala, Faisalabad, Multan, Sargodha, Sahiwal, Bahawalpur, and DG Khan Board.
- **Federal Board (FBISE):** Islamabad Model Colleges, Army Public Schools & Overseas Examination Centers.
- **KPK, Sindh & Balochistan Boards:** Fully compliant with Single National Curriculum SLO-based assessments.

#### 💡 Expert 1st Year Board Exam Tips:
- High priority given to SLO-based (Student Learning Outcomes) conceptual questions.
- Review the past 5-year past paper repeated questions highlighted in this chapter.
- Practice neat presentation with headings, bullet points, and boxed numerical answers for scoring maximum marks."
Physics Class 11 - Unit 03 Long Questions (New),Physics,11,PCTB (Punjab Curriculum & Textbook Board),CHAPTER_WISE,1,Long Questions,TaleemCity / PakParcha,https://drive.google.com/file/d/1mfQF_zsXov8v6q7FE5KI_ycHlG5xe4fH/preview,"### Comprehensive 1st Year / Class 11 Physics (Chapter 1) Notes & Solutions (HSSC-I)

Get the best 1st Year (Class 11 / HSSC Part 1) Physics notes for **Physics Class 11 - Unit 03 Long Questions (New)**. These high-yield study materials are designed strictly according to the latest National Curriculum 2025–2026, Punjab Curriculum & Textbook Board (PCTB), and Federal Board (FBISE) syllabus standards.

#### 📌 What's Included in this 11th Class Physics Guide:
1. **Topic-wise Short Questions & Conceptual Answers:** Comprehensive answers with high-scoring keywords, scientific terminology, and clear definitions.
2. **Solved Long Questions & Detailed Derivations:** Step-by-step explanations, labeled diagrams, mathematical derivations, and board-standard structured headings.
3. **Multiple Choice Questions (Solved MCQs):** High-frequency exam MCQs with 100% verified correct options and conceptual rationales.
4. **Textbook Exercise Solutions & Solved Numericals:** Complete, step-by-step solutions to all textbook review questions, exercises, and numerical problems with standard formulas and units.

#### 🏛️ Applicable for All Intermediate Boards across Pakistan:
- **Punjab Boards:** Lahore, Rawalpindi, Gujranwala, Faisalabad, Multan, Sargodha, Sahiwal, Bahawalpur, and DG Khan Board.
- **Federal Board (FBISE):** Islamabad Model Colleges, Army Public Schools & Overseas Examination Centers.
- **KPK, Sindh & Balochistan Boards:** Fully compliant with Single National Curriculum SLO-based assessments.

#### 💡 Expert 1st Year Board Exam Tips:
- High priority given to SLO-based (Student Learning Outcomes) conceptual questions.
- Review the past 5-year past paper repeated questions highlighted in this chapter.
- Practice neat presentation with headings, bullet points, and boxed numerical answers for scoring maximum marks."
Physics Class 11 - Unit 03 MCQ-s (New),Physics,11,PCTB (Punjab Curriculum & Textbook Board),CHAPTER_WISE,1,Solved MCQs,TaleemCity / PakParcha,https://drive.google.com/file/d/1zD3Brv9zzidCauEzRBTDQFKCYN0twSE_/preview,"### Comprehensive 1st Year / Class 11 Physics (Chapter 1) Notes & Solutions (HSSC-I)

Get the best 1st Year (Class 11 / HSSC Part 1) Physics notes for **Physics Class 11 - Unit 03 MCQ-s (New)**. These high-yield study materials are designed strictly according to the latest National Curriculum 2025–2026, Punjab Curriculum & Textbook Board (PCTB), and Federal Board (FBISE) syllabus standards.

#### 📌 What's Included in this 11th Class Physics Guide:
1. **Topic-wise Short Questions & Conceptual Answers:** Comprehensive answers with high-scoring keywords, scientific terminology, and clear definitions.
2. **Solved Long Questions & Detailed Derivations:** Step-by-step explanations, labeled diagrams, mathematical derivations, and board-standard structured headings.
3. **Multiple Choice Questions (Solved MCQs):** High-frequency exam MCQs with 100% verified correct options and conceptual rationales.
4. **Textbook Exercise Solutions & Solved Numericals:** Complete, step-by-step solutions to all textbook review questions, exercises, and numerical problems with standard formulas and units.

#### 🏛️ Applicable for All Intermediate Boards across Pakistan:
- **Punjab Boards:** Lahore, Rawalpindi, Gujranwala, Faisalabad, Multan, Sargodha, Sahiwal, Bahawalpur, and DG Khan Board.
- **Federal Board (FBISE):** Islamabad Model Colleges, Army Public Schools & Overseas Examination Centers.
- **KPK, Sindh & Balochistan Boards:** Fully compliant with Single National Curriculum SLO-based assessments.

#### 💡 Expert 1st Year Board Exam Tips:
- High priority given to SLO-based (Student Learning Outcomes) conceptual questions.
- Review the past 5-year past paper repeated questions highlighted in this chapter.
- Practice neat presentation with headings, bullet points, and boxed numerical answers for scoring maximum marks."
Physics Class 11 - Unit 03 Short Questions (New),Physics,11,PCTB (Punjab Curriculum & Textbook Board),CHAPTER_WISE,1,Short Questions,TaleemCity / PakParcha,https://drive.google.com/file/d/1Q0Dtu_roqIoPnlVfuxKrOjpRe6r0V8wK/preview,"### Comprehensive 1st Year / Class 11 Physics (Chapter 1) Notes & Solutions (HSSC-I)

Get the best 1st Year (Class 11 / HSSC Part 1) Physics notes for **Physics Class 11 - Unit 03 Short Questions (New)**. These high-yield study materials are designed strictly according to the latest National Curriculum 2025–2026, Punjab Curriculum & Textbook Board (PCTB), and Federal Board (FBISE) syllabus standards.

#### 📌 What's Included in this 11th Class Physics Guide:
1. **Topic-wise Short Questions & Conceptual Answers:** Comprehensive answers with high-scoring keywords, scientific terminology, and clear definitions.
2. **Solved Long Questions & Detailed Derivations:** Step-by-step explanations, labeled diagrams, mathematical derivations, and board-standard structured headings.
3. **Multiple Choice Questions (Solved MCQs):** High-frequency exam MCQs with 100% verified correct options and conceptual rationales.
4. **Textbook Exercise Solutions & Solved Numericals:** Complete, step-by-step solutions to all textbook review questions, exercises, and numerical problems with standard formulas and units.

#### 🏛️ Applicable for All Intermediate Boards across Pakistan:
- **Punjab Boards:** Lahore, Rawalpindi, Gujranwala, Faisalabad, Multan, Sargodha, Sahiwal, Bahawalpur, and DG Khan Board.
- **Federal Board (FBISE):** Islamabad Model Colleges, Army Public Schools & Overseas Examination Centers.
- **KPK, Sindh & Balochistan Boards:** Fully compliant with Single National Curriculum SLO-based assessments.

#### 💡 Expert 1st Year Board Exam Tips:
- High priority given to SLO-based (Student Learning Outcomes) conceptual questions.
- Review the past 5-year past paper repeated questions highlighted in this chapter.
- Practice neat presentation with headings, bullet points, and boxed numerical answers for scoring maximum marks."
Physics Class 11 - Unit 04 Exercise Numericals (New),Physics,11,PCTB (Punjab Curriculum & Textbook Board),CHAPTER_WISE,1,Solved Numericals,TaleemCity / PakParcha,https://drive.google.com/file/d/125Nb8BPni92-fcTweYog9N7T-4uZXR7A/preview,"### Comprehensive 1st Year / Class 11 Physics (Chapter 1) Notes & Solutions (HSSC-I)

Get the best 1st Year (Class 11 / HSSC Part 1) Physics notes for **Physics Class 11 - Unit 04 Exercise Numericals (New)**. These high-yield study materials are designed strictly according to the latest National Curriculum 2025–2026, Punjab Curriculum & Textbook Board (PCTB), and Federal Board (FBISE) syllabus standards.

#### 📌 What's Included in this 11th Class Physics Guide:
1. **Topic-wise Short Questions & Conceptual Answers:** Comprehensive answers with high-scoring keywords, scientific terminology, and clear definitions.
2. **Solved Long Questions & Detailed Derivations:** Step-by-step explanations, labeled diagrams, mathematical derivations, and board-standard structured headings.
3. **Multiple Choice Questions (Solved MCQs):** High-frequency exam MCQs with 100% verified correct options and conceptual rationales.
4. **Textbook Exercise Solutions & Solved Numericals:** Complete, step-by-step solutions to all textbook review questions, exercises, and numerical problems with standard formulas and units.

#### 🏛️ Applicable for All Intermediate Boards across Pakistan:
- **Punjab Boards:** Lahore, Rawalpindi, Gujranwala, Faisalabad, Multan, Sargodha, Sahiwal, Bahawalpur, and DG Khan Board.
- **Federal Board (FBISE):** Islamabad Model Colleges, Army Public Schools & Overseas Examination Centers.
- **KPK, Sindh & Balochistan Boards:** Fully compliant with Single National Curriculum SLO-based assessments.

#### 💡 Expert 1st Year Board Exam Tips:
- High priority given to SLO-based (Student Learning Outcomes) conceptual questions.
- Review the past 5-year past paper repeated questions highlighted in this chapter.
- Practice neat presentation with headings, bullet points, and boxed numerical answers for scoring maximum marks."
Physics Class 11 - Unit 04 Long Questions (New),Physics,11,PCTB (Punjab Curriculum & Textbook Board),CHAPTER_WISE,1,Long Questions,TaleemCity / PakParcha,https://drive.google.com/file/d/1loAAmNEeu9t2YThFsAAC3uOtEj42RTLC/preview,"### Comprehensive 1st Year / Class 11 Physics (Chapter 1) Notes & Solutions (HSSC-I)

Get the best 1st Year (Class 11 / HSSC Part 1) Physics notes for **Physics Class 11 - Unit 04 Long Questions (New)**. These high-yield study materials are designed strictly according to the latest National Curriculum 2025–2026, Punjab Curriculum & Textbook Board (PCTB), and Federal Board (FBISE) syllabus standards.

#### 📌 What's Included in this 11th Class Physics Guide:
1. **Topic-wise Short Questions & Conceptual Answers:** Comprehensive answers with high-scoring keywords, scientific terminology, and clear definitions.
2. **Solved Long Questions & Detailed Derivations:** Step-by-step explanations, labeled diagrams, mathematical derivations, and board-standard structured headings.
3. **Multiple Choice Questions (Solved MCQs):** High-frequency exam MCQs with 100% verified correct options and conceptual rationales.
4. **Textbook Exercise Solutions & Solved Numericals:** Complete, step-by-step solutions to all textbook review questions, exercises, and numerical problems with standard formulas and units.

#### 🏛️ Applicable for All Intermediate Boards across Pakistan:
- **Punjab Boards:** Lahore, Rawalpindi, Gujranwala, Faisalabad, Multan, Sargodha, Sahiwal, Bahawalpur, and DG Khan Board.
- **Federal Board (FBISE):** Islamabad Model Colleges, Army Public Schools & Overseas Examination Centers.
- **KPK, Sindh & Balochistan Boards:** Fully compliant with Single National Curriculum SLO-based assessments.

#### 💡 Expert 1st Year Board Exam Tips:
- High priority given to SLO-based (Student Learning Outcomes) conceptual questions.
- Review the past 5-year past paper repeated questions highlighted in this chapter.
- Practice neat presentation with headings, bullet points, and boxed numerical answers for scoring maximum marks."
Physics Class 11 - Unit 04 MCQ-s (New),Physics,11,PCTB (Punjab Curriculum & Textbook Board),CHAPTER_WISE,1,Solved MCQs,TaleemCity / PakParcha,https://drive.google.com/file/d/1rUzx1K2wKDzL7NSumLBb3egE-J7zDB4k/preview,"### Comprehensive 1st Year / Class 11 Physics (Chapter 1) Notes & Solutions (HSSC-I)

Get the best 1st Year (Class 11 / HSSC Part 1) Physics notes for **Physics Class 11 - Unit 04 MCQ-s (New)**. These high-yield study materials are designed strictly according to the latest National Curriculum 2025–2026, Punjab Curriculum & Textbook Board (PCTB), and Federal Board (FBISE) syllabus standards.

#### 📌 What's Included in this 11th Class Physics Guide:
1. **Topic-wise Short Questions & Conceptual Answers:** Comprehensive answers with high-scoring keywords, scientific terminology, and clear definitions.
2. **Solved Long Questions & Detailed Derivations:** Step-by-step explanations, labeled diagrams, mathematical derivations, and board-standard structured headings.
3. **Multiple Choice Questions (Solved MCQs):** High-frequency exam MCQs with 100% verified correct options and conceptual rationales.
4. **Textbook Exercise Solutions & Solved Numericals:** Complete, step-by-step solutions to all textbook review questions, exercises, and numerical problems with standard formulas and units.

#### 🏛️ Applicable for All Intermediate Boards across Pakistan:
- **Punjab Boards:** Lahore, Rawalpindi, Gujranwala, Faisalabad, Multan, Sargodha, Sahiwal, Bahawalpur, and DG Khan Board.
- **Federal Board (FBISE):** Islamabad Model Colleges, Army Public Schools & Overseas Examination Centers.
- **KPK, Sindh & Balochistan Boards:** Fully compliant with Single National Curriculum SLO-based assessments.

#### 💡 Expert 1st Year Board Exam Tips:
- High priority given to SLO-based (Student Learning Outcomes) conceptual questions.
- Review the past 5-year past paper repeated questions highlighted in this chapter.
- Practice neat presentation with headings, bullet points, and boxed numerical answers for scoring maximum marks."
Physics Class 11 - Unit 04 Short Questions (New),Physics,11,PCTB (Punjab Curriculum & Textbook Board),CHAPTER_WISE,1,Short Questions,TaleemCity / PakParcha,https://drive.google.com/file/d/1tRCrNIp5OJ2wnSaIBnrMCPjftlLUIsFg/preview,"### Comprehensive 1st Year / Class 11 Physics (Chapter 1) Notes & Solutions (HSSC-I)

Get the best 1st Year (Class 11 / HSSC Part 1) Physics notes for **Physics Class 11 - Unit 04 Short Questions (New)**. These high-yield study materials are designed strictly according to the latest National Curriculum 2025–2026, Punjab Curriculum & Textbook Board (PCTB), and Federal Board (FBISE) syllabus standards.

#### 📌 What's Included in this 11th Class Physics Guide:
1. **Topic-wise Short Questions & Conceptual Answers:** Comprehensive answers with high-scoring keywords, scientific terminology, and clear definitions.
2. **Solved Long Questions & Detailed Derivations:** Step-by-step explanations, labeled diagrams, mathematical derivations, and board-standard structured headings.
3. **Multiple Choice Questions (Solved MCQs):** High-frequency exam MCQs with 100% verified correct options and conceptual rationales.
4. **Textbook Exercise Solutions & Solved Numericals:** Complete, step-by-step solutions to all textbook review questions, exercises, and numerical problems with standard formulas and units.

#### 🏛️ Applicable for All Intermediate Boards across Pakistan:
- **Punjab Boards:** Lahore, Rawalpindi, Gujranwala, Faisalabad, Multan, Sargodha, Sahiwal, Bahawalpur, and DG Khan Board.
- **Federal Board (FBISE):** Islamabad Model Colleges, Army Public Schools & Overseas Examination Centers.
- **KPK, Sindh & Balochistan Boards:** Fully compliant with Single National Curriculum SLO-based assessments.

#### 💡 Expert 1st Year Board Exam Tips:
- High priority given to SLO-based (Student Learning Outcomes) conceptual questions.
- Review the past 5-year past paper repeated questions highlighted in this chapter.
- Practice neat presentation with headings, bullet points, and boxed numerical answers for scoring maximum marks."
Physics Class 11 - Unit 05 Exercise Numericals (New),Physics,11,PCTB (Punjab Curriculum & Textbook Board),CHAPTER_WISE,1,Solved Numericals,TaleemCity / PakParcha,https://drive.google.com/file/d/1O5z3ijGKPXMYdAaHNXBIYQysyLwhTTVg/preview,"### Comprehensive 1st Year / Class 11 Physics (Chapter 1) Notes & Solutions (HSSC-I)

Get the best 1st Year (Class 11 / HSSC Part 1) Physics notes for **Physics Class 11 - Unit 05 Exercise Numericals (New)**. These high-yield study materials are designed strictly according to the latest National Curriculum 2025–2026, Punjab Curriculum & Textbook Board (PCTB), and Federal Board (FBISE) syllabus standards.

#### 📌 What's Included in this 11th Class Physics Guide:
1. **Topic-wise Short Questions & Conceptual Answers:** Comprehensive answers with high-scoring keywords, scientific terminology, and clear definitions.
2. **Solved Long Questions & Detailed Derivations:** Step-by-step explanations, labeled diagrams, mathematical derivations, and board-standard structured headings.
3. **Multiple Choice Questions (Solved MCQs):** High-frequency exam MCQs with 100% verified correct options and conceptual rationales.
4. **Textbook Exercise Solutions & Solved Numericals:** Complete, step-by-step solutions to all textbook review questions, exercises, and numerical problems with standard formulas and units.

#### 🏛️ Applicable for All Intermediate Boards across Pakistan:
- **Punjab Boards:** Lahore, Rawalpindi, Gujranwala, Faisalabad, Multan, Sargodha, Sahiwal, Bahawalpur, and DG Khan Board.
- **Federal Board (FBISE):** Islamabad Model Colleges, Army Public Schools & Overseas Examination Centers.
- **KPK, Sindh & Balochistan Boards:** Fully compliant with Single National Curriculum SLO-based assessments.

#### 💡 Expert 1st Year Board Exam Tips:
- High priority given to SLO-based (Student Learning Outcomes) conceptual questions.
- Review the past 5-year past paper repeated questions highlighted in this chapter.
- Practice neat presentation with headings, bullet points, and boxed numerical answers for scoring maximum marks."
Physics Class 11 - Unit 05 Long Questions (New),Physics,11,PCTB (Punjab Curriculum & Textbook Board),CHAPTER_WISE,1,Long Questions,TaleemCity / PakParcha,https://drive.google.com/file/d/19VBoA7Ar2N6oUOweLn5etqkX7oBwyp-2/preview,"### Comprehensive 1st Year / Class 11 Physics (Chapter 1) Notes & Solutions (HSSC-I)

Get the best 1st Year (Class 11 / HSSC Part 1) Physics notes for **Physics Class 11 - Unit 05 Long Questions (New)**. These high-yield study materials are designed strictly according to the latest National Curriculum 2025–2026, Punjab Curriculum & Textbook Board (PCTB), and Federal Board (FBISE) syllabus standards.

#### 📌 What's Included in this 11th Class Physics Guide:
1. **Topic-wise Short Questions & Conceptual Answers:** Comprehensive answers with high-scoring keywords, scientific terminology, and clear definitions.
2. **Solved Long Questions & Detailed Derivations:** Step-by-step explanations, labeled diagrams, mathematical derivations, and board-standard structured headings.
3. **Multiple Choice Questions (Solved MCQs):** High-frequency exam MCQs with 100% verified correct options and conceptual rationales.
4. **Textbook Exercise Solutions & Solved Numericals:** Complete, step-by-step solutions to all textbook review questions, exercises, and numerical problems with standard formulas and units.

#### 🏛️ Applicable for All Intermediate Boards across Pakistan:
- **Punjab Boards:** Lahore, Rawalpindi, Gujranwala, Faisalabad, Multan, Sargodha, Sahiwal, Bahawalpur, and DG Khan Board.
- **Federal Board (FBISE):** Islamabad Model Colleges, Army Public Schools & Overseas Examination Centers.
- **KPK, Sindh & Balochistan Boards:** Fully compliant with Single National Curriculum SLO-based assessments.

#### 💡 Expert 1st Year Board Exam Tips:
- High priority given to SLO-based (Student Learning Outcomes) conceptual questions.
- Review the past 5-year past paper repeated questions highlighted in this chapter.
- Practice neat presentation with headings, bullet points, and boxed numerical answers for scoring maximum marks."
Physics Class 11 - Unit 05 MCQ-s (New),Physics,11,PCTB (Punjab Curriculum & Textbook Board),CHAPTER_WISE,1,Solved MCQs,TaleemCity / PakParcha,https://drive.google.com/file/d/18C086tgqdQMNr-BdLfas6chxWfDYVe21/preview,"### Comprehensive 1st Year / Class 11 Physics (Chapter 1) Notes & Solutions (HSSC-I)

Get the best 1st Year (Class 11 / HSSC Part 1) Physics notes for **Physics Class 11 - Unit 05 MCQ-s (New)**. These high-yield study materials are designed strictly according to the latest National Curriculum 2025–2026, Punjab Curriculum & Textbook Board (PCTB), and Federal Board (FBISE) syllabus standards.

#### 📌 What's Included in this 11th Class Physics Guide:
1. **Topic-wise Short Questions & Conceptual Answers:** Comprehensive answers with high-scoring keywords, scientific terminology, and clear definitions.
2. **Solved Long Questions & Detailed Derivations:** Step-by-step explanations, labeled diagrams, mathematical derivations, and board-standard structured headings.
3. **Multiple Choice Questions (Solved MCQs):** High-frequency exam MCQs with 100% verified correct options and conceptual rationales.
4. **Textbook Exercise Solutions & Solved Numericals:** Complete, step-by-step solutions to all textbook review questions, exercises, and numerical problems with standard formulas and units.

#### 🏛️ Applicable for All Intermediate Boards across Pakistan:
- **Punjab Boards:** Lahore, Rawalpindi, Gujranwala, Faisalabad, Multan, Sargodha, Sahiwal, Bahawalpur, and DG Khan Board.
- **Federal Board (FBISE):** Islamabad Model Colleges, Army Public Schools & Overseas Examination Centers.
- **KPK, Sindh & Balochistan Boards:** Fully compliant with Single National Curriculum SLO-based assessments.

#### 💡 Expert 1st Year Board Exam Tips:
- High priority given to SLO-based (Student Learning Outcomes) conceptual questions.
- Review the past 5-year past paper repeated questions highlighted in this chapter.
- Practice neat presentation with headings, bullet points, and boxed numerical answers for scoring maximum marks."
Physics Class 11 - Unit 05 Short Questions (New),Physics,11,PCTB (Punjab Curriculum & Textbook Board),CHAPTER_WISE,1,Short Questions,TaleemCity / PakParcha,https://drive.google.com/file/d/12XlgNp_azi_KQdWcce3SNeoJrxekDfJ7/preview,"### Comprehensive 1st Year / Class 11 Physics (Chapter 1) Notes & Solutions (HSSC-I)

Get the best 1st Year (Class 11 / HSSC Part 1) Physics notes for **Physics Class 11 - Unit 05 Short Questions (New)**. These high-yield study materials are designed strictly according to the latest National Curriculum 2025–2026, Punjab Curriculum & Textbook Board (PCTB), and Federal Board (FBISE) syllabus standards.

#### 📌 What's Included in this 11th Class Physics Guide:
1. **Topic-wise Short Questions & Conceptual Answers:** Comprehensive answers with high-scoring keywords, scientific terminology, and clear definitions.
2. **Solved Long Questions & Detailed Derivations:** Step-by-step explanations, labeled diagrams, mathematical derivations, and board-standard structured headings.
3. **Multiple Choice Questions (Solved MCQs):** High-frequency exam MCQs with 100% verified correct options and conceptual rationales.
4. **Textbook Exercise Solutions & Solved Numericals:** Complete, step-by-step solutions to all textbook review questions, exercises, and numerical problems with standard formulas and units.

#### 🏛️ Applicable for All Intermediate Boards across Pakistan:
- **Punjab Boards:** Lahore, Rawalpindi, Gujranwala, Faisalabad, Multan, Sargodha, Sahiwal, Bahawalpur, and DG Khan Board.
- **Federal Board (FBISE):** Islamabad Model Colleges, Army Public Schools & Overseas Examination Centers.
- **KPK, Sindh & Balochistan Boards:** Fully compliant with Single National Curriculum SLO-based assessments.

#### 💡 Expert 1st Year Board Exam Tips:
- High priority given to SLO-based (Student Learning Outcomes) conceptual questions.
- Review the past 5-year past paper repeated questions highlighted in this chapter.
- Practice neat presentation with headings, bullet points, and boxed numerical answers for scoring maximum marks."
Physics Class 11 - Unit 06 Exercise Numericals (New),Physics,11,PCTB (Punjab Curriculum & Textbook Board),CHAPTER_WISE,1,Solved Numericals,TaleemCity / PakParcha,https://drive.google.com/file/d/19MwPBG14FNtd2iPeR-a38vl9BW3dq52Y/preview,"### Comprehensive 1st Year / Class 11 Physics (Chapter 1) Notes & Solutions (HSSC-I)

Get the best 1st Year (Class 11 / HSSC Part 1) Physics notes for **Physics Class 11 - Unit 06 Exercise Numericals (New)**. These high-yield study materials are designed strictly according to the latest National Curriculum 2025–2026, Punjab Curriculum & Textbook Board (PCTB), and Federal Board (FBISE) syllabus standards.

#### 📌 What's Included in this 11th Class Physics Guide:
1. **Topic-wise Short Questions & Conceptual Answers:** Comprehensive answers with high-scoring keywords, scientific terminology, and clear definitions.
2. **Solved Long Questions & Detailed Derivations:** Step-by-step explanations, labeled diagrams, mathematical derivations, and board-standard structured headings.
3. **Multiple Choice Questions (Solved MCQs):** High-frequency exam MCQs with 100% verified correct options and conceptual rationales.
4. **Textbook Exercise Solutions & Solved Numericals:** Complete, step-by-step solutions to all textbook review questions, exercises, and numerical problems with standard formulas and units.

#### 🏛️ Applicable for All Intermediate Boards across Pakistan:
- **Punjab Boards:** Lahore, Rawalpindi, Gujranwala, Faisalabad, Multan, Sargodha, Sahiwal, Bahawalpur, and DG Khan Board.
- **Federal Board (FBISE):** Islamabad Model Colleges, Army Public Schools & Overseas Examination Centers.
- **KPK, Sindh & Balochistan Boards:** Fully compliant with Single National Curriculum SLO-based assessments.

#### 💡 Expert 1st Year Board Exam Tips:
- High priority given to SLO-based (Student Learning Outcomes) conceptual questions.
- Review the past 5-year past paper repeated questions highlighted in this chapter.
- Practice neat presentation with headings, bullet points, and boxed numerical answers for scoring maximum marks."
Physics Class 11 - Unit 06 Long Questions (New),Physics,11,PCTB (Punjab Curriculum & Textbook Board),CHAPTER_WISE,1,Long Questions,TaleemCity / PakParcha,https://drive.google.com/file/d/1qXPBcFcjMPx8TPKFfbUiZuHb_mBa0qWs/preview,"### Comprehensive 1st Year / Class 11 Physics (Chapter 1) Notes & Solutions (HSSC-I)

Get the best 1st Year (Class 11 / HSSC Part 1) Physics notes for **Physics Class 11 - Unit 06 Long Questions (New)**. These high-yield study materials are designed strictly according to the latest National Curriculum 2025–2026, Punjab Curriculum & Textbook Board (PCTB), and Federal Board (FBISE) syllabus standards.

#### 📌 What's Included in this 11th Class Physics Guide:
1. **Topic-wise Short Questions & Conceptual Answers:** Comprehensive answers with high-scoring keywords, scientific terminology, and clear definitions.
2. **Solved Long Questions & Detailed Derivations:** Step-by-step explanations, labeled diagrams, mathematical derivations, and board-standard structured headings.
3. **Multiple Choice Questions (Solved MCQs):** High-frequency exam MCQs with 100% verified correct options and conceptual rationales.
4. **Textbook Exercise Solutions & Solved Numericals:** Complete, step-by-step solutions to all textbook review questions, exercises, and numerical problems with standard formulas and units.

#### 🏛️ Applicable for All Intermediate Boards across Pakistan:
- **Punjab Boards:** Lahore, Rawalpindi, Gujranwala, Faisalabad, Multan, Sargodha, Sahiwal, Bahawalpur, and DG Khan Board.
- **Federal Board (FBISE):** Islamabad Model Colleges, Army Public Schools & Overseas Examination Centers.
- **KPK, Sindh & Balochistan Boards:** Fully compliant with Single National Curriculum SLO-based assessments.

#### 💡 Expert 1st Year Board Exam Tips:
- High priority given to SLO-based (Student Learning Outcomes) conceptual questions.
- Review the past 5-year past paper repeated questions highlighted in this chapter.
- Practice neat presentation with headings, bullet points, and boxed numerical answers for scoring maximum marks."
Physics Class 11 - Unit 06 MCQ-s (New),Physics,11,PCTB (Punjab Curriculum & Textbook Board),CHAPTER_WISE,1,Solved MCQs,TaleemCity / PakParcha,https://drive.google.com/file/d/1u8mpmsoOKm5ecDLTdcLyxtoJ_slKrfWk/preview,"### Comprehensive 1st Year / Class 11 Physics (Chapter 1) Notes & Solutions (HSSC-I)

Get the best 1st Year (Class 11 / HSSC Part 1) Physics notes for **Physics Class 11 - Unit 06 MCQ-s (New)**. These high-yield study materials are designed strictly according to the latest National Curriculum 2025–2026, Punjab Curriculum & Textbook Board (PCTB), and Federal Board (FBISE) syllabus standards.

#### 📌 What's Included in this 11th Class Physics Guide:
1. **Topic-wise Short Questions & Conceptual Answers:** Comprehensive answers with high-scoring keywords, scientific terminology, and clear definitions.
2. **Solved Long Questions & Detailed Derivations:** Step-by-step explanations, labeled diagrams, mathematical derivations, and board-standard structured headings.
3. **Multiple Choice Questions (Solved MCQs):** High-frequency exam MCQs with 100% verified correct options and conceptual rationales.
4. **Textbook Exercise Solutions & Solved Numericals:** Complete, step-by-step solutions to all textbook review questions, exercises, and numerical problems with standard formulas and units.

#### 🏛️ Applicable for All Intermediate Boards across Pakistan:
- **Punjab Boards:** Lahore, Rawalpindi, Gujranwala, Faisalabad, Multan, Sargodha, Sahiwal, Bahawalpur, and DG Khan Board.
- **Federal Board (FBISE):** Islamabad Model Colleges, Army Public Schools & Overseas Examination Centers.
- **KPK, Sindh & Balochistan Boards:** Fully compliant with Single National Curriculum SLO-based assessments.

#### 💡 Expert 1st Year Board Exam Tips:
- High priority given to SLO-based (Student Learning Outcomes) conceptual questions.
- Review the past 5-year past paper repeated questions highlighted in this chapter.
- Practice neat presentation with headings, bullet points, and boxed numerical answers for scoring maximum marks."
Physics Class 11 - Unit 06 Short Questions (New),Physics,11,PCTB (Punjab Curriculum & Textbook Board),CHAPTER_WISE,1,Short Questions,TaleemCity / PakParcha,https://drive.google.com/file/d/1Q0W3Wod7XrIpzCEm8Psngj99w7KKUhqP/preview,"### Comprehensive 1st Year / Class 11 Physics (Chapter 1) Notes & Solutions (HSSC-I)

Get the best 1st Year (Class 11 / HSSC Part 1) Physics notes for **Physics Class 11 - Unit 06 Short Questions (New)**. These high-yield study materials are designed strictly according to the latest National Curriculum 2025–2026, Punjab Curriculum & Textbook Board (PCTB), and Federal Board (FBISE) syllabus standards.

#### 📌 What's Included in this 11th Class Physics Guide:
1. **Topic-wise Short Questions & Conceptual Answers:** Comprehensive answers with high-scoring keywords, scientific terminology, and clear definitions.
2. **Solved Long Questions & Detailed Derivations:** Step-by-step explanations, labeled diagrams, mathematical derivations, and board-standard structured headings.
3. **Multiple Choice Questions (Solved MCQs):** High-frequency exam MCQs with 100% verified correct options and conceptual rationales.
4. **Textbook Exercise Solutions & Solved Numericals:** Complete, step-by-step solutions to all textbook review questions, exercises, and numerical problems with standard formulas and units.

#### 🏛️ Applicable for All Intermediate Boards across Pakistan:
- **Punjab Boards:** Lahore, Rawalpindi, Gujranwala, Faisalabad, Multan, Sargodha, Sahiwal, Bahawalpur, and DG Khan Board.
- **Federal Board (FBISE):** Islamabad Model Colleges, Army Public Schools & Overseas Examination Centers.
- **KPK, Sindh & Balochistan Boards:** Fully compliant with Single National Curriculum SLO-based assessments.

#### 💡 Expert 1st Year Board Exam Tips:
- High priority given to SLO-based (Student Learning Outcomes) conceptual questions.
- Review the past 5-year past paper repeated questions highlighted in this chapter.
- Practice neat presentation with headings, bullet points, and boxed numerical answers for scoring maximum marks."
Physics Class 11 - Unit 07 Exercise Numericals (New),Physics,11,PCTB (Punjab Curriculum & Textbook Board),CHAPTER_WISE,1,Solved Numericals,TaleemCity / PakParcha,https://drive.google.com/file/d/1heyh9g3puZHizhSZrQdVSM1WMcTCdKrJ/preview,"### Comprehensive 1st Year / Class 11 Physics (Chapter 1) Notes & Solutions (HSSC-I)

Get the best 1st Year (Class 11 / HSSC Part 1) Physics notes for **Physics Class 11 - Unit 07 Exercise Numericals (New)**. These high-yield study materials are designed strictly according to the latest National Curriculum 2025–2026, Punjab Curriculum & Textbook Board (PCTB), and Federal Board (FBISE) syllabus standards.

#### 📌 What's Included in this 11th Class Physics Guide:
1. **Topic-wise Short Questions & Conceptual Answers:** Comprehensive answers with high-scoring keywords, scientific terminology, and clear definitions.
2. **Solved Long Questions & Detailed Derivations:** Step-by-step explanations, labeled diagrams, mathematical derivations, and board-standard structured headings.
3. **Multiple Choice Questions (Solved MCQs):** High-frequency exam MCQs with 100% verified correct options and conceptual rationales.
4. **Textbook Exercise Solutions & Solved Numericals:** Complete, step-by-step solutions to all textbook review questions, exercises, and numerical problems with standard formulas and units.

#### 🏛️ Applicable for All Intermediate Boards across Pakistan:
- **Punjab Boards:** Lahore, Rawalpindi, Gujranwala, Faisalabad, Multan, Sargodha, Sahiwal, Bahawalpur, and DG Khan Board.
- **Federal Board (FBISE):** Islamabad Model Colleges, Army Public Schools & Overseas Examination Centers.
- **KPK, Sindh & Balochistan Boards:** Fully compliant with Single National Curriculum SLO-based assessments.

#### 💡 Expert 1st Year Board Exam Tips:
- High priority given to SLO-based (Student Learning Outcomes) conceptual questions.
- Review the past 5-year past paper repeated questions highlighted in this chapter.
- Practice neat presentation with headings, bullet points, and boxed numerical answers for scoring maximum marks."
Physics Class 11 - Unit 07 Long Questions (New),Physics,11,PCTB (Punjab Curriculum & Textbook Board),CHAPTER_WISE,1,Long Questions,TaleemCity / PakParcha,https://drive.google.com/file/d/1VwybuFnGhisg7SXiA_ppPyBMKbOHxOwD/preview,"### Comprehensive 1st Year / Class 11 Physics (Chapter 1) Notes & Solutions (HSSC-I)

Get the best 1st Year (Class 11 / HSSC Part 1) Physics notes for **Physics Class 11 - Unit 07 Long Questions (New)**. These high-yield study materials are designed strictly according to the latest National Curriculum 2025–2026, Punjab Curriculum & Textbook Board (PCTB), and Federal Board (FBISE) syllabus standards.

#### 📌 What's Included in this 11th Class Physics Guide:
1. **Topic-wise Short Questions & Conceptual Answers:** Comprehensive answers with high-scoring keywords, scientific terminology, and clear definitions.
2. **Solved Long Questions & Detailed Derivations:** Step-by-step explanations, labeled diagrams, mathematical derivations, and board-standard structured headings.
3. **Multiple Choice Questions (Solved MCQs):** High-frequency exam MCQs with 100% verified correct options and conceptual rationales.
4. **Textbook Exercise Solutions & Solved Numericals:** Complete, step-by-step solutions to all textbook review questions, exercises, and numerical problems with standard formulas and units.

#### 🏛️ Applicable for All Intermediate Boards across Pakistan:
- **Punjab Boards:** Lahore, Rawalpindi, Gujranwala, Faisalabad, Multan, Sargodha, Sahiwal, Bahawalpur, and DG Khan Board.
- **Federal Board (FBISE):** Islamabad Model Colleges, Army Public Schools & Overseas Examination Centers.
- **KPK, Sindh & Balochistan Boards:** Fully compliant with Single National Curriculum SLO-based assessments.

#### 💡 Expert 1st Year Board Exam Tips:
- High priority given to SLO-based (Student Learning Outcomes) conceptual questions.
- Review the past 5-year past paper repeated questions highlighted in this chapter.
- Practice neat presentation with headings, bullet points, and boxed numerical answers for scoring maximum marks."
Physics Class 11 - Unit 07 MCQ-s (New),Physics,11,PCTB (Punjab Curriculum & Textbook Board),CHAPTER_WISE,1,Solved MCQs,TaleemCity / PakParcha,https://drive.google.com/file/d/1xK9xTB9Z8aZe_59MUMi8M56kB50pcIPi/preview,"### Comprehensive 1st Year / Class 11 Physics (Chapter 1) Notes & Solutions (HSSC-I)

Get the best 1st Year (Class 11 / HSSC Part 1) Physics notes for **Physics Class 11 - Unit 07 MCQ-s (New)**. These high-yield study materials are designed strictly according to the latest National Curriculum 2025–2026, Punjab Curriculum & Textbook Board (PCTB), and Federal Board (FBISE) syllabus standards.

#### 📌 What's Included in this 11th Class Physics Guide:
1. **Topic-wise Short Questions & Conceptual Answers:** Comprehensive answers with high-scoring keywords, scientific terminology, and clear definitions.
2. **Solved Long Questions & Detailed Derivations:** Step-by-step explanations, labeled diagrams, mathematical derivations, and board-standard structured headings.
3. **Multiple Choice Questions (Solved MCQs):** High-frequency exam MCQs with 100% verified correct options and conceptual rationales.
4. **Textbook Exercise Solutions & Solved Numericals:** Complete, step-by-step solutions to all textbook review questions, exercises, and numerical problems with standard formulas and units.

#### 🏛️ Applicable for All Intermediate Boards across Pakistan:
- **Punjab Boards:** Lahore, Rawalpindi, Gujranwala, Faisalabad, Multan, Sargodha, Sahiwal, Bahawalpur, and DG Khan Board.
- **Federal Board (FBISE):** Islamabad Model Colleges, Army Public Schools & Overseas Examination Centers.
- **KPK, Sindh & Balochistan Boards:** Fully compliant with Single National Curriculum SLO-based assessments.

#### 💡 Expert 1st Year Board Exam Tips:
- High priority given to SLO-based (Student Learning Outcomes) conceptual questions.
- Review the past 5-year past paper repeated questions highlighted in this chapter.
- Practice neat presentation with headings, bullet points, and boxed numerical answers for scoring maximum marks."
Physics Class 11 - Unit 07 Short Questions (New),Physics,11,PCTB (Punjab Curriculum & Textbook Board),CHAPTER_WISE,1,Short Questions,TaleemCity / PakParcha,https://drive.google.com/file/d/12SF_u_TyMUVW7xzmqIlZDYzMmaHO-dza/preview,"### Comprehensive 1st Year / Class 11 Physics (Chapter 1) Notes & Solutions (HSSC-I)

Get the best 1st Year (Class 11 / HSSC Part 1) Physics notes for **Physics Class 11 - Unit 07 Short Questions (New)**. These high-yield study materials are designed strictly according to the latest National Curriculum 2025–2026, Punjab Curriculum & Textbook Board (PCTB), and Federal Board (FBISE) syllabus standards.

#### 📌 What's Included in this 11th Class Physics Guide:
1. **Topic-wise Short Questions & Conceptual Answers:** Comprehensive answers with high-scoring keywords, scientific terminology, and clear definitions.
2. **Solved Long Questions & Detailed Derivations:** Step-by-step explanations, labeled diagrams, mathematical derivations, and board-standard structured headings.
3. **Multiple Choice Questions (Solved MCQs):** High-frequency exam MCQs with 100% verified correct options and conceptual rationales.
4. **Textbook Exercise Solutions & Solved Numericals:** Complete, step-by-step solutions to all textbook review questions, exercises, and numerical problems with standard formulas and units.

#### 🏛️ Applicable for All Intermediate Boards across Pakistan:
- **Punjab Boards:** Lahore, Rawalpindi, Gujranwala, Faisalabad, Multan, Sargodha, Sahiwal, Bahawalpur, and DG Khan Board.
- **Federal Board (FBISE):** Islamabad Model Colleges, Army Public Schools & Overseas Examination Centers.
- **KPK, Sindh & Balochistan Boards:** Fully compliant with Single National Curriculum SLO-based assessments.

#### 💡 Expert 1st Year Board Exam Tips:
- High priority given to SLO-based (Student Learning Outcomes) conceptual questions.
- Review the past 5-year past paper repeated questions highlighted in this chapter.
- Practice neat presentation with headings, bullet points, and boxed numerical answers for scoring maximum marks."
Physics Class 11 - Unit 08 Exercise Numericals (New),Physics,11,PCTB (Punjab Curriculum & Textbook Board),CHAPTER_WISE,1,Solved Numericals,TaleemCity / PakParcha,https://drive.google.com/file/d/16WvVMYdPVa-TDBrveeeF5RCdgvIgap_7/preview,"### Comprehensive 1st Year / Class 11 Physics (Chapter 1) Notes & Solutions (HSSC-I)

Get the best 1st Year (Class 11 / HSSC Part 1) Physics notes for **Physics Class 11 - Unit 08 Exercise Numericals (New)**. These high-yield study materials are designed strictly according to the latest National Curriculum 2025–2026, Punjab Curriculum & Textbook Board (PCTB), and Federal Board (FBISE) syllabus standards.

#### 📌 What's Included in this 11th Class Physics Guide:
1. **Topic-wise Short Questions & Conceptual Answers:** Comprehensive answers with high-scoring keywords, scientific terminology, and clear definitions.
2. **Solved Long Questions & Detailed Derivations:** Step-by-step explanations, labeled diagrams, mathematical derivations, and board-standard structured headings.
3. **Multiple Choice Questions (Solved MCQs):** High-frequency exam MCQs with 100% verified correct options and conceptual rationales.
4. **Textbook Exercise Solutions & Solved Numericals:** Complete, step-by-step solutions to all textbook review questions, exercises, and numerical problems with standard formulas and units.

#### 🏛️ Applicable for All Intermediate Boards across Pakistan:
- **Punjab Boards:** Lahore, Rawalpindi, Gujranwala, Faisalabad, Multan, Sargodha, Sahiwal, Bahawalpur, and DG Khan Board.
- **Federal Board (FBISE):** Islamabad Model Colleges, Army Public Schools & Overseas Examination Centers.
- **KPK, Sindh & Balochistan Boards:** Fully compliant with Single National Curriculum SLO-based assessments.

#### 💡 Expert 1st Year Board Exam Tips:
- High priority given to SLO-based (Student Learning Outcomes) conceptual questions.
- Review the past 5-year past paper repeated questions highlighted in this chapter.
- Practice neat presentation with headings, bullet points, and boxed numerical answers for scoring maximum marks."
Physics Class 11 - Unit 08 Long Questions (New),Physics,11,PCTB (Punjab Curriculum & Textbook Board),CHAPTER_WISE,1,Long Questions,TaleemCity / PakParcha,https://drive.google.com/file/d/1mCKPAUVh6gkDmqTxu61Z43CBS1gHlTP7/preview,"### Comprehensive 1st Year / Class 11 Physics (Chapter 1) Notes & Solutions (HSSC-I)

Get the best 1st Year (Class 11 / HSSC Part 1) Physics notes for **Physics Class 11 - Unit 08 Long Questions (New)**. These high-yield study materials are designed strictly according to the latest National Curriculum 2025–2026, Punjab Curriculum & Textbook Board (PCTB), and Federal Board (FBISE) syllabus standards.

#### 📌 What's Included in this 11th Class Physics Guide:
1. **Topic-wise Short Questions & Conceptual Answers:** Comprehensive answers with high-scoring keywords, scientific terminology, and clear definitions.
2. **Solved Long Questions & Detailed Derivations:** Step-by-step explanations, labeled diagrams, mathematical derivations, and board-standard structured headings.
3. **Multiple Choice Questions (Solved MCQs):** High-frequency exam MCQs with 100% verified correct options and conceptual rationales.
4. **Textbook Exercise Solutions & Solved Numericals:** Complete, step-by-step solutions to all textbook review questions, exercises, and numerical problems with standard formulas and units.

#### 🏛️ Applicable for All Intermediate Boards across Pakistan:
- **Punjab Boards:** Lahore, Rawalpindi, Gujranwala, Faisalabad, Multan, Sargodha, Sahiwal, Bahawalpur, and DG Khan Board.
- **Federal Board (FBISE):** Islamabad Model Colleges, Army Public Schools & Overseas Examination Centers.
- **KPK, Sindh & Balochistan Boards:** Fully compliant with Single National Curriculum SLO-based assessments.

#### 💡 Expert 1st Year Board Exam Tips:
- High priority given to SLO-based (Student Learning Outcomes) conceptual questions.
- Review the past 5-year past paper repeated questions highlighted in this chapter.
- Practice neat presentation with headings, bullet points, and boxed numerical answers for scoring maximum marks."
Physics Class 11 - Unit 08 MCQ-s (New),Physics,11,PCTB (Punjab Curriculum & Textbook Board),CHAPTER_WISE,1,Solved MCQs,TaleemCity / PakParcha,https://drive.google.com/file/d/1nmQ1pWMsudgkkFFcJFpGi7QJtzNyaH1E/preview,"### Comprehensive 1st Year / Class 11 Physics (Chapter 1) Notes & Solutions (HSSC-I)

Get the best 1st Year (Class 11 / HSSC Part 1) Physics notes for **Physics Class 11 - Unit 08 MCQ-s (New)**. These high-yield study materials are designed strictly according to the latest National Curriculum 2025–2026, Punjab Curriculum & Textbook Board (PCTB), and Federal Board (FBISE) syllabus standards.

#### 📌 What's Included in this 11th Class Physics Guide:
1. **Topic-wise Short Questions & Conceptual Answers:** Comprehensive answers with high-scoring keywords, scientific terminology, and clear definitions.
2. **Solved Long Questions & Detailed Derivations:** Step-by-step explanations, labeled diagrams, mathematical derivations, and board-standard structured headings.
3. **Multiple Choice Questions (Solved MCQs):** High-frequency exam MCQs with 100% verified correct options and conceptual rationales.
4. **Textbook Exercise Solutions & Solved Numericals:** Complete, step-by-step solutions to all textbook review questions, exercises, and numerical problems with standard formulas and units.

#### 🏛️ Applicable for All Intermediate Boards across Pakistan:
- **Punjab Boards:** Lahore, Rawalpindi, Gujranwala, Faisalabad, Multan, Sargodha, Sahiwal, Bahawalpur, and DG Khan Board.
- **Federal Board (FBISE):** Islamabad Model Colleges, Army Public Schools & Overseas Examination Centers.
- **KPK, Sindh & Balochistan Boards:** Fully compliant with Single National Curriculum SLO-based assessments.

#### 💡 Expert 1st Year Board Exam Tips:
- High priority given to SLO-based (Student Learning Outcomes) conceptual questions.
- Review the past 5-year past paper repeated questions highlighted in this chapter.
- Practice neat presentation with headings, bullet points, and boxed numerical answers for scoring maximum marks."
Physics Class 11 - Unit 08 Short Questions (New),Physics,11,PCTB (Punjab Curriculum & Textbook Board),CHAPTER_WISE,1,Short Questions,TaleemCity / PakParcha,https://drive.google.com/file/d/1glyJ-PjKSx877awZR__sngyTZ0gPYHAY/preview,"### Comprehensive 1st Year / Class 11 Physics (Chapter 1) Notes & Solutions (HSSC-I)

Get the best 1st Year (Class 11 / HSSC Part 1) Physics notes for **Physics Class 11 - Unit 08 Short Questions (New)**. These high-yield study materials are designed strictly according to the latest National Curriculum 2025–2026, Punjab Curriculum & Textbook Board (PCTB), and Federal Board (FBISE) syllabus standards.

#### 📌 What's Included in this 11th Class Physics Guide:
1. **Topic-wise Short Questions & Conceptual Answers:** Comprehensive answers with high-scoring keywords, scientific terminology, and clear definitions.
2. **Solved Long Questions & Detailed Derivations:** Step-by-step explanations, labeled diagrams, mathematical derivations, and board-standard structured headings.
3. **Multiple Choice Questions (Solved MCQs):** High-frequency exam MCQs with 100% verified correct options and conceptual rationales.
4. **Textbook Exercise Solutions & Solved Numericals:** Complete, step-by-step solutions to all textbook review questions, exercises, and numerical problems with standard formulas and units.

#### 🏛️ Applicable for All Intermediate Boards across Pakistan:
- **Punjab Boards:** Lahore, Rawalpindi, Gujranwala, Faisalabad, Multan, Sargodha, Sahiwal, Bahawalpur, and DG Khan Board.
- **Federal Board (FBISE):** Islamabad Model Colleges, Army Public Schools & Overseas Examination Centers.
- **KPK, Sindh & Balochistan Boards:** Fully compliant with Single National Curriculum SLO-based assessments.

#### 💡 Expert 1st Year Board Exam Tips:
- High priority given to SLO-based (Student Learning Outcomes) conceptual questions.
- Review the past 5-year past paper repeated questions highlighted in this chapter.
- Practice neat presentation with headings, bullet points, and boxed numerical answers for scoring maximum marks."
Physics Class 11 - Unit 09 Exercise Numericals (New),Physics,11,PCTB (Punjab Curriculum & Textbook Board),CHAPTER_WISE,1,Solved Numericals,TaleemCity / PakParcha,https://drive.google.com/file/d/1SAaz6fP7hAok-AmQuUWhhRh9ThtK9WE3/preview,"### Comprehensive 1st Year / Class 11 Physics (Chapter 1) Notes & Solutions (HSSC-I)

Get the best 1st Year (Class 11 / HSSC Part 1) Physics notes for **Physics Class 11 - Unit 09 Exercise Numericals (New)**. These high-yield study materials are designed strictly according to the latest National Curriculum 2025–2026, Punjab Curriculum & Textbook Board (PCTB), and Federal Board (FBISE) syllabus standards.

#### 📌 What's Included in this 11th Class Physics Guide:
1. **Topic-wise Short Questions & Conceptual Answers:** Comprehensive answers with high-scoring keywords, scientific terminology, and clear definitions.
2. **Solved Long Questions & Detailed Derivations:** Step-by-step explanations, labeled diagrams, mathematical derivations, and board-standard structured headings.
3. **Multiple Choice Questions (Solved MCQs):** High-frequency exam MCQs with 100% verified correct options and conceptual rationales.
4. **Textbook Exercise Solutions & Solved Numericals:** Complete, step-by-step solutions to all textbook review questions, exercises, and numerical problems with standard formulas and units.

#### 🏛️ Applicable for All Intermediate Boards across Pakistan:
- **Punjab Boards:** Lahore, Rawalpindi, Gujranwala, Faisalabad, Multan, Sargodha, Sahiwal, Bahawalpur, and DG Khan Board.
- **Federal Board (FBISE):** Islamabad Model Colleges, Army Public Schools & Overseas Examination Centers.
- **KPK, Sindh & Balochistan Boards:** Fully compliant with Single National Curriculum SLO-based assessments.

#### 💡 Expert 1st Year Board Exam Tips:
- High priority given to SLO-based (Student Learning Outcomes) conceptual questions.
- Review the past 5-year past paper repeated questions highlighted in this chapter.
- Practice neat presentation with headings, bullet points, and boxed numerical answers for scoring maximum marks."
Physics Class 11 - Unit 09 Long Questions (New),Physics,11,PCTB (Punjab Curriculum & Textbook Board),CHAPTER_WISE,1,Long Questions,TaleemCity / PakParcha,https://drive.google.com/file/d/1JIYqfeEkUra-8N_hGkHN1ZjERizbRRoI/preview,"### Comprehensive 1st Year / Class 11 Physics (Chapter 1) Notes & Solutions (HSSC-I)

Get the best 1st Year (Class 11 / HSSC Part 1) Physics notes for **Physics Class 11 - Unit 09 Long Questions (New)**. These high-yield study materials are designed strictly according to the latest National Curriculum 2025–2026, Punjab Curriculum & Textbook Board (PCTB), and Federal Board (FBISE) syllabus standards.

#### 📌 What's Included in this 11th Class Physics Guide:
1. **Topic-wise Short Questions & Conceptual Answers:** Comprehensive answers with high-scoring keywords, scientific terminology, and clear definitions.
2. **Solved Long Questions & Detailed Derivations:** Step-by-step explanations, labeled diagrams, mathematical derivations, and board-standard structured headings.
3. **Multiple Choice Questions (Solved MCQs):** High-frequency exam MCQs with 100% verified correct options and conceptual rationales.
4. **Textbook Exercise Solutions & Solved Numericals:** Complete, step-by-step solutions to all textbook review questions, exercises, and numerical problems with standard formulas and units.

#### 🏛️ Applicable for All Intermediate Boards across Pakistan:
- **Punjab Boards:** Lahore, Rawalpindi, Gujranwala, Faisalabad, Multan, Sargodha, Sahiwal, Bahawalpur, and DG Khan Board.
- **Federal Board (FBISE):** Islamabad Model Colleges, Army Public Schools & Overseas Examination Centers.
- **KPK, Sindh & Balochistan Boards:** Fully compliant with Single National Curriculum SLO-based assessments.

#### 💡 Expert 1st Year Board Exam Tips:
- High priority given to SLO-based (Student Learning Outcomes) conceptual questions.
- Review the past 5-year past paper repeated questions highlighted in this chapter.
- Practice neat presentation with headings, bullet points, and boxed numerical answers for scoring maximum marks."
Physics Class 11 - Unit 09 MCQ-s (New),Physics,11,PCTB (Punjab Curriculum & Textbook Board),CHAPTER_WISE,1,Solved MCQs,TaleemCity / PakParcha,https://drive.google.com/file/d/1D-5xHe4Yyv5OWVdKwufNrOqdEOrWDM_b/preview,"### Comprehensive 1st Year / Class 11 Physics (Chapter 1) Notes & Solutions (HSSC-I)

Get the best 1st Year (Class 11 / HSSC Part 1) Physics notes for **Physics Class 11 - Unit 09 MCQ-s (New)**. These high-yield study materials are designed strictly according to the latest National Curriculum 2025–2026, Punjab Curriculum & Textbook Board (PCTB), and Federal Board (FBISE) syllabus standards.

#### 📌 What's Included in this 11th Class Physics Guide:
1. **Topic-wise Short Questions & Conceptual Answers:** Comprehensive answers with high-scoring keywords, scientific terminology, and clear definitions.
2. **Solved Long Questions & Detailed Derivations:** Step-by-step explanations, labeled diagrams, mathematical derivations, and board-standard structured headings.
3. **Multiple Choice Questions (Solved MCQs):** High-frequency exam MCQs with 100% verified correct options and conceptual rationales.
4. **Textbook Exercise Solutions & Solved Numericals:** Complete, step-by-step solutions to all textbook review questions, exercises, and numerical problems with standard formulas and units.

#### 🏛️ Applicable for All Intermediate Boards across Pakistan:
- **Punjab Boards:** Lahore, Rawalpindi, Gujranwala, Faisalabad, Multan, Sargodha, Sahiwal, Bahawalpur, and DG Khan Board.
- **Federal Board (FBISE):** Islamabad Model Colleges, Army Public Schools & Overseas Examination Centers.
- **KPK, Sindh & Balochistan Boards:** Fully compliant with Single National Curriculum SLO-based assessments.

#### 💡 Expert 1st Year Board Exam Tips:
- High priority given to SLO-based (Student Learning Outcomes) conceptual questions.
- Review the past 5-year past paper repeated questions highlighted in this chapter.
- Practice neat presentation with headings, bullet points, and boxed numerical answers for scoring maximum marks."
Physics Class 11 - Unit 09 Short Questions (New),Physics,11,PCTB (Punjab Curriculum & Textbook Board),CHAPTER_WISE,1,Short Questions,TaleemCity / PakParcha,https://drive.google.com/file/d/1VPDyIpaqd_5fGSwI4_j2OXamXz7DuLSL/preview,"### Comprehensive 1st Year / Class 11 Physics (Chapter 1) Notes & Solutions (HSSC-I)

Get the best 1st Year (Class 11 / HSSC Part 1) Physics notes for **Physics Class 11 - Unit 09 Short Questions (New)**. These high-yield study materials are designed strictly according to the latest National Curriculum 2025–2026, Punjab Curriculum & Textbook Board (PCTB), and Federal Board (FBISE) syllabus standards.

#### 📌 What's Included in this 11th Class Physics Guide:
1. **Topic-wise Short Questions & Conceptual Answers:** Comprehensive answers with high-scoring keywords, scientific terminology, and clear definitions.
2. **Solved Long Questions & Detailed Derivations:** Step-by-step explanations, labeled diagrams, mathematical derivations, and board-standard structured headings.
3. **Multiple Choice Questions (Solved MCQs):** High-frequency exam MCQs with 100% verified correct options and conceptual rationales.
4. **Textbook Exercise Solutions & Solved Numericals:** Complete, step-by-step solutions to all textbook review questions, exercises, and numerical problems with standard formulas and units.

#### 🏛️ Applicable for All Intermediate Boards across Pakistan:
- **Punjab Boards:** Lahore, Rawalpindi, Gujranwala, Faisalabad, Multan, Sargodha, Sahiwal, Bahawalpur, and DG Khan Board.
- **Federal Board (FBISE):** Islamabad Model Colleges, Army Public Schools & Overseas Examination Centers.
- **KPK, Sindh & Balochistan Boards:** Fully compliant with Single National Curriculum SLO-based assessments.

#### 💡 Expert 1st Year Board Exam Tips:
- High priority given to SLO-based (Student Learning Outcomes) conceptual questions.
- Review the past 5-year past paper repeated questions highlighted in this chapter.
- Practice neat presentation with headings, bullet points, and boxed numerical answers for scoring maximum marks."
Physics Class 11 - Unit 10 Exercise Numericals (New),Physics,11,PCTB (Punjab Curriculum & Textbook Board),CHAPTER_WISE,1,Solved Numericals,TaleemCity / PakParcha,https://drive.google.com/file/d/13P0cvQPgAeEzCG3KsWYDMLH17LQwC6Zo/preview,"### Comprehensive 1st Year / Class 11 Physics (Chapter 1) Notes & Solutions (HSSC-I)

Get the best 1st Year (Class 11 / HSSC Part 1) Physics notes for **Physics Class 11 - Unit 10 Exercise Numericals (New)**. These high-yield study materials are designed strictly according to the latest National Curriculum 2025–2026, Punjab Curriculum & Textbook Board (PCTB), and Federal Board (FBISE) syllabus standards.

#### 📌 What's Included in this 11th Class Physics Guide:
1. **Topic-wise Short Questions & Conceptual Answers:** Comprehensive answers with high-scoring keywords, scientific terminology, and clear definitions.
2. **Solved Long Questions & Detailed Derivations:** Step-by-step explanations, labeled diagrams, mathematical derivations, and board-standard structured headings.
3. **Multiple Choice Questions (Solved MCQs):** High-frequency exam MCQs with 100% verified correct options and conceptual rationales.
4. **Textbook Exercise Solutions & Solved Numericals:** Complete, step-by-step solutions to all textbook review questions, exercises, and numerical problems with standard formulas and units.

#### 🏛️ Applicable for All Intermediate Boards across Pakistan:
- **Punjab Boards:** Lahore, Rawalpindi, Gujranwala, Faisalabad, Multan, Sargodha, Sahiwal, Bahawalpur, and DG Khan Board.
- **Federal Board (FBISE):** Islamabad Model Colleges, Army Public Schools & Overseas Examination Centers.
- **KPK, Sindh & Balochistan Boards:** Fully compliant with Single National Curriculum SLO-based assessments.

#### 💡 Expert 1st Year Board Exam Tips:
- High priority given to SLO-based (Student Learning Outcomes) conceptual questions.
- Review the past 5-year past paper repeated questions highlighted in this chapter.
- Practice neat presentation with headings, bullet points, and boxed numerical answers for scoring maximum marks."
Physics Class 11 - Unit 10 Long Questions (New),Physics,11,PCTB (Punjab Curriculum & Textbook Board),CHAPTER_WISE,1,Long Questions,TaleemCity / PakParcha,https://drive.google.com/file/d/1p8R7A_i8zmfgnCku1mzztqRtvYq37g2O/preview,"### Comprehensive 1st Year / Class 11 Physics (Chapter 1) Notes & Solutions (HSSC-I)

Get the best 1st Year (Class 11 / HSSC Part 1) Physics notes for **Physics Class 11 - Unit 10 Long Questions (New)**. These high-yield study materials are designed strictly according to the latest National Curriculum 2025–2026, Punjab Curriculum & Textbook Board (PCTB), and Federal Board (FBISE) syllabus standards.

#### 📌 What's Included in this 11th Class Physics Guide:
1. **Topic-wise Short Questions & Conceptual Answers:** Comprehensive answers with high-scoring keywords, scientific terminology, and clear definitions.
2. **Solved Long Questions & Detailed Derivations:** Step-by-step explanations, labeled diagrams, mathematical derivations, and board-standard structured headings.
3. **Multiple Choice Questions (Solved MCQs):** High-frequency exam MCQs with 100% verified correct options and conceptual rationales.
4. **Textbook Exercise Solutions & Solved Numericals:** Complete, step-by-step solutions to all textbook review questions, exercises, and numerical problems with standard formulas and units.

#### 🏛️ Applicable for All Intermediate Boards across Pakistan:
- **Punjab Boards:** Lahore, Rawalpindi, Gujranwala, Faisalabad, Multan, Sargodha, Sahiwal, Bahawalpur, and DG Khan Board.
- **Federal Board (FBISE):** Islamabad Model Colleges, Army Public Schools & Overseas Examination Centers.
- **KPK, Sindh & Balochistan Boards:** Fully compliant with Single National Curriculum SLO-based assessments.

#### 💡 Expert 1st Year Board Exam Tips:
- High priority given to SLO-based (Student Learning Outcomes) conceptual questions.
- Review the past 5-year past paper repeated questions highlighted in this chapter.
- Practice neat presentation with headings, bullet points, and boxed numerical answers for scoring maximum marks."
Physics Class 11 - Unit 10 MCQ-s (New),Physics,11,PCTB (Punjab Curriculum & Textbook Board),CHAPTER_WISE,1,Solved MCQs,TaleemCity / PakParcha,https://drive.google.com/file/d/1tCS_N9HOJEsa2HS3ymEialtDJAwcA0c2/preview,"### Comprehensive 1st Year / Class 11 Physics (Chapter 1) Notes & Solutions (HSSC-I)

Get the best 1st Year (Class 11 / HSSC Part 1) Physics notes for **Physics Class 11 - Unit 10 MCQ-s (New)**. These high-yield study materials are designed strictly according to the latest National Curriculum 2025–2026, Punjab Curriculum & Textbook Board (PCTB), and Federal Board (FBISE) syllabus standards.

#### 📌 What's Included in this 11th Class Physics Guide:
1. **Topic-wise Short Questions & Conceptual Answers:** Comprehensive answers with high-scoring keywords, scientific terminology, and clear definitions.
2. **Solved Long Questions & Detailed Derivations:** Step-by-step explanations, labeled diagrams, mathematical derivations, and board-standard structured headings.
3. **Multiple Choice Questions (Solved MCQs):** High-frequency exam MCQs with 100% verified correct options and conceptual rationales.
4. **Textbook Exercise Solutions & Solved Numericals:** Complete, step-by-step solutions to all textbook review questions, exercises, and numerical problems with standard formulas and units.

#### 🏛️ Applicable for All Intermediate Boards across Pakistan:
- **Punjab Boards:** Lahore, Rawalpindi, Gujranwala, Faisalabad, Multan, Sargodha, Sahiwal, Bahawalpur, and DG Khan Board.
- **Federal Board (FBISE):** Islamabad Model Colleges, Army Public Schools & Overseas Examination Centers.
- **KPK, Sindh & Balochistan Boards:** Fully compliant with Single National Curriculum SLO-based assessments.

#### 💡 Expert 1st Year Board Exam Tips:
- High priority given to SLO-based (Student Learning Outcomes) conceptual questions.
- Review the past 5-year past paper repeated questions highlighted in this chapter.
- Practice neat presentation with headings, bullet points, and boxed numerical answers for scoring maximum marks."
Physics Class 11 - Unit 10 Short Questions (New),Physics,11,PCTB (Punjab Curriculum & Textbook Board),CHAPTER_WISE,1,Short Questions,TaleemCity / PakParcha,https://drive.google.com/file/d/1JzGDA-T4wx2vmHIotX3BN_bu2WkkfqAX/preview,"### Comprehensive 1st Year / Class 11 Physics (Chapter 1) Notes & Solutions (HSSC-I)

Get the best 1st Year (Class 11 / HSSC Part 1) Physics notes for **Physics Class 11 - Unit 10 Short Questions (New)**. These high-yield study materials are designed strictly according to the latest National Curriculum 2025–2026, Punjab Curriculum & Textbook Board (PCTB), and Federal Board (FBISE) syllabus standards.

#### 📌 What's Included in this 11th Class Physics Guide:
1. **Topic-wise Short Questions & Conceptual Answers:** Comprehensive answers with high-scoring keywords, scientific terminology, and clear definitions.
2. **Solved Long Questions & Detailed Derivations:** Step-by-step explanations, labeled diagrams, mathematical derivations, and board-standard structured headings.
3. **Multiple Choice Questions (Solved MCQs):** High-frequency exam MCQs with 100% verified correct options and conceptual rationales.
4. **Textbook Exercise Solutions & Solved Numericals:** Complete, step-by-step solutions to all textbook review questions, exercises, and numerical problems with standard formulas and units.

#### 🏛️ Applicable for All Intermediate Boards across Pakistan:
- **Punjab Boards:** Lahore, Rawalpindi, Gujranwala, Faisalabad, Multan, Sargodha, Sahiwal, Bahawalpur, and DG Khan Board.
- **Federal Board (FBISE):** Islamabad Model Colleges, Army Public Schools & Overseas Examination Centers.
- **KPK, Sindh & Balochistan Boards:** Fully compliant with Single National Curriculum SLO-based assessments.

#### 💡 Expert 1st Year Board Exam Tips:
- High priority given to SLO-based (Student Learning Outcomes) conceptual questions.
- Review the past 5-year past paper repeated questions highlighted in this chapter.
- Practice neat presentation with headings, bullet points, and boxed numerical answers for scoring maximum marks."
Physics Class 11 - Unit 11 Exercise Numericals (New),Physics,11,PCTB (Punjab Curriculum & Textbook Board),CHAPTER_WISE,1,Solved Numericals,TaleemCity / PakParcha,https://drive.google.com/file/d/1D_buOEREnZ0IkqB3VIHtufjUD7npuYMx/preview,"### Comprehensive 1st Year / Class 11 Physics (Chapter 1) Notes & Solutions (HSSC-I)

Get the best 1st Year (Class 11 / HSSC Part 1) Physics notes for **Physics Class 11 - Unit 11 Exercise Numericals (New)**. These high-yield study materials are designed strictly according to the latest National Curriculum 2025–2026, Punjab Curriculum & Textbook Board (PCTB), and Federal Board (FBISE) syllabus standards.

#### 📌 What's Included in this 11th Class Physics Guide:
1. **Topic-wise Short Questions & Conceptual Answers:** Comprehensive answers with high-scoring keywords, scientific terminology, and clear definitions.
2. **Solved Long Questions & Detailed Derivations:** Step-by-step explanations, labeled diagrams, mathematical derivations, and board-standard structured headings.
3. **Multiple Choice Questions (Solved MCQs):** High-frequency exam MCQs with 100% verified correct options and conceptual rationales.
4. **Textbook Exercise Solutions & Solved Numericals:** Complete, step-by-step solutions to all textbook review questions, exercises, and numerical problems with standard formulas and units.

#### 🏛️ Applicable for All Intermediate Boards across Pakistan:
- **Punjab Boards:** Lahore, Rawalpindi, Gujranwala, Faisalabad, Multan, Sargodha, Sahiwal, Bahawalpur, and DG Khan Board.
- **Federal Board (FBISE):** Islamabad Model Colleges, Army Public Schools & Overseas Examination Centers.
- **KPK, Sindh & Balochistan Boards:** Fully compliant with Single National Curriculum SLO-based assessments.

#### 💡 Expert 1st Year Board Exam Tips:
- High priority given to SLO-based (Student Learning Outcomes) conceptual questions.
- Review the past 5-year past paper repeated questions highlighted in this chapter.
- Practice neat presentation with headings, bullet points, and boxed numerical answers for scoring maximum marks."
Physics Class 11 - Unit 11 Long Questions (New),Physics,11,PCTB (Punjab Curriculum & Textbook Board),CHAPTER_WISE,1,Long Questions,TaleemCity / PakParcha,https://drive.google.com/file/d/1ekAl3W3m-zDk9SSewX1YHU_N0dtB_TjB/preview,"### Comprehensive 1st Year / Class 11 Physics (Chapter 1) Notes & Solutions (HSSC-I)

Get the best 1st Year (Class 11 / HSSC Part 1) Physics notes for **Physics Class 11 - Unit 11 Long Questions (New)**. These high-yield study materials are designed strictly according to the latest National Curriculum 2025–2026, Punjab Curriculum & Textbook Board (PCTB), and Federal Board (FBISE) syllabus standards.

#### 📌 What's Included in this 11th Class Physics Guide:
1. **Topic-wise Short Questions & Conceptual Answers:** Comprehensive answers with high-scoring keywords, scientific terminology, and clear definitions.
2. **Solved Long Questions & Detailed Derivations:** Step-by-step explanations, labeled diagrams, mathematical derivations, and board-standard structured headings.
3. **Multiple Choice Questions (Solved MCQs):** High-frequency exam MCQs with 100% verified correct options and conceptual rationales.
4. **Textbook Exercise Solutions & Solved Numericals:** Complete, step-by-step solutions to all textbook review questions, exercises, and numerical problems with standard formulas and units.

#### 🏛️ Applicable for All Intermediate Boards across Pakistan:
- **Punjab Boards:** Lahore, Rawalpindi, Gujranwala, Faisalabad, Multan, Sargodha, Sahiwal, Bahawalpur, and DG Khan Board.
- **Federal Board (FBISE):** Islamabad Model Colleges, Army Public Schools & Overseas Examination Centers.
- **KPK, Sindh & Balochistan Boards:** Fully compliant with Single National Curriculum SLO-based assessments.

#### 💡 Expert 1st Year Board Exam Tips:
- High priority given to SLO-based (Student Learning Outcomes) conceptual questions.
- Review the past 5-year past paper repeated questions highlighted in this chapter.
- Practice neat presentation with headings, bullet points, and boxed numerical answers for scoring maximum marks."
Physics Class 11 - Unit 11 MCQ-s (New),Physics,11,PCTB (Punjab Curriculum & Textbook Board),CHAPTER_WISE,1,Solved MCQs,TaleemCity / PakParcha,https://drive.google.com/file/d/1nJtH6r7UMVklMO1x3VFWahZYJ8fP_Kct/preview,"### Comprehensive 1st Year / Class 11 Physics (Chapter 1) Notes & Solutions (HSSC-I)

Get the best 1st Year (Class 11 / HSSC Part 1) Physics notes for **Physics Class 11 - Unit 11 MCQ-s (New)**. These high-yield study materials are designed strictly according to the latest National Curriculum 2025–2026, Punjab Curriculum & Textbook Board (PCTB), and Federal Board (FBISE) syllabus standards.

#### 📌 What's Included in this 11th Class Physics Guide:
1. **Topic-wise Short Questions & Conceptual Answers:** Comprehensive answers with high-scoring keywords, scientific terminology, and clear definitions.
2. **Solved Long Questions & Detailed Derivations:** Step-by-step explanations, labeled diagrams, mathematical derivations, and board-standard structured headings.
3. **Multiple Choice Questions (Solved MCQs):** High-frequency exam MCQs with 100% verified correct options and conceptual rationales.
4. **Textbook Exercise Solutions & Solved Numericals:** Complete, step-by-step solutions to all textbook review questions, exercises, and numerical problems with standard formulas and units.

#### 🏛️ Applicable for All Intermediate Boards across Pakistan:
- **Punjab Boards:** Lahore, Rawalpindi, Gujranwala, Faisalabad, Multan, Sargodha, Sahiwal, Bahawalpur, and DG Khan Board.
- **Federal Board (FBISE):** Islamabad Model Colleges, Army Public Schools & Overseas Examination Centers.
- **KPK, Sindh & Balochistan Boards:** Fully compliant with Single National Curriculum SLO-based assessments.

#### 💡 Expert 1st Year Board Exam Tips:
- High priority given to SLO-based (Student Learning Outcomes) conceptual questions.
- Review the past 5-year past paper repeated questions highlighted in this chapter.
- Practice neat presentation with headings, bullet points, and boxed numerical answers for scoring maximum marks."
Physics Class 11 - Unit 11 Short Questions (New),Physics,11,PCTB (Punjab Curriculum & Textbook Board),CHAPTER_WISE,1,Short Questions,TaleemCity / PakParcha,https://drive.google.com/file/d/1KibY7F5zHO8l4LHAfV9Q5D_pukojQu6z/preview,"### Comprehensive 1st Year / Class 11 Physics (Chapter 1) Notes & Solutions (HSSC-I)

Get the best 1st Year (Class 11 / HSSC Part 1) Physics notes for **Physics Class 11 - Unit 11 Short Questions (New)**. These high-yield study materials are designed strictly according to the latest National Curriculum 2025–2026, Punjab Curriculum & Textbook Board (PCTB), and Federal Board (FBISE) syllabus standards.

#### 📌 What's Included in this 11th Class Physics Guide:
1. **Topic-wise Short Questions & Conceptual Answers:** Comprehensive answers with high-scoring keywords, scientific terminology, and clear definitions.
2. **Solved Long Questions & Detailed Derivations:** Step-by-step explanations, labeled diagrams, mathematical derivations, and board-standard structured headings.
3. **Multiple Choice Questions (Solved MCQs):** High-frequency exam MCQs with 100% verified correct options and conceptual rationales.
4. **Textbook Exercise Solutions & Solved Numericals:** Complete, step-by-step solutions to all textbook review questions, exercises, and numerical problems with standard formulas and units.

#### 🏛️ Applicable for All Intermediate Boards across Pakistan:
- **Punjab Boards:** Lahore, Rawalpindi, Gujranwala, Faisalabad, Multan, Sargodha, Sahiwal, Bahawalpur, and DG Khan Board.
- **Federal Board (FBISE):** Islamabad Model Colleges, Army Public Schools & Overseas Examination Centers.
- **KPK, Sindh & Balochistan Boards:** Fully compliant with Single National Curriculum SLO-based assessments.

#### 💡 Expert 1st Year Board Exam Tips:
- High priority given to SLO-based (Student Learning Outcomes) conceptual questions.
- Review the past 5-year past paper repeated questions highlighted in this chapter.
- Practice neat presentation with headings, bullet points, and boxed numerical answers for scoring maximum marks."
Physics Class 11 - Unit 12 Exercise Numericals (New),Physics,11,PCTB (Punjab Curriculum & Textbook Board),CHAPTER_WISE,1,Solved Numericals,TaleemCity / PakParcha,https://drive.google.com/file/d/1ABsHHCrFhc5ay4ZPSkt9dGCiLcsyxCN_/preview,"### Comprehensive 1st Year / Class 11 Physics (Chapter 1) Notes & Solutions (HSSC-I)

Get the best 1st Year (Class 11 / HSSC Part 1) Physics notes for **Physics Class 11 - Unit 12 Exercise Numericals (New)**. These high-yield study materials are designed strictly according to the latest National Curriculum 2025–2026, Punjab Curriculum & Textbook Board (PCTB), and Federal Board (FBISE) syllabus standards.

#### 📌 What's Included in this 11th Class Physics Guide:
1. **Topic-wise Short Questions & Conceptual Answers:** Comprehensive answers with high-scoring keywords, scientific terminology, and clear definitions.
2. **Solved Long Questions & Detailed Derivations:** Step-by-step explanations, labeled diagrams, mathematical derivations, and board-standard structured headings.
3. **Multiple Choice Questions (Solved MCQs):** High-frequency exam MCQs with 100% verified correct options and conceptual rationales.
4. **Textbook Exercise Solutions & Solved Numericals:** Complete, step-by-step solutions to all textbook review questions, exercises, and numerical problems with standard formulas and units.

#### 🏛️ Applicable for All Intermediate Boards across Pakistan:
- **Punjab Boards:** Lahore, Rawalpindi, Gujranwala, Faisalabad, Multan, Sargodha, Sahiwal, Bahawalpur, and DG Khan Board.
- **Federal Board (FBISE):** Islamabad Model Colleges, Army Public Schools & Overseas Examination Centers.
- **KPK, Sindh & Balochistan Boards:** Fully compliant with Single National Curriculum SLO-based assessments.

#### 💡 Expert 1st Year Board Exam Tips:
- High priority given to SLO-based (Student Learning Outcomes) conceptual questions.
- Review the past 5-year past paper repeated questions highlighted in this chapter.
- Practice neat presentation with headings, bullet points, and boxed numerical answers for scoring maximum marks."
Physics Class 11 - Unit 12 Long Questions (New),Physics,11,PCTB (Punjab Curriculum & Textbook Board),CHAPTER_WISE,1,Long Questions,TaleemCity / PakParcha,https://drive.google.com/file/d/1ChPhZdmKhxuy0dbqDUWnDN3FpFEH_zjY/preview,"### Comprehensive 1st Year / Class 11 Physics (Chapter 1) Notes & Solutions (HSSC-I)

Get the best 1st Year (Class 11 / HSSC Part 1) Physics notes for **Physics Class 11 - Unit 12 Long Questions (New)**. These high-yield study materials are designed strictly according to the latest National Curriculum 2025–2026, Punjab Curriculum & Textbook Board (PCTB), and Federal Board (FBISE) syllabus standards.

#### 📌 What's Included in this 11th Class Physics Guide:
1. **Topic-wise Short Questions & Conceptual Answers:** Comprehensive answers with high-scoring keywords, scientific terminology, and clear definitions.
2. **Solved Long Questions & Detailed Derivations:** Step-by-step explanations, labeled diagrams, mathematical derivations, and board-standard structured headings.
3. **Multiple Choice Questions (Solved MCQs):** High-frequency exam MCQs with 100% verified correct options and conceptual rationales.
4. **Textbook Exercise Solutions & Solved Numericals:** Complete, step-by-step solutions to all textbook review questions, exercises, and numerical problems with standard formulas and units.

#### 🏛️ Applicable for All Intermediate Boards across Pakistan:
- **Punjab Boards:** Lahore, Rawalpindi, Gujranwala, Faisalabad, Multan, Sargodha, Sahiwal, Bahawalpur, and DG Khan Board.
- **Federal Board (FBISE):** Islamabad Model Colleges, Army Public Schools & Overseas Examination Centers.
- **KPK, Sindh & Balochistan Boards:** Fully compliant with Single National Curriculum SLO-based assessments.

#### 💡 Expert 1st Year Board Exam Tips:
- High priority given to SLO-based (Student Learning Outcomes) conceptual questions.
- Review the past 5-year past paper repeated questions highlighted in this chapter.
- Practice neat presentation with headings, bullet points, and boxed numerical answers for scoring maximum marks."
Physics Class 11 - Unit 12 MCQ-s (New),Physics,11,PCTB (Punjab Curriculum & Textbook Board),CHAPTER_WISE,1,Solved MCQs,TaleemCity / PakParcha,https://drive.google.com/file/d/1T9Yzc0booez_Ihjj5ZNbFChsXAaRc_RH/preview,"### Comprehensive 1st Year / Class 11 Physics (Chapter 1) Notes & Solutions (HSSC-I)

Get the best 1st Year (Class 11 / HSSC Part 1) Physics notes for **Physics Class 11 - Unit 12 MCQ-s (New)**. These high-yield study materials are designed strictly according to the latest National Curriculum 2025–2026, Punjab Curriculum & Textbook Board (PCTB), and Federal Board (FBISE) syllabus standards.

#### 📌 What's Included in this 11th Class Physics Guide:
1. **Topic-wise Short Questions & Conceptual Answers:** Comprehensive answers with high-scoring keywords, scientific terminology, and clear definitions.
2. **Solved Long Questions & Detailed Derivations:** Step-by-step explanations, labeled diagrams, mathematical derivations, and board-standard structured headings.
3. **Multiple Choice Questions (Solved MCQs):** High-frequency exam MCQs with 100% verified correct options and conceptual rationales.
4. **Textbook Exercise Solutions & Solved Numericals:** Complete, step-by-step solutions to all textbook review questions, exercises, and numerical problems with standard formulas and units.

#### 🏛️ Applicable for All Intermediate Boards across Pakistan:
- **Punjab Boards:** Lahore, Rawalpindi, Gujranwala, Faisalabad, Multan, Sargodha, Sahiwal, Bahawalpur, and DG Khan Board.
- **Federal Board (FBISE):** Islamabad Model Colleges, Army Public Schools & Overseas Examination Centers.
- **KPK, Sindh & Balochistan Boards:** Fully compliant with Single National Curriculum SLO-based assessments.

#### 💡 Expert 1st Year Board Exam Tips:
- High priority given to SLO-based (Student Learning Outcomes) conceptual questions.
- Review the past 5-year past paper repeated questions highlighted in this chapter.
- Practice neat presentation with headings, bullet points, and boxed numerical answers for scoring maximum marks."
Physics Class 11 - Unit 12 Short Questions (New),Physics,11,PCTB (Punjab Curriculum & Textbook Board),CHAPTER_WISE,1,Short Questions,TaleemCity / PakParcha,https://drive.google.com/file/d/1AjQS0l7AL1_KJzLXM-R0oYzfzzE4i0Fr/preview,"### Comprehensive 1st Year / Class 11 Physics (Chapter 1) Notes & Solutions (HSSC-I)

Get the best 1st Year (Class 11 / HSSC Part 1) Physics notes for **Physics Class 11 - Unit 12 Short Questions (New)**. These high-yield study materials are designed strictly according to the latest National Curriculum 2025–2026, Punjab Curriculum & Textbook Board (PCTB), and Federal Board (FBISE) syllabus standards.

#### 📌 What's Included in this 11th Class Physics Guide:
1. **Topic-wise Short Questions & Conceptual Answers:** Comprehensive answers with high-scoring keywords, scientific terminology, and clear definitions.
2. **Solved Long Questions & Detailed Derivations:** Step-by-step explanations, labeled diagrams, mathematical derivations, and board-standard structured headings.
3. **Multiple Choice Questions (Solved MCQs):** High-frequency exam MCQs with 100% verified correct options and conceptual rationales.
4. **Textbook Exercise Solutions & Solved Numericals:** Complete, step-by-step solutions to all textbook review questions, exercises, and numerical problems with standard formulas and units.

#### 🏛️ Applicable for All Intermediate Boards across Pakistan:
- **Punjab Boards:** Lahore, Rawalpindi, Gujranwala, Faisalabad, Multan, Sargodha, Sahiwal, Bahawalpur, and DG Khan Board.
- **Federal Board (FBISE):** Islamabad Model Colleges, Army Public Schools & Overseas Examination Centers.
- **KPK, Sindh & Balochistan Boards:** Fully compliant with Single National Curriculum SLO-based assessments.

#### 💡 Expert 1st Year Board Exam Tips:
- High priority given to SLO-based (Student Learning Outcomes) conceptual questions.
- Review the past 5-year past paper repeated questions highlighted in this chapter.
- Practice neat presentation with headings, bullet points, and boxed numerical answers for scoring maximum marks."
Physics Class 11 - Full Book Complete Notes,Physics,11,PCTB (Punjab Curriculum & Textbook Board),FULL_BOOK,,Full Book Complete,TaleemCity / PakParcha,https://drive.google.com/file/d/1k0VmQZn15kNXoMd-0rAW-kovVI-LDJLe/preview,"### Comprehensive 1st Year / Class 11 Physics (Full Book Complete Syllabus) Notes & Solutions (HSSC-I)

Get the best 1st Year (Class 11 / HSSC Part 1) Physics notes for **Physics Class 11 - Full Book Complete Notes**. These high-yield study materials are designed strictly according to the latest National Curriculum 2025–2026, Punjab Curriculum & Textbook Board (PCTB), and Federal Board (FBISE) syllabus standards.

#### 📌 What's Included in this 11th Class Physics Guide:
1. **Topic-wise Short Questions & Conceptual Answers:** Comprehensive answers with high-scoring keywords, scientific terminology, and clear definitions.
2. **Solved Long Questions & Detailed Derivations:** Step-by-step explanations, labeled diagrams, mathematical derivations, and board-standard structured headings.
3. **Multiple Choice Questions (Solved MCQs):** High-frequency exam MCQs with 100% verified correct options and conceptual rationales.
4. **Textbook Exercise Solutions & Solved Numericals:** Complete, step-by-step solutions to all textbook review questions, exercises, and numerical problems with standard formulas and units.

#### 🏛️ Applicable for All Intermediate Boards across Pakistan:
- **Punjab Boards:** Lahore, Rawalpindi, Gujranwala, Faisalabad, Multan, Sargodha, Sahiwal, Bahawalpur, and DG Khan Board.
- **Federal Board (FBISE):** Islamabad Model Colleges, Army Public Schools & Overseas Examination Centers.
- **KPK, Sindh & Balochistan Boards:** Fully compliant with Single National Curriculum SLO-based assessments.

#### 💡 Expert 1st Year Board Exam Tips:
- High priority given to SLO-based (Student Learning Outcomes) conceptual questions.
- Review the past 5-year past paper repeated questions highlighted in this chapter.
- Practice neat presentation with headings, bullet points, and boxed numerical answers for scoring maximum marks."
Tarjuma-tul-Quran Class 11 - Unit 01 Chapter 1 - Surah Al-Baqarah (New),Tarjuma-tul-Quran,11,PCTB (Punjab Curriculum & Textbook Board),CHAPTER_WISE,1,Chapter Questions,TaleemCity / PakParcha,https://drive.google.com/file/d/1FNGWan_2JFpk6qNzrF6SQIBC5vqzd4nv/preview,"### Comprehensive 1st Year / Class 11 Tarjuma-tul-Quran (Chapter 1) Notes & Solutions (HSSC-I)

Get the best 1st Year (Class 11 / HSSC Part 1) Tarjuma-tul-Quran notes for **Tarjuma-tul-Quran Class 11 - Unit 01 Chapter 1 - Surah Al-Baqarah (New)**. These high-yield study materials are designed strictly according to the latest National Curriculum 2025–2026, Punjab Curriculum & Textbook Board (PCTB), and Federal Board (FBISE) syllabus standards.

#### 📌 What's Included in this 11th Class Tarjuma-tul-Quran Guide:
1. **Topic-wise Short Questions & Conceptual Answers:** Comprehensive answers with high-scoring keywords, scientific terminology, and clear definitions.
2. **Solved Long Questions & Detailed Derivations:** Step-by-step explanations, labeled diagrams, mathematical derivations, and board-standard structured headings.
3. **Multiple Choice Questions (Solved MCQs):** High-frequency exam MCQs with 100% verified correct options and conceptual rationales.
4. **Textbook Exercise Solutions & Solved Numericals:** Complete, step-by-step solutions to all textbook review questions, exercises, and numerical problems with standard formulas and units.

#### 🏛️ Applicable for All Intermediate Boards across Pakistan:
- **Punjab Boards:** Lahore, Rawalpindi, Gujranwala, Faisalabad, Multan, Sargodha, Sahiwal, Bahawalpur, and DG Khan Board.
- **Federal Board (FBISE):** Islamabad Model Colleges, Army Public Schools & Overseas Examination Centers.
- **KPK, Sindh & Balochistan Boards:** Fully compliant with Single National Curriculum SLO-based assessments.

#### 💡 Expert 1st Year Board Exam Tips:
- High priority given to SLO-based (Student Learning Outcomes) conceptual questions.
- Review the past 5-year past paper repeated questions highlighted in this chapter.
- Practice neat presentation with headings, bullet points, and boxed numerical answers for scoring maximum marks."
Tarjuma-tul-Quran Class 11 - Unit 02 Chapter 2 - Surah Aal-e-Imran (New),Tarjuma-tul-Quran,11,PCTB (Punjab Curriculum & Textbook Board),CHAPTER_WISE,2,Chapter Questions,TaleemCity / PakParcha,https://drive.google.com/file/d/1F93QOO37m8jk8hlmtv8TgtBB45Ghufvg/preview,"### Comprehensive 1st Year / Class 11 Tarjuma-tul-Quran (Chapter 2) Notes & Solutions (HSSC-I)

Get the best 1st Year (Class 11 / HSSC Part 1) Tarjuma-tul-Quran notes for **Tarjuma-tul-Quran Class 11 - Unit 02 Chapter 2 - Surah Aal-e-Imran (New)**. These high-yield study materials are designed strictly according to the latest National Curriculum 2025–2026, Punjab Curriculum & Textbook Board (PCTB), and Federal Board (FBISE) syllabus standards.

#### 📌 What's Included in this 11th Class Tarjuma-tul-Quran Guide:
1. **Topic-wise Short Questions & Conceptual Answers:** Comprehensive answers with high-scoring keywords, scientific terminology, and clear definitions.
2. **Solved Long Questions & Detailed Derivations:** Step-by-step explanations, labeled diagrams, mathematical derivations, and board-standard structured headings.
3. **Multiple Choice Questions (Solved MCQs):** High-frequency exam MCQs with 100% verified correct options and conceptual rationales.
4. **Textbook Exercise Solutions & Solved Numericals:** Complete, step-by-step solutions to all textbook review questions, exercises, and numerical problems with standard formulas and units.

#### 🏛️ Applicable for All Intermediate Boards across Pakistan:
- **Punjab Boards:** Lahore, Rawalpindi, Gujranwala, Faisalabad, Multan, Sargodha, Sahiwal, Bahawalpur, and DG Khan Board.
- **Federal Board (FBISE):** Islamabad Model Colleges, Army Public Schools & Overseas Examination Centers.
- **KPK, Sindh & Balochistan Boards:** Fully compliant with Single National Curriculum SLO-based assessments.

#### 💡 Expert 1st Year Board Exam Tips:
- High priority given to SLO-based (Student Learning Outcomes) conceptual questions.
- Review the past 5-year past paper repeated questions highlighted in this chapter.
- Practice neat presentation with headings, bullet points, and boxed numerical answers for scoring maximum marks."
Tarjuma-tul-Quran Class 11 - Unit 03 Chapter 3 - Surah Al-Anfal (New),Tarjuma-tul-Quran,11,PCTB (Punjab Curriculum & Textbook Board),CHAPTER_WISE,3,Chapter Questions,TaleemCity / PakParcha,https://drive.google.com/file/d/1EP5FSLkprYVdWWk8vInqA2TttjF8cPE8/preview,"### Comprehensive 1st Year / Class 11 Tarjuma-tul-Quran (Chapter 3) Notes & Solutions (HSSC-I)

Get the best 1st Year (Class 11 / HSSC Part 1) Tarjuma-tul-Quran notes for **Tarjuma-tul-Quran Class 11 - Unit 03 Chapter 3 - Surah Al-Anfal (New)**. These high-yield study materials are designed strictly according to the latest National Curriculum 2025–2026, Punjab Curriculum & Textbook Board (PCTB), and Federal Board (FBISE) syllabus standards.

#### 📌 What's Included in this 11th Class Tarjuma-tul-Quran Guide:
1. **Topic-wise Short Questions & Conceptual Answers:** Comprehensive answers with high-scoring keywords, scientific terminology, and clear definitions.
2. **Solved Long Questions & Detailed Derivations:** Step-by-step explanations, labeled diagrams, mathematical derivations, and board-standard structured headings.
3. **Multiple Choice Questions (Solved MCQs):** High-frequency exam MCQs with 100% verified correct options and conceptual rationales.
4. **Textbook Exercise Solutions & Solved Numericals:** Complete, step-by-step solutions to all textbook review questions, exercises, and numerical problems with standard formulas and units.

#### 🏛️ Applicable for All Intermediate Boards across Pakistan:
- **Punjab Boards:** Lahore, Rawalpindi, Gujranwala, Faisalabad, Multan, Sargodha, Sahiwal, Bahawalpur, and DG Khan Board.
- **Federal Board (FBISE):** Islamabad Model Colleges, Army Public Schools & Overseas Examination Centers.
- **KPK, Sindh & Balochistan Boards:** Fully compliant with Single National Curriculum SLO-based assessments.

#### 💡 Expert 1st Year Board Exam Tips:
- High priority given to SLO-based (Student Learning Outcomes) conceptual questions.
- Review the past 5-year past paper repeated questions highlighted in this chapter.
- Practice neat presentation with headings, bullet points, and boxed numerical answers for scoring maximum marks."
Tarjuma-tul-Quran Class 11 - Unit 04 Chapter 4 - Surah At-Taubah (New),Tarjuma-tul-Quran,11,PCTB (Punjab Curriculum & Textbook Board),CHAPTER_WISE,4,Chapter Questions,TaleemCity / PakParcha,https://drive.google.com/file/d/1DBR5ymTPCtDnmZtJlmaRwILra2qQsw-0/preview,"### Comprehensive 1st Year / Class 11 Tarjuma-tul-Quran (Chapter 4) Notes & Solutions (HSSC-I)

Get the best 1st Year (Class 11 / HSSC Part 1) Tarjuma-tul-Quran notes for **Tarjuma-tul-Quran Class 11 - Unit 04 Chapter 4 - Surah At-Taubah (New)**. These high-yield study materials are designed strictly according to the latest National Curriculum 2025–2026, Punjab Curriculum & Textbook Board (PCTB), and Federal Board (FBISE) syllabus standards.

#### 📌 What's Included in this 11th Class Tarjuma-tul-Quran Guide:
1. **Topic-wise Short Questions & Conceptual Answers:** Comprehensive answers with high-scoring keywords, scientific terminology, and clear definitions.
2. **Solved Long Questions & Detailed Derivations:** Step-by-step explanations, labeled diagrams, mathematical derivations, and board-standard structured headings.
3. **Multiple Choice Questions (Solved MCQs):** High-frequency exam MCQs with 100% verified correct options and conceptual rationales.
4. **Textbook Exercise Solutions & Solved Numericals:** Complete, step-by-step solutions to all textbook review questions, exercises, and numerical problems with standard formulas and units.

#### 🏛️ Applicable for All Intermediate Boards across Pakistan:
- **Punjab Boards:** Lahore, Rawalpindi, Gujranwala, Faisalabad, Multan, Sargodha, Sahiwal, Bahawalpur, and DG Khan Board.
- **Federal Board (FBISE):** Islamabad Model Colleges, Army Public Schools & Overseas Examination Centers.
- **KPK, Sindh & Balochistan Boards:** Fully compliant with Single National Curriculum SLO-based assessments.

#### 💡 Expert 1st Year Board Exam Tips:
- High priority given to SLO-based (Student Learning Outcomes) conceptual questions.
- Review the past 5-year past paper repeated questions highlighted in this chapter.
- Practice neat presentation with headings, bullet points, and boxed numerical answers for scoring maximum marks."
Tarjuma-tul-Quran Class 11 - Full Book Complete Notes,Tarjuma-tul-Quran,11,PCTB (Punjab Curriculum & Textbook Board),FULL_BOOK,,Full Book Complete,TaleemCity / PakParcha,https://drive.google.com/file/d/1PBgJcPo6vpb6s7AWkvYXB9m_A7IP9tTu/preview,"### Comprehensive 1st Year / Class 11 Tarjuma-tul-Quran (Full Book Complete Syllabus) Notes & Solutions (HSSC-I)

Get the best 1st Year (Class 11 / HSSC Part 1) Tarjuma-tul-Quran notes for **Tarjuma-tul-Quran Class 11 - Full Book Complete Notes**. These high-yield study materials are designed strictly according to the latest National Curriculum 2025–2026, Punjab Curriculum & Textbook Board (PCTB), and Federal Board (FBISE) syllabus standards.

#### 📌 What's Included in this 11th Class Tarjuma-tul-Quran Guide:
1. **Topic-wise Short Questions & Conceptual Answers:** Comprehensive answers with high-scoring keywords, scientific terminology, and clear definitions.
2. **Solved Long Questions & Detailed Derivations:** Step-by-step explanations, labeled diagrams, mathematical derivations, and board-standard structured headings.
3. **Multiple Choice Questions (Solved MCQs):** High-frequency exam MCQs with 100% verified correct options and conceptual rationales.
4. **Textbook Exercise Solutions & Solved Numericals:** Complete, step-by-step solutions to all textbook review questions, exercises, and numerical problems with standard formulas and units.

#### 🏛️ Applicable for All Intermediate Boards across Pakistan:
- **Punjab Boards:** Lahore, Rawalpindi, Gujranwala, Faisalabad, Multan, Sargodha, Sahiwal, Bahawalpur, and DG Khan Board.
- **Federal Board (FBISE):** Islamabad Model Colleges, Army Public Schools & Overseas Examination Centers.
- **KPK, Sindh & Balochistan Boards:** Fully compliant with Single National Curriculum SLO-based assessments.

#### 💡 Expert 1st Year Board Exam Tips:
- High priority given to SLO-based (Student Learning Outcomes) conceptual questions.
- Review the past 5-year past paper repeated questions highlighted in this chapter.
- Practice neat presentation with headings, bullet points, and boxed numerical answers for scoring maximum marks."
Urdu Class 11 - Unit 01 Chapter 1 - Hamd (New),Urdu,11,PCTB (Punjab Curriculum & Textbook Board),CHAPTER_WISE,1,Chapter Questions,TaleemCity / PakParcha,https://drive.google.com/file/d/1RiMxYy07dl7VSeSXBkF5vb7aX4B_j6gi/preview,"### Comprehensive 1st Year / Class 11 Urdu (Chapter 1) Notes & Solutions (HSSC-I)

Get the best 1st Year (Class 11 / HSSC Part 1) Urdu notes for **Urdu Class 11 - Unit 01 Chapter 1 - Hamd (New)**. These high-yield study materials are designed strictly according to the latest National Curriculum 2025–2026, Punjab Curriculum & Textbook Board (PCTB), and Federal Board (FBISE) syllabus standards.

#### 📌 What's Included in this 11th Class Urdu Guide:
1. **Topic-wise Short Questions & Conceptual Answers:** Comprehensive answers with high-scoring keywords, scientific terminology, and clear definitions.
2. **Solved Long Questions & Detailed Derivations:** Step-by-step explanations, labeled diagrams, mathematical derivations, and board-standard structured headings.
3. **Multiple Choice Questions (Solved MCQs):** High-frequency exam MCQs with 100% verified correct options and conceptual rationales.
4. **Textbook Exercise Solutions & Solved Numericals:** Complete, step-by-step solutions to all textbook review questions, exercises, and numerical problems with standard formulas and units.

#### 🏛️ Applicable for All Intermediate Boards across Pakistan:
- **Punjab Boards:** Lahore, Rawalpindi, Gujranwala, Faisalabad, Multan, Sargodha, Sahiwal, Bahawalpur, and DG Khan Board.
- **Federal Board (FBISE):** Islamabad Model Colleges, Army Public Schools & Overseas Examination Centers.
- **KPK, Sindh & Balochistan Boards:** Fully compliant with Single National Curriculum SLO-based assessments.

#### 💡 Expert 1st Year Board Exam Tips:
- High priority given to SLO-based (Student Learning Outcomes) conceptual questions.
- Review the past 5-year past paper repeated questions highlighted in this chapter.
- Practice neat presentation with headings, bullet points, and boxed numerical answers for scoring maximum marks."
Urdu Class 11 - Unit 01 Extra Grammar MCQ-s (New),Urdu,11,PCTB (Punjab Curriculum & Textbook Board),CHAPTER_WISE,1,Solved MCQs,TaleemCity / PakParcha,https://drive.google.com/file/d/11BRTjNBRY-GcCkgWAS_H_NPyTTGJhxTW/preview,"### Comprehensive 1st Year / Class 11 Urdu (Chapter 1) Notes & Solutions (HSSC-I)

Get the best 1st Year (Class 11 / HSSC Part 1) Urdu notes for **Urdu Class 11 - Unit 01 Extra Grammar MCQ-s (New)**. These high-yield study materials are designed strictly according to the latest National Curriculum 2025–2026, Punjab Curriculum & Textbook Board (PCTB), and Federal Board (FBISE) syllabus standards.

#### 📌 What's Included in this 11th Class Urdu Guide:
1. **Topic-wise Short Questions & Conceptual Answers:** Comprehensive answers with high-scoring keywords, scientific terminology, and clear definitions.
2. **Solved Long Questions & Detailed Derivations:** Step-by-step explanations, labeled diagrams, mathematical derivations, and board-standard structured headings.
3. **Multiple Choice Questions (Solved MCQs):** High-frequency exam MCQs with 100% verified correct options and conceptual rationales.
4. **Textbook Exercise Solutions & Solved Numericals:** Complete, step-by-step solutions to all textbook review questions, exercises, and numerical problems with standard formulas and units.

#### 🏛️ Applicable for All Intermediate Boards across Pakistan:
- **Punjab Boards:** Lahore, Rawalpindi, Gujranwala, Faisalabad, Multan, Sargodha, Sahiwal, Bahawalpur, and DG Khan Board.
- **Federal Board (FBISE):** Islamabad Model Colleges, Army Public Schools & Overseas Examination Centers.
- **KPK, Sindh & Balochistan Boards:** Fully compliant with Single National Curriculum SLO-based assessments.

#### 💡 Expert 1st Year Board Exam Tips:
- High priority given to SLO-based (Student Learning Outcomes) conceptual questions.
- Review the past 5-year past paper repeated questions highlighted in this chapter.
- Practice neat presentation with headings, bullet points, and boxed numerical answers for scoring maximum marks."
Urdu Class 11 - Unit 01 Mukaalma (New),Urdu,11,PCTB (Punjab Curriculum & Textbook Board),CHAPTER_WISE,1,Grammar & Composition,TaleemCity / PakParcha,https://drive.google.com/file/d/1HfqOHGX-lvnfYe_LEpnND3Wjl2TjxYJ6/preview,"### Comprehensive 1st Year / Class 11 Urdu (Chapter 1) Notes & Solutions (HSSC-I)

Get the best 1st Year (Class 11 / HSSC Part 1) Urdu notes for **Urdu Class 11 - Unit 01 Mukaalma (New)**. These high-yield study materials are designed strictly according to the latest National Curriculum 2025–2026, Punjab Curriculum & Textbook Board (PCTB), and Federal Board (FBISE) syllabus standards.

#### 📌 What's Included in this 11th Class Urdu Guide:
1. **Topic-wise Short Questions & Conceptual Answers:** Comprehensive answers with high-scoring keywords, scientific terminology, and clear definitions.
2. **Solved Long Questions & Detailed Derivations:** Step-by-step explanations, labeled diagrams, mathematical derivations, and board-standard structured headings.
3. **Multiple Choice Questions (Solved MCQs):** High-frequency exam MCQs with 100% verified correct options and conceptual rationales.
4. **Textbook Exercise Solutions & Solved Numericals:** Complete, step-by-step solutions to all textbook review questions, exercises, and numerical problems with standard formulas and units.

#### 🏛️ Applicable for All Intermediate Boards across Pakistan:
- **Punjab Boards:** Lahore, Rawalpindi, Gujranwala, Faisalabad, Multan, Sargodha, Sahiwal, Bahawalpur, and DG Khan Board.
- **Federal Board (FBISE):** Islamabad Model Colleges, Army Public Schools & Overseas Examination Centers.
- **KPK, Sindh & Balochistan Boards:** Fully compliant with Single National Curriculum SLO-based assessments.

#### 💡 Expert 1st Year Board Exam Tips:
- High priority given to SLO-based (Student Learning Outcomes) conceptual questions.
- Review the past 5-year past paper repeated questions highlighted in this chapter.
- Practice neat presentation with headings, bullet points, and boxed numerical answers for scoring maximum marks."
Urdu Class 11 - Unit 01 Raseedat (New),Urdu,11,PCTB (Punjab Curriculum & Textbook Board),CHAPTER_WISE,1,Grammar & Composition,TaleemCity / PakParcha,https://drive.google.com/file/d/1YWuLFl6k9aJNqoC9_xvOZ7naPQRArn9r/preview,"### Comprehensive 1st Year / Class 11 Urdu (Chapter 1) Notes & Solutions (HSSC-I)

Get the best 1st Year (Class 11 / HSSC Part 1) Urdu notes for **Urdu Class 11 - Unit 01 Raseedat (New)**. These high-yield study materials are designed strictly according to the latest National Curriculum 2025–2026, Punjab Curriculum & Textbook Board (PCTB), and Federal Board (FBISE) syllabus standards.

#### 📌 What's Included in this 11th Class Urdu Guide:
1. **Topic-wise Short Questions & Conceptual Answers:** Comprehensive answers with high-scoring keywords, scientific terminology, and clear definitions.
2. **Solved Long Questions & Detailed Derivations:** Step-by-step explanations, labeled diagrams, mathematical derivations, and board-standard structured headings.
3. **Multiple Choice Questions (Solved MCQs):** High-frequency exam MCQs with 100% verified correct options and conceptual rationales.
4. **Textbook Exercise Solutions & Solved Numericals:** Complete, step-by-step solutions to all textbook review questions, exercises, and numerical problems with standard formulas and units.

#### 🏛️ Applicable for All Intermediate Boards across Pakistan:
- **Punjab Boards:** Lahore, Rawalpindi, Gujranwala, Faisalabad, Multan, Sargodha, Sahiwal, Bahawalpur, and DG Khan Board.
- **Federal Board (FBISE):** Islamabad Model Colleges, Army Public Schools & Overseas Examination Centers.
- **KPK, Sindh & Balochistan Boards:** Fully compliant with Single National Curriculum SLO-based assessments.

#### 💡 Expert 1st Year Board Exam Tips:
- High priority given to SLO-based (Student Learning Outcomes) conceptual questions.
- Review the past 5-year past paper repeated questions highlighted in this chapter.
- Practice neat presentation with headings, bullet points, and boxed numerical answers for scoring maximum marks."
Urdu Class 11 - Unit 01 Roznaamcha (New),Urdu,11,PCTB (Punjab Curriculum & Textbook Board),CHAPTER_WISE,1,Grammar & Composition,TaleemCity / PakParcha,https://drive.google.com/file/d/1NGLtpSKsFPamBITGIUhZc4JHUPc8hKR_/preview,"### Comprehensive 1st Year / Class 11 Urdu (Chapter 1) Notes & Solutions (HSSC-I)

Get the best 1st Year (Class 11 / HSSC Part 1) Urdu notes for **Urdu Class 11 - Unit 01 Roznaamcha (New)**. These high-yield study materials are designed strictly according to the latest National Curriculum 2025–2026, Punjab Curriculum & Textbook Board (PCTB), and Federal Board (FBISE) syllabus standards.

#### 📌 What's Included in this 11th Class Urdu Guide:
1. **Topic-wise Short Questions & Conceptual Answers:** Comprehensive answers with high-scoring keywords, scientific terminology, and clear definitions.
2. **Solved Long Questions & Detailed Derivations:** Step-by-step explanations, labeled diagrams, mathematical derivations, and board-standard structured headings.
3. **Multiple Choice Questions (Solved MCQs):** High-frequency exam MCQs with 100% verified correct options and conceptual rationales.
4. **Textbook Exercise Solutions & Solved Numericals:** Complete, step-by-step solutions to all textbook review questions, exercises, and numerical problems with standard formulas and units.

#### 🏛️ Applicable for All Intermediate Boards across Pakistan:
- **Punjab Boards:** Lahore, Rawalpindi, Gujranwala, Faisalabad, Multan, Sargodha, Sahiwal, Bahawalpur, and DG Khan Board.
- **Federal Board (FBISE):** Islamabad Model Colleges, Army Public Schools & Overseas Examination Centers.
- **KPK, Sindh & Balochistan Boards:** Fully compliant with Single National Curriculum SLO-based assessments.

#### 💡 Expert 1st Year Board Exam Tips:
- High priority given to SLO-based (Student Learning Outcomes) conceptual questions.
- Review the past 5-year past paper repeated questions highlighted in this chapter.
- Practice neat presentation with headings, bullet points, and boxed numerical answers for scoring maximum marks."
Urdu Class 11 - Unit 01 Rudaad (New),Urdu,11,PCTB (Punjab Curriculum & Textbook Board),CHAPTER_WISE,1,Grammar & Composition,TaleemCity / PakParcha,https://drive.google.com/file/d/1co6tM6up17vt7Fy9MxdYQguGLNwNdoXn/preview,"### Comprehensive 1st Year / Class 11 Urdu (Chapter 1) Notes & Solutions (HSSC-I)

Get the best 1st Year (Class 11 / HSSC Part 1) Urdu notes for **Urdu Class 11 - Unit 01 Rudaad (New)**. These high-yield study materials are designed strictly according to the latest National Curriculum 2025–2026, Punjab Curriculum & Textbook Board (PCTB), and Federal Board (FBISE) syllabus standards.

#### 📌 What's Included in this 11th Class Urdu Guide:
1. **Topic-wise Short Questions & Conceptual Answers:** Comprehensive answers with high-scoring keywords, scientific terminology, and clear definitions.
2. **Solved Long Questions & Detailed Derivations:** Step-by-step explanations, labeled diagrams, mathematical derivations, and board-standard structured headings.
3. **Multiple Choice Questions (Solved MCQs):** High-frequency exam MCQs with 100% verified correct options and conceptual rationales.
4. **Textbook Exercise Solutions & Solved Numericals:** Complete, step-by-step solutions to all textbook review questions, exercises, and numerical problems with standard formulas and units.

#### 🏛️ Applicable for All Intermediate Boards across Pakistan:
- **Punjab Boards:** Lahore, Rawalpindi, Gujranwala, Faisalabad, Multan, Sargodha, Sahiwal, Bahawalpur, and DG Khan Board.
- **Federal Board (FBISE):** Islamabad Model Colleges, Army Public Schools & Overseas Examination Centers.
- **KPK, Sindh & Balochistan Boards:** Fully compliant with Single National Curriculum SLO-based assessments.

#### 💡 Expert 1st Year Board Exam Tips:
- High priority given to SLO-based (Student Learning Outcomes) conceptual questions.
- Review the past 5-year past paper repeated questions highlighted in this chapter.
- Practice neat presentation with headings, bullet points, and boxed numerical answers for scoring maximum marks."
Urdu Class 11 - Unit 01 Talkhees (New),Urdu,11,PCTB (Punjab Curriculum & Textbook Board),CHAPTER_WISE,1,Grammar & Composition,TaleemCity / PakParcha,https://drive.google.com/file/d/1Y8JMYX_3pPul-6zU2z90KZpOQ90jBAOD/preview,"### Comprehensive 1st Year / Class 11 Urdu (Chapter 1) Notes & Solutions (HSSC-I)

Get the best 1st Year (Class 11 / HSSC Part 1) Urdu notes for **Urdu Class 11 - Unit 01 Talkhees (New)**. These high-yield study materials are designed strictly according to the latest National Curriculum 2025–2026, Punjab Curriculum & Textbook Board (PCTB), and Federal Board (FBISE) syllabus standards.

#### 📌 What's Included in this 11th Class Urdu Guide:
1. **Topic-wise Short Questions & Conceptual Answers:** Comprehensive answers with high-scoring keywords, scientific terminology, and clear definitions.
2. **Solved Long Questions & Detailed Derivations:** Step-by-step explanations, labeled diagrams, mathematical derivations, and board-standard structured headings.
3. **Multiple Choice Questions (Solved MCQs):** High-frequency exam MCQs with 100% verified correct options and conceptual rationales.
4. **Textbook Exercise Solutions & Solved Numericals:** Complete, step-by-step solutions to all textbook review questions, exercises, and numerical problems with standard formulas and units.

#### 🏛️ Applicable for All Intermediate Boards across Pakistan:
- **Punjab Boards:** Lahore, Rawalpindi, Gujranwala, Faisalabad, Multan, Sargodha, Sahiwal, Bahawalpur, and DG Khan Board.
- **Federal Board (FBISE):** Islamabad Model Colleges, Army Public Schools & Overseas Examination Centers.
- **KPK, Sindh & Balochistan Boards:** Fully compliant with Single National Curriculum SLO-based assessments.

#### 💡 Expert 1st Year Board Exam Tips:
- High priority given to SLO-based (Student Learning Outcomes) conceptual questions.
- Review the past 5-year past paper repeated questions highlighted in this chapter.
- Practice neat presentation with headings, bullet points, and boxed numerical answers for scoring maximum marks."
Urdu Class 11 - Unit 02 Chapter 2 - Naat (New),Urdu,11,PCTB (Punjab Curriculum & Textbook Board),CHAPTER_WISE,2,Chapter Questions,TaleemCity / PakParcha,https://drive.google.com/file/d/17ASEY7myBDIF4Zu38SMq5UGpkLMEJHpU/preview,"### Comprehensive 1st Year / Class 11 Urdu (Chapter 2) Notes & Solutions (HSSC-I)

Get the best 1st Year (Class 11 / HSSC Part 1) Urdu notes for **Urdu Class 11 - Unit 02 Chapter 2 - Naat (New)**. These high-yield study materials are designed strictly according to the latest National Curriculum 2025–2026, Punjab Curriculum & Textbook Board (PCTB), and Federal Board (FBISE) syllabus standards.

#### 📌 What's Included in this 11th Class Urdu Guide:
1. **Topic-wise Short Questions & Conceptual Answers:** Comprehensive answers with high-scoring keywords, scientific terminology, and clear definitions.
2. **Solved Long Questions & Detailed Derivations:** Step-by-step explanations, labeled diagrams, mathematical derivations, and board-standard structured headings.
3. **Multiple Choice Questions (Solved MCQs):** High-frequency exam MCQs with 100% verified correct options and conceptual rationales.
4. **Textbook Exercise Solutions & Solved Numericals:** Complete, step-by-step solutions to all textbook review questions, exercises, and numerical problems with standard formulas and units.

#### 🏛️ Applicable for All Intermediate Boards across Pakistan:
- **Punjab Boards:** Lahore, Rawalpindi, Gujranwala, Faisalabad, Multan, Sargodha, Sahiwal, Bahawalpur, and DG Khan Board.
- **Federal Board (FBISE):** Islamabad Model Colleges, Army Public Schools & Overseas Examination Centers.
- **KPK, Sindh & Balochistan Boards:** Fully compliant with Single National Curriculum SLO-based assessments.

#### 💡 Expert 1st Year Board Exam Tips:
- High priority given to SLO-based (Student Learning Outcomes) conceptual questions.
- Review the past 5-year past paper repeated questions highlighted in this chapter.
- Practice neat presentation with headings, bullet points, and boxed numerical answers for scoring maximum marks."
Urdu Class 11 - Unit 03 Chapter 3 - Akhlaq-e-Nabvi SAW (New),Urdu,11,PCTB (Punjab Curriculum & Textbook Board),CHAPTER_WISE,3,Chapter Questions,TaleemCity / PakParcha,https://drive.google.com/file/d/1EZ-2Zp1h8YuXVgBKWLdAFzdFv6sADRsz/preview,"### Comprehensive 1st Year / Class 11 Urdu (Chapter 3) Notes & Solutions (HSSC-I)

Get the best 1st Year (Class 11 / HSSC Part 1) Urdu notes for **Urdu Class 11 - Unit 03 Chapter 3 - Akhlaq-e-Nabvi SAW (New)**. These high-yield study materials are designed strictly according to the latest National Curriculum 2025–2026, Punjab Curriculum & Textbook Board (PCTB), and Federal Board (FBISE) syllabus standards.

#### 📌 What's Included in this 11th Class Urdu Guide:
1. **Topic-wise Short Questions & Conceptual Answers:** Comprehensive answers with high-scoring keywords, scientific terminology, and clear definitions.
2. **Solved Long Questions & Detailed Derivations:** Step-by-step explanations, labeled diagrams, mathematical derivations, and board-standard structured headings.
3. **Multiple Choice Questions (Solved MCQs):** High-frequency exam MCQs with 100% verified correct options and conceptual rationales.
4. **Textbook Exercise Solutions & Solved Numericals:** Complete, step-by-step solutions to all textbook review questions, exercises, and numerical problems with standard formulas and units.

#### 🏛️ Applicable for All Intermediate Boards across Pakistan:
- **Punjab Boards:** Lahore, Rawalpindi, Gujranwala, Faisalabad, Multan, Sargodha, Sahiwal, Bahawalpur, and DG Khan Board.
- **Federal Board (FBISE):** Islamabad Model Colleges, Army Public Schools & Overseas Examination Centers.
- **KPK, Sindh & Balochistan Boards:** Fully compliant with Single National Curriculum SLO-based assessments.

#### 💡 Expert 1st Year Board Exam Tips:
- High priority given to SLO-based (Student Learning Outcomes) conceptual questions.
- Review the past 5-year past paper repeated questions highlighted in this chapter.
- Practice neat presentation with headings, bullet points, and boxed numerical answers for scoring maximum marks."
Urdu Class 11 - Unit 04 Chapter 4 - Faqa ma Roza (New),Urdu,11,PCTB (Punjab Curriculum & Textbook Board),CHAPTER_WISE,4,Chapter Questions,TaleemCity / PakParcha,https://drive.google.com/file/d/1lktYHSy2OQFvqqAaENZ_2fps857OCW0n/preview,"### Comprehensive 1st Year / Class 11 Urdu (Chapter 4) Notes & Solutions (HSSC-I)

Get the best 1st Year (Class 11 / HSSC Part 1) Urdu notes for **Urdu Class 11 - Unit 04 Chapter 4 - Faqa ma Roza (New)**. These high-yield study materials are designed strictly according to the latest National Curriculum 2025–2026, Punjab Curriculum & Textbook Board (PCTB), and Federal Board (FBISE) syllabus standards.

#### 📌 What's Included in this 11th Class Urdu Guide:
1. **Topic-wise Short Questions & Conceptual Answers:** Comprehensive answers with high-scoring keywords, scientific terminology, and clear definitions.
2. **Solved Long Questions & Detailed Derivations:** Step-by-step explanations, labeled diagrams, mathematical derivations, and board-standard structured headings.
3. **Multiple Choice Questions (Solved MCQs):** High-frequency exam MCQs with 100% verified correct options and conceptual rationales.
4. **Textbook Exercise Solutions & Solved Numericals:** Complete, step-by-step solutions to all textbook review questions, exercises, and numerical problems with standard formulas and units.

#### 🏛️ Applicable for All Intermediate Boards across Pakistan:
- **Punjab Boards:** Lahore, Rawalpindi, Gujranwala, Faisalabad, Multan, Sargodha, Sahiwal, Bahawalpur, and DG Khan Board.
- **Federal Board (FBISE):** Islamabad Model Colleges, Army Public Schools & Overseas Examination Centers.
- **KPK, Sindh & Balochistan Boards:** Fully compliant with Single National Curriculum SLO-based assessments.

#### 💡 Expert 1st Year Board Exam Tips:
- High priority given to SLO-based (Student Learning Outcomes) conceptual questions.
- Review the past 5-year past paper repeated questions highlighted in this chapter.
- Practice neat presentation with headings, bullet points, and boxed numerical answers for scoring maximum marks."
Urdu Class 11 - Unit 05 Chapter 5 - Makateeb e Ghalib (New),Urdu,11,PCTB (Punjab Curriculum & Textbook Board),CHAPTER_WISE,5,Chapter Questions,TaleemCity / PakParcha,https://drive.google.com/file/d/1xXfC-ZMSEdek3CXBEi90c3IWh0K51nnG/preview,"### Comprehensive 1st Year / Class 11 Urdu (Chapter 5) Notes & Solutions (HSSC-I)

Get the best 1st Year (Class 11 / HSSC Part 1) Urdu notes for **Urdu Class 11 - Unit 05 Chapter 5 - Makateeb e Ghalib (New)**. These high-yield study materials are designed strictly according to the latest National Curriculum 2025–2026, Punjab Curriculum & Textbook Board (PCTB), and Federal Board (FBISE) syllabus standards.

#### 📌 What's Included in this 11th Class Urdu Guide:
1. **Topic-wise Short Questions & Conceptual Answers:** Comprehensive answers with high-scoring keywords, scientific terminology, and clear definitions.
2. **Solved Long Questions & Detailed Derivations:** Step-by-step explanations, labeled diagrams, mathematical derivations, and board-standard structured headings.
3. **Multiple Choice Questions (Solved MCQs):** High-frequency exam MCQs with 100% verified correct options and conceptual rationales.
4. **Textbook Exercise Solutions & Solved Numericals:** Complete, step-by-step solutions to all textbook review questions, exercises, and numerical problems with standard formulas and units.

#### 🏛️ Applicable for All Intermediate Boards across Pakistan:
- **Punjab Boards:** Lahore, Rawalpindi, Gujranwala, Faisalabad, Multan, Sargodha, Sahiwal, Bahawalpur, and DG Khan Board.
- **Federal Board (FBISE):** Islamabad Model Colleges, Army Public Schools & Overseas Examination Centers.
- **KPK, Sindh & Balochistan Boards:** Fully compliant with Single National Curriculum SLO-based assessments.

#### 💡 Expert 1st Year Board Exam Tips:
- High priority given to SLO-based (Student Learning Outcomes) conceptual questions.
- Review the past 5-year past paper repeated questions highlighted in this chapter.
- Practice neat presentation with headings, bullet points, and boxed numerical answers for scoring maximum marks."
Urdu Class 11 - Unit 06 Chapter 6 - Aik Ustad Adalat Mein (New),Urdu,11,PCTB (Punjab Curriculum & Textbook Board),CHAPTER_WISE,6,Chapter Questions,TaleemCity / PakParcha,https://drive.google.com/file/d/1H9R7kaNh6eyim57xOwL5WyEBx7LMvibw/preview,"### Comprehensive 1st Year / Class 11 Urdu (Chapter 6) Notes & Solutions (HSSC-I)

Get the best 1st Year (Class 11 / HSSC Part 1) Urdu notes for **Urdu Class 11 - Unit 06 Chapter 6 - Aik Ustad Adalat Mein (New)**. These high-yield study materials are designed strictly according to the latest National Curriculum 2025–2026, Punjab Curriculum & Textbook Board (PCTB), and Federal Board (FBISE) syllabus standards.

#### 📌 What's Included in this 11th Class Urdu Guide:
1. **Topic-wise Short Questions & Conceptual Answers:** Comprehensive answers with high-scoring keywords, scientific terminology, and clear definitions.
2. **Solved Long Questions & Detailed Derivations:** Step-by-step explanations, labeled diagrams, mathematical derivations, and board-standard structured headings.
3. **Multiple Choice Questions (Solved MCQs):** High-frequency exam MCQs with 100% verified correct options and conceptual rationales.
4. **Textbook Exercise Solutions & Solved Numericals:** Complete, step-by-step solutions to all textbook review questions, exercises, and numerical problems with standard formulas and units.

#### 🏛️ Applicable for All Intermediate Boards across Pakistan:
- **Punjab Boards:** Lahore, Rawalpindi, Gujranwala, Faisalabad, Multan, Sargodha, Sahiwal, Bahawalpur, and DG Khan Board.
- **Federal Board (FBISE):** Islamabad Model Colleges, Army Public Schools & Overseas Examination Centers.
- **KPK, Sindh & Balochistan Boards:** Fully compliant with Single National Curriculum SLO-based assessments.

#### 💡 Expert 1st Year Board Exam Tips:
- High priority given to SLO-based (Student Learning Outcomes) conceptual questions.
- Review the past 5-year past paper repeated questions highlighted in this chapter.
- Practice neat presentation with headings, bullet points, and boxed numerical answers for scoring maximum marks."
Urdu Class 11 - Unit 07 Chapter 7 - Charpai (New),Urdu,11,PCTB (Punjab Curriculum & Textbook Board),CHAPTER_WISE,7,Chapter Questions,TaleemCity / PakParcha,https://drive.google.com/file/d/1OBueh7yz6qesy_f_WBbUH0qsaxXljsSm/preview,"### Comprehensive 1st Year / Class 11 Urdu (Chapter 7) Notes & Solutions (HSSC-I)

Get the best 1st Year (Class 11 / HSSC Part 1) Urdu notes for **Urdu Class 11 - Unit 07 Chapter 7 - Charpai (New)**. These high-yield study materials are designed strictly according to the latest National Curriculum 2025–2026, Punjab Curriculum & Textbook Board (PCTB), and Federal Board (FBISE) syllabus standards.

#### 📌 What's Included in this 11th Class Urdu Guide:
1. **Topic-wise Short Questions & Conceptual Answers:** Comprehensive answers with high-scoring keywords, scientific terminology, and clear definitions.
2. **Solved Long Questions & Detailed Derivations:** Step-by-step explanations, labeled diagrams, mathematical derivations, and board-standard structured headings.
3. **Multiple Choice Questions (Solved MCQs):** High-frequency exam MCQs with 100% verified correct options and conceptual rationales.
4. **Textbook Exercise Solutions & Solved Numericals:** Complete, step-by-step solutions to all textbook review questions, exercises, and numerical problems with standard formulas and units.

#### 🏛️ Applicable for All Intermediate Boards across Pakistan:
- **Punjab Boards:** Lahore, Rawalpindi, Gujranwala, Faisalabad, Multan, Sargodha, Sahiwal, Bahawalpur, and DG Khan Board.
- **Federal Board (FBISE):** Islamabad Model Colleges, Army Public Schools & Overseas Examination Centers.
- **KPK, Sindh & Balochistan Boards:** Fully compliant with Single National Curriculum SLO-based assessments.

#### 💡 Expert 1st Year Board Exam Tips:
- High priority given to SLO-based (Student Learning Outcomes) conceptual questions.
- Review the past 5-year past paper repeated questions highlighted in this chapter.
- Practice neat presentation with headings, bullet points, and boxed numerical answers for scoring maximum marks."
Urdu Class 11 - Unit 08 Chapter 8 - Aur Pakistan bn Gya (New),Urdu,11,PCTB (Punjab Curriculum & Textbook Board),CHAPTER_WISE,8,Chapter Questions,TaleemCity / PakParcha,https://drive.google.com/file/d/1duhZCYK7LCF-STSq3FSoQmtgL5cgND-V/preview,"### Comprehensive 1st Year / Class 11 Urdu (Chapter 8) Notes & Solutions (HSSC-I)

Get the best 1st Year (Class 11 / HSSC Part 1) Urdu notes for **Urdu Class 11 - Unit 08 Chapter 8 - Aur Pakistan bn Gya (New)**. These high-yield study materials are designed strictly according to the latest National Curriculum 2025–2026, Punjab Curriculum & Textbook Board (PCTB), and Federal Board (FBISE) syllabus standards.

#### 📌 What's Included in this 11th Class Urdu Guide:
1. **Topic-wise Short Questions & Conceptual Answers:** Comprehensive answers with high-scoring keywords, scientific terminology, and clear definitions.
2. **Solved Long Questions & Detailed Derivations:** Step-by-step explanations, labeled diagrams, mathematical derivations, and board-standard structured headings.
3. **Multiple Choice Questions (Solved MCQs):** High-frequency exam MCQs with 100% verified correct options and conceptual rationales.
4. **Textbook Exercise Solutions & Solved Numericals:** Complete, step-by-step solutions to all textbook review questions, exercises, and numerical problems with standard formulas and units.

#### 🏛️ Applicable for All Intermediate Boards across Pakistan:
- **Punjab Boards:** Lahore, Rawalpindi, Gujranwala, Faisalabad, Multan, Sargodha, Sahiwal, Bahawalpur, and DG Khan Board.
- **Federal Board (FBISE):** Islamabad Model Colleges, Army Public Schools & Overseas Examination Centers.
- **KPK, Sindh & Balochistan Boards:** Fully compliant with Single National Curriculum SLO-based assessments.

#### 💡 Expert 1st Year Board Exam Tips:
- High priority given to SLO-based (Student Learning Outcomes) conceptual questions.
- Review the past 5-year past paper repeated questions highlighted in this chapter.
- Practice neat presentation with headings, bullet points, and boxed numerical answers for scoring maximum marks."
Urdu Class 11 - Unit 09 Chapter 9 - Naya Qanoon (New),Urdu,11,PCTB (Punjab Curriculum & Textbook Board),CHAPTER_WISE,9,Chapter Questions,TaleemCity / PakParcha,https://drive.google.com/file/d/1P58RKVoqdg0FLUtIacVQ8NYTIC7bs5V1/preview,"### Comprehensive 1st Year / Class 11 Urdu (Chapter 9) Notes & Solutions (HSSC-I)

Get the best 1st Year (Class 11 / HSSC Part 1) Urdu notes for **Urdu Class 11 - Unit 09 Chapter 9 - Naya Qanoon (New)**. These high-yield study materials are designed strictly according to the latest National Curriculum 2025–2026, Punjab Curriculum & Textbook Board (PCTB), and Federal Board (FBISE) syllabus standards.

#### 📌 What's Included in this 11th Class Urdu Guide:
1. **Topic-wise Short Questions & Conceptual Answers:** Comprehensive answers with high-scoring keywords, scientific terminology, and clear definitions.
2. **Solved Long Questions & Detailed Derivations:** Step-by-step explanations, labeled diagrams, mathematical derivations, and board-standard structured headings.
3. **Multiple Choice Questions (Solved MCQs):** High-frequency exam MCQs with 100% verified correct options and conceptual rationales.
4. **Textbook Exercise Solutions & Solved Numericals:** Complete, step-by-step solutions to all textbook review questions, exercises, and numerical problems with standard formulas and units.

#### 🏛️ Applicable for All Intermediate Boards across Pakistan:
- **Punjab Boards:** Lahore, Rawalpindi, Gujranwala, Faisalabad, Multan, Sargodha, Sahiwal, Bahawalpur, and DG Khan Board.
- **Federal Board (FBISE):** Islamabad Model Colleges, Army Public Schools & Overseas Examination Centers.
- **KPK, Sindh & Balochistan Boards:** Fully compliant with Single National Curriculum SLO-based assessments.

#### 💡 Expert 1st Year Board Exam Tips:
- High priority given to SLO-based (Student Learning Outcomes) conceptual questions.
- Review the past 5-year past paper repeated questions highlighted in this chapter.
- Practice neat presentation with headings, bullet points, and boxed numerical answers for scoring maximum marks."
Urdu Class 11 - Unit 10 Chapter 10 - Dehleez (New),Urdu,11,PCTB (Punjab Curriculum & Textbook Board),CHAPTER_WISE,10,Chapter Questions,TaleemCity / PakParcha,https://drive.google.com/file/d/1q9LY7-lcBhM8xBOPGTiyeZ1QKwFeLLPW/preview,"### Comprehensive 1st Year / Class 11 Urdu (Chapter 10) Notes & Solutions (HSSC-I)

Get the best 1st Year (Class 11 / HSSC Part 1) Urdu notes for **Urdu Class 11 - Unit 10 Chapter 10 - Dehleez (New)**. These high-yield study materials are designed strictly according to the latest National Curriculum 2025–2026, Punjab Curriculum & Textbook Board (PCTB), and Federal Board (FBISE) syllabus standards.

#### 📌 What's Included in this 11th Class Urdu Guide:
1. **Topic-wise Short Questions & Conceptual Answers:** Comprehensive answers with high-scoring keywords, scientific terminology, and clear definitions.
2. **Solved Long Questions & Detailed Derivations:** Step-by-step explanations, labeled diagrams, mathematical derivations, and board-standard structured headings.
3. **Multiple Choice Questions (Solved MCQs):** High-frequency exam MCQs with 100% verified correct options and conceptual rationales.
4. **Textbook Exercise Solutions & Solved Numericals:** Complete, step-by-step solutions to all textbook review questions, exercises, and numerical problems with standard formulas and units.

#### 🏛️ Applicable for All Intermediate Boards across Pakistan:
- **Punjab Boards:** Lahore, Rawalpindi, Gujranwala, Faisalabad, Multan, Sargodha, Sahiwal, Bahawalpur, and DG Khan Board.
- **Federal Board (FBISE):** Islamabad Model Colleges, Army Public Schools & Overseas Examination Centers.
- **KPK, Sindh & Balochistan Boards:** Fully compliant with Single National Curriculum SLO-based assessments.

#### 💡 Expert 1st Year Board Exam Tips:
- High priority given to SLO-based (Student Learning Outcomes) conceptual questions.
- Review the past 5-year past paper repeated questions highlighted in this chapter.
- Practice neat presentation with headings, bullet points, and boxed numerical answers for scoring maximum marks."
Urdu Class 11 - Unit 11 Chapter 11 - Tareekh ka Kafan (New),Urdu,11,PCTB (Punjab Curriculum & Textbook Board),CHAPTER_WISE,11,Chapter Questions,TaleemCity / PakParcha,https://drive.google.com/file/d/1K-s24l-s1JLDzey6n8-NR5uB5DbJxQ_t/preview,"### Comprehensive 1st Year / Class 11 Urdu (Chapter 11) Notes & Solutions (HSSC-I)

Get the best 1st Year (Class 11 / HSSC Part 1) Urdu notes for **Urdu Class 11 - Unit 11 Chapter 11 - Tareekh ka Kafan (New)**. These high-yield study materials are designed strictly according to the latest National Curriculum 2025–2026, Punjab Curriculum & Textbook Board (PCTB), and Federal Board (FBISE) syllabus standards.

#### 📌 What's Included in this 11th Class Urdu Guide:
1. **Topic-wise Short Questions & Conceptual Answers:** Comprehensive answers with high-scoring keywords, scientific terminology, and clear definitions.
2. **Solved Long Questions & Detailed Derivations:** Step-by-step explanations, labeled diagrams, mathematical derivations, and board-standard structured headings.
3. **Multiple Choice Questions (Solved MCQs):** High-frequency exam MCQs with 100% verified correct options and conceptual rationales.
4. **Textbook Exercise Solutions & Solved Numericals:** Complete, step-by-step solutions to all textbook review questions, exercises, and numerical problems with standard formulas and units.

#### 🏛️ Applicable for All Intermediate Boards across Pakistan:
- **Punjab Boards:** Lahore, Rawalpindi, Gujranwala, Faisalabad, Multan, Sargodha, Sahiwal, Bahawalpur, and DG Khan Board.
- **Federal Board (FBISE):** Islamabad Model Colleges, Army Public Schools & Overseas Examination Centers.
- **KPK, Sindh & Balochistan Boards:** Fully compliant with Single National Curriculum SLO-based assessments.

#### 💡 Expert 1st Year Board Exam Tips:
- High priority given to SLO-based (Student Learning Outcomes) conceptual questions.
- Review the past 5-year past paper repeated questions highlighted in this chapter.
- Practice neat presentation with headings, bullet points, and boxed numerical answers for scoring maximum marks."
Urdu Class 11 - Unit 12 Chapter 12 - Pakistani Zubane aur un ka bahmi rishta (New),Urdu,11,PCTB (Punjab Curriculum & Textbook Board),CHAPTER_WISE,12,Chapter Questions,TaleemCity / PakParcha,https://drive.google.com/file/d/1an0O1C3YG76Al-vCb7g9zKgvrENDPMR2/preview,"### Comprehensive 1st Year / Class 11 Urdu (Chapter 12) Notes & Solutions (HSSC-I)

Get the best 1st Year (Class 11 / HSSC Part 1) Urdu notes for **Urdu Class 11 - Unit 12 Chapter 12 - Pakistani Zubane aur un ka bahmi rishta (New)**. These high-yield study materials are designed strictly according to the latest National Curriculum 2025–2026, Punjab Curriculum & Textbook Board (PCTB), and Federal Board (FBISE) syllabus standards.

#### 📌 What's Included in this 11th Class Urdu Guide:
1. **Topic-wise Short Questions & Conceptual Answers:** Comprehensive answers with high-scoring keywords, scientific terminology, and clear definitions.
2. **Solved Long Questions & Detailed Derivations:** Step-by-step explanations, labeled diagrams, mathematical derivations, and board-standard structured headings.
3. **Multiple Choice Questions (Solved MCQs):** High-frequency exam MCQs with 100% verified correct options and conceptual rationales.
4. **Textbook Exercise Solutions & Solved Numericals:** Complete, step-by-step solutions to all textbook review questions, exercises, and numerical problems with standard formulas and units.

#### 🏛️ Applicable for All Intermediate Boards across Pakistan:
- **Punjab Boards:** Lahore, Rawalpindi, Gujranwala, Faisalabad, Multan, Sargodha, Sahiwal, Bahawalpur, and DG Khan Board.
- **Federal Board (FBISE):** Islamabad Model Colleges, Army Public Schools & Overseas Examination Centers.
- **KPK, Sindh & Balochistan Boards:** Fully compliant with Single National Curriculum SLO-based assessments.

#### 💡 Expert 1st Year Board Exam Tips:
- High priority given to SLO-based (Student Learning Outcomes) conceptual questions.
- Review the past 5-year past paper repeated questions highlighted in this chapter.
- Practice neat presentation with headings, bullet points, and boxed numerical answers for scoring maximum marks."
Urdu Class 11 - Unit 13 Chapter 13 - Ay Wadi e Lolaab (New),Urdu,11,PCTB (Punjab Curriculum & Textbook Board),CHAPTER_WISE,13,Chapter Questions,TaleemCity / PakParcha,https://drive.google.com/file/d/1qEhPo5w4xzYrvXBQ1HhQf6XnH-o3RG31/preview,"### Comprehensive 1st Year / Class 11 Urdu (Chapter 13) Notes & Solutions (HSSC-I)

Get the best 1st Year (Class 11 / HSSC Part 1) Urdu notes for **Urdu Class 11 - Unit 13 Chapter 13 - Ay Wadi e Lolaab (New)**. These high-yield study materials are designed strictly according to the latest National Curriculum 2025–2026, Punjab Curriculum & Textbook Board (PCTB), and Federal Board (FBISE) syllabus standards.

#### 📌 What's Included in this 11th Class Urdu Guide:
1. **Topic-wise Short Questions & Conceptual Answers:** Comprehensive answers with high-scoring keywords, scientific terminology, and clear definitions.
2. **Solved Long Questions & Detailed Derivations:** Step-by-step explanations, labeled diagrams, mathematical derivations, and board-standard structured headings.
3. **Multiple Choice Questions (Solved MCQs):** High-frequency exam MCQs with 100% verified correct options and conceptual rationales.
4. **Textbook Exercise Solutions & Solved Numericals:** Complete, step-by-step solutions to all textbook review questions, exercises, and numerical problems with standard formulas and units.

#### 🏛️ Applicable for All Intermediate Boards across Pakistan:
- **Punjab Boards:** Lahore, Rawalpindi, Gujranwala, Faisalabad, Multan, Sargodha, Sahiwal, Bahawalpur, and DG Khan Board.
- **Federal Board (FBISE):** Islamabad Model Colleges, Army Public Schools & Overseas Examination Centers.
- **KPK, Sindh & Balochistan Boards:** Fully compliant with Single National Curriculum SLO-based assessments.

#### 💡 Expert 1st Year Board Exam Tips:
- High priority given to SLO-based (Student Learning Outcomes) conceptual questions.
- Review the past 5-year past paper repeated questions highlighted in this chapter.
- Practice neat presentation with headings, bullet points, and boxed numerical answers for scoring maximum marks."
Urdu Class 11 - Unit 14 Chapter 14 - O Des Se Aane Wale Bata (New),Urdu,11,PCTB (Punjab Curriculum & Textbook Board),CHAPTER_WISE,14,Chapter Questions,TaleemCity / PakParcha,https://drive.google.com/file/d/17QUEwH5Lar9CMZduotRZaxAsyDIfk93Y/preview,"### Comprehensive 1st Year / Class 11 Urdu (Chapter 14) Notes & Solutions (HSSC-I)

Get the best 1st Year (Class 11 / HSSC Part 1) Urdu notes for **Urdu Class 11 - Unit 14 Chapter 14 - O Des Se Aane Wale Bata (New)**. These high-yield study materials are designed strictly according to the latest National Curriculum 2025–2026, Punjab Curriculum & Textbook Board (PCTB), and Federal Board (FBISE) syllabus standards.

#### 📌 What's Included in this 11th Class Urdu Guide:
1. **Topic-wise Short Questions & Conceptual Answers:** Comprehensive answers with high-scoring keywords, scientific terminology, and clear definitions.
2. **Solved Long Questions & Detailed Derivations:** Step-by-step explanations, labeled diagrams, mathematical derivations, and board-standard structured headings.
3. **Multiple Choice Questions (Solved MCQs):** High-frequency exam MCQs with 100% verified correct options and conceptual rationales.
4. **Textbook Exercise Solutions & Solved Numericals:** Complete, step-by-step solutions to all textbook review questions, exercises, and numerical problems with standard formulas and units.

#### 🏛️ Applicable for All Intermediate Boards across Pakistan:
- **Punjab Boards:** Lahore, Rawalpindi, Gujranwala, Faisalabad, Multan, Sargodha, Sahiwal, Bahawalpur, and DG Khan Board.
- **Federal Board (FBISE):** Islamabad Model Colleges, Army Public Schools & Overseas Examination Centers.
- **KPK, Sindh & Balochistan Boards:** Fully compliant with Single National Curriculum SLO-based assessments.

#### 💡 Expert 1st Year Board Exam Tips:
- High priority given to SLO-based (Student Learning Outcomes) conceptual questions.
- Review the past 5-year past paper repeated questions highlighted in this chapter.
- Practice neat presentation with headings, bullet points, and boxed numerical answers for scoring maximum marks."
Urdu Class 11 - Unit 15 Chapter 15 - Azadi (New),Urdu,11,PCTB (Punjab Curriculum & Textbook Board),CHAPTER_WISE,15,Chapter Questions,TaleemCity / PakParcha,https://drive.google.com/file/d/158n245F6vJJ5kE_mxJpr9Z8w_40kAzuS/preview,"### Comprehensive 1st Year / Class 11 Urdu (Chapter 15) Notes & Solutions (HSSC-I)

Get the best 1st Year (Class 11 / HSSC Part 1) Urdu notes for **Urdu Class 11 - Unit 15 Chapter 15 - Azadi (New)**. These high-yield study materials are designed strictly according to the latest National Curriculum 2025–2026, Punjab Curriculum & Textbook Board (PCTB), and Federal Board (FBISE) syllabus standards.

#### 📌 What's Included in this 11th Class Urdu Guide:
1. **Topic-wise Short Questions & Conceptual Answers:** Comprehensive answers with high-scoring keywords, scientific terminology, and clear definitions.
2. **Solved Long Questions & Detailed Derivations:** Step-by-step explanations, labeled diagrams, mathematical derivations, and board-standard structured headings.
3. **Multiple Choice Questions (Solved MCQs):** High-frequency exam MCQs with 100% verified correct options and conceptual rationales.
4. **Textbook Exercise Solutions & Solved Numericals:** Complete, step-by-step solutions to all textbook review questions, exercises, and numerical problems with standard formulas and units.

#### 🏛️ Applicable for All Intermediate Boards across Pakistan:
- **Punjab Boards:** Lahore, Rawalpindi, Gujranwala, Faisalabad, Multan, Sargodha, Sahiwal, Bahawalpur, and DG Khan Board.
- **Federal Board (FBISE):** Islamabad Model Colleges, Army Public Schools & Overseas Examination Centers.
- **KPK, Sindh & Balochistan Boards:** Fully compliant with Single National Curriculum SLO-based assessments.

#### 💡 Expert 1st Year Board Exam Tips:
- High priority given to SLO-based (Student Learning Outcomes) conceptual questions.
- Review the past 5-year past paper repeated questions highlighted in this chapter.
- Practice neat presentation with headings, bullet points, and boxed numerical answers for scoring maximum marks."
Urdu Class 11 - Unit 16 Chapter 16 - Ikhlas (New),Urdu,11,PCTB (Punjab Curriculum & Textbook Board),CHAPTER_WISE,16,Chapter Questions,TaleemCity / PakParcha,https://drive.google.com/file/d/1F9FunXirKHuR2l6OlmOp9m1pDnUvGKNX/preview,"### Comprehensive 1st Year / Class 11 Urdu (Chapter 16) Notes & Solutions (HSSC-I)

Get the best 1st Year (Class 11 / HSSC Part 1) Urdu notes for **Urdu Class 11 - Unit 16 Chapter 16 - Ikhlas (New)**. These high-yield study materials are designed strictly according to the latest National Curriculum 2025–2026, Punjab Curriculum & Textbook Board (PCTB), and Federal Board (FBISE) syllabus standards.

#### 📌 What's Included in this 11th Class Urdu Guide:
1. **Topic-wise Short Questions & Conceptual Answers:** Comprehensive answers with high-scoring keywords, scientific terminology, and clear definitions.
2. **Solved Long Questions & Detailed Derivations:** Step-by-step explanations, labeled diagrams, mathematical derivations, and board-standard structured headings.
3. **Multiple Choice Questions (Solved MCQs):** High-frequency exam MCQs with 100% verified correct options and conceptual rationales.
4. **Textbook Exercise Solutions & Solved Numericals:** Complete, step-by-step solutions to all textbook review questions, exercises, and numerical problems with standard formulas and units.

#### 🏛️ Applicable for All Intermediate Boards across Pakistan:
- **Punjab Boards:** Lahore, Rawalpindi, Gujranwala, Faisalabad, Multan, Sargodha, Sahiwal, Bahawalpur, and DG Khan Board.
- **Federal Board (FBISE):** Islamabad Model Colleges, Army Public Schools & Overseas Examination Centers.
- **KPK, Sindh & Balochistan Boards:** Fully compliant with Single National Curriculum SLO-based assessments.

#### 💡 Expert 1st Year Board Exam Tips:
- High priority given to SLO-based (Student Learning Outcomes) conceptual questions.
- Review the past 5-year past paper repeated questions highlighted in this chapter.
- Practice neat presentation with headings, bullet points, and boxed numerical answers for scoring maximum marks."
Urdu Class 11 - Unit 17 Chapter 17 - Khara Dinner (New),Urdu,11,PCTB (Punjab Curriculum & Textbook Board),CHAPTER_WISE,17,Chapter Questions,TaleemCity / PakParcha,https://drive.google.com/file/d/13-JtX17D5WZgAAjD4hrrCUiW4VOl3gpa/preview,"### Comprehensive 1st Year / Class 11 Urdu (Chapter 17) Notes & Solutions (HSSC-I)

Get the best 1st Year (Class 11 / HSSC Part 1) Urdu notes for **Urdu Class 11 - Unit 17 Chapter 17 - Khara Dinner (New)**. These high-yield study materials are designed strictly according to the latest National Curriculum 2025–2026, Punjab Curriculum & Textbook Board (PCTB), and Federal Board (FBISE) syllabus standards.

#### 📌 What's Included in this 11th Class Urdu Guide:
1. **Topic-wise Short Questions & Conceptual Answers:** Comprehensive answers with high-scoring keywords, scientific terminology, and clear definitions.
2. **Solved Long Questions & Detailed Derivations:** Step-by-step explanations, labeled diagrams, mathematical derivations, and board-standard structured headings.
3. **Multiple Choice Questions (Solved MCQs):** High-frequency exam MCQs with 100% verified correct options and conceptual rationales.
4. **Textbook Exercise Solutions & Solved Numericals:** Complete, step-by-step solutions to all textbook review questions, exercises, and numerical problems with standard formulas and units.

#### 🏛️ Applicable for All Intermediate Boards across Pakistan:
- **Punjab Boards:** Lahore, Rawalpindi, Gujranwala, Faisalabad, Multan, Sargodha, Sahiwal, Bahawalpur, and DG Khan Board.
- **Federal Board (FBISE):** Islamabad Model Colleges, Army Public Schools & Overseas Examination Centers.
- **KPK, Sindh & Balochistan Boards:** Fully compliant with Single National Curriculum SLO-based assessments.

#### 💡 Expert 1st Year Board Exam Tips:
- High priority given to SLO-based (Student Learning Outcomes) conceptual questions.
- Review the past 5-year past paper repeated questions highlighted in this chapter.
- Practice neat presentation with headings, bullet points, and boxed numerical answers for scoring maximum marks."
Urdu Class 11 - Unit 18 Chapter 18 - Patta Patta Buta Buta Hal Hamara Jaane Hai (New),Urdu,11,PCTB (Punjab Curriculum & Textbook Board),CHAPTER_WISE,18,Chapter Questions,TaleemCity / PakParcha,https://drive.google.com/file/d/15ifdovjuTRhYcbwHYvWE8juyv5LJdq0F/preview,"### Comprehensive 1st Year / Class 11 Urdu (Chapter 18) Notes & Solutions (HSSC-I)

Get the best 1st Year (Class 11 / HSSC Part 1) Urdu notes for **Urdu Class 11 - Unit 18 Chapter 18 - Patta Patta Buta Buta Hal Hamara Jaane Hai (New)**. These high-yield study materials are designed strictly according to the latest National Curriculum 2025–2026, Punjab Curriculum & Textbook Board (PCTB), and Federal Board (FBISE) syllabus standards.

#### 📌 What's Included in this 11th Class Urdu Guide:
1. **Topic-wise Short Questions & Conceptual Answers:** Comprehensive answers with high-scoring keywords, scientific terminology, and clear definitions.
2. **Solved Long Questions & Detailed Derivations:** Step-by-step explanations, labeled diagrams, mathematical derivations, and board-standard structured headings.
3. **Multiple Choice Questions (Solved MCQs):** High-frequency exam MCQs with 100% verified correct options and conceptual rationales.
4. **Textbook Exercise Solutions & Solved Numericals:** Complete, step-by-step solutions to all textbook review questions, exercises, and numerical problems with standard formulas and units.

#### 🏛️ Applicable for All Intermediate Boards across Pakistan:
- **Punjab Boards:** Lahore, Rawalpindi, Gujranwala, Faisalabad, Multan, Sargodha, Sahiwal, Bahawalpur, and DG Khan Board.
- **Federal Board (FBISE):** Islamabad Model Colleges, Army Public Schools & Overseas Examination Centers.
- **KPK, Sindh & Balochistan Boards:** Fully compliant with Single National Curriculum SLO-based assessments.

#### 💡 Expert 1st Year Board Exam Tips:
- High priority given to SLO-based (Student Learning Outcomes) conceptual questions.
- Review the past 5-year past paper repeated questions highlighted in this chapter.
- Practice neat presentation with headings, bullet points, and boxed numerical answers for scoring maximum marks."
Urdu Class 11 - Unit 19 Chapter 19 - Sar Mein Sauda Bhi Nahi Dil Mein Tamana Bhi Nahi (New),Urdu,11,PCTB (Punjab Curriculum & Textbook Board),CHAPTER_WISE,19,Chapter Questions,TaleemCity / PakParcha,https://drive.google.com/file/d/1RMDvUIW2yzYls0ZxydXwOfLJJ8NSotSS/preview,"### Comprehensive 1st Year / Class 11 Urdu (Chapter 19) Notes & Solutions (HSSC-I)

Get the best 1st Year (Class 11 / HSSC Part 1) Urdu notes for **Urdu Class 11 - Unit 19 Chapter 19 - Sar Mein Sauda Bhi Nahi Dil Mein Tamana Bhi Nahi (New)**. These high-yield study materials are designed strictly according to the latest National Curriculum 2025–2026, Punjab Curriculum & Textbook Board (PCTB), and Federal Board (FBISE) syllabus standards.

#### 📌 What's Included in this 11th Class Urdu Guide:
1. **Topic-wise Short Questions & Conceptual Answers:** Comprehensive answers with high-scoring keywords, scientific terminology, and clear definitions.
2. **Solved Long Questions & Detailed Derivations:** Step-by-step explanations, labeled diagrams, mathematical derivations, and board-standard structured headings.
3. **Multiple Choice Questions (Solved MCQs):** High-frequency exam MCQs with 100% verified correct options and conceptual rationales.
4. **Textbook Exercise Solutions & Solved Numericals:** Complete, step-by-step solutions to all textbook review questions, exercises, and numerical problems with standard formulas and units.

#### 🏛️ Applicable for All Intermediate Boards across Pakistan:
- **Punjab Boards:** Lahore, Rawalpindi, Gujranwala, Faisalabad, Multan, Sargodha, Sahiwal, Bahawalpur, and DG Khan Board.
- **Federal Board (FBISE):** Islamabad Model Colleges, Army Public Schools & Overseas Examination Centers.
- **KPK, Sindh & Balochistan Boards:** Fully compliant with Single National Curriculum SLO-based assessments.

#### 💡 Expert 1st Year Board Exam Tips:
- High priority given to SLO-based (Student Learning Outcomes) conceptual questions.
- Review the past 5-year past paper repeated questions highlighted in this chapter.
- Practice neat presentation with headings, bullet points, and boxed numerical answers for scoring maximum marks."
Urdu Class 11 - Unit 20 Chapter 20 - Bechain Bohat Phirna Ghabraye Hue Rahna (New),Urdu,11,PCTB (Punjab Curriculum & Textbook Board),CHAPTER_WISE,20,Chapter Questions,TaleemCity / PakParcha,https://drive.google.com/file/d/1mbOKF4euHv581PClBTcMuaeL8QUgpJI3/preview,"### Comprehensive 1st Year / Class 11 Urdu (Chapter 20) Notes & Solutions (HSSC-I)

Get the best 1st Year (Class 11 / HSSC Part 1) Urdu notes for **Urdu Class 11 - Unit 20 Chapter 20 - Bechain Bohat Phirna Ghabraye Hue Rahna (New)**. These high-yield study materials are designed strictly according to the latest National Curriculum 2025–2026, Punjab Curriculum & Textbook Board (PCTB), and Federal Board (FBISE) syllabus standards.

#### 📌 What's Included in this 11th Class Urdu Guide:
1. **Topic-wise Short Questions & Conceptual Answers:** Comprehensive answers with high-scoring keywords, scientific terminology, and clear definitions.
2. **Solved Long Questions & Detailed Derivations:** Step-by-step explanations, labeled diagrams, mathematical derivations, and board-standard structured headings.
3. **Multiple Choice Questions (Solved MCQs):** High-frequency exam MCQs with 100% verified correct options and conceptual rationales.
4. **Textbook Exercise Solutions & Solved Numericals:** Complete, step-by-step solutions to all textbook review questions, exercises, and numerical problems with standard formulas and units.

#### 🏛️ Applicable for All Intermediate Boards across Pakistan:
- **Punjab Boards:** Lahore, Rawalpindi, Gujranwala, Faisalabad, Multan, Sargodha, Sahiwal, Bahawalpur, and DG Khan Board.
- **Federal Board (FBISE):** Islamabad Model Colleges, Army Public Schools & Overseas Examination Centers.
- **KPK, Sindh & Balochistan Boards:** Fully compliant with Single National Curriculum SLO-based assessments.

#### 💡 Expert 1st Year Board Exam Tips:
- High priority given to SLO-based (Student Learning Outcomes) conceptual questions.
- Review the past 5-year past paper repeated questions highlighted in this chapter.
- Practice neat presentation with headings, bullet points, and boxed numerical answers for scoring maximum marks."
Urdu Class 11 - Unit 21 Chapter 21 - Silsaly tor Gaya wo Sabhi jataty jataty (New),Urdu,11,PCTB (Punjab Curriculum & Textbook Board),CHAPTER_WISE,21,Chapter Questions,TaleemCity / PakParcha,https://drive.google.com/file/d/1ruIX-vXu239Hl9yBWzNDUG2vtROfzyud/preview,"### Comprehensive 1st Year / Class 11 Urdu (Chapter 21) Notes & Solutions (HSSC-I)

Get the best 1st Year (Class 11 / HSSC Part 1) Urdu notes for **Urdu Class 11 - Unit 21 Chapter 21 - Silsaly tor Gaya wo Sabhi jataty jataty (New)**. These high-yield study materials are designed strictly according to the latest National Curriculum 2025–2026, Punjab Curriculum & Textbook Board (PCTB), and Federal Board (FBISE) syllabus standards.

#### 📌 What's Included in this 11th Class Urdu Guide:
1. **Topic-wise Short Questions & Conceptual Answers:** Comprehensive answers with high-scoring keywords, scientific terminology, and clear definitions.
2. **Solved Long Questions & Detailed Derivations:** Step-by-step explanations, labeled diagrams, mathematical derivations, and board-standard structured headings.
3. **Multiple Choice Questions (Solved MCQs):** High-frequency exam MCQs with 100% verified correct options and conceptual rationales.
4. **Textbook Exercise Solutions & Solved Numericals:** Complete, step-by-step solutions to all textbook review questions, exercises, and numerical problems with standard formulas and units.

#### 🏛️ Applicable for All Intermediate Boards across Pakistan:
- **Punjab Boards:** Lahore, Rawalpindi, Gujranwala, Faisalabad, Multan, Sargodha, Sahiwal, Bahawalpur, and DG Khan Board.
- **Federal Board (FBISE):** Islamabad Model Colleges, Army Public Schools & Overseas Examination Centers.
- **KPK, Sindh & Balochistan Boards:** Fully compliant with Single National Curriculum SLO-based assessments.

#### 💡 Expert 1st Year Board Exam Tips:
- High priority given to SLO-based (Student Learning Outcomes) conceptual questions.
- Review the past 5-year past paper repeated questions highlighted in this chapter.
- Practice neat presentation with headings, bullet points, and boxed numerical answers for scoring maximum marks."
Urdu Class 11 - Unit 22 Chapter 22 - Badban Khulne Se Pehle ka Ishara (New),Urdu,11,PCTB (Punjab Curriculum & Textbook Board),CHAPTER_WISE,22,Chapter Questions,TaleemCity / PakParcha,https://drive.google.com/file/d/1JCAPEE8Dd4gf87tpvGB1vPXmUOkZ7A0X/preview,"### Comprehensive 1st Year / Class 11 Urdu (Chapter 22) Notes & Solutions (HSSC-I)

Get the best 1st Year (Class 11 / HSSC Part 1) Urdu notes for **Urdu Class 11 - Unit 22 Chapter 22 - Badban Khulne Se Pehle ka Ishara (New)**. These high-yield study materials are designed strictly according to the latest National Curriculum 2025–2026, Punjab Curriculum & Textbook Board (PCTB), and Federal Board (FBISE) syllabus standards.

#### 📌 What's Included in this 11th Class Urdu Guide:
1. **Topic-wise Short Questions & Conceptual Answers:** Comprehensive answers with high-scoring keywords, scientific terminology, and clear definitions.
2. **Solved Long Questions & Detailed Derivations:** Step-by-step explanations, labeled diagrams, mathematical derivations, and board-standard structured headings.
3. **Multiple Choice Questions (Solved MCQs):** High-frequency exam MCQs with 100% verified correct options and conceptual rationales.
4. **Textbook Exercise Solutions & Solved Numericals:** Complete, step-by-step solutions to all textbook review questions, exercises, and numerical problems with standard formulas and units.

#### 🏛️ Applicable for All Intermediate Boards across Pakistan:
- **Punjab Boards:** Lahore, Rawalpindi, Gujranwala, Faisalabad, Multan, Sargodha, Sahiwal, Bahawalpur, and DG Khan Board.
- **Federal Board (FBISE):** Islamabad Model Colleges, Army Public Schools & Overseas Examination Centers.
- **KPK, Sindh & Balochistan Boards:** Fully compliant with Single National Curriculum SLO-based assessments.

#### 💡 Expert 1st Year Board Exam Tips:
- High priority given to SLO-based (Student Learning Outcomes) conceptual questions.
- Review the past 5-year past paper repeated questions highlighted in this chapter.
- Practice neat presentation with headings, bullet points, and boxed numerical answers for scoring maximum marks."
Urdu Class 11 - Full Book Complete Notes,Urdu,11,PCTB (Punjab Curriculum & Textbook Board),FULL_BOOK,,Full Book Complete,TaleemCity / PakParcha,https://drive.google.com/file/d/1hV305x4zCW5Cd3BETCQtZHSCaU7jSOUE/preview,"### Comprehensive 1st Year / Class 11 Urdu (Full Book Complete Syllabus) Notes & Solutions (HSSC-I)

Get the best 1st Year (Class 11 / HSSC Part 1) Urdu notes for **Urdu Class 11 - Full Book Complete Notes**. These high-yield study materials are designed strictly according to the latest National Curriculum 2025–2026, Punjab Curriculum & Textbook Board (PCTB), and Federal Board (FBISE) syllabus standards.

#### 📌 What's Included in this 11th Class Urdu Guide:
1. **Topic-wise Short Questions & Conceptual Answers:** Comprehensive answers with high-scoring keywords, scientific terminology, and clear definitions.
2. **Solved Long Questions & Detailed Derivations:** Step-by-step explanations, labeled diagrams, mathematical derivations, and board-standard structured headings.
3. **Multiple Choice Questions (Solved MCQs):** High-frequency exam MCQs with 100% verified correct options and conceptual rationales.
4. **Textbook Exercise Solutions & Solved Numericals:** Complete, step-by-step solutions to all textbook review questions, exercises, and numerical problems with standard formulas and units.

#### 🏛️ Applicable for All Intermediate Boards across Pakistan:
- **Punjab Boards:** Lahore, Rawalpindi, Gujranwala, Faisalabad, Multan, Sargodha, Sahiwal, Bahawalpur, and DG Khan Board.
- **Federal Board (FBISE):** Islamabad Model Colleges, Army Public Schools & Overseas Examination Centers.
- **KPK, Sindh & Balochistan Boards:** Fully compliant with Single National Curriculum SLO-based assessments.

#### 💡 Expert 1st Year Board Exam Tips:
- High priority given to SLO-based (Student Learning Outcomes) conceptual questions.
- Review the past 5-year past paper repeated questions highlighted in this chapter.
- Practice neat presentation with headings, bullet points, and boxed numerical answers for scoring maximum marks."
