Title,Subject,Grade,Board,Scope,Unit,NoteType,Author,FileURL,Description
Complete Merged Book Notes,Biology,10,PCTB (Punjab Curriculum & Textbook Board),FULL_BOOK,,Full Book Complete,TaleemCity / PakParcha,https://drive.google.com/file/d/1dnkjOSUbLuWyK0XzZEr6aibcJeevVgmR/preview,"### Comprehensive Biology Class 10 (Full Book Complete Syllabus) Notes & Solutions

These Biology notes for Class 10 (Complete Merged Book Notes) are prepared strictly according to the Single National Curriculum (SNC 2025–2026) and Punjab Curriculum and Textbook Board (PCTB) standards.

#### 📌 Included In This Resource:
1. **Multiple Choice Questions (MCQs):** Carefully curated objective questions with verified answer keys.
2. **Short Answer Questions:** Concise, exam-targeted answers highlighting key definitions, laws, and concepts.
3. **Long & Detailed Questions:** Step-by-step explanations, diagrams, derivations, and board-standard headings.
4. **Textbook Solved Exercises & Numericals:** Complete solved numericals and exercises with given data, formula substitution, and final units.

#### 🏛️ Board Compatibility:
- **Punjab Boards:** Lahore, Rawalpindi, Gujranwala, Faisalabad, Multan, Sargodha, Sahiwal, Bahawalpur, DG Khan.
- **Federal Board (FBISE):** Islamabad & Cantonment Institutions.
- **KPK & Sindh Boards:** Aligned with Single National Curriculum standards.

#### 💡 Exam Preparation Tips:
- Review past 5-year board questions included at the end of each topic.
- Practice diagrams, derivations, and formulas regularly.
- Memorize key definitions and bold terms for maximum score."
Unit 01 Long Questions (New),Biology,10,PCTB (Punjab Curriculum & Textbook Board),CHAPTER_WISE,1,Long Questions,TaleemCity / PakParcha,https://drive.google.com/file/d/1GU-cqVzxPfghgwYvRXmNzxxcZsHrZf1u/preview,"### Comprehensive Biology Class 10 (Unit 1) Notes & Solutions

These Biology notes for Class 10 (Unit 01 Long Questions (New)) are prepared strictly according to the Single National Curriculum (SNC 2025–2026) and Punjab Curriculum and Textbook Board (PCTB) standards.

#### 📌 Included In This Resource:
1. **Multiple Choice Questions (MCQs):** Carefully curated objective questions with verified answer keys.
2. **Short Answer Questions:** Concise, exam-targeted answers highlighting key definitions, laws, and concepts.
3. **Long & Detailed Questions:** Step-by-step explanations, diagrams, derivations, and board-standard headings.
4. **Textbook Solved Exercises & Numericals:** Complete solved numericals and exercises with given data, formula substitution, and final units.

#### 🏛️ Board Compatibility:
- **Punjab Boards:** Lahore, Rawalpindi, Gujranwala, Faisalabad, Multan, Sargodha, Sahiwal, Bahawalpur, DG Khan.
- **Federal Board (FBISE):** Islamabad & Cantonment Institutions.
- **KPK & Sindh Boards:** Aligned with Single National Curriculum standards.

#### 💡 Exam Preparation Tips:
- Review past 5-year board questions included at the end of each topic.
- Practice diagrams, derivations, and formulas regularly.
- Memorize key definitions and bold terms for maximum score."
Unit 01 MCQ's (New),Biology,10,PCTB (Punjab Curriculum & Textbook Board),CHAPTER_WISE,1,Solved MCQs,TaleemCity / PakParcha,https://drive.google.com/file/d/1E40XiQWF2vC4myYLJ7Idx6-Sm1htPR2W/preview,"### Comprehensive Biology Class 10 (Unit 1) Notes & Solutions

These Biology notes for Class 10 (Unit 01 MCQ's (New)) are prepared strictly according to the Single National Curriculum (SNC 2025–2026) and Punjab Curriculum and Textbook Board (PCTB) standards.

#### 📌 Included In This Resource:
1. **Multiple Choice Questions (MCQs):** Carefully curated objective questions with verified answer keys.
2. **Short Answer Questions:** Concise, exam-targeted answers highlighting key definitions, laws, and concepts.
3. **Long & Detailed Questions:** Step-by-step explanations, diagrams, derivations, and board-standard headings.
4. **Textbook Solved Exercises & Numericals:** Complete solved numericals and exercises with given data, formula substitution, and final units.

#### 🏛️ Board Compatibility:
- **Punjab Boards:** Lahore, Rawalpindi, Gujranwala, Faisalabad, Multan, Sargodha, Sahiwal, Bahawalpur, DG Khan.
- **Federal Board (FBISE):** Islamabad & Cantonment Institutions.
- **KPK & Sindh Boards:** Aligned with Single National Curriculum standards.

#### 💡 Exam Preparation Tips:
- Review past 5-year board questions included at the end of each topic.
- Practice diagrams, derivations, and formulas regularly.
- Memorize key definitions and bold terms for maximum score."
Unit 01 Short Questions (New),Biology,10,PCTB (Punjab Curriculum & Textbook Board),CHAPTER_WISE,1,Short Questions,TaleemCity / PakParcha,https://drive.google.com/file/d/1B3Cgx0XRyKsEsk2Bgj3W4DPLeE3HVEww/preview,"### Comprehensive Biology Class 10 (Unit 1) Notes & Solutions

These Biology notes for Class 10 (Unit 01 Short Questions (New)) are prepared strictly according to the Single National Curriculum (SNC 2025–2026) and Punjab Curriculum and Textbook Board (PCTB) standards.

#### 📌 Included In This Resource:
1. **Multiple Choice Questions (MCQs):** Carefully curated objective questions with verified answer keys.
2. **Short Answer Questions:** Concise, exam-targeted answers highlighting key definitions, laws, and concepts.
3. **Long & Detailed Questions:** Step-by-step explanations, diagrams, derivations, and board-standard headings.
4. **Textbook Solved Exercises & Numericals:** Complete solved numericals and exercises with given data, formula substitution, and final units.

#### 🏛️ Board Compatibility:
- **Punjab Boards:** Lahore, Rawalpindi, Gujranwala, Faisalabad, Multan, Sargodha, Sahiwal, Bahawalpur, DG Khan.
- **Federal Board (FBISE):** Islamabad & Cantonment Institutions.
- **KPK & Sindh Boards:** Aligned with Single National Curriculum standards.

#### 💡 Exam Preparation Tips:
- Review past 5-year board questions included at the end of each topic.
- Practice diagrams, derivations, and formulas regularly.
- Memorize key definitions and bold terms for maximum score."
Unit 02 Long Questions (New),Biology,10,PCTB (Punjab Curriculum & Textbook Board),CHAPTER_WISE,2,Long Questions,TaleemCity / PakParcha,https://drive.google.com/file/d/1B4gJsNiHF643_pUsPuoVrxvuXcEU0nM-/preview,"### Comprehensive Biology Class 10 (Unit 2) Notes & Solutions

These Biology notes for Class 10 (Unit 02 Long Questions (New)) are prepared strictly according to the Single National Curriculum (SNC 2025–2026) and Punjab Curriculum and Textbook Board (PCTB) standards.

#### 📌 Included In This Resource:
1. **Multiple Choice Questions (MCQs):** Carefully curated objective questions with verified answer keys.
2. **Short Answer Questions:** Concise, exam-targeted answers highlighting key definitions, laws, and concepts.
3. **Long & Detailed Questions:** Step-by-step explanations, diagrams, derivations, and board-standard headings.
4. **Textbook Solved Exercises & Numericals:** Complete solved numericals and exercises with given data, formula substitution, and final units.

#### 🏛️ Board Compatibility:
- **Punjab Boards:** Lahore, Rawalpindi, Gujranwala, Faisalabad, Multan, Sargodha, Sahiwal, Bahawalpur, DG Khan.
- **Federal Board (FBISE):** Islamabad & Cantonment Institutions.
- **KPK & Sindh Boards:** Aligned with Single National Curriculum standards.

#### 💡 Exam Preparation Tips:
- Review past 5-year board questions included at the end of each topic.
- Practice diagrams, derivations, and formulas regularly.
- Memorize key definitions and bold terms for maximum score."
Unit 02 MCQ's (New),Biology,10,PCTB (Punjab Curriculum & Textbook Board),CHAPTER_WISE,2,Solved MCQs,TaleemCity / PakParcha,https://drive.google.com/file/d/1D-shGoqggxNep5IqCzl5C1Et0UkKJ_9s/preview,"### Comprehensive Biology Class 10 (Unit 2) Notes & Solutions

These Biology notes for Class 10 (Unit 02 MCQ's (New)) are prepared strictly according to the Single National Curriculum (SNC 2025–2026) and Punjab Curriculum and Textbook Board (PCTB) standards.

#### 📌 Included In This Resource:
1. **Multiple Choice Questions (MCQs):** Carefully curated objective questions with verified answer keys.
2. **Short Answer Questions:** Concise, exam-targeted answers highlighting key definitions, laws, and concepts.
3. **Long & Detailed Questions:** Step-by-step explanations, diagrams, derivations, and board-standard headings.
4. **Textbook Solved Exercises & Numericals:** Complete solved numericals and exercises with given data, formula substitution, and final units.

#### 🏛️ Board Compatibility:
- **Punjab Boards:** Lahore, Rawalpindi, Gujranwala, Faisalabad, Multan, Sargodha, Sahiwal, Bahawalpur, DG Khan.
- **Federal Board (FBISE):** Islamabad & Cantonment Institutions.
- **KPK & Sindh Boards:** Aligned with Single National Curriculum standards.

#### 💡 Exam Preparation Tips:
- Review past 5-year board questions included at the end of each topic.
- Practice diagrams, derivations, and formulas regularly.
- Memorize key definitions and bold terms for maximum score."
Unit 02 Short Questions (New),Biology,10,PCTB (Punjab Curriculum & Textbook Board),CHAPTER_WISE,2,Short Questions,TaleemCity / PakParcha,https://drive.google.com/file/d/1-X8YmGW4rp6sGdDYUEOl1E4Kxd4fSwFg/preview,"### Comprehensive Biology Class 10 (Unit 2) Notes & Solutions

These Biology notes for Class 10 (Unit 02 Short Questions (New)) are prepared strictly according to the Single National Curriculum (SNC 2025–2026) and Punjab Curriculum and Textbook Board (PCTB) standards.

#### 📌 Included In This Resource:
1. **Multiple Choice Questions (MCQs):** Carefully curated objective questions with verified answer keys.
2. **Short Answer Questions:** Concise, exam-targeted answers highlighting key definitions, laws, and concepts.
3. **Long & Detailed Questions:** Step-by-step explanations, diagrams, derivations, and board-standard headings.
4. **Textbook Solved Exercises & Numericals:** Complete solved numericals and exercises with given data, formula substitution, and final units.

#### 🏛️ Board Compatibility:
- **Punjab Boards:** Lahore, Rawalpindi, Gujranwala, Faisalabad, Multan, Sargodha, Sahiwal, Bahawalpur, DG Khan.
- **Federal Board (FBISE):** Islamabad & Cantonment Institutions.
- **KPK & Sindh Boards:** Aligned with Single National Curriculum standards.

#### 💡 Exam Preparation Tips:
- Review past 5-year board questions included at the end of each topic.
- Practice diagrams, derivations, and formulas regularly.
- Memorize key definitions and bold terms for maximum score."
Unit 03 Long Questions (New),Biology,10,PCTB (Punjab Curriculum & Textbook Board),CHAPTER_WISE,3,Long Questions,TaleemCity / PakParcha,https://drive.google.com/file/d/1NEhoQUt_jJIAmiQjX6sjWWjN_sD21tJt/preview,"### Comprehensive Biology Class 10 (Unit 3) Notes & Solutions

These Biology notes for Class 10 (Unit 03 Long Questions (New)) are prepared strictly according to the Single National Curriculum (SNC 2025–2026) and Punjab Curriculum and Textbook Board (PCTB) standards.

#### 📌 Included In This Resource:
1. **Multiple Choice Questions (MCQs):** Carefully curated objective questions with verified answer keys.
2. **Short Answer Questions:** Concise, exam-targeted answers highlighting key definitions, laws, and concepts.
3. **Long & Detailed Questions:** Step-by-step explanations, diagrams, derivations, and board-standard headings.
4. **Textbook Solved Exercises & Numericals:** Complete solved numericals and exercises with given data, formula substitution, and final units.

#### 🏛️ Board Compatibility:
- **Punjab Boards:** Lahore, Rawalpindi, Gujranwala, Faisalabad, Multan, Sargodha, Sahiwal, Bahawalpur, DG Khan.
- **Federal Board (FBISE):** Islamabad & Cantonment Institutions.
- **KPK & Sindh Boards:** Aligned with Single National Curriculum standards.

#### 💡 Exam Preparation Tips:
- Review past 5-year board questions included at the end of each topic.
- Practice diagrams, derivations, and formulas regularly.
- Memorize key definitions and bold terms for maximum score."
Unit 03 MCQ's (New),Biology,10,PCTB (Punjab Curriculum & Textbook Board),CHAPTER_WISE,3,Solved MCQs,TaleemCity / PakParcha,https://drive.google.com/file/d/1PIDj0s81J0V8gpAeNlY5jP--0LPvOKEN/preview,"### Comprehensive Biology Class 10 (Unit 3) Notes & Solutions

These Biology notes for Class 10 (Unit 03 MCQ's (New)) are prepared strictly according to the Single National Curriculum (SNC 2025–2026) and Punjab Curriculum and Textbook Board (PCTB) standards.

#### 📌 Included In This Resource:
1. **Multiple Choice Questions (MCQs):** Carefully curated objective questions with verified answer keys.
2. **Short Answer Questions:** Concise, exam-targeted answers highlighting key definitions, laws, and concepts.
3. **Long & Detailed Questions:** Step-by-step explanations, diagrams, derivations, and board-standard headings.
4. **Textbook Solved Exercises & Numericals:** Complete solved numericals and exercises with given data, formula substitution, and final units.

#### 🏛️ Board Compatibility:
- **Punjab Boards:** Lahore, Rawalpindi, Gujranwala, Faisalabad, Multan, Sargodha, Sahiwal, Bahawalpur, DG Khan.
- **Federal Board (FBISE):** Islamabad & Cantonment Institutions.
- **KPK & Sindh Boards:** Aligned with Single National Curriculum standards.

#### 💡 Exam Preparation Tips:
- Review past 5-year board questions included at the end of each topic.
- Practice diagrams, derivations, and formulas regularly.
- Memorize key definitions and bold terms for maximum score."
Unit 03 Short Questions (New),Biology,10,PCTB (Punjab Curriculum & Textbook Board),CHAPTER_WISE,3,Short Questions,TaleemCity / PakParcha,https://drive.google.com/file/d/1yZHnVzwTuP2tOlrlVJjQG2yuxVxA2_Ke/preview,"### Comprehensive Biology Class 10 (Unit 3) Notes & Solutions

These Biology notes for Class 10 (Unit 03 Short Questions (New)) are prepared strictly according to the Single National Curriculum (SNC 2025–2026) and Punjab Curriculum and Textbook Board (PCTB) standards.

#### 📌 Included In This Resource:
1. **Multiple Choice Questions (MCQs):** Carefully curated objective questions with verified answer keys.
2. **Short Answer Questions:** Concise, exam-targeted answers highlighting key definitions, laws, and concepts.
3. **Long & Detailed Questions:** Step-by-step explanations, diagrams, derivations, and board-standard headings.
4. **Textbook Solved Exercises & Numericals:** Complete solved numericals and exercises with given data, formula substitution, and final units.

#### 🏛️ Board Compatibility:
- **Punjab Boards:** Lahore, Rawalpindi, Gujranwala, Faisalabad, Multan, Sargodha, Sahiwal, Bahawalpur, DG Khan.
- **Federal Board (FBISE):** Islamabad & Cantonment Institutions.
- **KPK & Sindh Boards:** Aligned with Single National Curriculum standards.

#### 💡 Exam Preparation Tips:
- Review past 5-year board questions included at the end of each topic.
- Practice diagrams, derivations, and formulas regularly.
- Memorize key definitions and bold terms for maximum score."
Unit 04 Long Questions (New),Biology,10,PCTB (Punjab Curriculum & Textbook Board),CHAPTER_WISE,4,Long Questions,TaleemCity / PakParcha,https://drive.google.com/file/d/1YXWo70fH2Lyg7MtUrsvYDt-PjlcBy6Yf/preview,"### Comprehensive Biology Class 10 (Unit 4) Notes & Solutions

These Biology notes for Class 10 (Unit 04 Long Questions (New)) are prepared strictly according to the Single National Curriculum (SNC 2025–2026) and Punjab Curriculum and Textbook Board (PCTB) standards.

#### 📌 Included In This Resource:
1. **Multiple Choice Questions (MCQs):** Carefully curated objective questions with verified answer keys.
2. **Short Answer Questions:** Concise, exam-targeted answers highlighting key definitions, laws, and concepts.
3. **Long & Detailed Questions:** Step-by-step explanations, diagrams, derivations, and board-standard headings.
4. **Textbook Solved Exercises & Numericals:** Complete solved numericals and exercises with given data, formula substitution, and final units.

#### 🏛️ Board Compatibility:
- **Punjab Boards:** Lahore, Rawalpindi, Gujranwala, Faisalabad, Multan, Sargodha, Sahiwal, Bahawalpur, DG Khan.
- **Federal Board (FBISE):** Islamabad & Cantonment Institutions.
- **KPK & Sindh Boards:** Aligned with Single National Curriculum standards.

#### 💡 Exam Preparation Tips:
- Review past 5-year board questions included at the end of each topic.
- Practice diagrams, derivations, and formulas regularly.
- Memorize key definitions and bold terms for maximum score."
Unit 04 MCQ's (New),Biology,10,PCTB (Punjab Curriculum & Textbook Board),CHAPTER_WISE,4,Solved MCQs,TaleemCity / PakParcha,https://drive.google.com/file/d/1AirC3hjpL7xDeQOT_ixTxwwuP8GN34D4/preview,"### Comprehensive Biology Class 10 (Unit 4) Notes & Solutions

These Biology notes for Class 10 (Unit 04 MCQ's (New)) are prepared strictly according to the Single National Curriculum (SNC 2025–2026) and Punjab Curriculum and Textbook Board (PCTB) standards.

#### 📌 Included In This Resource:
1. **Multiple Choice Questions (MCQs):** Carefully curated objective questions with verified answer keys.
2. **Short Answer Questions:** Concise, exam-targeted answers highlighting key definitions, laws, and concepts.
3. **Long & Detailed Questions:** Step-by-step explanations, diagrams, derivations, and board-standard headings.
4. **Textbook Solved Exercises & Numericals:** Complete solved numericals and exercises with given data, formula substitution, and final units.

#### 🏛️ Board Compatibility:
- **Punjab Boards:** Lahore, Rawalpindi, Gujranwala, Faisalabad, Multan, Sargodha, Sahiwal, Bahawalpur, DG Khan.
- **Federal Board (FBISE):** Islamabad & Cantonment Institutions.
- **KPK & Sindh Boards:** Aligned with Single National Curriculum standards.

#### 💡 Exam Preparation Tips:
- Review past 5-year board questions included at the end of each topic.
- Practice diagrams, derivations, and formulas regularly.
- Memorize key definitions and bold terms for maximum score."
Unit 04 Short Questions (New),Biology,10,PCTB (Punjab Curriculum & Textbook Board),CHAPTER_WISE,4,Short Questions,TaleemCity / PakParcha,https://drive.google.com/file/d/1SXjq3poiA1o_5xB7HNvEbtnJGJVHOeCD/preview,"### Comprehensive Biology Class 10 (Unit 4) Notes & Solutions

These Biology notes for Class 10 (Unit 04 Short Questions (New)) are prepared strictly according to the Single National Curriculum (SNC 2025–2026) and Punjab Curriculum and Textbook Board (PCTB) standards.

#### 📌 Included In This Resource:
1. **Multiple Choice Questions (MCQs):** Carefully curated objective questions with verified answer keys.
2. **Short Answer Questions:** Concise, exam-targeted answers highlighting key definitions, laws, and concepts.
3. **Long & Detailed Questions:** Step-by-step explanations, diagrams, derivations, and board-standard headings.
4. **Textbook Solved Exercises & Numericals:** Complete solved numericals and exercises with given data, formula substitution, and final units.

#### 🏛️ Board Compatibility:
- **Punjab Boards:** Lahore, Rawalpindi, Gujranwala, Faisalabad, Multan, Sargodha, Sahiwal, Bahawalpur, DG Khan.
- **Federal Board (FBISE):** Islamabad & Cantonment Institutions.
- **KPK & Sindh Boards:** Aligned with Single National Curriculum standards.

#### 💡 Exam Preparation Tips:
- Review past 5-year board questions included at the end of each topic.
- Practice diagrams, derivations, and formulas regularly.
- Memorize key definitions and bold terms for maximum score."
Unit 05 Long Questions (New),Biology,10,PCTB (Punjab Curriculum & Textbook Board),CHAPTER_WISE,5,Long Questions,TaleemCity / PakParcha,https://drive.google.com/file/d/1_rRIQolPDrDcDDuHvkSri0u9H-E8MkZh/preview,"### Comprehensive Biology Class 10 (Unit 5) Notes & Solutions

These Biology notes for Class 10 (Unit 05 Long Questions (New)) are prepared strictly according to the Single National Curriculum (SNC 2025–2026) and Punjab Curriculum and Textbook Board (PCTB) standards.

#### 📌 Included In This Resource:
1. **Multiple Choice Questions (MCQs):** Carefully curated objective questions with verified answer keys.
2. **Short Answer Questions:** Concise, exam-targeted answers highlighting key definitions, laws, and concepts.
3. **Long & Detailed Questions:** Step-by-step explanations, diagrams, derivations, and board-standard headings.
4. **Textbook Solved Exercises & Numericals:** Complete solved numericals and exercises with given data, formula substitution, and final units.

#### 🏛️ Board Compatibility:
- **Punjab Boards:** Lahore, Rawalpindi, Gujranwala, Faisalabad, Multan, Sargodha, Sahiwal, Bahawalpur, DG Khan.
- **Federal Board (FBISE):** Islamabad & Cantonment Institutions.
- **KPK & Sindh Boards:** Aligned with Single National Curriculum standards.

#### 💡 Exam Preparation Tips:
- Review past 5-year board questions included at the end of each topic.
- Practice diagrams, derivations, and formulas regularly.
- Memorize key definitions and bold terms for maximum score."
Unit 05 MCQ's (New),Biology,10,PCTB (Punjab Curriculum & Textbook Board),CHAPTER_WISE,5,Solved MCQs,TaleemCity / PakParcha,https://drive.google.com/file/d/1c2N9yfCEPNI2j7tNaIb_tcvdre7x6Md_/preview,"### Comprehensive Biology Class 10 (Unit 5) Notes & Solutions

These Biology notes for Class 10 (Unit 05 MCQ's (New)) are prepared strictly according to the Single National Curriculum (SNC 2025–2026) and Punjab Curriculum and Textbook Board (PCTB) standards.

#### 📌 Included In This Resource:
1. **Multiple Choice Questions (MCQs):** Carefully curated objective questions with verified answer keys.
2. **Short Answer Questions:** Concise, exam-targeted answers highlighting key definitions, laws, and concepts.
3. **Long & Detailed Questions:** Step-by-step explanations, diagrams, derivations, and board-standard headings.
4. **Textbook Solved Exercises & Numericals:** Complete solved numericals and exercises with given data, formula substitution, and final units.

#### 🏛️ Board Compatibility:
- **Punjab Boards:** Lahore, Rawalpindi, Gujranwala, Faisalabad, Multan, Sargodha, Sahiwal, Bahawalpur, DG Khan.
- **Federal Board (FBISE):** Islamabad & Cantonment Institutions.
- **KPK & Sindh Boards:** Aligned with Single National Curriculum standards.

#### 💡 Exam Preparation Tips:
- Review past 5-year board questions included at the end of each topic.
- Practice diagrams, derivations, and formulas regularly.
- Memorize key definitions and bold terms for maximum score."
Unit 05 Short Questions (New),Biology,10,PCTB (Punjab Curriculum & Textbook Board),CHAPTER_WISE,5,Short Questions,TaleemCity / PakParcha,https://drive.google.com/file/d/1Wo7yndM5Xomd0NP_qRRvqmqi5FZPtQxl/preview,"### Comprehensive Biology Class 10 (Unit 5) Notes & Solutions

These Biology notes for Class 10 (Unit 05 Short Questions (New)) are prepared strictly according to the Single National Curriculum (SNC 2025–2026) and Punjab Curriculum and Textbook Board (PCTB) standards.

#### 📌 Included In This Resource:
1. **Multiple Choice Questions (MCQs):** Carefully curated objective questions with verified answer keys.
2. **Short Answer Questions:** Concise, exam-targeted answers highlighting key definitions, laws, and concepts.
3. **Long & Detailed Questions:** Step-by-step explanations, diagrams, derivations, and board-standard headings.
4. **Textbook Solved Exercises & Numericals:** Complete solved numericals and exercises with given data, formula substitution, and final units.

#### 🏛️ Board Compatibility:
- **Punjab Boards:** Lahore, Rawalpindi, Gujranwala, Faisalabad, Multan, Sargodha, Sahiwal, Bahawalpur, DG Khan.
- **Federal Board (FBISE):** Islamabad & Cantonment Institutions.
- **KPK & Sindh Boards:** Aligned with Single National Curriculum standards.

#### 💡 Exam Preparation Tips:
- Review past 5-year board questions included at the end of each topic.
- Practice diagrams, derivations, and formulas regularly.
- Memorize key definitions and bold terms for maximum score."
Unit 06 Long Questions (New),Biology,10,PCTB (Punjab Curriculum & Textbook Board),CHAPTER_WISE,6,Long Questions,TaleemCity / PakParcha,https://drive.google.com/file/d/1Fm8CJJQbQF1uWEjxxOj3FWJP_NTlIng4/preview,"### Comprehensive Biology Class 10 (Unit 6) Notes & Solutions

These Biology notes for Class 10 (Unit 06 Long Questions (New)) are prepared strictly according to the Single National Curriculum (SNC 2025–2026) and Punjab Curriculum and Textbook Board (PCTB) standards.

#### 📌 Included In This Resource:
1. **Multiple Choice Questions (MCQs):** Carefully curated objective questions with verified answer keys.
2. **Short Answer Questions:** Concise, exam-targeted answers highlighting key definitions, laws, and concepts.
3. **Long & Detailed Questions:** Step-by-step explanations, diagrams, derivations, and board-standard headings.
4. **Textbook Solved Exercises & Numericals:** Complete solved numericals and exercises with given data, formula substitution, and final units.

#### 🏛️ Board Compatibility:
- **Punjab Boards:** Lahore, Rawalpindi, Gujranwala, Faisalabad, Multan, Sargodha, Sahiwal, Bahawalpur, DG Khan.
- **Federal Board (FBISE):** Islamabad & Cantonment Institutions.
- **KPK & Sindh Boards:** Aligned with Single National Curriculum standards.

#### 💡 Exam Preparation Tips:
- Review past 5-year board questions included at the end of each topic.
- Practice diagrams, derivations, and formulas regularly.
- Memorize key definitions and bold terms for maximum score."
Unit 06 MCQ's (New),Biology,10,PCTB (Punjab Curriculum & Textbook Board),CHAPTER_WISE,6,Solved MCQs,TaleemCity / PakParcha,https://drive.google.com/file/d/1_wmh6lD81iYNjE1CsoBa8vYAFF0EBR-G/preview,"### Comprehensive Biology Class 10 (Unit 6) Notes & Solutions

These Biology notes for Class 10 (Unit 06 MCQ's (New)) are prepared strictly according to the Single National Curriculum (SNC 2025–2026) and Punjab Curriculum and Textbook Board (PCTB) standards.

#### 📌 Included In This Resource:
1. **Multiple Choice Questions (MCQs):** Carefully curated objective questions with verified answer keys.
2. **Short Answer Questions:** Concise, exam-targeted answers highlighting key definitions, laws, and concepts.
3. **Long & Detailed Questions:** Step-by-step explanations, diagrams, derivations, and board-standard headings.
4. **Textbook Solved Exercises & Numericals:** Complete solved numericals and exercises with given data, formula substitution, and final units.

#### 🏛️ Board Compatibility:
- **Punjab Boards:** Lahore, Rawalpindi, Gujranwala, Faisalabad, Multan, Sargodha, Sahiwal, Bahawalpur, DG Khan.
- **Federal Board (FBISE):** Islamabad & Cantonment Institutions.
- **KPK & Sindh Boards:** Aligned with Single National Curriculum standards.

#### 💡 Exam Preparation Tips:
- Review past 5-year board questions included at the end of each topic.
- Practice diagrams, derivations, and formulas regularly.
- Memorize key definitions and bold terms for maximum score."
Unit 06 Short Questions (New),Biology,10,PCTB (Punjab Curriculum & Textbook Board),CHAPTER_WISE,6,Short Questions,TaleemCity / PakParcha,https://drive.google.com/file/d/1lPLyqmxAYgYJ_j5j7MNKngTinzsRfpVN/preview,"### Comprehensive Biology Class 10 (Unit 6) Notes & Solutions

These Biology notes for Class 10 (Unit 06 Short Questions (New)) are prepared strictly according to the Single National Curriculum (SNC 2025–2026) and Punjab Curriculum and Textbook Board (PCTB) standards.

#### 📌 Included In This Resource:
1. **Multiple Choice Questions (MCQs):** Carefully curated objective questions with verified answer keys.
2. **Short Answer Questions:** Concise, exam-targeted answers highlighting key definitions, laws, and concepts.
3. **Long & Detailed Questions:** Step-by-step explanations, diagrams, derivations, and board-standard headings.
4. **Textbook Solved Exercises & Numericals:** Complete solved numericals and exercises with given data, formula substitution, and final units.

#### 🏛️ Board Compatibility:
- **Punjab Boards:** Lahore, Rawalpindi, Gujranwala, Faisalabad, Multan, Sargodha, Sahiwal, Bahawalpur, DG Khan.
- **Federal Board (FBISE):** Islamabad & Cantonment Institutions.
- **KPK & Sindh Boards:** Aligned with Single National Curriculum standards.

#### 💡 Exam Preparation Tips:
- Review past 5-year board questions included at the end of each topic.
- Practice diagrams, derivations, and formulas regularly.
- Memorize key definitions and bold terms for maximum score."
Unit 07 Long Questions (New),Biology,10,PCTB (Punjab Curriculum & Textbook Board),CHAPTER_WISE,7,Long Questions,TaleemCity / PakParcha,https://drive.google.com/file/d/1AI6rnDwrrnlAigAq9cIsf6q-2y13LY_A/preview,"### Comprehensive Biology Class 10 (Unit 7) Notes & Solutions

These Biology notes for Class 10 (Unit 07 Long Questions (New)) are prepared strictly according to the Single National Curriculum (SNC 2025–2026) and Punjab Curriculum and Textbook Board (PCTB) standards.

#### 📌 Included In This Resource:
1. **Multiple Choice Questions (MCQs):** Carefully curated objective questions with verified answer keys.
2. **Short Answer Questions:** Concise, exam-targeted answers highlighting key definitions, laws, and concepts.
3. **Long & Detailed Questions:** Step-by-step explanations, diagrams, derivations, and board-standard headings.
4. **Textbook Solved Exercises & Numericals:** Complete solved numericals and exercises with given data, formula substitution, and final units.

#### 🏛️ Board Compatibility:
- **Punjab Boards:** Lahore, Rawalpindi, Gujranwala, Faisalabad, Multan, Sargodha, Sahiwal, Bahawalpur, DG Khan.
- **Federal Board (FBISE):** Islamabad & Cantonment Institutions.
- **KPK & Sindh Boards:** Aligned with Single National Curriculum standards.

#### 💡 Exam Preparation Tips:
- Review past 5-year board questions included at the end of each topic.
- Practice diagrams, derivations, and formulas regularly.
- Memorize key definitions and bold terms for maximum score."
Unit 07 MCQ's (New),Biology,10,PCTB (Punjab Curriculum & Textbook Board),CHAPTER_WISE,7,Solved MCQs,TaleemCity / PakParcha,https://drive.google.com/file/d/1g79n2xZ2BJrHewVCKCbtxGb0EBRx7hiI/preview,"### Comprehensive Biology Class 10 (Unit 7) Notes & Solutions

These Biology notes for Class 10 (Unit 07 MCQ's (New)) are prepared strictly according to the Single National Curriculum (SNC 2025–2026) and Punjab Curriculum and Textbook Board (PCTB) standards.

#### 📌 Included In This Resource:
1. **Multiple Choice Questions (MCQs):** Carefully curated objective questions with verified answer keys.
2. **Short Answer Questions:** Concise, exam-targeted answers highlighting key definitions, laws, and concepts.
3. **Long & Detailed Questions:** Step-by-step explanations, diagrams, derivations, and board-standard headings.
4. **Textbook Solved Exercises & Numericals:** Complete solved numericals and exercises with given data, formula substitution, and final units.

#### 🏛️ Board Compatibility:
- **Punjab Boards:** Lahore, Rawalpindi, Gujranwala, Faisalabad, Multan, Sargodha, Sahiwal, Bahawalpur, DG Khan.
- **Federal Board (FBISE):** Islamabad & Cantonment Institutions.
- **KPK & Sindh Boards:** Aligned with Single National Curriculum standards.

#### 💡 Exam Preparation Tips:
- Review past 5-year board questions included at the end of each topic.
- Practice diagrams, derivations, and formulas regularly.
- Memorize key definitions and bold terms for maximum score."
Unit 07 Short Questions (New),Biology,10,PCTB (Punjab Curriculum & Textbook Board),CHAPTER_WISE,7,Short Questions,TaleemCity / PakParcha,https://drive.google.com/file/d/1AyABUw6lsNGiC4z1M-naHykLa_1CrXB8/preview,"### Comprehensive Biology Class 10 (Unit 7) Notes & Solutions

These Biology notes for Class 10 (Unit 07 Short Questions (New)) are prepared strictly according to the Single National Curriculum (SNC 2025–2026) and Punjab Curriculum and Textbook Board (PCTB) standards.

#### 📌 Included In This Resource:
1. **Multiple Choice Questions (MCQs):** Carefully curated objective questions with verified answer keys.
2. **Short Answer Questions:** Concise, exam-targeted answers highlighting key definitions, laws, and concepts.
3. **Long & Detailed Questions:** Step-by-step explanations, diagrams, derivations, and board-standard headings.
4. **Textbook Solved Exercises & Numericals:** Complete solved numericals and exercises with given data, formula substitution, and final units.

#### 🏛️ Board Compatibility:
- **Punjab Boards:** Lahore, Rawalpindi, Gujranwala, Faisalabad, Multan, Sargodha, Sahiwal, Bahawalpur, DG Khan.
- **Federal Board (FBISE):** Islamabad & Cantonment Institutions.
- **KPK & Sindh Boards:** Aligned with Single National Curriculum standards.

#### 💡 Exam Preparation Tips:
- Review past 5-year board questions included at the end of each topic.
- Practice diagrams, derivations, and formulas regularly.
- Memorize key definitions and bold terms for maximum score."
Unit 08 Long Questions (New),Biology,10,PCTB (Punjab Curriculum & Textbook Board),CHAPTER_WISE,8,Long Questions,TaleemCity / PakParcha,https://drive.google.com/file/d/16W0lrVtzfKE_1zE5940xx04Z05PcV9Jt/preview,"### Comprehensive Biology Class 10 (Unit 8) Notes & Solutions

These Biology notes for Class 10 (Unit 08 Long Questions (New)) are prepared strictly according to the Single National Curriculum (SNC 2025–2026) and Punjab Curriculum and Textbook Board (PCTB) standards.

#### 📌 Included In This Resource:
1. **Multiple Choice Questions (MCQs):** Carefully curated objective questions with verified answer keys.
2. **Short Answer Questions:** Concise, exam-targeted answers highlighting key definitions, laws, and concepts.
3. **Long & Detailed Questions:** Step-by-step explanations, diagrams, derivations, and board-standard headings.
4. **Textbook Solved Exercises & Numericals:** Complete solved numericals and exercises with given data, formula substitution, and final units.

#### 🏛️ Board Compatibility:
- **Punjab Boards:** Lahore, Rawalpindi, Gujranwala, Faisalabad, Multan, Sargodha, Sahiwal, Bahawalpur, DG Khan.
- **Federal Board (FBISE):** Islamabad & Cantonment Institutions.
- **KPK & Sindh Boards:** Aligned with Single National Curriculum standards.

#### 💡 Exam Preparation Tips:
- Review past 5-year board questions included at the end of each topic.
- Practice diagrams, derivations, and formulas regularly.
- Memorize key definitions and bold terms for maximum score."
Unit 08 MCQ's (New),Biology,10,PCTB (Punjab Curriculum & Textbook Board),CHAPTER_WISE,8,Solved MCQs,TaleemCity / PakParcha,https://drive.google.com/file/d/1hbHZHtr97X6wZLeL1RYnQxqfOiI7rHJU/preview,"### Comprehensive Biology Class 10 (Unit 8) Notes & Solutions

These Biology notes for Class 10 (Unit 08 MCQ's (New)) are prepared strictly according to the Single National Curriculum (SNC 2025–2026) and Punjab Curriculum and Textbook Board (PCTB) standards.

#### 📌 Included In This Resource:
1. **Multiple Choice Questions (MCQs):** Carefully curated objective questions with verified answer keys.
2. **Short Answer Questions:** Concise, exam-targeted answers highlighting key definitions, laws, and concepts.
3. **Long & Detailed Questions:** Step-by-step explanations, diagrams, derivations, and board-standard headings.
4. **Textbook Solved Exercises & Numericals:** Complete solved numericals and exercises with given data, formula substitution, and final units.

#### 🏛️ Board Compatibility:
- **Punjab Boards:** Lahore, Rawalpindi, Gujranwala, Faisalabad, Multan, Sargodha, Sahiwal, Bahawalpur, DG Khan.
- **Federal Board (FBISE):** Islamabad & Cantonment Institutions.
- **KPK & Sindh Boards:** Aligned with Single National Curriculum standards.

#### 💡 Exam Preparation Tips:
- Review past 5-year board questions included at the end of each topic.
- Practice diagrams, derivations, and formulas regularly.
- Memorize key definitions and bold terms for maximum score."
Unit 08 Short Questions (New),Biology,10,PCTB (Punjab Curriculum & Textbook Board),CHAPTER_WISE,8,Short Questions,TaleemCity / PakParcha,https://drive.google.com/file/d/1yvUyJgDJNoIog8FwXoXPCR4RdR3l2MZy/preview,"### Comprehensive Biology Class 10 (Unit 8) Notes & Solutions

These Biology notes for Class 10 (Unit 08 Short Questions (New)) are prepared strictly according to the Single National Curriculum (SNC 2025–2026) and Punjab Curriculum and Textbook Board (PCTB) standards.

#### 📌 Included In This Resource:
1. **Multiple Choice Questions (MCQs):** Carefully curated objective questions with verified answer keys.
2. **Short Answer Questions:** Concise, exam-targeted answers highlighting key definitions, laws, and concepts.
3. **Long & Detailed Questions:** Step-by-step explanations, diagrams, derivations, and board-standard headings.
4. **Textbook Solved Exercises & Numericals:** Complete solved numericals and exercises with given data, formula substitution, and final units.

#### 🏛️ Board Compatibility:
- **Punjab Boards:** Lahore, Rawalpindi, Gujranwala, Faisalabad, Multan, Sargodha, Sahiwal, Bahawalpur, DG Khan.
- **Federal Board (FBISE):** Islamabad & Cantonment Institutions.
- **KPK & Sindh Boards:** Aligned with Single National Curriculum standards.

#### 💡 Exam Preparation Tips:
- Review past 5-year board questions included at the end of each topic.
- Practice diagrams, derivations, and formulas regularly.
- Memorize key definitions and bold terms for maximum score."
Unit 09 Long Questions (New),Biology,10,PCTB (Punjab Curriculum & Textbook Board),CHAPTER_WISE,9,Long Questions,TaleemCity / PakParcha,https://drive.google.com/file/d/13g-wbSKFI34mHWL1h8KY9yj9iXYshd2M/preview,"### Comprehensive Biology Class 10 (Unit 9) Notes & Solutions

These Biology notes for Class 10 (Unit 09 Long Questions (New)) are prepared strictly according to the Single National Curriculum (SNC 2025–2026) and Punjab Curriculum and Textbook Board (PCTB) standards.

#### 📌 Included In This Resource:
1. **Multiple Choice Questions (MCQs):** Carefully curated objective questions with verified answer keys.
2. **Short Answer Questions:** Concise, exam-targeted answers highlighting key definitions, laws, and concepts.
3. **Long & Detailed Questions:** Step-by-step explanations, diagrams, derivations, and board-standard headings.
4. **Textbook Solved Exercises & Numericals:** Complete solved numericals and exercises with given data, formula substitution, and final units.

#### 🏛️ Board Compatibility:
- **Punjab Boards:** Lahore, Rawalpindi, Gujranwala, Faisalabad, Multan, Sargodha, Sahiwal, Bahawalpur, DG Khan.
- **Federal Board (FBISE):** Islamabad & Cantonment Institutions.
- **KPK & Sindh Boards:** Aligned with Single National Curriculum standards.

#### 💡 Exam Preparation Tips:
- Review past 5-year board questions included at the end of each topic.
- Practice diagrams, derivations, and formulas regularly.
- Memorize key definitions and bold terms for maximum score."
Unit 09 MCQ's (New),Biology,10,PCTB (Punjab Curriculum & Textbook Board),CHAPTER_WISE,9,Solved MCQs,TaleemCity / PakParcha,https://drive.google.com/file/d/1nWW5El8qbZnL6L4Aga5r9X8_I-2OJcC8/preview,"### Comprehensive Biology Class 10 (Unit 9) Notes & Solutions

These Biology notes for Class 10 (Unit 09 MCQ's (New)) are prepared strictly according to the Single National Curriculum (SNC 2025–2026) and Punjab Curriculum and Textbook Board (PCTB) standards.

#### 📌 Included In This Resource:
1. **Multiple Choice Questions (MCQs):** Carefully curated objective questions with verified answer keys.
2. **Short Answer Questions:** Concise, exam-targeted answers highlighting key definitions, laws, and concepts.
3. **Long & Detailed Questions:** Step-by-step explanations, diagrams, derivations, and board-standard headings.
4. **Textbook Solved Exercises & Numericals:** Complete solved numericals and exercises with given data, formula substitution, and final units.

#### 🏛️ Board Compatibility:
- **Punjab Boards:** Lahore, Rawalpindi, Gujranwala, Faisalabad, Multan, Sargodha, Sahiwal, Bahawalpur, DG Khan.
- **Federal Board (FBISE):** Islamabad & Cantonment Institutions.
- **KPK & Sindh Boards:** Aligned with Single National Curriculum standards.

#### 💡 Exam Preparation Tips:
- Review past 5-year board questions included at the end of each topic.
- Practice diagrams, derivations, and formulas regularly.
- Memorize key definitions and bold terms for maximum score."
Unit 09 Short Questions (New),Biology,10,PCTB (Punjab Curriculum & Textbook Board),CHAPTER_WISE,9,Short Questions,TaleemCity / PakParcha,https://drive.google.com/file/d/135Z4dXfyHnufSOZUTbtyPwogB7V6DE2d/preview,"### Comprehensive Biology Class 10 (Unit 9) Notes & Solutions

These Biology notes for Class 10 (Unit 09 Short Questions (New)) are prepared strictly according to the Single National Curriculum (SNC 2025–2026) and Punjab Curriculum and Textbook Board (PCTB) standards.

#### 📌 Included In This Resource:
1. **Multiple Choice Questions (MCQs):** Carefully curated objective questions with verified answer keys.
2. **Short Answer Questions:** Concise, exam-targeted answers highlighting key definitions, laws, and concepts.
3. **Long & Detailed Questions:** Step-by-step explanations, diagrams, derivations, and board-standard headings.
4. **Textbook Solved Exercises & Numericals:** Complete solved numericals and exercises with given data, formula substitution, and final units.

#### 🏛️ Board Compatibility:
- **Punjab Boards:** Lahore, Rawalpindi, Gujranwala, Faisalabad, Multan, Sargodha, Sahiwal, Bahawalpur, DG Khan.
- **Federal Board (FBISE):** Islamabad & Cantonment Institutions.
- **KPK & Sindh Boards:** Aligned with Single National Curriculum standards.

#### 💡 Exam Preparation Tips:
- Review past 5-year board questions included at the end of each topic.
- Practice diagrams, derivations, and formulas regularly.
- Memorize key definitions and bold terms for maximum score."
Unit 10 Long Questions (New),Biology,10,PCTB (Punjab Curriculum & Textbook Board),CHAPTER_WISE,10,Long Questions,TaleemCity / PakParcha,https://drive.google.com/file/d/1oMGjzXu2xKpMlzCSQA40ZrzXkQ_hls_j/preview,"### Comprehensive Biology Class 10 (Unit 10) Notes & Solutions

These Biology notes for Class 10 (Unit 10 Long Questions (New)) are prepared strictly according to the Single National Curriculum (SNC 2025–2026) and Punjab Curriculum and Textbook Board (PCTB) standards.

#### 📌 Included In This Resource:
1. **Multiple Choice Questions (MCQs):** Carefully curated objective questions with verified answer keys.
2. **Short Answer Questions:** Concise, exam-targeted answers highlighting key definitions, laws, and concepts.
3. **Long & Detailed Questions:** Step-by-step explanations, diagrams, derivations, and board-standard headings.
4. **Textbook Solved Exercises & Numericals:** Complete solved numericals and exercises with given data, formula substitution, and final units.

#### 🏛️ Board Compatibility:
- **Punjab Boards:** Lahore, Rawalpindi, Gujranwala, Faisalabad, Multan, Sargodha, Sahiwal, Bahawalpur, DG Khan.
- **Federal Board (FBISE):** Islamabad & Cantonment Institutions.
- **KPK & Sindh Boards:** Aligned with Single National Curriculum standards.

#### 💡 Exam Preparation Tips:
- Review past 5-year board questions included at the end of each topic.
- Practice diagrams, derivations, and formulas regularly.
- Memorize key definitions and bold terms for maximum score."
Unit 10 MCQ's (New),Biology,10,PCTB (Punjab Curriculum & Textbook Board),CHAPTER_WISE,10,Solved MCQs,TaleemCity / PakParcha,https://drive.google.com/file/d/1Ufmnom0l2z2ZD90PqckoV8OGoGcpzs_h/preview,"### Comprehensive Biology Class 10 (Unit 10) Notes & Solutions

These Biology notes for Class 10 (Unit 10 MCQ's (New)) are prepared strictly according to the Single National Curriculum (SNC 2025–2026) and Punjab Curriculum and Textbook Board (PCTB) standards.

#### 📌 Included In This Resource:
1. **Multiple Choice Questions (MCQs):** Carefully curated objective questions with verified answer keys.
2. **Short Answer Questions:** Concise, exam-targeted answers highlighting key definitions, laws, and concepts.
3. **Long & Detailed Questions:** Step-by-step explanations, diagrams, derivations, and board-standard headings.
4. **Textbook Solved Exercises & Numericals:** Complete solved numericals and exercises with given data, formula substitution, and final units.

#### 🏛️ Board Compatibility:
- **Punjab Boards:** Lahore, Rawalpindi, Gujranwala, Faisalabad, Multan, Sargodha, Sahiwal, Bahawalpur, DG Khan.
- **Federal Board (FBISE):** Islamabad & Cantonment Institutions.
- **KPK & Sindh Boards:** Aligned with Single National Curriculum standards.

#### 💡 Exam Preparation Tips:
- Review past 5-year board questions included at the end of each topic.
- Practice diagrams, derivations, and formulas regularly.
- Memorize key definitions and bold terms for maximum score."
Unit 10 Short Questions (New),Biology,10,PCTB (Punjab Curriculum & Textbook Board),CHAPTER_WISE,10,Short Questions,TaleemCity / PakParcha,https://drive.google.com/file/d/1T_j1yWmRrtJdSKWVMNn9ik8B2K_hOxR5/preview,"### Comprehensive Biology Class 10 (Unit 10) Notes & Solutions

These Biology notes for Class 10 (Unit 10 Short Questions (New)) are prepared strictly according to the Single National Curriculum (SNC 2025–2026) and Punjab Curriculum and Textbook Board (PCTB) standards.

#### 📌 Included In This Resource:
1. **Multiple Choice Questions (MCQs):** Carefully curated objective questions with verified answer keys.
2. **Short Answer Questions:** Concise, exam-targeted answers highlighting key definitions, laws, and concepts.
3. **Long & Detailed Questions:** Step-by-step explanations, diagrams, derivations, and board-standard headings.
4. **Textbook Solved Exercises & Numericals:** Complete solved numericals and exercises with given data, formula substitution, and final units.

#### 🏛️ Board Compatibility:
- **Punjab Boards:** Lahore, Rawalpindi, Gujranwala, Faisalabad, Multan, Sargodha, Sahiwal, Bahawalpur, DG Khan.
- **Federal Board (FBISE):** Islamabad & Cantonment Institutions.
- **KPK & Sindh Boards:** Aligned with Single National Curriculum standards.

#### 💡 Exam Preparation Tips:
- Review past 5-year board questions included at the end of each topic.
- Practice diagrams, derivations, and formulas regularly.
- Memorize key definitions and bold terms for maximum score."
Unit 11 Long Questions,Biology,10,PCTB (Punjab Curriculum & Textbook Board),CHAPTER_WISE,11,Long Questions,TaleemCity / PakParcha,https://drive.google.com/file/d/1Oh7gmuYt7XTxe5dAfAmdTDMS79FNQI3g/preview,"### Comprehensive Biology Class 10 (Unit 11) Notes & Solutions

These Biology notes for Class 10 (Unit 11 Long Questions) are prepared strictly according to the Single National Curriculum (SNC 2025–2026) and Punjab Curriculum and Textbook Board (PCTB) standards.

#### 📌 Included In This Resource:
1. **Multiple Choice Questions (MCQs):** Carefully curated objective questions with verified answer keys.
2. **Short Answer Questions:** Concise, exam-targeted answers highlighting key definitions, laws, and concepts.
3. **Long & Detailed Questions:** Step-by-step explanations, diagrams, derivations, and board-standard headings.
4. **Textbook Solved Exercises & Numericals:** Complete solved numericals and exercises with given data, formula substitution, and final units.

#### 🏛️ Board Compatibility:
- **Punjab Boards:** Lahore, Rawalpindi, Gujranwala, Faisalabad, Multan, Sargodha, Sahiwal, Bahawalpur, DG Khan.
- **Federal Board (FBISE):** Islamabad & Cantonment Institutions.
- **KPK & Sindh Boards:** Aligned with Single National Curriculum standards.

#### 💡 Exam Preparation Tips:
- Review past 5-year board questions included at the end of each topic.
- Practice diagrams, derivations, and formulas regularly.
- Memorize key definitions and bold terms for maximum score."
Unit 11 MCQâs,Biology,10,PCTB (Punjab Curriculum & Textbook Board),CHAPTER_WISE,11,Solved MCQs,TaleemCity / PakParcha,https://drive.google.com/file/d/1A57Y7-taoW5A4VSxyxo4561TO4GVJeZP/preview,"### Comprehensive Biology Class 10 (Unit 11) Notes & Solutions

These Biology notes for Class 10 (Unit 11 MCQâs) are prepared strictly according to the Single National Curriculum (SNC 2025–2026) and Punjab Curriculum and Textbook Board (PCTB) standards.

#### 📌 Included In This Resource:
1. **Multiple Choice Questions (MCQs):** Carefully curated objective questions with verified answer keys.
2. **Short Answer Questions:** Concise, exam-targeted answers highlighting key definitions, laws, and concepts.
3. **Long & Detailed Questions:** Step-by-step explanations, diagrams, derivations, and board-standard headings.
4. **Textbook Solved Exercises & Numericals:** Complete solved numericals and exercises with given data, formula substitution, and final units.

#### 🏛️ Board Compatibility:
- **Punjab Boards:** Lahore, Rawalpindi, Gujranwala, Faisalabad, Multan, Sargodha, Sahiwal, Bahawalpur, DG Khan.
- **Federal Board (FBISE):** Islamabad & Cantonment Institutions.
- **KPK & Sindh Boards:** Aligned with Single National Curriculum standards.

#### 💡 Exam Preparation Tips:
- Review past 5-year board questions included at the end of each topic.
- Practice diagrams, derivations, and formulas regularly.
- Memorize key definitions and bold terms for maximum score."
Unit 11 Short Questions,Biology,10,PCTB (Punjab Curriculum & Textbook Board),CHAPTER_WISE,11,Short Questions,TaleemCity / PakParcha,https://drive.google.com/file/d/1ZPzReCj1CBIj4_fZFNHFr4srWWk7PDQ6/preview,"### Comprehensive Biology Class 10 (Unit 11) Notes & Solutions

These Biology notes for Class 10 (Unit 11 Short Questions) are prepared strictly according to the Single National Curriculum (SNC 2025–2026) and Punjab Curriculum and Textbook Board (PCTB) standards.

#### 📌 Included In This Resource:
1. **Multiple Choice Questions (MCQs):** Carefully curated objective questions with verified answer keys.
2. **Short Answer Questions:** Concise, exam-targeted answers highlighting key definitions, laws, and concepts.
3. **Long & Detailed Questions:** Step-by-step explanations, diagrams, derivations, and board-standard headings.
4. **Textbook Solved Exercises & Numericals:** Complete solved numericals and exercises with given data, formula substitution, and final units.

#### 🏛️ Board Compatibility:
- **Punjab Boards:** Lahore, Rawalpindi, Gujranwala, Faisalabad, Multan, Sargodha, Sahiwal, Bahawalpur, DG Khan.
- **Federal Board (FBISE):** Islamabad & Cantonment Institutions.
- **KPK & Sindh Boards:** Aligned with Single National Curriculum standards.

#### 💡 Exam Preparation Tips:
- Review past 5-year board questions included at the end of each topic.
- Practice diagrams, derivations, and formulas regularly.
- Memorize key definitions and bold terms for maximum score."
Unit 12 Long Questions,Biology,10,PCTB (Punjab Curriculum & Textbook Board),CHAPTER_WISE,12,Long Questions,TaleemCity / PakParcha,https://drive.google.com/file/d/1vBxwCNuktfPtBJCohmn6QsgGuBvA1MLl/preview,"### Comprehensive Biology Class 10 (Unit 12) Notes & Solutions

These Biology notes for Class 10 (Unit 12 Long Questions) are prepared strictly according to the Single National Curriculum (SNC 2025–2026) and Punjab Curriculum and Textbook Board (PCTB) standards.

#### 📌 Included In This Resource:
1. **Multiple Choice Questions (MCQs):** Carefully curated objective questions with verified answer keys.
2. **Short Answer Questions:** Concise, exam-targeted answers highlighting key definitions, laws, and concepts.
3. **Long & Detailed Questions:** Step-by-step explanations, diagrams, derivations, and board-standard headings.
4. **Textbook Solved Exercises & Numericals:** Complete solved numericals and exercises with given data, formula substitution, and final units.

#### 🏛️ Board Compatibility:
- **Punjab Boards:** Lahore, Rawalpindi, Gujranwala, Faisalabad, Multan, Sargodha, Sahiwal, Bahawalpur, DG Khan.
- **Federal Board (FBISE):** Islamabad & Cantonment Institutions.
- **KPK & Sindh Boards:** Aligned with Single National Curriculum standards.

#### 💡 Exam Preparation Tips:
- Review past 5-year board questions included at the end of each topic.
- Practice diagrams, derivations, and formulas regularly.
- Memorize key definitions and bold terms for maximum score."
Unit 12 MCQâs,Biology,10,PCTB (Punjab Curriculum & Textbook Board),CHAPTER_WISE,12,Solved MCQs,TaleemCity / PakParcha,https://drive.google.com/file/d/1UDJLOjSvKz_-K70kXX6d6k8gno2d1r6r/preview,"### Comprehensive Biology Class 10 (Unit 12) Notes & Solutions

These Biology notes for Class 10 (Unit 12 MCQâs) are prepared strictly according to the Single National Curriculum (SNC 2025–2026) and Punjab Curriculum and Textbook Board (PCTB) standards.

#### 📌 Included In This Resource:
1. **Multiple Choice Questions (MCQs):** Carefully curated objective questions with verified answer keys.
2. **Short Answer Questions:** Concise, exam-targeted answers highlighting key definitions, laws, and concepts.
3. **Long & Detailed Questions:** Step-by-step explanations, diagrams, derivations, and board-standard headings.
4. **Textbook Solved Exercises & Numericals:** Complete solved numericals and exercises with given data, formula substitution, and final units.

#### 🏛️ Board Compatibility:
- **Punjab Boards:** Lahore, Rawalpindi, Gujranwala, Faisalabad, Multan, Sargodha, Sahiwal, Bahawalpur, DG Khan.
- **Federal Board (FBISE):** Islamabad & Cantonment Institutions.
- **KPK & Sindh Boards:** Aligned with Single National Curriculum standards.

#### 💡 Exam Preparation Tips:
- Review past 5-year board questions included at the end of each topic.
- Practice diagrams, derivations, and formulas regularly.
- Memorize key definitions and bold terms for maximum score."
Unit 12 Short Questions,Biology,10,PCTB (Punjab Curriculum & Textbook Board),CHAPTER_WISE,12,Short Questions,TaleemCity / PakParcha,https://drive.google.com/file/d/18L1E5GjACrWmFfqaaWbHqgu1Ngn8DuWA/preview,"### Comprehensive Biology Class 10 (Unit 12) Notes & Solutions

These Biology notes for Class 10 (Unit 12 Short Questions) are prepared strictly according to the Single National Curriculum (SNC 2025–2026) and Punjab Curriculum and Textbook Board (PCTB) standards.

#### 📌 Included In This Resource:
1. **Multiple Choice Questions (MCQs):** Carefully curated objective questions with verified answer keys.
2. **Short Answer Questions:** Concise, exam-targeted answers highlighting key definitions, laws, and concepts.
3. **Long & Detailed Questions:** Step-by-step explanations, diagrams, derivations, and board-standard headings.
4. **Textbook Solved Exercises & Numericals:** Complete solved numericals and exercises with given data, formula substitution, and final units.

#### 🏛️ Board Compatibility:
- **Punjab Boards:** Lahore, Rawalpindi, Gujranwala, Faisalabad, Multan, Sargodha, Sahiwal, Bahawalpur, DG Khan.
- **Federal Board (FBISE):** Islamabad & Cantonment Institutions.
- **KPK & Sindh Boards:** Aligned with Single National Curriculum standards.

#### 💡 Exam Preparation Tips:
- Review past 5-year board questions included at the end of each topic.
- Practice diagrams, derivations, and formulas regularly.
- Memorize key definitions and bold terms for maximum score."
Unit 13 Long Questions,Biology,10,PCTB (Punjab Curriculum & Textbook Board),CHAPTER_WISE,13,Long Questions,TaleemCity / PakParcha,https://drive.google.com/file/d/1fsLRVHNYeN8P49S3LoKv87_eMbPOP_nq/preview,"### Comprehensive Biology Class 10 (Unit 13) Notes & Solutions

These Biology notes for Class 10 (Unit 13 Long Questions) are prepared strictly according to the Single National Curriculum (SNC 2025–2026) and Punjab Curriculum and Textbook Board (PCTB) standards.

#### 📌 Included In This Resource:
1. **Multiple Choice Questions (MCQs):** Carefully curated objective questions with verified answer keys.
2. **Short Answer Questions:** Concise, exam-targeted answers highlighting key definitions, laws, and concepts.
3. **Long & Detailed Questions:** Step-by-step explanations, diagrams, derivations, and board-standard headings.
4. **Textbook Solved Exercises & Numericals:** Complete solved numericals and exercises with given data, formula substitution, and final units.

#### 🏛️ Board Compatibility:
- **Punjab Boards:** Lahore, Rawalpindi, Gujranwala, Faisalabad, Multan, Sargodha, Sahiwal, Bahawalpur, DG Khan.
- **Federal Board (FBISE):** Islamabad & Cantonment Institutions.
- **KPK & Sindh Boards:** Aligned with Single National Curriculum standards.

#### 💡 Exam Preparation Tips:
- Review past 5-year board questions included at the end of each topic.
- Practice diagrams, derivations, and formulas regularly.
- Memorize key definitions and bold terms for maximum score."
Unit 13 MCQâs,Biology,10,PCTB (Punjab Curriculum & Textbook Board),CHAPTER_WISE,13,Solved MCQs,TaleemCity / PakParcha,https://drive.google.com/file/d/1rlAPqMQOcwBaqa6WD44JLegZcbBSZ1Jo/preview,"### Comprehensive Biology Class 10 (Unit 13) Notes & Solutions

These Biology notes for Class 10 (Unit 13 MCQâs) are prepared strictly according to the Single National Curriculum (SNC 2025–2026) and Punjab Curriculum and Textbook Board (PCTB) standards.

#### 📌 Included In This Resource:
1. **Multiple Choice Questions (MCQs):** Carefully curated objective questions with verified answer keys.
2. **Short Answer Questions:** Concise, exam-targeted answers highlighting key definitions, laws, and concepts.
3. **Long & Detailed Questions:** Step-by-step explanations, diagrams, derivations, and board-standard headings.
4. **Textbook Solved Exercises & Numericals:** Complete solved numericals and exercises with given data, formula substitution, and final units.

#### 🏛️ Board Compatibility:
- **Punjab Boards:** Lahore, Rawalpindi, Gujranwala, Faisalabad, Multan, Sargodha, Sahiwal, Bahawalpur, DG Khan.
- **Federal Board (FBISE):** Islamabad & Cantonment Institutions.
- **KPK & Sindh Boards:** Aligned with Single National Curriculum standards.

#### 💡 Exam Preparation Tips:
- Review past 5-year board questions included at the end of each topic.
- Practice diagrams, derivations, and formulas regularly.
- Memorize key definitions and bold terms for maximum score."
Unit 13 Short Questions,Biology,10,PCTB (Punjab Curriculum & Textbook Board),CHAPTER_WISE,13,Short Questions,TaleemCity / PakParcha,https://drive.google.com/file/d/1DJkTqtjaIkzIqlBDC-gzjtPyHuo_DjDU/preview,"### Comprehensive Biology Class 10 (Unit 13) Notes & Solutions

These Biology notes for Class 10 (Unit 13 Short Questions) are prepared strictly according to the Single National Curriculum (SNC 2025–2026) and Punjab Curriculum and Textbook Board (PCTB) standards.

#### 📌 Included In This Resource:
1. **Multiple Choice Questions (MCQs):** Carefully curated objective questions with verified answer keys.
2. **Short Answer Questions:** Concise, exam-targeted answers highlighting key definitions, laws, and concepts.
3. **Long & Detailed Questions:** Step-by-step explanations, diagrams, derivations, and board-standard headings.
4. **Textbook Solved Exercises & Numericals:** Complete solved numericals and exercises with given data, formula substitution, and final units.

#### 🏛️ Board Compatibility:
- **Punjab Boards:** Lahore, Rawalpindi, Gujranwala, Faisalabad, Multan, Sargodha, Sahiwal, Bahawalpur, DG Khan.
- **Federal Board (FBISE):** Islamabad & Cantonment Institutions.
- **KPK & Sindh Boards:** Aligned with Single National Curriculum standards.

#### 💡 Exam Preparation Tips:
- Review past 5-year board questions included at the end of each topic.
- Practice diagrams, derivations, and formulas regularly.
- Memorize key definitions and bold terms for maximum score."
Unit 14 Long Questions,Biology,10,PCTB (Punjab Curriculum & Textbook Board),CHAPTER_WISE,14,Long Questions,TaleemCity / PakParcha,https://drive.google.com/file/d/10TKcZn3m6zgqUCSribKQOvkaVF-Zmp0b/preview,"### Comprehensive Biology Class 10 (Unit 14) Notes & Solutions

These Biology notes for Class 10 (Unit 14 Long Questions) are prepared strictly according to the Single National Curriculum (SNC 2025–2026) and Punjab Curriculum and Textbook Board (PCTB) standards.

#### 📌 Included In This Resource:
1. **Multiple Choice Questions (MCQs):** Carefully curated objective questions with verified answer keys.
2. **Short Answer Questions:** Concise, exam-targeted answers highlighting key definitions, laws, and concepts.
3. **Long & Detailed Questions:** Step-by-step explanations, diagrams, derivations, and board-standard headings.
4. **Textbook Solved Exercises & Numericals:** Complete solved numericals and exercises with given data, formula substitution, and final units.

#### 🏛️ Board Compatibility:
- **Punjab Boards:** Lahore, Rawalpindi, Gujranwala, Faisalabad, Multan, Sargodha, Sahiwal, Bahawalpur, DG Khan.
- **Federal Board (FBISE):** Islamabad & Cantonment Institutions.
- **KPK & Sindh Boards:** Aligned with Single National Curriculum standards.

#### 💡 Exam Preparation Tips:
- Review past 5-year board questions included at the end of each topic.
- Practice diagrams, derivations, and formulas regularly.
- Memorize key definitions and bold terms for maximum score."
Unit 14 MCQâs,Biology,10,PCTB (Punjab Curriculum & Textbook Board),CHAPTER_WISE,14,Solved MCQs,TaleemCity / PakParcha,https://drive.google.com/file/d/1pboWwOWDXV3QuRh2gxxeat0egsyJFlj-/preview,"### Comprehensive Biology Class 10 (Unit 14) Notes & Solutions

These Biology notes for Class 10 (Unit 14 MCQâs) are prepared strictly according to the Single National Curriculum (SNC 2025–2026) and Punjab Curriculum and Textbook Board (PCTB) standards.

#### 📌 Included In This Resource:
1. **Multiple Choice Questions (MCQs):** Carefully curated objective questions with verified answer keys.
2. **Short Answer Questions:** Concise, exam-targeted answers highlighting key definitions, laws, and concepts.
3. **Long & Detailed Questions:** Step-by-step explanations, diagrams, derivations, and board-standard headings.
4. **Textbook Solved Exercises & Numericals:** Complete solved numericals and exercises with given data, formula substitution, and final units.

#### 🏛️ Board Compatibility:
- **Punjab Boards:** Lahore, Rawalpindi, Gujranwala, Faisalabad, Multan, Sargodha, Sahiwal, Bahawalpur, DG Khan.
- **Federal Board (FBISE):** Islamabad & Cantonment Institutions.
- **KPK & Sindh Boards:** Aligned with Single National Curriculum standards.

#### 💡 Exam Preparation Tips:
- Review past 5-year board questions included at the end of each topic.
- Practice diagrams, derivations, and formulas regularly.
- Memorize key definitions and bold terms for maximum score."
Unit 14 Short Questions,Biology,10,PCTB (Punjab Curriculum & Textbook Board),CHAPTER_WISE,14,Short Questions,TaleemCity / PakParcha,https://drive.google.com/file/d/1q_8p1J9pDv9cZzQDLnD3Bs2eBSxMChpe/preview,"### Comprehensive Biology Class 10 (Unit 14) Notes & Solutions

These Biology notes for Class 10 (Unit 14 Short Questions) are prepared strictly according to the Single National Curriculum (SNC 2025–2026) and Punjab Curriculum and Textbook Board (PCTB) standards.

#### 📌 Included In This Resource:
1. **Multiple Choice Questions (MCQs):** Carefully curated objective questions with verified answer keys.
2. **Short Answer Questions:** Concise, exam-targeted answers highlighting key definitions, laws, and concepts.
3. **Long & Detailed Questions:** Step-by-step explanations, diagrams, derivations, and board-standard headings.
4. **Textbook Solved Exercises & Numericals:** Complete solved numericals and exercises with given data, formula substitution, and final units.

#### 🏛️ Board Compatibility:
- **Punjab Boards:** Lahore, Rawalpindi, Gujranwala, Faisalabad, Multan, Sargodha, Sahiwal, Bahawalpur, DG Khan.
- **Federal Board (FBISE):** Islamabad & Cantonment Institutions.
- **KPK & Sindh Boards:** Aligned with Single National Curriculum standards.

#### 💡 Exam Preparation Tips:
- Review past 5-year board questions included at the end of each topic.
- Practice diagrams, derivations, and formulas regularly.
- Memorize key definitions and bold terms for maximum score."
Unit 15 Long Questions,Biology,10,PCTB (Punjab Curriculum & Textbook Board),CHAPTER_WISE,15,Long Questions,TaleemCity / PakParcha,https://drive.google.com/file/d/1CzByzBc4BhaSVSpV9qa5PXa3riOtkTBG/preview,"### Comprehensive Biology Class 10 (Unit 15) Notes & Solutions

These Biology notes for Class 10 (Unit 15 Long Questions) are prepared strictly according to the Single National Curriculum (SNC 2025–2026) and Punjab Curriculum and Textbook Board (PCTB) standards.

#### 📌 Included In This Resource:
1. **Multiple Choice Questions (MCQs):** Carefully curated objective questions with verified answer keys.
2. **Short Answer Questions:** Concise, exam-targeted answers highlighting key definitions, laws, and concepts.
3. **Long & Detailed Questions:** Step-by-step explanations, diagrams, derivations, and board-standard headings.
4. **Textbook Solved Exercises & Numericals:** Complete solved numericals and exercises with given data, formula substitution, and final units.

#### 🏛️ Board Compatibility:
- **Punjab Boards:** Lahore, Rawalpindi, Gujranwala, Faisalabad, Multan, Sargodha, Sahiwal, Bahawalpur, DG Khan.
- **Federal Board (FBISE):** Islamabad & Cantonment Institutions.
- **KPK & Sindh Boards:** Aligned with Single National Curriculum standards.

#### 💡 Exam Preparation Tips:
- Review past 5-year board questions included at the end of each topic.
- Practice diagrams, derivations, and formulas regularly.
- Memorize key definitions and bold terms for maximum score."
Unit 15 MCQâs,Biology,10,PCTB (Punjab Curriculum & Textbook Board),CHAPTER_WISE,15,Solved MCQs,TaleemCity / PakParcha,https://drive.google.com/file/d/1b6YQfpvHNsMQ3h6PaH_T_Na1f83Q5gvV/preview,"### Comprehensive Biology Class 10 (Unit 15) Notes & Solutions

These Biology notes for Class 10 (Unit 15 MCQâs) are prepared strictly according to the Single National Curriculum (SNC 2025–2026) and Punjab Curriculum and Textbook Board (PCTB) standards.

#### 📌 Included In This Resource:
1. **Multiple Choice Questions (MCQs):** Carefully curated objective questions with verified answer keys.
2. **Short Answer Questions:** Concise, exam-targeted answers highlighting key definitions, laws, and concepts.
3. **Long & Detailed Questions:** Step-by-step explanations, diagrams, derivations, and board-standard headings.
4. **Textbook Solved Exercises & Numericals:** Complete solved numericals and exercises with given data, formula substitution, and final units.

#### 🏛️ Board Compatibility:
- **Punjab Boards:** Lahore, Rawalpindi, Gujranwala, Faisalabad, Multan, Sargodha, Sahiwal, Bahawalpur, DG Khan.
- **Federal Board (FBISE):** Islamabad & Cantonment Institutions.
- **KPK & Sindh Boards:** Aligned with Single National Curriculum standards.

#### 💡 Exam Preparation Tips:
- Review past 5-year board questions included at the end of each topic.
- Practice diagrams, derivations, and formulas regularly.
- Memorize key definitions and bold terms for maximum score."
Unit 15 Short Questions,Biology,10,PCTB (Punjab Curriculum & Textbook Board),CHAPTER_WISE,15,Short Questions,TaleemCity / PakParcha,https://drive.google.com/file/d/1Jwypos_qgfv-cCXj8St_A6LnhkXU4AnV/preview,"### Comprehensive Biology Class 10 (Unit 15) Notes & Solutions

These Biology notes for Class 10 (Unit 15 Short Questions) are prepared strictly according to the Single National Curriculum (SNC 2025–2026) and Punjab Curriculum and Textbook Board (PCTB) standards.

#### 📌 Included In This Resource:
1. **Multiple Choice Questions (MCQs):** Carefully curated objective questions with verified answer keys.
2. **Short Answer Questions:** Concise, exam-targeted answers highlighting key definitions, laws, and concepts.
3. **Long & Detailed Questions:** Step-by-step explanations, diagrams, derivations, and board-standard headings.
4. **Textbook Solved Exercises & Numericals:** Complete solved numericals and exercises with given data, formula substitution, and final units.

#### 🏛️ Board Compatibility:
- **Punjab Boards:** Lahore, Rawalpindi, Gujranwala, Faisalabad, Multan, Sargodha, Sahiwal, Bahawalpur, DG Khan.
- **Federal Board (FBISE):** Islamabad & Cantonment Institutions.
- **KPK & Sindh Boards:** Aligned with Single National Curriculum standards.

#### 💡 Exam Preparation Tips:
- Review past 5-year board questions included at the end of each topic.
- Practice diagrams, derivations, and formulas regularly.
- Memorize key definitions and bold terms for maximum score."
Unit 16 Long Questions,Biology,10,PCTB (Punjab Curriculum & Textbook Board),CHAPTER_WISE,16,Long Questions,TaleemCity / PakParcha,https://drive.google.com/file/d/1c60J3iMKSesbvIDYoYJCs2yeYJqB6cH3/preview,"### Comprehensive Biology Class 10 (Unit 16) Notes & Solutions

These Biology notes for Class 10 (Unit 16 Long Questions) are prepared strictly according to the Single National Curriculum (SNC 2025–2026) and Punjab Curriculum and Textbook Board (PCTB) standards.

#### 📌 Included In This Resource:
1. **Multiple Choice Questions (MCQs):** Carefully curated objective questions with verified answer keys.
2. **Short Answer Questions:** Concise, exam-targeted answers highlighting key definitions, laws, and concepts.
3. **Long & Detailed Questions:** Step-by-step explanations, diagrams, derivations, and board-standard headings.
4. **Textbook Solved Exercises & Numericals:** Complete solved numericals and exercises with given data, formula substitution, and final units.

#### 🏛️ Board Compatibility:
- **Punjab Boards:** Lahore, Rawalpindi, Gujranwala, Faisalabad, Multan, Sargodha, Sahiwal, Bahawalpur, DG Khan.
- **Federal Board (FBISE):** Islamabad & Cantonment Institutions.
- **KPK & Sindh Boards:** Aligned with Single National Curriculum standards.

#### 💡 Exam Preparation Tips:
- Review past 5-year board questions included at the end of each topic.
- Practice diagrams, derivations, and formulas regularly.
- Memorize key definitions and bold terms for maximum score."
Unit 16 MCQâs,Biology,10,PCTB (Punjab Curriculum & Textbook Board),CHAPTER_WISE,16,Solved MCQs,TaleemCity / PakParcha,https://drive.google.com/file/d/1XhuEPD2mbnMJxf2yLJ9qJlInZ0PK5hSV/preview,"### Comprehensive Biology Class 10 (Unit 16) Notes & Solutions

These Biology notes for Class 10 (Unit 16 MCQâs) are prepared strictly according to the Single National Curriculum (SNC 2025–2026) and Punjab Curriculum and Textbook Board (PCTB) standards.

#### 📌 Included In This Resource:
1. **Multiple Choice Questions (MCQs):** Carefully curated objective questions with verified answer keys.
2. **Short Answer Questions:** Concise, exam-targeted answers highlighting key definitions, laws, and concepts.
3. **Long & Detailed Questions:** Step-by-step explanations, diagrams, derivations, and board-standard headings.
4. **Textbook Solved Exercises & Numericals:** Complete solved numericals and exercises with given data, formula substitution, and final units.

#### 🏛️ Board Compatibility:
- **Punjab Boards:** Lahore, Rawalpindi, Gujranwala, Faisalabad, Multan, Sargodha, Sahiwal, Bahawalpur, DG Khan.
- **Federal Board (FBISE):** Islamabad & Cantonment Institutions.
- **KPK & Sindh Boards:** Aligned with Single National Curriculum standards.

#### 💡 Exam Preparation Tips:
- Review past 5-year board questions included at the end of each topic.
- Practice diagrams, derivations, and formulas regularly.
- Memorize key definitions and bold terms for maximum score."
Unit 16 Short Questions,Biology,10,PCTB (Punjab Curriculum & Textbook Board),CHAPTER_WISE,16,Short Questions,TaleemCity / PakParcha,https://drive.google.com/file/d/1d5_OMHCUHzn3aOG06m9K27JvM-kJ1LPp/preview,"### Comprehensive Biology Class 10 (Unit 16) Notes & Solutions

These Biology notes for Class 10 (Unit 16 Short Questions) are prepared strictly according to the Single National Curriculum (SNC 2025–2026) and Punjab Curriculum and Textbook Board (PCTB) standards.

#### 📌 Included In This Resource:
1. **Multiple Choice Questions (MCQs):** Carefully curated objective questions with verified answer keys.
2. **Short Answer Questions:** Concise, exam-targeted answers highlighting key definitions, laws, and concepts.
3. **Long & Detailed Questions:** Step-by-step explanations, diagrams, derivations, and board-standard headings.
4. **Textbook Solved Exercises & Numericals:** Complete solved numericals and exercises with given data, formula substitution, and final units.

#### 🏛️ Board Compatibility:
- **Punjab Boards:** Lahore, Rawalpindi, Gujranwala, Faisalabad, Multan, Sargodha, Sahiwal, Bahawalpur, DG Khan.
- **Federal Board (FBISE):** Islamabad & Cantonment Institutions.
- **KPK & Sindh Boards:** Aligned with Single National Curriculum standards.

#### 💡 Exam Preparation Tips:
- Review past 5-year board questions included at the end of each topic.
- Practice diagrams, derivations, and formulas regularly.
- Memorize key definitions and bold terms for maximum score."
Unit 17 Long Questions,Biology,10,PCTB (Punjab Curriculum & Textbook Board),CHAPTER_WISE,17,Long Questions,TaleemCity / PakParcha,https://drive.google.com/file/d/1d2mNpTl1QJ0pCk55QEIuPm0yoAvfvxy7/preview,"### Comprehensive Biology Class 10 (Unit 17) Notes & Solutions

These Biology notes for Class 10 (Unit 17 Long Questions) are prepared strictly according to the Single National Curriculum (SNC 2025–2026) and Punjab Curriculum and Textbook Board (PCTB) standards.

#### 📌 Included In This Resource:
1. **Multiple Choice Questions (MCQs):** Carefully curated objective questions with verified answer keys.
2. **Short Answer Questions:** Concise, exam-targeted answers highlighting key definitions, laws, and concepts.
3. **Long & Detailed Questions:** Step-by-step explanations, diagrams, derivations, and board-standard headings.
4. **Textbook Solved Exercises & Numericals:** Complete solved numericals and exercises with given data, formula substitution, and final units.

#### 🏛️ Board Compatibility:
- **Punjab Boards:** Lahore, Rawalpindi, Gujranwala, Faisalabad, Multan, Sargodha, Sahiwal, Bahawalpur, DG Khan.
- **Federal Board (FBISE):** Islamabad & Cantonment Institutions.
- **KPK & Sindh Boards:** Aligned with Single National Curriculum standards.

#### 💡 Exam Preparation Tips:
- Review past 5-year board questions included at the end of each topic.
- Practice diagrams, derivations, and formulas regularly.
- Memorize key definitions and bold terms for maximum score."
Unit 17 MCQâs,Biology,10,PCTB (Punjab Curriculum & Textbook Board),CHAPTER_WISE,17,Solved MCQs,TaleemCity / PakParcha,https://drive.google.com/file/d/1Qwn55W-auDPHV-D1W6-1TqV7fXC5l-SY/preview,"### Comprehensive Biology Class 10 (Unit 17) Notes & Solutions

These Biology notes for Class 10 (Unit 17 MCQâs) are prepared strictly according to the Single National Curriculum (SNC 2025–2026) and Punjab Curriculum and Textbook Board (PCTB) standards.

#### 📌 Included In This Resource:
1. **Multiple Choice Questions (MCQs):** Carefully curated objective questions with verified answer keys.
2. **Short Answer Questions:** Concise, exam-targeted answers highlighting key definitions, laws, and concepts.
3. **Long & Detailed Questions:** Step-by-step explanations, diagrams, derivations, and board-standard headings.
4. **Textbook Solved Exercises & Numericals:** Complete solved numericals and exercises with given data, formula substitution, and final units.

#### 🏛️ Board Compatibility:
- **Punjab Boards:** Lahore, Rawalpindi, Gujranwala, Faisalabad, Multan, Sargodha, Sahiwal, Bahawalpur, DG Khan.
- **Federal Board (FBISE):** Islamabad & Cantonment Institutions.
- **KPK & Sindh Boards:** Aligned with Single National Curriculum standards.

#### 💡 Exam Preparation Tips:
- Review past 5-year board questions included at the end of each topic.
- Practice diagrams, derivations, and formulas regularly.
- Memorize key definitions and bold terms for maximum score."
Unit 17 Short Questions,Biology,10,PCTB (Punjab Curriculum & Textbook Board),CHAPTER_WISE,17,Short Questions,TaleemCity / PakParcha,https://drive.google.com/file/d/1LCWHKgwMPjEV0o-cEQ-1HWJQ_0w_EkPy/preview,"### Comprehensive Biology Class 10 (Unit 17) Notes & Solutions

These Biology notes for Class 10 (Unit 17 Short Questions) are prepared strictly according to the Single National Curriculum (SNC 2025–2026) and Punjab Curriculum and Textbook Board (PCTB) standards.

#### 📌 Included In This Resource:
1. **Multiple Choice Questions (MCQs):** Carefully curated objective questions with verified answer keys.
2. **Short Answer Questions:** Concise, exam-targeted answers highlighting key definitions, laws, and concepts.
3. **Long & Detailed Questions:** Step-by-step explanations, diagrams, derivations, and board-standard headings.
4. **Textbook Solved Exercises & Numericals:** Complete solved numericals and exercises with given data, formula substitution, and final units.

#### 🏛️ Board Compatibility:
- **Punjab Boards:** Lahore, Rawalpindi, Gujranwala, Faisalabad, Multan, Sargodha, Sahiwal, Bahawalpur, DG Khan.
- **Federal Board (FBISE):** Islamabad & Cantonment Institutions.
- **KPK & Sindh Boards:** Aligned with Single National Curriculum standards.

#### 💡 Exam Preparation Tips:
- Review past 5-year board questions included at the end of each topic.
- Practice diagrams, derivations, and formulas regularly.
- Memorize key definitions and bold terms for maximum score."
Unit 18 Long Questions,Biology,10,PCTB (Punjab Curriculum & Textbook Board),CHAPTER_WISE,18,Long Questions,TaleemCity / PakParcha,https://drive.google.com/file/d/1FnC5dBirFyT7MwvfFW4KkqjAxqnHhqBH/preview,"### Comprehensive Biology Class 10 (Unit 18) Notes & Solutions

These Biology notes for Class 10 (Unit 18 Long Questions) are prepared strictly according to the Single National Curriculum (SNC 2025–2026) and Punjab Curriculum and Textbook Board (PCTB) standards.

#### 📌 Included In This Resource:
1. **Multiple Choice Questions (MCQs):** Carefully curated objective questions with verified answer keys.
2. **Short Answer Questions:** Concise, exam-targeted answers highlighting key definitions, laws, and concepts.
3. **Long & Detailed Questions:** Step-by-step explanations, diagrams, derivations, and board-standard headings.
4. **Textbook Solved Exercises & Numericals:** Complete solved numericals and exercises with given data, formula substitution, and final units.

#### 🏛️ Board Compatibility:
- **Punjab Boards:** Lahore, Rawalpindi, Gujranwala, Faisalabad, Multan, Sargodha, Sahiwal, Bahawalpur, DG Khan.
- **Federal Board (FBISE):** Islamabad & Cantonment Institutions.
- **KPK & Sindh Boards:** Aligned with Single National Curriculum standards.

#### 💡 Exam Preparation Tips:
- Review past 5-year board questions included at the end of each topic.
- Practice diagrams, derivations, and formulas regularly.
- Memorize key definitions and bold terms for maximum score."
Unit 18 MCQâs,Biology,10,PCTB (Punjab Curriculum & Textbook Board),CHAPTER_WISE,18,Solved MCQs,TaleemCity / PakParcha,https://drive.google.com/file/d/1-s2rxIHJ_nKbw_cSMH9UXerm3JebiNgy/preview,"### Comprehensive Biology Class 10 (Unit 18) Notes & Solutions

These Biology notes for Class 10 (Unit 18 MCQâs) are prepared strictly according to the Single National Curriculum (SNC 2025–2026) and Punjab Curriculum and Textbook Board (PCTB) standards.

#### 📌 Included In This Resource:
1. **Multiple Choice Questions (MCQs):** Carefully curated objective questions with verified answer keys.
2. **Short Answer Questions:** Concise, exam-targeted answers highlighting key definitions, laws, and concepts.
3. **Long & Detailed Questions:** Step-by-step explanations, diagrams, derivations, and board-standard headings.
4. **Textbook Solved Exercises & Numericals:** Complete solved numericals and exercises with given data, formula substitution, and final units.

#### 🏛️ Board Compatibility:
- **Punjab Boards:** Lahore, Rawalpindi, Gujranwala, Faisalabad, Multan, Sargodha, Sahiwal, Bahawalpur, DG Khan.
- **Federal Board (FBISE):** Islamabad & Cantonment Institutions.
- **KPK & Sindh Boards:** Aligned with Single National Curriculum standards.

#### 💡 Exam Preparation Tips:
- Review past 5-year board questions included at the end of each topic.
- Practice diagrams, derivations, and formulas regularly.
- Memorize key definitions and bold terms for maximum score."
Unit 18 Short Questions,Biology,10,PCTB (Punjab Curriculum & Textbook Board),CHAPTER_WISE,18,Short Questions,TaleemCity / PakParcha,https://drive.google.com/file/d/1YgXn3s37uWcz0pJZ_Bf9CQHHU_NK-KO8/preview,"### Comprehensive Biology Class 10 (Unit 18) Notes & Solutions

These Biology notes for Class 10 (Unit 18 Short Questions) are prepared strictly according to the Single National Curriculum (SNC 2025–2026) and Punjab Curriculum and Textbook Board (PCTB) standards.

#### 📌 Included In This Resource:
1. **Multiple Choice Questions (MCQs):** Carefully curated objective questions with verified answer keys.
2. **Short Answer Questions:** Concise, exam-targeted answers highlighting key definitions, laws, and concepts.
3. **Long & Detailed Questions:** Step-by-step explanations, diagrams, derivations, and board-standard headings.
4. **Textbook Solved Exercises & Numericals:** Complete solved numericals and exercises with given data, formula substitution, and final units.

#### 🏛️ Board Compatibility:
- **Punjab Boards:** Lahore, Rawalpindi, Gujranwala, Faisalabad, Multan, Sargodha, Sahiwal, Bahawalpur, DG Khan.
- **Federal Board (FBISE):** Islamabad & Cantonment Institutions.
- **KPK & Sindh Boards:** Aligned with Single National Curriculum standards.

#### 💡 Exam Preparation Tips:
- Review past 5-year board questions included at the end of each topic.
- Practice diagrams, derivations, and formulas regularly.
- Memorize key definitions and bold terms for maximum score."
Complete Merged Book Notes,Chemistry,10,PCTB (Punjab Curriculum & Textbook Board),FULL_BOOK,,Full Book Complete,TaleemCity / PakParcha,https://drive.google.com/file/d/14tgsVrfkEFaVLratOV7QY1VM0zW9Ljn6/preview,"### Comprehensive Chemistry Class 10 (Full Book Complete Syllabus) Notes & Solutions

These Chemistry notes for Class 10 (Complete Merged Book Notes) are prepared strictly according to the Single National Curriculum (SNC 2025–2026) and Punjab Curriculum and Textbook Board (PCTB) standards.

#### 📌 Included In This Resource:
1. **Multiple Choice Questions (MCQs):** Carefully curated objective questions with verified answer keys.
2. **Short Answer Questions:** Concise, exam-targeted answers highlighting key definitions, laws, and concepts.
3. **Long & Detailed Questions:** Step-by-step explanations, diagrams, derivations, and board-standard headings.
4. **Textbook Solved Exercises & Numericals:** Complete solved numericals and exercises with given data, formula substitution, and final units.

#### 🏛️ Board Compatibility:
- **Punjab Boards:** Lahore, Rawalpindi, Gujranwala, Faisalabad, Multan, Sargodha, Sahiwal, Bahawalpur, DG Khan.
- **Federal Board (FBISE):** Islamabad & Cantonment Institutions.
- **KPK & Sindh Boards:** Aligned with Single National Curriculum standards.

#### 💡 Exam Preparation Tips:
- Review past 5-year board questions included at the end of each topic.
- Practice diagrams, derivations, and formulas regularly.
- Memorize key definitions and bold terms for maximum score."
Unit 09 Exercise Questions,Chemistry,10,PCTB (Punjab Curriculum & Textbook Board),CHAPTER_WISE,9,Solved Numericals,TaleemCity / PakParcha,https://drive.google.com/file/d/1ACD4jYzTczjtrUlDwINEsgup6cRDDhT7/preview,"### Comprehensive Chemistry Class 10 (Unit 9) Notes & Solutions

These Chemistry notes for Class 10 (Unit 09 Exercise Questions) are prepared strictly according to the Single National Curriculum (SNC 2025–2026) and Punjab Curriculum and Textbook Board (PCTB) standards.

#### 📌 Included In This Resource:
1. **Multiple Choice Questions (MCQs):** Carefully curated objective questions with verified answer keys.
2. **Short Answer Questions:** Concise, exam-targeted answers highlighting key definitions, laws, and concepts.
3. **Long & Detailed Questions:** Step-by-step explanations, diagrams, derivations, and board-standard headings.
4. **Textbook Solved Exercises & Numericals:** Complete solved numericals and exercises with given data, formula substitution, and final units.

#### 🏛️ Board Compatibility:
- **Punjab Boards:** Lahore, Rawalpindi, Gujranwala, Faisalabad, Multan, Sargodha, Sahiwal, Bahawalpur, DG Khan.
- **Federal Board (FBISE):** Islamabad & Cantonment Institutions.
- **KPK & Sindh Boards:** Aligned with Single National Curriculum standards.

#### 💡 Exam Preparation Tips:
- Review past 5-year board questions included at the end of each topic.
- Practice diagrams, derivations, and formulas regularly.
- Memorize key definitions and bold terms for maximum score."
Unit 09 Long Questions,Chemistry,10,PCTB (Punjab Curriculum & Textbook Board),CHAPTER_WISE,9,Long Questions,TaleemCity / PakParcha,https://drive.google.com/file/d/1J0H0PpdClJRWdpCE6nqyWKL_YTmi7n6u/preview,"### Comprehensive Chemistry Class 10 (Unit 9) Notes & Solutions

These Chemistry notes for Class 10 (Unit 09 Long Questions) are prepared strictly according to the Single National Curriculum (SNC 2025–2026) and Punjab Curriculum and Textbook Board (PCTB) standards.

#### 📌 Included In This Resource:
1. **Multiple Choice Questions (MCQs):** Carefully curated objective questions with verified answer keys.
2. **Short Answer Questions:** Concise, exam-targeted answers highlighting key definitions, laws, and concepts.
3. **Long & Detailed Questions:** Step-by-step explanations, diagrams, derivations, and board-standard headings.
4. **Textbook Solved Exercises & Numericals:** Complete solved numericals and exercises with given data, formula substitution, and final units.

#### 🏛️ Board Compatibility:
- **Punjab Boards:** Lahore, Rawalpindi, Gujranwala, Faisalabad, Multan, Sargodha, Sahiwal, Bahawalpur, DG Khan.
- **Federal Board (FBISE):** Islamabad & Cantonment Institutions.
- **KPK & Sindh Boards:** Aligned with Single National Curriculum standards.

#### 💡 Exam Preparation Tips:
- Review past 5-year board questions included at the end of each topic.
- Practice diagrams, derivations, and formulas regularly.
- Memorize key definitions and bold terms for maximum score."
Unit 09 MCQâs,Chemistry,10,PCTB (Punjab Curriculum & Textbook Board),CHAPTER_WISE,9,Solved MCQs,TaleemCity / PakParcha,https://drive.google.com/file/d/18GzJ5qyZizL8kUC1xxXyMOnp20yRqW-X/preview,"### Comprehensive Chemistry Class 10 (Unit 9) Notes & Solutions

These Chemistry notes for Class 10 (Unit 09 MCQâs) are prepared strictly according to the Single National Curriculum (SNC 2025–2026) and Punjab Curriculum and Textbook Board (PCTB) standards.

#### 📌 Included In This Resource:
1. **Multiple Choice Questions (MCQs):** Carefully curated objective questions with verified answer keys.
2. **Short Answer Questions:** Concise, exam-targeted answers highlighting key definitions, laws, and concepts.
3. **Long & Detailed Questions:** Step-by-step explanations, diagrams, derivations, and board-standard headings.
4. **Textbook Solved Exercises & Numericals:** Complete solved numericals and exercises with given data, formula substitution, and final units.

#### 🏛️ Board Compatibility:
- **Punjab Boards:** Lahore, Rawalpindi, Gujranwala, Faisalabad, Multan, Sargodha, Sahiwal, Bahawalpur, DG Khan.
- **Federal Board (FBISE):** Islamabad & Cantonment Institutions.
- **KPK & Sindh Boards:** Aligned with Single National Curriculum standards.

#### 💡 Exam Preparation Tips:
- Review past 5-year board questions included at the end of each topic.
- Practice diagrams, derivations, and formulas regularly.
- Memorize key definitions and bold terms for maximum score."
Unit 10 Exercise Questions,Chemistry,10,PCTB (Punjab Curriculum & Textbook Board),CHAPTER_WISE,10,Solved Numericals,TaleemCity / PakParcha,https://drive.google.com/file/d/1U_LsO7Vgih6se4mtW__wL9NVrmkmeRRC/preview,"### Comprehensive Chemistry Class 10 (Unit 10) Notes & Solutions

These Chemistry notes for Class 10 (Unit 10 Exercise Questions) are prepared strictly according to the Single National Curriculum (SNC 2025–2026) and Punjab Curriculum and Textbook Board (PCTB) standards.

#### 📌 Included In This Resource:
1. **Multiple Choice Questions (MCQs):** Carefully curated objective questions with verified answer keys.
2. **Short Answer Questions:** Concise, exam-targeted answers highlighting key definitions, laws, and concepts.
3. **Long & Detailed Questions:** Step-by-step explanations, diagrams, derivations, and board-standard headings.
4. **Textbook Solved Exercises & Numericals:** Complete solved numericals and exercises with given data, formula substitution, and final units.

#### 🏛️ Board Compatibility:
- **Punjab Boards:** Lahore, Rawalpindi, Gujranwala, Faisalabad, Multan, Sargodha, Sahiwal, Bahawalpur, DG Khan.
- **Federal Board (FBISE):** Islamabad & Cantonment Institutions.
- **KPK & Sindh Boards:** Aligned with Single National Curriculum standards.

#### 💡 Exam Preparation Tips:
- Review past 5-year board questions included at the end of each topic.
- Practice diagrams, derivations, and formulas regularly.
- Memorize key definitions and bold terms for maximum score."
Unit 10 Long Questions,Chemistry,10,PCTB (Punjab Curriculum & Textbook Board),CHAPTER_WISE,10,Long Questions,TaleemCity / PakParcha,https://drive.google.com/file/d/1L4w-ht9Fo1XP-_NcPDQEx6xAec3YwW7j/preview,"### Comprehensive Chemistry Class 10 (Unit 10) Notes & Solutions

These Chemistry notes for Class 10 (Unit 10 Long Questions) are prepared strictly according to the Single National Curriculum (SNC 2025–2026) and Punjab Curriculum and Textbook Board (PCTB) standards.

#### 📌 Included In This Resource:
1. **Multiple Choice Questions (MCQs):** Carefully curated objective questions with verified answer keys.
2. **Short Answer Questions:** Concise, exam-targeted answers highlighting key definitions, laws, and concepts.
3. **Long & Detailed Questions:** Step-by-step explanations, diagrams, derivations, and board-standard headings.
4. **Textbook Solved Exercises & Numericals:** Complete solved numericals and exercises with given data, formula substitution, and final units.

#### 🏛️ Board Compatibility:
- **Punjab Boards:** Lahore, Rawalpindi, Gujranwala, Faisalabad, Multan, Sargodha, Sahiwal, Bahawalpur, DG Khan.
- **Federal Board (FBISE):** Islamabad & Cantonment Institutions.
- **KPK & Sindh Boards:** Aligned with Single National Curriculum standards.

#### 💡 Exam Preparation Tips:
- Review past 5-year board questions included at the end of each topic.
- Practice diagrams, derivations, and formulas regularly.
- Memorize key definitions and bold terms for maximum score."
Unit 10 MCQâs,Chemistry,10,PCTB (Punjab Curriculum & Textbook Board),CHAPTER_WISE,10,Solved MCQs,TaleemCity / PakParcha,https://drive.google.com/file/d/1yIJufBNahQUGJLiG60R_zB0BUv0CuOJW/preview,"### Comprehensive Chemistry Class 10 (Unit 10) Notes & Solutions

These Chemistry notes for Class 10 (Unit 10 MCQâs) are prepared strictly according to the Single National Curriculum (SNC 2025–2026) and Punjab Curriculum and Textbook Board (PCTB) standards.

#### 📌 Included In This Resource:
1. **Multiple Choice Questions (MCQs):** Carefully curated objective questions with verified answer keys.
2. **Short Answer Questions:** Concise, exam-targeted answers highlighting key definitions, laws, and concepts.
3. **Long & Detailed Questions:** Step-by-step explanations, diagrams, derivations, and board-standard headings.
4. **Textbook Solved Exercises & Numericals:** Complete solved numericals and exercises with given data, formula substitution, and final units.

#### 🏛️ Board Compatibility:
- **Punjab Boards:** Lahore, Rawalpindi, Gujranwala, Faisalabad, Multan, Sargodha, Sahiwal, Bahawalpur, DG Khan.
- **Federal Board (FBISE):** Islamabad & Cantonment Institutions.
- **KPK & Sindh Boards:** Aligned with Single National Curriculum standards.

#### 💡 Exam Preparation Tips:
- Review past 5-year board questions included at the end of each topic.
- Practice diagrams, derivations, and formulas regularly.
- Memorize key definitions and bold terms for maximum score."
Unit 11 Exercise Questions,Chemistry,10,PCTB (Punjab Curriculum & Textbook Board),CHAPTER_WISE,11,Solved Numericals,TaleemCity / PakParcha,https://drive.google.com/file/d/11I8GJtDQyRv6-NNwyIZq8_UzyMp6SdkL/preview,"### Comprehensive Chemistry Class 10 (Unit 11) Notes & Solutions

These Chemistry notes for Class 10 (Unit 11 Exercise Questions) are prepared strictly according to the Single National Curriculum (SNC 2025–2026) and Punjab Curriculum and Textbook Board (PCTB) standards.

#### 📌 Included In This Resource:
1. **Multiple Choice Questions (MCQs):** Carefully curated objective questions with verified answer keys.
2. **Short Answer Questions:** Concise, exam-targeted answers highlighting key definitions, laws, and concepts.
3. **Long & Detailed Questions:** Step-by-step explanations, diagrams, derivations, and board-standard headings.
4. **Textbook Solved Exercises & Numericals:** Complete solved numericals and exercises with given data, formula substitution, and final units.

#### 🏛️ Board Compatibility:
- **Punjab Boards:** Lahore, Rawalpindi, Gujranwala, Faisalabad, Multan, Sargodha, Sahiwal, Bahawalpur, DG Khan.
- **Federal Board (FBISE):** Islamabad & Cantonment Institutions.
- **KPK & Sindh Boards:** Aligned with Single National Curriculum standards.

#### 💡 Exam Preparation Tips:
- Review past 5-year board questions included at the end of each topic.
- Practice diagrams, derivations, and formulas regularly.
- Memorize key definitions and bold terms for maximum score."
Unit 11 Long Questions,Chemistry,10,PCTB (Punjab Curriculum & Textbook Board),CHAPTER_WISE,11,Long Questions,TaleemCity / PakParcha,https://drive.google.com/file/d/18XmgGoXRlt79NWatFyJ4NMk8si3NGAdc/preview,"### Comprehensive Chemistry Class 10 (Unit 11) Notes & Solutions

These Chemistry notes for Class 10 (Unit 11 Long Questions) are prepared strictly according to the Single National Curriculum (SNC 2025–2026) and Punjab Curriculum and Textbook Board (PCTB) standards.

#### 📌 Included In This Resource:
1. **Multiple Choice Questions (MCQs):** Carefully curated objective questions with verified answer keys.
2. **Short Answer Questions:** Concise, exam-targeted answers highlighting key definitions, laws, and concepts.
3. **Long & Detailed Questions:** Step-by-step explanations, diagrams, derivations, and board-standard headings.
4. **Textbook Solved Exercises & Numericals:** Complete solved numericals and exercises with given data, formula substitution, and final units.

#### 🏛️ Board Compatibility:
- **Punjab Boards:** Lahore, Rawalpindi, Gujranwala, Faisalabad, Multan, Sargodha, Sahiwal, Bahawalpur, DG Khan.
- **Federal Board (FBISE):** Islamabad & Cantonment Institutions.
- **KPK & Sindh Boards:** Aligned with Single National Curriculum standards.

#### 💡 Exam Preparation Tips:
- Review past 5-year board questions included at the end of each topic.
- Practice diagrams, derivations, and formulas regularly.
- Memorize key definitions and bold terms for maximum score."
Unit 11 MCQâs,Chemistry,10,PCTB (Punjab Curriculum & Textbook Board),CHAPTER_WISE,11,Solved MCQs,TaleemCity / PakParcha,https://drive.google.com/file/d/1XlQv9UgqY-vle4fBJEZOz68hOZDnODgu/preview,"### Comprehensive Chemistry Class 10 (Unit 11) Notes & Solutions

These Chemistry notes for Class 10 (Unit 11 MCQâs) are prepared strictly according to the Single National Curriculum (SNC 2025–2026) and Punjab Curriculum and Textbook Board (PCTB) standards.

#### 📌 Included In This Resource:
1. **Multiple Choice Questions (MCQs):** Carefully curated objective questions with verified answer keys.
2. **Short Answer Questions:** Concise, exam-targeted answers highlighting key definitions, laws, and concepts.
3. **Long & Detailed Questions:** Step-by-step explanations, diagrams, derivations, and board-standard headings.
4. **Textbook Solved Exercises & Numericals:** Complete solved numericals and exercises with given data, formula substitution, and final units.

#### 🏛️ Board Compatibility:
- **Punjab Boards:** Lahore, Rawalpindi, Gujranwala, Faisalabad, Multan, Sargodha, Sahiwal, Bahawalpur, DG Khan.
- **Federal Board (FBISE):** Islamabad & Cantonment Institutions.
- **KPK & Sindh Boards:** Aligned with Single National Curriculum standards.

#### 💡 Exam Preparation Tips:
- Review past 5-year board questions included at the end of each topic.
- Practice diagrams, derivations, and formulas regularly.
- Memorize key definitions and bold terms for maximum score."
Unit 12 Exercise Questions,Chemistry,10,PCTB (Punjab Curriculum & Textbook Board),CHAPTER_WISE,12,Solved Numericals,TaleemCity / PakParcha,https://drive.google.com/file/d/1b46u-a2Pcd8eOv0gcJUQfidFND3Gdccq/preview,"### Comprehensive Chemistry Class 10 (Unit 12) Notes & Solutions

These Chemistry notes for Class 10 (Unit 12 Exercise Questions) are prepared strictly according to the Single National Curriculum (SNC 2025–2026) and Punjab Curriculum and Textbook Board (PCTB) standards.

#### 📌 Included In This Resource:
1. **Multiple Choice Questions (MCQs):** Carefully curated objective questions with verified answer keys.
2. **Short Answer Questions:** Concise, exam-targeted answers highlighting key definitions, laws, and concepts.
3. **Long & Detailed Questions:** Step-by-step explanations, diagrams, derivations, and board-standard headings.
4. **Textbook Solved Exercises & Numericals:** Complete solved numericals and exercises with given data, formula substitution, and final units.

#### 🏛️ Board Compatibility:
- **Punjab Boards:** Lahore, Rawalpindi, Gujranwala, Faisalabad, Multan, Sargodha, Sahiwal, Bahawalpur, DG Khan.
- **Federal Board (FBISE):** Islamabad & Cantonment Institutions.
- **KPK & Sindh Boards:** Aligned with Single National Curriculum standards.

#### 💡 Exam Preparation Tips:
- Review past 5-year board questions included at the end of each topic.
- Practice diagrams, derivations, and formulas regularly.
- Memorize key definitions and bold terms for maximum score."
Unit 12 Long Questions,Chemistry,10,PCTB (Punjab Curriculum & Textbook Board),CHAPTER_WISE,12,Long Questions,TaleemCity / PakParcha,https://drive.google.com/file/d/1KB9lOsKgL9n_kJws3srkrIk1JZTERsXa/preview,"### Comprehensive Chemistry Class 10 (Unit 12) Notes & Solutions

These Chemistry notes for Class 10 (Unit 12 Long Questions) are prepared strictly according to the Single National Curriculum (SNC 2025–2026) and Punjab Curriculum and Textbook Board (PCTB) standards.

#### 📌 Included In This Resource:
1. **Multiple Choice Questions (MCQs):** Carefully curated objective questions with verified answer keys.
2. **Short Answer Questions:** Concise, exam-targeted answers highlighting key definitions, laws, and concepts.
3. **Long & Detailed Questions:** Step-by-step explanations, diagrams, derivations, and board-standard headings.
4. **Textbook Solved Exercises & Numericals:** Complete solved numericals and exercises with given data, formula substitution, and final units.

#### 🏛️ Board Compatibility:
- **Punjab Boards:** Lahore, Rawalpindi, Gujranwala, Faisalabad, Multan, Sargodha, Sahiwal, Bahawalpur, DG Khan.
- **Federal Board (FBISE):** Islamabad & Cantonment Institutions.
- **KPK & Sindh Boards:** Aligned with Single National Curriculum standards.

#### 💡 Exam Preparation Tips:
- Review past 5-year board questions included at the end of each topic.
- Practice diagrams, derivations, and formulas regularly.
- Memorize key definitions and bold terms for maximum score."
Unit 12 MCQâs,Chemistry,10,PCTB (Punjab Curriculum & Textbook Board),CHAPTER_WISE,12,Solved MCQs,TaleemCity / PakParcha,https://drive.google.com/file/d/1XHvveGk_JAR2Lplgfi1zrKIfZGL36DSg/preview,"### Comprehensive Chemistry Class 10 (Unit 12) Notes & Solutions

These Chemistry notes for Class 10 (Unit 12 MCQâs) are prepared strictly according to the Single National Curriculum (SNC 2025–2026) and Punjab Curriculum and Textbook Board (PCTB) standards.

#### 📌 Included In This Resource:
1. **Multiple Choice Questions (MCQs):** Carefully curated objective questions with verified answer keys.
2. **Short Answer Questions:** Concise, exam-targeted answers highlighting key definitions, laws, and concepts.
3. **Long & Detailed Questions:** Step-by-step explanations, diagrams, derivations, and board-standard headings.
4. **Textbook Solved Exercises & Numericals:** Complete solved numericals and exercises with given data, formula substitution, and final units.

#### 🏛️ Board Compatibility:
- **Punjab Boards:** Lahore, Rawalpindi, Gujranwala, Faisalabad, Multan, Sargodha, Sahiwal, Bahawalpur, DG Khan.
- **Federal Board (FBISE):** Islamabad & Cantonment Institutions.
- **KPK & Sindh Boards:** Aligned with Single National Curriculum standards.

#### 💡 Exam Preparation Tips:
- Review past 5-year board questions included at the end of each topic.
- Practice diagrams, derivations, and formulas regularly.
- Memorize key definitions and bold terms for maximum score."
Unit 13 Exercise Questions,Chemistry,10,PCTB (Punjab Curriculum & Textbook Board),CHAPTER_WISE,13,Solved Numericals,TaleemCity / PakParcha,https://drive.google.com/file/d/1u8H2FDpWSlLIuy5HbgtnVojEe-xbBI8i/preview,"### Comprehensive Chemistry Class 10 (Unit 13) Notes & Solutions

These Chemistry notes for Class 10 (Unit 13 Exercise Questions) are prepared strictly according to the Single National Curriculum (SNC 2025–2026) and Punjab Curriculum and Textbook Board (PCTB) standards.

#### 📌 Included In This Resource:
1. **Multiple Choice Questions (MCQs):** Carefully curated objective questions with verified answer keys.
2. **Short Answer Questions:** Concise, exam-targeted answers highlighting key definitions, laws, and concepts.
3. **Long & Detailed Questions:** Step-by-step explanations, diagrams, derivations, and board-standard headings.
4. **Textbook Solved Exercises & Numericals:** Complete solved numericals and exercises with given data, formula substitution, and final units.

#### 🏛️ Board Compatibility:
- **Punjab Boards:** Lahore, Rawalpindi, Gujranwala, Faisalabad, Multan, Sargodha, Sahiwal, Bahawalpur, DG Khan.
- **Federal Board (FBISE):** Islamabad & Cantonment Institutions.
- **KPK & Sindh Boards:** Aligned with Single National Curriculum standards.

#### 💡 Exam Preparation Tips:
- Review past 5-year board questions included at the end of each topic.
- Practice diagrams, derivations, and formulas regularly.
- Memorize key definitions and bold terms for maximum score."
Unit 13 Long Questions,Chemistry,10,PCTB (Punjab Curriculum & Textbook Board),CHAPTER_WISE,13,Long Questions,TaleemCity / PakParcha,https://drive.google.com/file/d/1Y5CehBM-FVE0a0Zl-wWRDXdMN8HXBMb_/preview,"### Comprehensive Chemistry Class 10 (Unit 13) Notes & Solutions

These Chemistry notes for Class 10 (Unit 13 Long Questions) are prepared strictly according to the Single National Curriculum (SNC 2025–2026) and Punjab Curriculum and Textbook Board (PCTB) standards.

#### 📌 Included In This Resource:
1. **Multiple Choice Questions (MCQs):** Carefully curated objective questions with verified answer keys.
2. **Short Answer Questions:** Concise, exam-targeted answers highlighting key definitions, laws, and concepts.
3. **Long & Detailed Questions:** Step-by-step explanations, diagrams, derivations, and board-standard headings.
4. **Textbook Solved Exercises & Numericals:** Complete solved numericals and exercises with given data, formula substitution, and final units.

#### 🏛️ Board Compatibility:
- **Punjab Boards:** Lahore, Rawalpindi, Gujranwala, Faisalabad, Multan, Sargodha, Sahiwal, Bahawalpur, DG Khan.
- **Federal Board (FBISE):** Islamabad & Cantonment Institutions.
- **KPK & Sindh Boards:** Aligned with Single National Curriculum standards.

#### 💡 Exam Preparation Tips:
- Review past 5-year board questions included at the end of each topic.
- Practice diagrams, derivations, and formulas regularly.
- Memorize key definitions and bold terms for maximum score."
Unit 13 MCQâs,Chemistry,10,PCTB (Punjab Curriculum & Textbook Board),CHAPTER_WISE,13,Solved MCQs,TaleemCity / PakParcha,https://drive.google.com/file/d/1AlfT32K8ccUySQSFe3Y6LWCwd119Trv1/preview,"### Comprehensive Chemistry Class 10 (Unit 13) Notes & Solutions

These Chemistry notes for Class 10 (Unit 13 MCQâs) are prepared strictly according to the Single National Curriculum (SNC 2025–2026) and Punjab Curriculum and Textbook Board (PCTB) standards.

#### 📌 Included In This Resource:
1. **Multiple Choice Questions (MCQs):** Carefully curated objective questions with verified answer keys.
2. **Short Answer Questions:** Concise, exam-targeted answers highlighting key definitions, laws, and concepts.
3. **Long & Detailed Questions:** Step-by-step explanations, diagrams, derivations, and board-standard headings.
4. **Textbook Solved Exercises & Numericals:** Complete solved numericals and exercises with given data, formula substitution, and final units.

#### 🏛️ Board Compatibility:
- **Punjab Boards:** Lahore, Rawalpindi, Gujranwala, Faisalabad, Multan, Sargodha, Sahiwal, Bahawalpur, DG Khan.
- **Federal Board (FBISE):** Islamabad & Cantonment Institutions.
- **KPK & Sindh Boards:** Aligned with Single National Curriculum standards.

#### 💡 Exam Preparation Tips:
- Review past 5-year board questions included at the end of each topic.
- Practice diagrams, derivations, and formulas regularly.
- Memorize key definitions and bold terms for maximum score."
Unit 14 Long Questions (New),Chemistry,10,PCTB (Punjab Curriculum & Textbook Board),CHAPTER_WISE,14,Long Questions,TaleemCity / PakParcha,https://drive.google.com/file/d/19hy-9ic0mZp433lks_XfMHQR0yw9yIWg/preview,"### Comprehensive Chemistry Class 10 (Unit 14) Notes & Solutions

These Chemistry notes for Class 10 (Unit 14 Long Questions (New)) are prepared strictly according to the Single National Curriculum (SNC 2025–2026) and Punjab Curriculum and Textbook Board (PCTB) standards.

#### 📌 Included In This Resource:
1. **Multiple Choice Questions (MCQs):** Carefully curated objective questions with verified answer keys.
2. **Short Answer Questions:** Concise, exam-targeted answers highlighting key definitions, laws, and concepts.
3. **Long & Detailed Questions:** Step-by-step explanations, diagrams, derivations, and board-standard headings.
4. **Textbook Solved Exercises & Numericals:** Complete solved numericals and exercises with given data, formula substitution, and final units.

#### 🏛️ Board Compatibility:
- **Punjab Boards:** Lahore, Rawalpindi, Gujranwala, Faisalabad, Multan, Sargodha, Sahiwal, Bahawalpur, DG Khan.
- **Federal Board (FBISE):** Islamabad & Cantonment Institutions.
- **KPK & Sindh Boards:** Aligned with Single National Curriculum standards.

#### 💡 Exam Preparation Tips:
- Review past 5-year board questions included at the end of each topic.
- Practice diagrams, derivations, and formulas regularly.
- Memorize key definitions and bold terms for maximum score."
Unit 14 MCQâs (New),Chemistry,10,PCTB (Punjab Curriculum & Textbook Board),CHAPTER_WISE,14,Solved MCQs,TaleemCity / PakParcha,https://drive.google.com/file/d/15T-9GuIS5Wc0FSjaBzX5dwtxc-5nOMlu/preview,"### Comprehensive Chemistry Class 10 (Unit 14) Notes & Solutions

These Chemistry notes for Class 10 (Unit 14 MCQâs (New)) are prepared strictly according to the Single National Curriculum (SNC 2025–2026) and Punjab Curriculum and Textbook Board (PCTB) standards.

#### 📌 Included In This Resource:
1. **Multiple Choice Questions (MCQs):** Carefully curated objective questions with verified answer keys.
2. **Short Answer Questions:** Concise, exam-targeted answers highlighting key definitions, laws, and concepts.
3. **Long & Detailed Questions:** Step-by-step explanations, diagrams, derivations, and board-standard headings.
4. **Textbook Solved Exercises & Numericals:** Complete solved numericals and exercises with given data, formula substitution, and final units.

#### 🏛️ Board Compatibility:
- **Punjab Boards:** Lahore, Rawalpindi, Gujranwala, Faisalabad, Multan, Sargodha, Sahiwal, Bahawalpur, DG Khan.
- **Federal Board (FBISE):** Islamabad & Cantonment Institutions.
- **KPK & Sindh Boards:** Aligned with Single National Curriculum standards.

#### 💡 Exam Preparation Tips:
- Review past 5-year board questions included at the end of each topic.
- Practice diagrams, derivations, and formulas regularly.
- Memorize key definitions and bold terms for maximum score."
Unit 14 Short Questions (New),Chemistry,10,PCTB (Punjab Curriculum & Textbook Board),CHAPTER_WISE,14,Short Questions,TaleemCity / PakParcha,https://drive.google.com/file/d/1updhSdPUTQUwMdh_7Wd3jwmDAwuXl8wV/preview,"### Comprehensive Chemistry Class 10 (Unit 14) Notes & Solutions

These Chemistry notes for Class 10 (Unit 14 Short Questions (New)) are prepared strictly according to the Single National Curriculum (SNC 2025–2026) and Punjab Curriculum and Textbook Board (PCTB) standards.

#### 📌 Included In This Resource:
1. **Multiple Choice Questions (MCQs):** Carefully curated objective questions with verified answer keys.
2. **Short Answer Questions:** Concise, exam-targeted answers highlighting key definitions, laws, and concepts.
3. **Long & Detailed Questions:** Step-by-step explanations, diagrams, derivations, and board-standard headings.
4. **Textbook Solved Exercises & Numericals:** Complete solved numericals and exercises with given data, formula substitution, and final units.

#### 🏛️ Board Compatibility:
- **Punjab Boards:** Lahore, Rawalpindi, Gujranwala, Faisalabad, Multan, Sargodha, Sahiwal, Bahawalpur, DG Khan.
- **Federal Board (FBISE):** Islamabad & Cantonment Institutions.
- **KPK & Sindh Boards:** Aligned with Single National Curriculum standards.

#### 💡 Exam Preparation Tips:
- Review past 5-year board questions included at the end of each topic.
- Practice diagrams, derivations, and formulas regularly.
- Memorize key definitions and bold terms for maximum score."
Unit 15 Long Questions (New),Chemistry,10,PCTB (Punjab Curriculum & Textbook Board),CHAPTER_WISE,15,Long Questions,TaleemCity / PakParcha,https://drive.google.com/file/d/10vT_qtMAVPkmEnU0uNC96jic1p7JzpG9/preview,"### Comprehensive Chemistry Class 10 (Unit 15) Notes & Solutions

These Chemistry notes for Class 10 (Unit 15 Long Questions (New)) are prepared strictly according to the Single National Curriculum (SNC 2025–2026) and Punjab Curriculum and Textbook Board (PCTB) standards.

#### 📌 Included In This Resource:
1. **Multiple Choice Questions (MCQs):** Carefully curated objective questions with verified answer keys.
2. **Short Answer Questions:** Concise, exam-targeted answers highlighting key definitions, laws, and concepts.
3. **Long & Detailed Questions:** Step-by-step explanations, diagrams, derivations, and board-standard headings.
4. **Textbook Solved Exercises & Numericals:** Complete solved numericals and exercises with given data, formula substitution, and final units.

#### 🏛️ Board Compatibility:
- **Punjab Boards:** Lahore, Rawalpindi, Gujranwala, Faisalabad, Multan, Sargodha, Sahiwal, Bahawalpur, DG Khan.
- **Federal Board (FBISE):** Islamabad & Cantonment Institutions.
- **KPK & Sindh Boards:** Aligned with Single National Curriculum standards.

#### 💡 Exam Preparation Tips:
- Review past 5-year board questions included at the end of each topic.
- Practice diagrams, derivations, and formulas regularly.
- Memorize key definitions and bold terms for maximum score."
Unit 15 MCQâs (New),Chemistry,10,PCTB (Punjab Curriculum & Textbook Board),CHAPTER_WISE,15,Solved MCQs,TaleemCity / PakParcha,https://drive.google.com/file/d/1BxCyVzg2APFW8xB3sAdVAj3oaWaHardn/preview,"### Comprehensive Chemistry Class 10 (Unit 15) Notes & Solutions

These Chemistry notes for Class 10 (Unit 15 MCQâs (New)) are prepared strictly according to the Single National Curriculum (SNC 2025–2026) and Punjab Curriculum and Textbook Board (PCTB) standards.

#### 📌 Included In This Resource:
1. **Multiple Choice Questions (MCQs):** Carefully curated objective questions with verified answer keys.
2. **Short Answer Questions:** Concise, exam-targeted answers highlighting key definitions, laws, and concepts.
3. **Long & Detailed Questions:** Step-by-step explanations, diagrams, derivations, and board-standard headings.
4. **Textbook Solved Exercises & Numericals:** Complete solved numericals and exercises with given data, formula substitution, and final units.

#### 🏛️ Board Compatibility:
- **Punjab Boards:** Lahore, Rawalpindi, Gujranwala, Faisalabad, Multan, Sargodha, Sahiwal, Bahawalpur, DG Khan.
- **Federal Board (FBISE):** Islamabad & Cantonment Institutions.
- **KPK & Sindh Boards:** Aligned with Single National Curriculum standards.

#### 💡 Exam Preparation Tips:
- Review past 5-year board questions included at the end of each topic.
- Practice diagrams, derivations, and formulas regularly.
- Memorize key definitions and bold terms for maximum score."
Unit 15 Short Questions &#038; Numericals (New),Chemistry,10,PCTB (Punjab Curriculum & Textbook Board),CHAPTER_WISE,15,Short Questions,TaleemCity / PakParcha,https://drive.google.com/file/d/190vrMT2TJeIPFf99A7nS8GTz702KwbzS/preview,"### Comprehensive Chemistry Class 10 (Unit 15) Notes & Solutions

These Chemistry notes for Class 10 (Unit 15 Short Questions &#038; Numericals (New)) are prepared strictly according to the Single National Curriculum (SNC 2025–2026) and Punjab Curriculum and Textbook Board (PCTB) standards.

#### 📌 Included In This Resource:
1. **Multiple Choice Questions (MCQs):** Carefully curated objective questions with verified answer keys.
2. **Short Answer Questions:** Concise, exam-targeted answers highlighting key definitions, laws, and concepts.
3. **Long & Detailed Questions:** Step-by-step explanations, diagrams, derivations, and board-standard headings.
4. **Textbook Solved Exercises & Numericals:** Complete solved numericals and exercises with given data, formula substitution, and final units.

#### 🏛️ Board Compatibility:
- **Punjab Boards:** Lahore, Rawalpindi, Gujranwala, Faisalabad, Multan, Sargodha, Sahiwal, Bahawalpur, DG Khan.
- **Federal Board (FBISE):** Islamabad & Cantonment Institutions.
- **KPK & Sindh Boards:** Aligned with Single National Curriculum standards.

#### 💡 Exam Preparation Tips:
- Review past 5-year board questions included at the end of each topic.
- Practice diagrams, derivations, and formulas regularly.
- Memorize key definitions and bold terms for maximum score."
Unit 16 Long Questions (New),Chemistry,10,PCTB (Punjab Curriculum & Textbook Board),CHAPTER_WISE,16,Long Questions,TaleemCity / PakParcha,https://drive.google.com/file/d/1Vw9yL7So2xxM9Rk_xx4SMEO00LFuFCj9/preview,"### Comprehensive Chemistry Class 10 (Unit 16) Notes & Solutions

These Chemistry notes for Class 10 (Unit 16 Long Questions (New)) are prepared strictly according to the Single National Curriculum (SNC 2025–2026) and Punjab Curriculum and Textbook Board (PCTB) standards.

#### 📌 Included In This Resource:
1. **Multiple Choice Questions (MCQs):** Carefully curated objective questions with verified answer keys.
2. **Short Answer Questions:** Concise, exam-targeted answers highlighting key definitions, laws, and concepts.
3. **Long & Detailed Questions:** Step-by-step explanations, diagrams, derivations, and board-standard headings.
4. **Textbook Solved Exercises & Numericals:** Complete solved numericals and exercises with given data, formula substitution, and final units.

#### 🏛️ Board Compatibility:
- **Punjab Boards:** Lahore, Rawalpindi, Gujranwala, Faisalabad, Multan, Sargodha, Sahiwal, Bahawalpur, DG Khan.
- **Federal Board (FBISE):** Islamabad & Cantonment Institutions.
- **KPK & Sindh Boards:** Aligned with Single National Curriculum standards.

#### 💡 Exam Preparation Tips:
- Review past 5-year board questions included at the end of each topic.
- Practice diagrams, derivations, and formulas regularly.
- Memorize key definitions and bold terms for maximum score."
Unit 16 MCQâs (New),Chemistry,10,PCTB (Punjab Curriculum & Textbook Board),CHAPTER_WISE,16,Solved MCQs,TaleemCity / PakParcha,https://drive.google.com/file/d/1IfgaPm2JnBG0qbOMGOODeVXKLbdcuYOn/preview,"### Comprehensive Chemistry Class 10 (Unit 16) Notes & Solutions

These Chemistry notes for Class 10 (Unit 16 MCQâs (New)) are prepared strictly according to the Single National Curriculum (SNC 2025–2026) and Punjab Curriculum and Textbook Board (PCTB) standards.

#### 📌 Included In This Resource:
1. **Multiple Choice Questions (MCQs):** Carefully curated objective questions with verified answer keys.
2. **Short Answer Questions:** Concise, exam-targeted answers highlighting key definitions, laws, and concepts.
3. **Long & Detailed Questions:** Step-by-step explanations, diagrams, derivations, and board-standard headings.
4. **Textbook Solved Exercises & Numericals:** Complete solved numericals and exercises with given data, formula substitution, and final units.

#### 🏛️ Board Compatibility:
- **Punjab Boards:** Lahore, Rawalpindi, Gujranwala, Faisalabad, Multan, Sargodha, Sahiwal, Bahawalpur, DG Khan.
- **Federal Board (FBISE):** Islamabad & Cantonment Institutions.
- **KPK & Sindh Boards:** Aligned with Single National Curriculum standards.

#### 💡 Exam Preparation Tips:
- Review past 5-year board questions included at the end of each topic.
- Practice diagrams, derivations, and formulas regularly.
- Memorize key definitions and bold terms for maximum score."
Unit 16 Short Questions (New),Chemistry,10,PCTB (Punjab Curriculum & Textbook Board),CHAPTER_WISE,16,Short Questions,TaleemCity / PakParcha,https://drive.google.com/file/d/1Z26BXjfRb1SNwUva6Ti1X-Mkc8oCKie9/preview,"### Comprehensive Chemistry Class 10 (Unit 16) Notes & Solutions

These Chemistry notes for Class 10 (Unit 16 Short Questions (New)) are prepared strictly according to the Single National Curriculum (SNC 2025–2026) and Punjab Curriculum and Textbook Board (PCTB) standards.

#### 📌 Included In This Resource:
1. **Multiple Choice Questions (MCQs):** Carefully curated objective questions with verified answer keys.
2. **Short Answer Questions:** Concise, exam-targeted answers highlighting key definitions, laws, and concepts.
3. **Long & Detailed Questions:** Step-by-step explanations, diagrams, derivations, and board-standard headings.
4. **Textbook Solved Exercises & Numericals:** Complete solved numericals and exercises with given data, formula substitution, and final units.

#### 🏛️ Board Compatibility:
- **Punjab Boards:** Lahore, Rawalpindi, Gujranwala, Faisalabad, Multan, Sargodha, Sahiwal, Bahawalpur, DG Khan.
- **Federal Board (FBISE):** Islamabad & Cantonment Institutions.
- **KPK & Sindh Boards:** Aligned with Single National Curriculum standards.

#### 💡 Exam Preparation Tips:
- Review past 5-year board questions included at the end of each topic.
- Practice diagrams, derivations, and formulas regularly.
- Memorize key definitions and bold terms for maximum score."
Unit 17 Long Questions (New),Chemistry,10,PCTB (Punjab Curriculum & Textbook Board),CHAPTER_WISE,17,Long Questions,TaleemCity / PakParcha,https://drive.google.com/file/d/1ycbqX8CuPiW9d4KWWg9FIoP-347xVJ_A/preview,"### Comprehensive Chemistry Class 10 (Unit 17) Notes & Solutions

These Chemistry notes for Class 10 (Unit 17 Long Questions (New)) are prepared strictly according to the Single National Curriculum (SNC 2025–2026) and Punjab Curriculum and Textbook Board (PCTB) standards.

#### 📌 Included In This Resource:
1. **Multiple Choice Questions (MCQs):** Carefully curated objective questions with verified answer keys.
2. **Short Answer Questions:** Concise, exam-targeted answers highlighting key definitions, laws, and concepts.
3. **Long & Detailed Questions:** Step-by-step explanations, diagrams, derivations, and board-standard headings.
4. **Textbook Solved Exercises & Numericals:** Complete solved numericals and exercises with given data, formula substitution, and final units.

#### 🏛️ Board Compatibility:
- **Punjab Boards:** Lahore, Rawalpindi, Gujranwala, Faisalabad, Multan, Sargodha, Sahiwal, Bahawalpur, DG Khan.
- **Federal Board (FBISE):** Islamabad & Cantonment Institutions.
- **KPK & Sindh Boards:** Aligned with Single National Curriculum standards.

#### 💡 Exam Preparation Tips:
- Review past 5-year board questions included at the end of each topic.
- Practice diagrams, derivations, and formulas regularly.
- Memorize key definitions and bold terms for maximum score."
Unit 17 MCQâs (New),Chemistry,10,PCTB (Punjab Curriculum & Textbook Board),CHAPTER_WISE,17,Solved MCQs,TaleemCity / PakParcha,https://drive.google.com/file/d/11LGYowmliA3oBIsUIQCr89l2ryAe_x_5/preview,"### Comprehensive Chemistry Class 10 (Unit 17) Notes & Solutions

These Chemistry notes for Class 10 (Unit 17 MCQâs (New)) are prepared strictly according to the Single National Curriculum (SNC 2025–2026) and Punjab Curriculum and Textbook Board (PCTB) standards.

#### 📌 Included In This Resource:
1. **Multiple Choice Questions (MCQs):** Carefully curated objective questions with verified answer keys.
2. **Short Answer Questions:** Concise, exam-targeted answers highlighting key definitions, laws, and concepts.
3. **Long & Detailed Questions:** Step-by-step explanations, diagrams, derivations, and board-standard headings.
4. **Textbook Solved Exercises & Numericals:** Complete solved numericals and exercises with given data, formula substitution, and final units.

#### 🏛️ Board Compatibility:
- **Punjab Boards:** Lahore, Rawalpindi, Gujranwala, Faisalabad, Multan, Sargodha, Sahiwal, Bahawalpur, DG Khan.
- **Federal Board (FBISE):** Islamabad & Cantonment Institutions.
- **KPK & Sindh Boards:** Aligned with Single National Curriculum standards.

#### 💡 Exam Preparation Tips:
- Review past 5-year board questions included at the end of each topic.
- Practice diagrams, derivations, and formulas regularly.
- Memorize key definitions and bold terms for maximum score."
Unit 17 Short Questions (New),Chemistry,10,PCTB (Punjab Curriculum & Textbook Board),CHAPTER_WISE,17,Short Questions,TaleemCity / PakParcha,https://drive.google.com/file/d/1dnhYeCYl4Os2MfzEZsnGJ8_E96SLgYoM/preview,"### Comprehensive Chemistry Class 10 (Unit 17) Notes & Solutions

These Chemistry notes for Class 10 (Unit 17 Short Questions (New)) are prepared strictly according to the Single National Curriculum (SNC 2025–2026) and Punjab Curriculum and Textbook Board (PCTB) standards.

#### 📌 Included In This Resource:
1. **Multiple Choice Questions (MCQs):** Carefully curated objective questions with verified answer keys.
2. **Short Answer Questions:** Concise, exam-targeted answers highlighting key definitions, laws, and concepts.
3. **Long & Detailed Questions:** Step-by-step explanations, diagrams, derivations, and board-standard headings.
4. **Textbook Solved Exercises & Numericals:** Complete solved numericals and exercises with given data, formula substitution, and final units.

#### 🏛️ Board Compatibility:
- **Punjab Boards:** Lahore, Rawalpindi, Gujranwala, Faisalabad, Multan, Sargodha, Sahiwal, Bahawalpur, DG Khan.
- **Federal Board (FBISE):** Islamabad & Cantonment Institutions.
- **KPK & Sindh Boards:** Aligned with Single National Curriculum standards.

#### 💡 Exam Preparation Tips:
- Review past 5-year board questions included at the end of each topic.
- Practice diagrams, derivations, and formulas regularly.
- Memorize key definitions and bold terms for maximum score."
Unit 18 Long Questions (New),Chemistry,10,PCTB (Punjab Curriculum & Textbook Board),CHAPTER_WISE,18,Long Questions,TaleemCity / PakParcha,https://drive.google.com/file/d/1JbDmsXa4EuNj2qICOnwGS64U6smftgmU/preview,"### Comprehensive Chemistry Class 10 (Unit 18) Notes & Solutions

These Chemistry notes for Class 10 (Unit 18 Long Questions (New)) are prepared strictly according to the Single National Curriculum (SNC 2025–2026) and Punjab Curriculum and Textbook Board (PCTB) standards.

#### 📌 Included In This Resource:
1. **Multiple Choice Questions (MCQs):** Carefully curated objective questions with verified answer keys.
2. **Short Answer Questions:** Concise, exam-targeted answers highlighting key definitions, laws, and concepts.
3. **Long & Detailed Questions:** Step-by-step explanations, diagrams, derivations, and board-standard headings.
4. **Textbook Solved Exercises & Numericals:** Complete solved numericals and exercises with given data, formula substitution, and final units.

#### 🏛️ Board Compatibility:
- **Punjab Boards:** Lahore, Rawalpindi, Gujranwala, Faisalabad, Multan, Sargodha, Sahiwal, Bahawalpur, DG Khan.
- **Federal Board (FBISE):** Islamabad & Cantonment Institutions.
- **KPK & Sindh Boards:** Aligned with Single National Curriculum standards.

#### 💡 Exam Preparation Tips:
- Review past 5-year board questions included at the end of each topic.
- Practice diagrams, derivations, and formulas regularly.
- Memorize key definitions and bold terms for maximum score."
Unit 18 MCQâs (New),Chemistry,10,PCTB (Punjab Curriculum & Textbook Board),CHAPTER_WISE,18,Solved MCQs,TaleemCity / PakParcha,https://drive.google.com/file/d/1KByhc1wUEHTbLUgZekzVy27lUyb6VnGZ/preview,"### Comprehensive Chemistry Class 10 (Unit 18) Notes & Solutions

These Chemistry notes for Class 10 (Unit 18 MCQâs (New)) are prepared strictly according to the Single National Curriculum (SNC 2025–2026) and Punjab Curriculum and Textbook Board (PCTB) standards.

#### 📌 Included In This Resource:
1. **Multiple Choice Questions (MCQs):** Carefully curated objective questions with verified answer keys.
2. **Short Answer Questions:** Concise, exam-targeted answers highlighting key definitions, laws, and concepts.
3. **Long & Detailed Questions:** Step-by-step explanations, diagrams, derivations, and board-standard headings.
4. **Textbook Solved Exercises & Numericals:** Complete solved numericals and exercises with given data, formula substitution, and final units.

#### 🏛️ Board Compatibility:
- **Punjab Boards:** Lahore, Rawalpindi, Gujranwala, Faisalabad, Multan, Sargodha, Sahiwal, Bahawalpur, DG Khan.
- **Federal Board (FBISE):** Islamabad & Cantonment Institutions.
- **KPK & Sindh Boards:** Aligned with Single National Curriculum standards.

#### 💡 Exam Preparation Tips:
- Review past 5-year board questions included at the end of each topic.
- Practice diagrams, derivations, and formulas regularly.
- Memorize key definitions and bold terms for maximum score."
Unit 18 Short Questions (New),Chemistry,10,PCTB (Punjab Curriculum & Textbook Board),CHAPTER_WISE,18,Short Questions,TaleemCity / PakParcha,https://drive.google.com/file/d/1Y26gufEQuwtfPnCd6B2wfXWLr63AKiTT/preview,"### Comprehensive Chemistry Class 10 (Unit 18) Notes & Solutions

These Chemistry notes for Class 10 (Unit 18 Short Questions (New)) are prepared strictly according to the Single National Curriculum (SNC 2025–2026) and Punjab Curriculum and Textbook Board (PCTB) standards.

#### 📌 Included In This Resource:
1. **Multiple Choice Questions (MCQs):** Carefully curated objective questions with verified answer keys.
2. **Short Answer Questions:** Concise, exam-targeted answers highlighting key definitions, laws, and concepts.
3. **Long & Detailed Questions:** Step-by-step explanations, diagrams, derivations, and board-standard headings.
4. **Textbook Solved Exercises & Numericals:** Complete solved numericals and exercises with given data, formula substitution, and final units.

#### 🏛️ Board Compatibility:
- **Punjab Boards:** Lahore, Rawalpindi, Gujranwala, Faisalabad, Multan, Sargodha, Sahiwal, Bahawalpur, DG Khan.
- **Federal Board (FBISE):** Islamabad & Cantonment Institutions.
- **KPK & Sindh Boards:** Aligned with Single National Curriculum standards.

#### 💡 Exam Preparation Tips:
- Review past 5-year board questions included at the end of each topic.
- Practice diagrams, derivations, and formulas regularly.
- Memorize key definitions and bold terms for maximum score."
Unit 19 Long Questions (New),Chemistry,10,PCTB (Punjab Curriculum & Textbook Board),CHAPTER_WISE,19,Long Questions,TaleemCity / PakParcha,https://drive.google.com/file/d/1OacRdWk8WooEv9WLwuy-s9niiY0hLaEr/preview,"### Comprehensive Chemistry Class 10 (Unit 19) Notes & Solutions

These Chemistry notes for Class 10 (Unit 19 Long Questions (New)) are prepared strictly according to the Single National Curriculum (SNC 2025–2026) and Punjab Curriculum and Textbook Board (PCTB) standards.

#### 📌 Included In This Resource:
1. **Multiple Choice Questions (MCQs):** Carefully curated objective questions with verified answer keys.
2. **Short Answer Questions:** Concise, exam-targeted answers highlighting key definitions, laws, and concepts.
3. **Long & Detailed Questions:** Step-by-step explanations, diagrams, derivations, and board-standard headings.
4. **Textbook Solved Exercises & Numericals:** Complete solved numericals and exercises with given data, formula substitution, and final units.

#### 🏛️ Board Compatibility:
- **Punjab Boards:** Lahore, Rawalpindi, Gujranwala, Faisalabad, Multan, Sargodha, Sahiwal, Bahawalpur, DG Khan.
- **Federal Board (FBISE):** Islamabad & Cantonment Institutions.
- **KPK & Sindh Boards:** Aligned with Single National Curriculum standards.

#### 💡 Exam Preparation Tips:
- Review past 5-year board questions included at the end of each topic.
- Practice diagrams, derivations, and formulas regularly.
- Memorize key definitions and bold terms for maximum score."
Unit 19 MCQâs (New),Chemistry,10,PCTB (Punjab Curriculum & Textbook Board),CHAPTER_WISE,19,Solved MCQs,TaleemCity / PakParcha,https://drive.google.com/file/d/11RxHkAV4PoRuRR2YluPIQPtu0Bz0qw6V/preview,"### Comprehensive Chemistry Class 10 (Unit 19) Notes & Solutions

These Chemistry notes for Class 10 (Unit 19 MCQâs (New)) are prepared strictly according to the Single National Curriculum (SNC 2025–2026) and Punjab Curriculum and Textbook Board (PCTB) standards.

#### 📌 Included In This Resource:
1. **Multiple Choice Questions (MCQs):** Carefully curated objective questions with verified answer keys.
2. **Short Answer Questions:** Concise, exam-targeted answers highlighting key definitions, laws, and concepts.
3. **Long & Detailed Questions:** Step-by-step explanations, diagrams, derivations, and board-standard headings.
4. **Textbook Solved Exercises & Numericals:** Complete solved numericals and exercises with given data, formula substitution, and final units.

#### 🏛️ Board Compatibility:
- **Punjab Boards:** Lahore, Rawalpindi, Gujranwala, Faisalabad, Multan, Sargodha, Sahiwal, Bahawalpur, DG Khan.
- **Federal Board (FBISE):** Islamabad & Cantonment Institutions.
- **KPK & Sindh Boards:** Aligned with Single National Curriculum standards.

#### 💡 Exam Preparation Tips:
- Review past 5-year board questions included at the end of each topic.
- Practice diagrams, derivations, and formulas regularly.
- Memorize key definitions and bold terms for maximum score."
Unit 19 Short Questions (New),Chemistry,10,PCTB (Punjab Curriculum & Textbook Board),CHAPTER_WISE,19,Short Questions,TaleemCity / PakParcha,https://drive.google.com/file/d/1kv6sYAS9QMqe3uTOgw3-YhKcmnw4fgxA/preview,"### Comprehensive Chemistry Class 10 (Unit 19) Notes & Solutions

These Chemistry notes for Class 10 (Unit 19 Short Questions (New)) are prepared strictly according to the Single National Curriculum (SNC 2025–2026) and Punjab Curriculum and Textbook Board (PCTB) standards.

#### 📌 Included In This Resource:
1. **Multiple Choice Questions (MCQs):** Carefully curated objective questions with verified answer keys.
2. **Short Answer Questions:** Concise, exam-targeted answers highlighting key definitions, laws, and concepts.
3. **Long & Detailed Questions:** Step-by-step explanations, diagrams, derivations, and board-standard headings.
4. **Textbook Solved Exercises & Numericals:** Complete solved numericals and exercises with given data, formula substitution, and final units.

#### 🏛️ Board Compatibility:
- **Punjab Boards:** Lahore, Rawalpindi, Gujranwala, Faisalabad, Multan, Sargodha, Sahiwal, Bahawalpur, DG Khan.
- **Federal Board (FBISE):** Islamabad & Cantonment Institutions.
- **KPK & Sindh Boards:** Aligned with Single National Curriculum standards.

#### 💡 Exam Preparation Tips:
- Review past 5-year board questions included at the end of each topic.
- Practice diagrams, derivations, and formulas regularly.
- Memorize key definitions and bold terms for maximum score."
Unit 20 Long Questions (New),Chemistry,10,PCTB (Punjab Curriculum & Textbook Board),CHAPTER_WISE,20,Long Questions,TaleemCity / PakParcha,https://drive.google.com/file/d/1_gHt1HeN269O8UuKFnxorC2v3vRJelVe/preview,"### Comprehensive Chemistry Class 10 (Unit 20) Notes & Solutions

These Chemistry notes for Class 10 (Unit 20 Long Questions (New)) are prepared strictly according to the Single National Curriculum (SNC 2025–2026) and Punjab Curriculum and Textbook Board (PCTB) standards.

#### 📌 Included In This Resource:
1. **Multiple Choice Questions (MCQs):** Carefully curated objective questions with verified answer keys.
2. **Short Answer Questions:** Concise, exam-targeted answers highlighting key definitions, laws, and concepts.
3. **Long & Detailed Questions:** Step-by-step explanations, diagrams, derivations, and board-standard headings.
4. **Textbook Solved Exercises & Numericals:** Complete solved numericals and exercises with given data, formula substitution, and final units.

#### 🏛️ Board Compatibility:
- **Punjab Boards:** Lahore, Rawalpindi, Gujranwala, Faisalabad, Multan, Sargodha, Sahiwal, Bahawalpur, DG Khan.
- **Federal Board (FBISE):** Islamabad & Cantonment Institutions.
- **KPK & Sindh Boards:** Aligned with Single National Curriculum standards.

#### 💡 Exam Preparation Tips:
- Review past 5-year board questions included at the end of each topic.
- Practice diagrams, derivations, and formulas regularly.
- Memorize key definitions and bold terms for maximum score."
Unit 20 MCQâs (New),Chemistry,10,PCTB (Punjab Curriculum & Textbook Board),CHAPTER_WISE,20,Solved MCQs,TaleemCity / PakParcha,https://drive.google.com/file/d/1-gtG0aGlkV8QjJ1wUWQSQqCFECeAF879/preview,"### Comprehensive Chemistry Class 10 (Unit 20) Notes & Solutions

These Chemistry notes for Class 10 (Unit 20 MCQâs (New)) are prepared strictly according to the Single National Curriculum (SNC 2025–2026) and Punjab Curriculum and Textbook Board (PCTB) standards.

#### 📌 Included In This Resource:
1. **Multiple Choice Questions (MCQs):** Carefully curated objective questions with verified answer keys.
2. **Short Answer Questions:** Concise, exam-targeted answers highlighting key definitions, laws, and concepts.
3. **Long & Detailed Questions:** Step-by-step explanations, diagrams, derivations, and board-standard headings.
4. **Textbook Solved Exercises & Numericals:** Complete solved numericals and exercises with given data, formula substitution, and final units.

#### 🏛️ Board Compatibility:
- **Punjab Boards:** Lahore, Rawalpindi, Gujranwala, Faisalabad, Multan, Sargodha, Sahiwal, Bahawalpur, DG Khan.
- **Federal Board (FBISE):** Islamabad & Cantonment Institutions.
- **KPK & Sindh Boards:** Aligned with Single National Curriculum standards.

#### 💡 Exam Preparation Tips:
- Review past 5-year board questions included at the end of each topic.
- Practice diagrams, derivations, and formulas regularly.
- Memorize key definitions and bold terms for maximum score."
Unit 20 Short Questions (New),Chemistry,10,PCTB (Punjab Curriculum & Textbook Board),CHAPTER_WISE,20,Short Questions,TaleemCity / PakParcha,https://drive.google.com/file/d/1mI7WZET0PwLQEJGOsjvjrxFLqu1g1Fdy/preview,"### Comprehensive Chemistry Class 10 (Unit 20) Notes & Solutions

These Chemistry notes for Class 10 (Unit 20 Short Questions (New)) are prepared strictly according to the Single National Curriculum (SNC 2025–2026) and Punjab Curriculum and Textbook Board (PCTB) standards.

#### 📌 Included In This Resource:
1. **Multiple Choice Questions (MCQs):** Carefully curated objective questions with verified answer keys.
2. **Short Answer Questions:** Concise, exam-targeted answers highlighting key definitions, laws, and concepts.
3. **Long & Detailed Questions:** Step-by-step explanations, diagrams, derivations, and board-standard headings.
4. **Textbook Solved Exercises & Numericals:** Complete solved numericals and exercises with given data, formula substitution, and final units.

#### 🏛️ Board Compatibility:
- **Punjab Boards:** Lahore, Rawalpindi, Gujranwala, Faisalabad, Multan, Sargodha, Sahiwal, Bahawalpur, DG Khan.
- **Federal Board (FBISE):** Islamabad & Cantonment Institutions.
- **KPK & Sindh Boards:** Aligned with Single National Curriculum standards.

#### 💡 Exam Preparation Tips:
- Review past 5-year board questions included at the end of each topic.
- Practice diagrams, derivations, and formulas regularly.
- Memorize key definitions and bold terms for maximum score."
Unit 21 Long Questions (New),Chemistry,10,PCTB (Punjab Curriculum & Textbook Board),CHAPTER_WISE,21,Long Questions,TaleemCity / PakParcha,https://drive.google.com/file/d/1ppn0GR4JeFMYjBUNvwzoMjGQhDR42QRF/preview,"### Comprehensive Chemistry Class 10 (Unit 21) Notes & Solutions

These Chemistry notes for Class 10 (Unit 21 Long Questions (New)) are prepared strictly according to the Single National Curriculum (SNC 2025–2026) and Punjab Curriculum and Textbook Board (PCTB) standards.

#### 📌 Included In This Resource:
1. **Multiple Choice Questions (MCQs):** Carefully curated objective questions with verified answer keys.
2. **Short Answer Questions:** Concise, exam-targeted answers highlighting key definitions, laws, and concepts.
3. **Long & Detailed Questions:** Step-by-step explanations, diagrams, derivations, and board-standard headings.
4. **Textbook Solved Exercises & Numericals:** Complete solved numericals and exercises with given data, formula substitution, and final units.

#### 🏛️ Board Compatibility:
- **Punjab Boards:** Lahore, Rawalpindi, Gujranwala, Faisalabad, Multan, Sargodha, Sahiwal, Bahawalpur, DG Khan.
- **Federal Board (FBISE):** Islamabad & Cantonment Institutions.
- **KPK & Sindh Boards:** Aligned with Single National Curriculum standards.

#### 💡 Exam Preparation Tips:
- Review past 5-year board questions included at the end of each topic.
- Practice diagrams, derivations, and formulas regularly.
- Memorize key definitions and bold terms for maximum score."
Unit 21 MCQâs (New),Chemistry,10,PCTB (Punjab Curriculum & Textbook Board),CHAPTER_WISE,21,Solved MCQs,TaleemCity / PakParcha,https://drive.google.com/file/d/1Y9B4TPxI9o0t1zL-7XM5H7jb4BXmOlnm/preview,"### Comprehensive Chemistry Class 10 (Unit 21) Notes & Solutions

These Chemistry notes for Class 10 (Unit 21 MCQâs (New)) are prepared strictly according to the Single National Curriculum (SNC 2025–2026) and Punjab Curriculum and Textbook Board (PCTB) standards.

#### 📌 Included In This Resource:
1. **Multiple Choice Questions (MCQs):** Carefully curated objective questions with verified answer keys.
2. **Short Answer Questions:** Concise, exam-targeted answers highlighting key definitions, laws, and concepts.
3. **Long & Detailed Questions:** Step-by-step explanations, diagrams, derivations, and board-standard headings.
4. **Textbook Solved Exercises & Numericals:** Complete solved numericals and exercises with given data, formula substitution, and final units.

#### 🏛️ Board Compatibility:
- **Punjab Boards:** Lahore, Rawalpindi, Gujranwala, Faisalabad, Multan, Sargodha, Sahiwal, Bahawalpur, DG Khan.
- **Federal Board (FBISE):** Islamabad & Cantonment Institutions.
- **KPK & Sindh Boards:** Aligned with Single National Curriculum standards.

#### 💡 Exam Preparation Tips:
- Review past 5-year board questions included at the end of each topic.
- Practice diagrams, derivations, and formulas regularly.
- Memorize key definitions and bold terms for maximum score."
Unit 21 Short Questions (New),Chemistry,10,PCTB (Punjab Curriculum & Textbook Board),CHAPTER_WISE,21,Short Questions,TaleemCity / PakParcha,https://drive.google.com/file/d/1MB6nfbFHXXV3e33X0FM7AM9wlUayIV4K/preview,"### Comprehensive Chemistry Class 10 (Unit 21) Notes & Solutions

These Chemistry notes for Class 10 (Unit 21 Short Questions (New)) are prepared strictly according to the Single National Curriculum (SNC 2025–2026) and Punjab Curriculum and Textbook Board (PCTB) standards.

#### 📌 Included In This Resource:
1. **Multiple Choice Questions (MCQs):** Carefully curated objective questions with verified answer keys.
2. **Short Answer Questions:** Concise, exam-targeted answers highlighting key definitions, laws, and concepts.
3. **Long & Detailed Questions:** Step-by-step explanations, diagrams, derivations, and board-standard headings.
4. **Textbook Solved Exercises & Numericals:** Complete solved numericals and exercises with given data, formula substitution, and final units.

#### 🏛️ Board Compatibility:
- **Punjab Boards:** Lahore, Rawalpindi, Gujranwala, Faisalabad, Multan, Sargodha, Sahiwal, Bahawalpur, DG Khan.
- **Federal Board (FBISE):** Islamabad & Cantonment Institutions.
- **KPK & Sindh Boards:** Aligned with Single National Curriculum standards.

#### 💡 Exam Preparation Tips:
- Review past 5-year board questions included at the end of each topic.
- Practice diagrams, derivations, and formulas regularly.
- Memorize key definitions and bold terms for maximum score."
Unit 22 Long Questions (New),Chemistry,10,PCTB (Punjab Curriculum & Textbook Board),CHAPTER_WISE,22,Long Questions,TaleemCity / PakParcha,https://drive.google.com/file/d/1kOYQdCnYjjeEF_W1bHdkN3kcQHdRRyz_/preview,"### Comprehensive Chemistry Class 10 (Unit 22) Notes & Solutions

These Chemistry notes for Class 10 (Unit 22 Long Questions (New)) are prepared strictly according to the Single National Curriculum (SNC 2025–2026) and Punjab Curriculum and Textbook Board (PCTB) standards.

#### 📌 Included In This Resource:
1. **Multiple Choice Questions (MCQs):** Carefully curated objective questions with verified answer keys.
2. **Short Answer Questions:** Concise, exam-targeted answers highlighting key definitions, laws, and concepts.
3. **Long & Detailed Questions:** Step-by-step explanations, diagrams, derivations, and board-standard headings.
4. **Textbook Solved Exercises & Numericals:** Complete solved numericals and exercises with given data, formula substitution, and final units.

#### 🏛️ Board Compatibility:
- **Punjab Boards:** Lahore, Rawalpindi, Gujranwala, Faisalabad, Multan, Sargodha, Sahiwal, Bahawalpur, DG Khan.
- **Federal Board (FBISE):** Islamabad & Cantonment Institutions.
- **KPK & Sindh Boards:** Aligned with Single National Curriculum standards.

#### 💡 Exam Preparation Tips:
- Review past 5-year board questions included at the end of each topic.
- Practice diagrams, derivations, and formulas regularly.
- Memorize key definitions and bold terms for maximum score."
Unit 22 MCQâs (New),Chemistry,10,PCTB (Punjab Curriculum & Textbook Board),CHAPTER_WISE,22,Solved MCQs,TaleemCity / PakParcha,https://drive.google.com/file/d/1Fj8DCdN6uZR9TeOeMw7ZmkF4sCJTgAd4/preview,"### Comprehensive Chemistry Class 10 (Unit 22) Notes & Solutions

These Chemistry notes for Class 10 (Unit 22 MCQâs (New)) are prepared strictly according to the Single National Curriculum (SNC 2025–2026) and Punjab Curriculum and Textbook Board (PCTB) standards.

#### 📌 Included In This Resource:
1. **Multiple Choice Questions (MCQs):** Carefully curated objective questions with verified answer keys.
2. **Short Answer Questions:** Concise, exam-targeted answers highlighting key definitions, laws, and concepts.
3. **Long & Detailed Questions:** Step-by-step explanations, diagrams, derivations, and board-standard headings.
4. **Textbook Solved Exercises & Numericals:** Complete solved numericals and exercises with given data, formula substitution, and final units.

#### 🏛️ Board Compatibility:
- **Punjab Boards:** Lahore, Rawalpindi, Gujranwala, Faisalabad, Multan, Sargodha, Sahiwal, Bahawalpur, DG Khan.
- **Federal Board (FBISE):** Islamabad & Cantonment Institutions.
- **KPK & Sindh Boards:** Aligned with Single National Curriculum standards.

#### 💡 Exam Preparation Tips:
- Review past 5-year board questions included at the end of each topic.
- Practice diagrams, derivations, and formulas regularly.
- Memorize key definitions and bold terms for maximum score."
Unit 22 Short Questions (New),Chemistry,10,PCTB (Punjab Curriculum & Textbook Board),CHAPTER_WISE,22,Short Questions,TaleemCity / PakParcha,https://drive.google.com/file/d/1frmu-DjK6axmN_qVTeQnarAv1grC_PI5/preview,"### Comprehensive Chemistry Class 10 (Unit 22) Notes & Solutions

These Chemistry notes for Class 10 (Unit 22 Short Questions (New)) are prepared strictly according to the Single National Curriculum (SNC 2025–2026) and Punjab Curriculum and Textbook Board (PCTB) standards.

#### 📌 Included In This Resource:
1. **Multiple Choice Questions (MCQs):** Carefully curated objective questions with verified answer keys.
2. **Short Answer Questions:** Concise, exam-targeted answers highlighting key definitions, laws, and concepts.
3. **Long & Detailed Questions:** Step-by-step explanations, diagrams, derivations, and board-standard headings.
4. **Textbook Solved Exercises & Numericals:** Complete solved numericals and exercises with given data, formula substitution, and final units.

#### 🏛️ Board Compatibility:
- **Punjab Boards:** Lahore, Rawalpindi, Gujranwala, Faisalabad, Multan, Sargodha, Sahiwal, Bahawalpur, DG Khan.
- **Federal Board (FBISE):** Islamabad & Cantonment Institutions.
- **KPK & Sindh Boards:** Aligned with Single National Curriculum standards.

#### 💡 Exam Preparation Tips:
- Review past 5-year board questions included at the end of each topic.
- Practice diagrams, derivations, and formulas regularly.
- Memorize key definitions and bold terms for maximum score."
Unit 23 Long Questions (New),Chemistry,10,PCTB (Punjab Curriculum & Textbook Board),CHAPTER_WISE,23,Long Questions,TaleemCity / PakParcha,https://drive.google.com/file/d/1PofGiPSns7XZ2PvZOSUJoc09eF0M1p6b/preview,"### Comprehensive Chemistry Class 10 (Unit 23) Notes & Solutions

These Chemistry notes for Class 10 (Unit 23 Long Questions (New)) are prepared strictly according to the Single National Curriculum (SNC 2025–2026) and Punjab Curriculum and Textbook Board (PCTB) standards.

#### 📌 Included In This Resource:
1. **Multiple Choice Questions (MCQs):** Carefully curated objective questions with verified answer keys.
2. **Short Answer Questions:** Concise, exam-targeted answers highlighting key definitions, laws, and concepts.
3. **Long & Detailed Questions:** Step-by-step explanations, diagrams, derivations, and board-standard headings.
4. **Textbook Solved Exercises & Numericals:** Complete solved numericals and exercises with given data, formula substitution, and final units.

#### 🏛️ Board Compatibility:
- **Punjab Boards:** Lahore, Rawalpindi, Gujranwala, Faisalabad, Multan, Sargodha, Sahiwal, Bahawalpur, DG Khan.
- **Federal Board (FBISE):** Islamabad & Cantonment Institutions.
- **KPK & Sindh Boards:** Aligned with Single National Curriculum standards.

#### 💡 Exam Preparation Tips:
- Review past 5-year board questions included at the end of each topic.
- Practice diagrams, derivations, and formulas regularly.
- Memorize key definitions and bold terms for maximum score."
Unit 23 MCQâs (New),Chemistry,10,PCTB (Punjab Curriculum & Textbook Board),CHAPTER_WISE,23,Solved MCQs,TaleemCity / PakParcha,https://drive.google.com/file/d/1osgQNISmpq8d_6iuwUAvhkZLJUHobpuN/preview,"### Comprehensive Chemistry Class 10 (Unit 23) Notes & Solutions

These Chemistry notes for Class 10 (Unit 23 MCQâs (New)) are prepared strictly according to the Single National Curriculum (SNC 2025–2026) and Punjab Curriculum and Textbook Board (PCTB) standards.

#### 📌 Included In This Resource:
1. **Multiple Choice Questions (MCQs):** Carefully curated objective questions with verified answer keys.
2. **Short Answer Questions:** Concise, exam-targeted answers highlighting key definitions, laws, and concepts.
3. **Long & Detailed Questions:** Step-by-step explanations, diagrams, derivations, and board-standard headings.
4. **Textbook Solved Exercises & Numericals:** Complete solved numericals and exercises with given data, formula substitution, and final units.

#### 🏛️ Board Compatibility:
- **Punjab Boards:** Lahore, Rawalpindi, Gujranwala, Faisalabad, Multan, Sargodha, Sahiwal, Bahawalpur, DG Khan.
- **Federal Board (FBISE):** Islamabad & Cantonment Institutions.
- **KPK & Sindh Boards:** Aligned with Single National Curriculum standards.

#### 💡 Exam Preparation Tips:
- Review past 5-year board questions included at the end of each topic.
- Practice diagrams, derivations, and formulas regularly.
- Memorize key definitions and bold terms for maximum score."
Unit 23 Short Questions (New),Chemistry,10,PCTB (Punjab Curriculum & Textbook Board),CHAPTER_WISE,23,Short Questions,TaleemCity / PakParcha,https://drive.google.com/file/d/1sVcFKWL35anlSUxs7cII3PPjP9ZQLVEF/preview,"### Comprehensive Chemistry Class 10 (Unit 23) Notes & Solutions

These Chemistry notes for Class 10 (Unit 23 Short Questions (New)) are prepared strictly according to the Single National Curriculum (SNC 2025–2026) and Punjab Curriculum and Textbook Board (PCTB) standards.

#### 📌 Included In This Resource:
1. **Multiple Choice Questions (MCQs):** Carefully curated objective questions with verified answer keys.
2. **Short Answer Questions:** Concise, exam-targeted answers highlighting key definitions, laws, and concepts.
3. **Long & Detailed Questions:** Step-by-step explanations, diagrams, derivations, and board-standard headings.
4. **Textbook Solved Exercises & Numericals:** Complete solved numericals and exercises with given data, formula substitution, and final units.

#### 🏛️ Board Compatibility:
- **Punjab Boards:** Lahore, Rawalpindi, Gujranwala, Faisalabad, Multan, Sargodha, Sahiwal, Bahawalpur, DG Khan.
- **Federal Board (FBISE):** Islamabad & Cantonment Institutions.
- **KPK & Sindh Boards:** Aligned with Single National Curriculum standards.

#### 💡 Exam Preparation Tips:
- Review past 5-year board questions included at the end of each topic.
- Practice diagrams, derivations, and formulas regularly.
- Memorize key definitions and bold terms for maximum score."
Unit 24 Long Questions (New),Chemistry,10,PCTB (Punjab Curriculum & Textbook Board),CHAPTER_WISE,24,Long Questions,TaleemCity / PakParcha,https://drive.google.com/file/d/1oa85Uo417sPDpFK8Du9jr1TA2Q-AEjlW/preview,"### Comprehensive Chemistry Class 10 (Unit 24) Notes & Solutions

These Chemistry notes for Class 10 (Unit 24 Long Questions (New)) are prepared strictly according to the Single National Curriculum (SNC 2025–2026) and Punjab Curriculum and Textbook Board (PCTB) standards.

#### 📌 Included In This Resource:
1. **Multiple Choice Questions (MCQs):** Carefully curated objective questions with verified answer keys.
2. **Short Answer Questions:** Concise, exam-targeted answers highlighting key definitions, laws, and concepts.
3. **Long & Detailed Questions:** Step-by-step explanations, diagrams, derivations, and board-standard headings.
4. **Textbook Solved Exercises & Numericals:** Complete solved numericals and exercises with given data, formula substitution, and final units.

#### 🏛️ Board Compatibility:
- **Punjab Boards:** Lahore, Rawalpindi, Gujranwala, Faisalabad, Multan, Sargodha, Sahiwal, Bahawalpur, DG Khan.
- **Federal Board (FBISE):** Islamabad & Cantonment Institutions.
- **KPK & Sindh Boards:** Aligned with Single National Curriculum standards.

#### 💡 Exam Preparation Tips:
- Review past 5-year board questions included at the end of each topic.
- Practice diagrams, derivations, and formulas regularly.
- Memorize key definitions and bold terms for maximum score."
Unit 24 MCQâs (New),Chemistry,10,PCTB (Punjab Curriculum & Textbook Board),CHAPTER_WISE,24,Solved MCQs,TaleemCity / PakParcha,https://drive.google.com/file/d/1u274PKE6ge_PhzUXvSt7Awrq6_f980Gt/preview,"### Comprehensive Chemistry Class 10 (Unit 24) Notes & Solutions

These Chemistry notes for Class 10 (Unit 24 MCQâs (New)) are prepared strictly according to the Single National Curriculum (SNC 2025–2026) and Punjab Curriculum and Textbook Board (PCTB) standards.

#### 📌 Included In This Resource:
1. **Multiple Choice Questions (MCQs):** Carefully curated objective questions with verified answer keys.
2. **Short Answer Questions:** Concise, exam-targeted answers highlighting key definitions, laws, and concepts.
3. **Long & Detailed Questions:** Step-by-step explanations, diagrams, derivations, and board-standard headings.
4. **Textbook Solved Exercises & Numericals:** Complete solved numericals and exercises with given data, formula substitution, and final units.

#### 🏛️ Board Compatibility:
- **Punjab Boards:** Lahore, Rawalpindi, Gujranwala, Faisalabad, Multan, Sargodha, Sahiwal, Bahawalpur, DG Khan.
- **Federal Board (FBISE):** Islamabad & Cantonment Institutions.
- **KPK & Sindh Boards:** Aligned with Single National Curriculum standards.

#### 💡 Exam Preparation Tips:
- Review past 5-year board questions included at the end of each topic.
- Practice diagrams, derivations, and formulas regularly.
- Memorize key definitions and bold terms for maximum score."
Unit 24 Short Questions (New),Chemistry,10,PCTB (Punjab Curriculum & Textbook Board),CHAPTER_WISE,24,Short Questions,TaleemCity / PakParcha,https://drive.google.com/file/d/17404cPO5oW0RainrGTF6-zFSHgSoyQjW/preview,"### Comprehensive Chemistry Class 10 (Unit 24) Notes & Solutions

These Chemistry notes for Class 10 (Unit 24 Short Questions (New)) are prepared strictly according to the Single National Curriculum (SNC 2025–2026) and Punjab Curriculum and Textbook Board (PCTB) standards.

#### 📌 Included In This Resource:
1. **Multiple Choice Questions (MCQs):** Carefully curated objective questions with verified answer keys.
2. **Short Answer Questions:** Concise, exam-targeted answers highlighting key definitions, laws, and concepts.
3. **Long & Detailed Questions:** Step-by-step explanations, diagrams, derivations, and board-standard headings.
4. **Textbook Solved Exercises & Numericals:** Complete solved numericals and exercises with given data, formula substitution, and final units.

#### 🏛️ Board Compatibility:
- **Punjab Boards:** Lahore, Rawalpindi, Gujranwala, Faisalabad, Multan, Sargodha, Sahiwal, Bahawalpur, DG Khan.
- **Federal Board (FBISE):** Islamabad & Cantonment Institutions.
- **KPK & Sindh Boards:** Aligned with Single National Curriculum standards.

#### 💡 Exam Preparation Tips:
- Review past 5-year board questions included at the end of each topic.
- Practice diagrams, derivations, and formulas regularly.
- Memorize key definitions and bold terms for maximum score."
Unit 25 Long Questions (New),Chemistry,10,PCTB (Punjab Curriculum & Textbook Board),CHAPTER_WISE,25,Long Questions,TaleemCity / PakParcha,https://drive.google.com/file/d/10EeqxwgXLTanlyPhIJ7jqWLFsX5UoVcr/preview,"### Comprehensive Chemistry Class 10 (Unit 25) Notes & Solutions

These Chemistry notes for Class 10 (Unit 25 Long Questions (New)) are prepared strictly according to the Single National Curriculum (SNC 2025–2026) and Punjab Curriculum and Textbook Board (PCTB) standards.

#### 📌 Included In This Resource:
1. **Multiple Choice Questions (MCQs):** Carefully curated objective questions with verified answer keys.
2. **Short Answer Questions:** Concise, exam-targeted answers highlighting key definitions, laws, and concepts.
3. **Long & Detailed Questions:** Step-by-step explanations, diagrams, derivations, and board-standard headings.
4. **Textbook Solved Exercises & Numericals:** Complete solved numericals and exercises with given data, formula substitution, and final units.

#### 🏛️ Board Compatibility:
- **Punjab Boards:** Lahore, Rawalpindi, Gujranwala, Faisalabad, Multan, Sargodha, Sahiwal, Bahawalpur, DG Khan.
- **Federal Board (FBISE):** Islamabad & Cantonment Institutions.
- **KPK & Sindh Boards:** Aligned with Single National Curriculum standards.

#### 💡 Exam Preparation Tips:
- Review past 5-year board questions included at the end of each topic.
- Practice diagrams, derivations, and formulas regularly.
- Memorize key definitions and bold terms for maximum score."
Unit 25 MCQâs (New),Chemistry,10,PCTB (Punjab Curriculum & Textbook Board),CHAPTER_WISE,25,Solved MCQs,TaleemCity / PakParcha,https://drive.google.com/file/d/1K4HfA7SJzvMCpQ2xtL3OY8f4cnaqhvAT/preview,"### Comprehensive Chemistry Class 10 (Unit 25) Notes & Solutions

These Chemistry notes for Class 10 (Unit 25 MCQâs (New)) are prepared strictly according to the Single National Curriculum (SNC 2025–2026) and Punjab Curriculum and Textbook Board (PCTB) standards.

#### 📌 Included In This Resource:
1. **Multiple Choice Questions (MCQs):** Carefully curated objective questions with verified answer keys.
2. **Short Answer Questions:** Concise, exam-targeted answers highlighting key definitions, laws, and concepts.
3. **Long & Detailed Questions:** Step-by-step explanations, diagrams, derivations, and board-standard headings.
4. **Textbook Solved Exercises & Numericals:** Complete solved numericals and exercises with given data, formula substitution, and final units.

#### 🏛️ Board Compatibility:
- **Punjab Boards:** Lahore, Rawalpindi, Gujranwala, Faisalabad, Multan, Sargodha, Sahiwal, Bahawalpur, DG Khan.
- **Federal Board (FBISE):** Islamabad & Cantonment Institutions.
- **KPK & Sindh Boards:** Aligned with Single National Curriculum standards.

#### 💡 Exam Preparation Tips:
- Review past 5-year board questions included at the end of each topic.
- Practice diagrams, derivations, and formulas regularly.
- Memorize key definitions and bold terms for maximum score."
Unit 25 Short Questions (New),Chemistry,10,PCTB (Punjab Curriculum & Textbook Board),CHAPTER_WISE,25,Short Questions,TaleemCity / PakParcha,https://drive.google.com/file/d/1LnCLSdTksScuEXBCu-rW5McxFxc3oEir/preview,"### Comprehensive Chemistry Class 10 (Unit 25) Notes & Solutions

These Chemistry notes for Class 10 (Unit 25 Short Questions (New)) are prepared strictly according to the Single National Curriculum (SNC 2025–2026) and Punjab Curriculum and Textbook Board (PCTB) standards.

#### 📌 Included In This Resource:
1. **Multiple Choice Questions (MCQs):** Carefully curated objective questions with verified answer keys.
2. **Short Answer Questions:** Concise, exam-targeted answers highlighting key definitions, laws, and concepts.
3. **Long & Detailed Questions:** Step-by-step explanations, diagrams, derivations, and board-standard headings.
4. **Textbook Solved Exercises & Numericals:** Complete solved numericals and exercises with given data, formula substitution, and final units.

#### 🏛️ Board Compatibility:
- **Punjab Boards:** Lahore, Rawalpindi, Gujranwala, Faisalabad, Multan, Sargodha, Sahiwal, Bahawalpur, DG Khan.
- **Federal Board (FBISE):** Islamabad & Cantonment Institutions.
- **KPK & Sindh Boards:** Aligned with Single National Curriculum standards.

#### 💡 Exam Preparation Tips:
- Review past 5-year board questions included at the end of each topic.
- Practice diagrams, derivations, and formulas regularly.
- Memorize key definitions and bold terms for maximum score."
Unit 26 Long Questions (New),Chemistry,10,PCTB (Punjab Curriculum & Textbook Board),CHAPTER_WISE,26,Long Questions,TaleemCity / PakParcha,https://drive.google.com/file/d/1wKm2F2Q91cJj_jYJbyIgDDNcIsEFla_G/preview,"### Comprehensive Chemistry Class 10 (Unit 26) Notes & Solutions

These Chemistry notes for Class 10 (Unit 26 Long Questions (New)) are prepared strictly according to the Single National Curriculum (SNC 2025–2026) and Punjab Curriculum and Textbook Board (PCTB) standards.

#### 📌 Included In This Resource:
1. **Multiple Choice Questions (MCQs):** Carefully curated objective questions with verified answer keys.
2. **Short Answer Questions:** Concise, exam-targeted answers highlighting key definitions, laws, and concepts.
3. **Long & Detailed Questions:** Step-by-step explanations, diagrams, derivations, and board-standard headings.
4. **Textbook Solved Exercises & Numericals:** Complete solved numericals and exercises with given data, formula substitution, and final units.

#### 🏛️ Board Compatibility:
- **Punjab Boards:** Lahore, Rawalpindi, Gujranwala, Faisalabad, Multan, Sargodha, Sahiwal, Bahawalpur, DG Khan.
- **Federal Board (FBISE):** Islamabad & Cantonment Institutions.
- **KPK & Sindh Boards:** Aligned with Single National Curriculum standards.

#### 💡 Exam Preparation Tips:
- Review past 5-year board questions included at the end of each topic.
- Practice diagrams, derivations, and formulas regularly.
- Memorize key definitions and bold terms for maximum score."
Unit 26 MCQâs (New),Chemistry,10,PCTB (Punjab Curriculum & Textbook Board),CHAPTER_WISE,26,Solved MCQs,TaleemCity / PakParcha,https://drive.google.com/file/d/1JgtuPAMB2KZ1Mb6I4nXvzk0UMrnl8hzN/preview,"### Comprehensive Chemistry Class 10 (Unit 26) Notes & Solutions

These Chemistry notes for Class 10 (Unit 26 MCQâs (New)) are prepared strictly according to the Single National Curriculum (SNC 2025–2026) and Punjab Curriculum and Textbook Board (PCTB) standards.

#### 📌 Included In This Resource:
1. **Multiple Choice Questions (MCQs):** Carefully curated objective questions with verified answer keys.
2. **Short Answer Questions:** Concise, exam-targeted answers highlighting key definitions, laws, and concepts.
3. **Long & Detailed Questions:** Step-by-step explanations, diagrams, derivations, and board-standard headings.
4. **Textbook Solved Exercises & Numericals:** Complete solved numericals and exercises with given data, formula substitution, and final units.

#### 🏛️ Board Compatibility:
- **Punjab Boards:** Lahore, Rawalpindi, Gujranwala, Faisalabad, Multan, Sargodha, Sahiwal, Bahawalpur, DG Khan.
- **Federal Board (FBISE):** Islamabad & Cantonment Institutions.
- **KPK & Sindh Boards:** Aligned with Single National Curriculum standards.

#### 💡 Exam Preparation Tips:
- Review past 5-year board questions included at the end of each topic.
- Practice diagrams, derivations, and formulas regularly.
- Memorize key definitions and bold terms for maximum score."
Unit 26 Short Questions (New),Chemistry,10,PCTB (Punjab Curriculum & Textbook Board),CHAPTER_WISE,26,Short Questions,TaleemCity / PakParcha,https://drive.google.com/file/d/1vi6F3xb7PJVGdYh3VcYwTh76_2DRBfLF/preview,"### Comprehensive Chemistry Class 10 (Unit 26) Notes & Solutions

These Chemistry notes for Class 10 (Unit 26 Short Questions (New)) are prepared strictly according to the Single National Curriculum (SNC 2025–2026) and Punjab Curriculum and Textbook Board (PCTB) standards.

#### 📌 Included In This Resource:
1. **Multiple Choice Questions (MCQs):** Carefully curated objective questions with verified answer keys.
2. **Short Answer Questions:** Concise, exam-targeted answers highlighting key definitions, laws, and concepts.
3. **Long & Detailed Questions:** Step-by-step explanations, diagrams, derivations, and board-standard headings.
4. **Textbook Solved Exercises & Numericals:** Complete solved numericals and exercises with given data, formula substitution, and final units.

#### 🏛️ Board Compatibility:
- **Punjab Boards:** Lahore, Rawalpindi, Gujranwala, Faisalabad, Multan, Sargodha, Sahiwal, Bahawalpur, DG Khan.
- **Federal Board (FBISE):** Islamabad & Cantonment Institutions.
- **KPK & Sindh Boards:** Aligned with Single National Curriculum standards.

#### 💡 Exam Preparation Tips:
- Review past 5-year board questions included at the end of each topic.
- Practice diagrams, derivations, and formulas regularly.
- Memorize key definitions and bold terms for maximum score."
Complete Merged Book Notes,Computer Science,10,PCTB (Punjab Curriculum & Textbook Board),FULL_BOOK,,Full Book Complete,TaleemCity / PakParcha,https://drive.google.com/file/d/1XkTOvLDHjMCllF-2CyKRxGVE4fBTHdqH/preview,"### Comprehensive Computer Science Class 10 (Full Book Complete Syllabus) Notes & Solutions

These Computer Science notes for Class 10 (Complete Merged Book Notes) are prepared strictly according to the Single National Curriculum (SNC 2025–2026) and Punjab Curriculum and Textbook Board (PCTB) standards.

#### 📌 Included In This Resource:
1. **Multiple Choice Questions (MCQs):** Carefully curated objective questions with verified answer keys.
2. **Short Answer Questions:** Concise, exam-targeted answers highlighting key definitions, laws, and concepts.
3. **Long & Detailed Questions:** Step-by-step explanations, diagrams, derivations, and board-standard headings.
4. **Textbook Solved Exercises & Numericals:** Complete solved numericals and exercises with given data, formula substitution, and final units.

#### 🏛️ Board Compatibility:
- **Punjab Boards:** Lahore, Rawalpindi, Gujranwala, Faisalabad, Multan, Sargodha, Sahiwal, Bahawalpur, DG Khan.
- **Federal Board (FBISE):** Islamabad & Cantonment Institutions.
- **KPK & Sindh Boards:** Aligned with Single National Curriculum standards.

#### 💡 Exam Preparation Tips:
- Review past 5-year board questions included at the end of each topic.
- Practice diagrams, derivations, and formulas regularly.
- Memorize key definitions and bold terms for maximum score."
Unit 01 Exercise Questions (New),Computer Science,10,PCTB (Punjab Curriculum & Textbook Board),CHAPTER_WISE,1,Solved Numericals,TaleemCity / PakParcha,https://drive.google.com/file/d/1bIiemyzS4z7vVHY-ZXsQi5c7e5UoeN9J/preview,"### Comprehensive Computer Science Class 10 (Unit 1) Notes & Solutions

These Computer Science notes for Class 10 (Unit 01 Exercise Questions (New)) are prepared strictly according to the Single National Curriculum (SNC 2025–2026) and Punjab Curriculum and Textbook Board (PCTB) standards.

#### 📌 Included In This Resource:
1. **Multiple Choice Questions (MCQs):** Carefully curated objective questions with verified answer keys.
2. **Short Answer Questions:** Concise, exam-targeted answers highlighting key definitions, laws, and concepts.
3. **Long & Detailed Questions:** Step-by-step explanations, diagrams, derivations, and board-standard headings.
4. **Textbook Solved Exercises & Numericals:** Complete solved numericals and exercises with given data, formula substitution, and final units.

#### 🏛️ Board Compatibility:
- **Punjab Boards:** Lahore, Rawalpindi, Gujranwala, Faisalabad, Multan, Sargodha, Sahiwal, Bahawalpur, DG Khan.
- **Federal Board (FBISE):** Islamabad & Cantonment Institutions.
- **KPK & Sindh Boards:** Aligned with Single National Curriculum standards.

#### 💡 Exam Preparation Tips:
- Review past 5-year board questions included at the end of each topic.
- Practice diagrams, derivations, and formulas regularly.
- Memorize key definitions and bold terms for maximum score."
Unit 01 Long Questions (New),Computer Science,10,PCTB (Punjab Curriculum & Textbook Board),CHAPTER_WISE,1,Long Questions,TaleemCity / PakParcha,https://drive.google.com/file/d/1vMiupcvGN76TfyDbYP-yxg9wVPQoOiR5/preview,"### Comprehensive Computer Science Class 10 (Unit 1) Notes & Solutions

These Computer Science notes for Class 10 (Unit 01 Long Questions (New)) are prepared strictly according to the Single National Curriculum (SNC 2025–2026) and Punjab Curriculum and Textbook Board (PCTB) standards.

#### 📌 Included In This Resource:
1. **Multiple Choice Questions (MCQs):** Carefully curated objective questions with verified answer keys.
2. **Short Answer Questions:** Concise, exam-targeted answers highlighting key definitions, laws, and concepts.
3. **Long & Detailed Questions:** Step-by-step explanations, diagrams, derivations, and board-standard headings.
4. **Textbook Solved Exercises & Numericals:** Complete solved numericals and exercises with given data, formula substitution, and final units.

#### 🏛️ Board Compatibility:
- **Punjab Boards:** Lahore, Rawalpindi, Gujranwala, Faisalabad, Multan, Sargodha, Sahiwal, Bahawalpur, DG Khan.
- **Federal Board (FBISE):** Islamabad & Cantonment Institutions.
- **KPK & Sindh Boards:** Aligned with Single National Curriculum standards.

#### 💡 Exam Preparation Tips:
- Review past 5-year board questions included at the end of each topic.
- Practice diagrams, derivations, and formulas regularly.
- Memorize key definitions and bold terms for maximum score."
Unit 01 MCQâs (New),Computer Science,10,PCTB (Punjab Curriculum & Textbook Board),CHAPTER_WISE,1,Solved MCQs,TaleemCity / PakParcha,https://drive.google.com/file/d/1wnU5cbC7oz40mQlOoqJfXjkQHtzL2OJZ/preview,"### Comprehensive Computer Science Class 10 (Unit 1) Notes & Solutions

These Computer Science notes for Class 10 (Unit 01 MCQâs (New)) are prepared strictly according to the Single National Curriculum (SNC 2025–2026) and Punjab Curriculum and Textbook Board (PCTB) standards.

#### 📌 Included In This Resource:
1. **Multiple Choice Questions (MCQs):** Carefully curated objective questions with verified answer keys.
2. **Short Answer Questions:** Concise, exam-targeted answers highlighting key definitions, laws, and concepts.
3. **Long & Detailed Questions:** Step-by-step explanations, diagrams, derivations, and board-standard headings.
4. **Textbook Solved Exercises & Numericals:** Complete solved numericals and exercises with given data, formula substitution, and final units.

#### 🏛️ Board Compatibility:
- **Punjab Boards:** Lahore, Rawalpindi, Gujranwala, Faisalabad, Multan, Sargodha, Sahiwal, Bahawalpur, DG Khan.
- **Federal Board (FBISE):** Islamabad & Cantonment Institutions.
- **KPK & Sindh Boards:** Aligned with Single National Curriculum standards.

#### 💡 Exam Preparation Tips:
- Review past 5-year board questions included at the end of each topic.
- Practice diagrams, derivations, and formulas regularly.
- Memorize key definitions and bold terms for maximum score."
Unit 01 Short Questions (New),Computer Science,10,PCTB (Punjab Curriculum & Textbook Board),CHAPTER_WISE,1,Short Questions,TaleemCity / PakParcha,https://drive.google.com/file/d/1bU5aSIcW0zrz-OmvJ9jOXGowl9CKT4mI/preview,"### Comprehensive Computer Science Class 10 (Unit 1) Notes & Solutions

These Computer Science notes for Class 10 (Unit 01 Short Questions (New)) are prepared strictly according to the Single National Curriculum (SNC 2025–2026) and Punjab Curriculum and Textbook Board (PCTB) standards.

#### 📌 Included In This Resource:
1. **Multiple Choice Questions (MCQs):** Carefully curated objective questions with verified answer keys.
2. **Short Answer Questions:** Concise, exam-targeted answers highlighting key definitions, laws, and concepts.
3. **Long & Detailed Questions:** Step-by-step explanations, diagrams, derivations, and board-standard headings.
4. **Textbook Solved Exercises & Numericals:** Complete solved numericals and exercises with given data, formula substitution, and final units.

#### 🏛️ Board Compatibility:
- **Punjab Boards:** Lahore, Rawalpindi, Gujranwala, Faisalabad, Multan, Sargodha, Sahiwal, Bahawalpur, DG Khan.
- **Federal Board (FBISE):** Islamabad & Cantonment Institutions.
- **KPK & Sindh Boards:** Aligned with Single National Curriculum standards.

#### 💡 Exam Preparation Tips:
- Review past 5-year board questions included at the end of each topic.
- Practice diagrams, derivations, and formulas regularly.
- Memorize key definitions and bold terms for maximum score."
Unit 02 Exercise Questions (New),Computer Science,10,PCTB (Punjab Curriculum & Textbook Board),CHAPTER_WISE,2,Solved Numericals,TaleemCity / PakParcha,https://drive.google.com/file/d/1UkHJFbXAbGfbtsCXRk_tRda0ngF0a6NU/preview,"### Comprehensive Computer Science Class 10 (Unit 2) Notes & Solutions

These Computer Science notes for Class 10 (Unit 02 Exercise Questions (New)) are prepared strictly according to the Single National Curriculum (SNC 2025–2026) and Punjab Curriculum and Textbook Board (PCTB) standards.

#### 📌 Included In This Resource:
1. **Multiple Choice Questions (MCQs):** Carefully curated objective questions with verified answer keys.
2. **Short Answer Questions:** Concise, exam-targeted answers highlighting key definitions, laws, and concepts.
3. **Long & Detailed Questions:** Step-by-step explanations, diagrams, derivations, and board-standard headings.
4. **Textbook Solved Exercises & Numericals:** Complete solved numericals and exercises with given data, formula substitution, and final units.

#### 🏛️ Board Compatibility:
- **Punjab Boards:** Lahore, Rawalpindi, Gujranwala, Faisalabad, Multan, Sargodha, Sahiwal, Bahawalpur, DG Khan.
- **Federal Board (FBISE):** Islamabad & Cantonment Institutions.
- **KPK & Sindh Boards:** Aligned with Single National Curriculum standards.

#### 💡 Exam Preparation Tips:
- Review past 5-year board questions included at the end of each topic.
- Practice diagrams, derivations, and formulas regularly.
- Memorize key definitions and bold terms for maximum score."
Unit 02 Long Questions (New),Computer Science,10,PCTB (Punjab Curriculum & Textbook Board),CHAPTER_WISE,2,Long Questions,TaleemCity / PakParcha,https://drive.google.com/file/d/1F8SCw3hB5TqniSCQqPV2VO_cIUcrNxdA/preview,"### Comprehensive Computer Science Class 10 (Unit 2) Notes & Solutions

These Computer Science notes for Class 10 (Unit 02 Long Questions (New)) are prepared strictly according to the Single National Curriculum (SNC 2025–2026) and Punjab Curriculum and Textbook Board (PCTB) standards.

#### 📌 Included In This Resource:
1. **Multiple Choice Questions (MCQs):** Carefully curated objective questions with verified answer keys.
2. **Short Answer Questions:** Concise, exam-targeted answers highlighting key definitions, laws, and concepts.
3. **Long & Detailed Questions:** Step-by-step explanations, diagrams, derivations, and board-standard headings.
4. **Textbook Solved Exercises & Numericals:** Complete solved numericals and exercises with given data, formula substitution, and final units.

#### 🏛️ Board Compatibility:
- **Punjab Boards:** Lahore, Rawalpindi, Gujranwala, Faisalabad, Multan, Sargodha, Sahiwal, Bahawalpur, DG Khan.
- **Federal Board (FBISE):** Islamabad & Cantonment Institutions.
- **KPK & Sindh Boards:** Aligned with Single National Curriculum standards.

#### 💡 Exam Preparation Tips:
- Review past 5-year board questions included at the end of each topic.
- Practice diagrams, derivations, and formulas regularly.
- Memorize key definitions and bold terms for maximum score."
Unit 02 MCQâs (New),Computer Science,10,PCTB (Punjab Curriculum & Textbook Board),CHAPTER_WISE,2,Solved MCQs,TaleemCity / PakParcha,https://drive.google.com/file/d/1pptluhOy8RHbgDOzwuAhOSDxGSKfWOEo/preview,"### Comprehensive Computer Science Class 10 (Unit 2) Notes & Solutions

These Computer Science notes for Class 10 (Unit 02 MCQâs (New)) are prepared strictly according to the Single National Curriculum (SNC 2025–2026) and Punjab Curriculum and Textbook Board (PCTB) standards.

#### 📌 Included In This Resource:
1. **Multiple Choice Questions (MCQs):** Carefully curated objective questions with verified answer keys.
2. **Short Answer Questions:** Concise, exam-targeted answers highlighting key definitions, laws, and concepts.
3. **Long & Detailed Questions:** Step-by-step explanations, diagrams, derivations, and board-standard headings.
4. **Textbook Solved Exercises & Numericals:** Complete solved numericals and exercises with given data, formula substitution, and final units.

#### 🏛️ Board Compatibility:
- **Punjab Boards:** Lahore, Rawalpindi, Gujranwala, Faisalabad, Multan, Sargodha, Sahiwal, Bahawalpur, DG Khan.
- **Federal Board (FBISE):** Islamabad & Cantonment Institutions.
- **KPK & Sindh Boards:** Aligned with Single National Curriculum standards.

#### 💡 Exam Preparation Tips:
- Review past 5-year board questions included at the end of each topic.
- Practice diagrams, derivations, and formulas regularly.
- Memorize key definitions and bold terms for maximum score."
Unit 02 Short Questions (New),Computer Science,10,PCTB (Punjab Curriculum & Textbook Board),CHAPTER_WISE,2,Short Questions,TaleemCity / PakParcha,https://drive.google.com/file/d/14yxMo5AZEPUSheCggHuROttJiucmUAqU/preview,"### Comprehensive Computer Science Class 10 (Unit 2) Notes & Solutions

These Computer Science notes for Class 10 (Unit 02 Short Questions (New)) are prepared strictly according to the Single National Curriculum (SNC 2025–2026) and Punjab Curriculum and Textbook Board (PCTB) standards.

#### 📌 Included In This Resource:
1. **Multiple Choice Questions (MCQs):** Carefully curated objective questions with verified answer keys.
2. **Short Answer Questions:** Concise, exam-targeted answers highlighting key definitions, laws, and concepts.
3. **Long & Detailed Questions:** Step-by-step explanations, diagrams, derivations, and board-standard headings.
4. **Textbook Solved Exercises & Numericals:** Complete solved numericals and exercises with given data, formula substitution, and final units.

#### 🏛️ Board Compatibility:
- **Punjab Boards:** Lahore, Rawalpindi, Gujranwala, Faisalabad, Multan, Sargodha, Sahiwal, Bahawalpur, DG Khan.
- **Federal Board (FBISE):** Islamabad & Cantonment Institutions.
- **KPK & Sindh Boards:** Aligned with Single National Curriculum standards.

#### 💡 Exam Preparation Tips:
- Review past 5-year board questions included at the end of each topic.
- Practice diagrams, derivations, and formulas regularly.
- Memorize key definitions and bold terms for maximum score."
Unit 03 Exercise Questions (New),Computer Science,10,PCTB (Punjab Curriculum & Textbook Board),CHAPTER_WISE,3,Solved Numericals,TaleemCity / PakParcha,https://drive.google.com/file/d/10DR1Rb4hji5rP7xdeJ4oPq3LPO8mr8tK/preview,"### Comprehensive Computer Science Class 10 (Unit 3) Notes & Solutions

These Computer Science notes for Class 10 (Unit 03 Exercise Questions (New)) are prepared strictly according to the Single National Curriculum (SNC 2025–2026) and Punjab Curriculum and Textbook Board (PCTB) standards.

#### 📌 Included In This Resource:
1. **Multiple Choice Questions (MCQs):** Carefully curated objective questions with verified answer keys.
2. **Short Answer Questions:** Concise, exam-targeted answers highlighting key definitions, laws, and concepts.
3. **Long & Detailed Questions:** Step-by-step explanations, diagrams, derivations, and board-standard headings.
4. **Textbook Solved Exercises & Numericals:** Complete solved numericals and exercises with given data, formula substitution, and final units.

#### 🏛️ Board Compatibility:
- **Punjab Boards:** Lahore, Rawalpindi, Gujranwala, Faisalabad, Multan, Sargodha, Sahiwal, Bahawalpur, DG Khan.
- **Federal Board (FBISE):** Islamabad & Cantonment Institutions.
- **KPK & Sindh Boards:** Aligned with Single National Curriculum standards.

#### 💡 Exam Preparation Tips:
- Review past 5-year board questions included at the end of each topic.
- Practice diagrams, derivations, and formulas regularly.
- Memorize key definitions and bold terms for maximum score."
Unit 03 Long Questions (New),Computer Science,10,PCTB (Punjab Curriculum & Textbook Board),CHAPTER_WISE,3,Long Questions,TaleemCity / PakParcha,https://drive.google.com/file/d/19FC75RQFjywC3yWPxmZ5E5ts5DT3nxSz/preview,"### Comprehensive Computer Science Class 10 (Unit 3) Notes & Solutions

These Computer Science notes for Class 10 (Unit 03 Long Questions (New)) are prepared strictly according to the Single National Curriculum (SNC 2025–2026) and Punjab Curriculum and Textbook Board (PCTB) standards.

#### 📌 Included In This Resource:
1. **Multiple Choice Questions (MCQs):** Carefully curated objective questions with verified answer keys.
2. **Short Answer Questions:** Concise, exam-targeted answers highlighting key definitions, laws, and concepts.
3. **Long & Detailed Questions:** Step-by-step explanations, diagrams, derivations, and board-standard headings.
4. **Textbook Solved Exercises & Numericals:** Complete solved numericals and exercises with given data, formula substitution, and final units.

#### 🏛️ Board Compatibility:
- **Punjab Boards:** Lahore, Rawalpindi, Gujranwala, Faisalabad, Multan, Sargodha, Sahiwal, Bahawalpur, DG Khan.
- **Federal Board (FBISE):** Islamabad & Cantonment Institutions.
- **KPK & Sindh Boards:** Aligned with Single National Curriculum standards.

#### 💡 Exam Preparation Tips:
- Review past 5-year board questions included at the end of each topic.
- Practice diagrams, derivations, and formulas regularly.
- Memorize key definitions and bold terms for maximum score."
Unit 03 MCQâs (New),Computer Science,10,PCTB (Punjab Curriculum & Textbook Board),CHAPTER_WISE,3,Solved MCQs,TaleemCity / PakParcha,https://drive.google.com/file/d/1CUEWKgypemwuV2sKtY0tM4e70aT62men/preview,"### Comprehensive Computer Science Class 10 (Unit 3) Notes & Solutions

These Computer Science notes for Class 10 (Unit 03 MCQâs (New)) are prepared strictly according to the Single National Curriculum (SNC 2025–2026) and Punjab Curriculum and Textbook Board (PCTB) standards.

#### 📌 Included In This Resource:
1. **Multiple Choice Questions (MCQs):** Carefully curated objective questions with verified answer keys.
2. **Short Answer Questions:** Concise, exam-targeted answers highlighting key definitions, laws, and concepts.
3. **Long & Detailed Questions:** Step-by-step explanations, diagrams, derivations, and board-standard headings.
4. **Textbook Solved Exercises & Numericals:** Complete solved numericals and exercises with given data, formula substitution, and final units.

#### 🏛️ Board Compatibility:
- **Punjab Boards:** Lahore, Rawalpindi, Gujranwala, Faisalabad, Multan, Sargodha, Sahiwal, Bahawalpur, DG Khan.
- **Federal Board (FBISE):** Islamabad & Cantonment Institutions.
- **KPK & Sindh Boards:** Aligned with Single National Curriculum standards.

#### 💡 Exam Preparation Tips:
- Review past 5-year board questions included at the end of each topic.
- Practice diagrams, derivations, and formulas regularly.
- Memorize key definitions and bold terms for maximum score."
Unit 03 Short Questions (New),Computer Science,10,PCTB (Punjab Curriculum & Textbook Board),CHAPTER_WISE,3,Short Questions,TaleemCity / PakParcha,https://drive.google.com/file/d/1seoRLMwzIgbheTHAO7C8um406adgo6aJ/preview,"### Comprehensive Computer Science Class 10 (Unit 3) Notes & Solutions

These Computer Science notes for Class 10 (Unit 03 Short Questions (New)) are prepared strictly according to the Single National Curriculum (SNC 2025–2026) and Punjab Curriculum and Textbook Board (PCTB) standards.

#### 📌 Included In This Resource:
1. **Multiple Choice Questions (MCQs):** Carefully curated objective questions with verified answer keys.
2. **Short Answer Questions:** Concise, exam-targeted answers highlighting key definitions, laws, and concepts.
3. **Long & Detailed Questions:** Step-by-step explanations, diagrams, derivations, and board-standard headings.
4. **Textbook Solved Exercises & Numericals:** Complete solved numericals and exercises with given data, formula substitution, and final units.

#### 🏛️ Board Compatibility:
- **Punjab Boards:** Lahore, Rawalpindi, Gujranwala, Faisalabad, Multan, Sargodha, Sahiwal, Bahawalpur, DG Khan.
- **Federal Board (FBISE):** Islamabad & Cantonment Institutions.
- **KPK & Sindh Boards:** Aligned with Single National Curriculum standards.

#### 💡 Exam Preparation Tips:
- Review past 5-year board questions included at the end of each topic.
- Practice diagrams, derivations, and formulas regularly.
- Memorize key definitions and bold terms for maximum score."
Unit 04 Exercise Questions (New),Computer Science,10,PCTB (Punjab Curriculum & Textbook Board),CHAPTER_WISE,4,Solved Numericals,TaleemCity / PakParcha,https://drive.google.com/file/d/1H8LOhscyIAYQ4tFGkNDHCcqsGm02IcEg/preview,"### Comprehensive Computer Science Class 10 (Unit 4) Notes & Solutions

These Computer Science notes for Class 10 (Unit 04 Exercise Questions (New)) are prepared strictly according to the Single National Curriculum (SNC 2025–2026) and Punjab Curriculum and Textbook Board (PCTB) standards.

#### 📌 Included In This Resource:
1. **Multiple Choice Questions (MCQs):** Carefully curated objective questions with verified answer keys.
2. **Short Answer Questions:** Concise, exam-targeted answers highlighting key definitions, laws, and concepts.
3. **Long & Detailed Questions:** Step-by-step explanations, diagrams, derivations, and board-standard headings.
4. **Textbook Solved Exercises & Numericals:** Complete solved numericals and exercises with given data, formula substitution, and final units.

#### 🏛️ Board Compatibility:
- **Punjab Boards:** Lahore, Rawalpindi, Gujranwala, Faisalabad, Multan, Sargodha, Sahiwal, Bahawalpur, DG Khan.
- **Federal Board (FBISE):** Islamabad & Cantonment Institutions.
- **KPK & Sindh Boards:** Aligned with Single National Curriculum standards.

#### 💡 Exam Preparation Tips:
- Review past 5-year board questions included at the end of each topic.
- Practice diagrams, derivations, and formulas regularly.
- Memorize key definitions and bold terms for maximum score."
Unit 04 Long Questions (New),Computer Science,10,PCTB (Punjab Curriculum & Textbook Board),CHAPTER_WISE,4,Long Questions,TaleemCity / PakParcha,https://drive.google.com/file/d/1i1HR-WeltBhYiHdxdd5QGFc7RF8N97I1/preview,"### Comprehensive Computer Science Class 10 (Unit 4) Notes & Solutions

These Computer Science notes for Class 10 (Unit 04 Long Questions (New)) are prepared strictly according to the Single National Curriculum (SNC 2025–2026) and Punjab Curriculum and Textbook Board (PCTB) standards.

#### 📌 Included In This Resource:
1. **Multiple Choice Questions (MCQs):** Carefully curated objective questions with verified answer keys.
2. **Short Answer Questions:** Concise, exam-targeted answers highlighting key definitions, laws, and concepts.
3. **Long & Detailed Questions:** Step-by-step explanations, diagrams, derivations, and board-standard headings.
4. **Textbook Solved Exercises & Numericals:** Complete solved numericals and exercises with given data, formula substitution, and final units.

#### 🏛️ Board Compatibility:
- **Punjab Boards:** Lahore, Rawalpindi, Gujranwala, Faisalabad, Multan, Sargodha, Sahiwal, Bahawalpur, DG Khan.
- **Federal Board (FBISE):** Islamabad & Cantonment Institutions.
- **KPK & Sindh Boards:** Aligned with Single National Curriculum standards.

#### 💡 Exam Preparation Tips:
- Review past 5-year board questions included at the end of each topic.
- Practice diagrams, derivations, and formulas regularly.
- Memorize key definitions and bold terms for maximum score."
Unit 04 MCQâs (New),Computer Science,10,PCTB (Punjab Curriculum & Textbook Board),CHAPTER_WISE,4,Solved MCQs,TaleemCity / PakParcha,https://drive.google.com/file/d/1fqPvOk5S6ocriPIOYDDjN6s0Vq0Mpqvk/preview,"### Comprehensive Computer Science Class 10 (Unit 4) Notes & Solutions

These Computer Science notes for Class 10 (Unit 04 MCQâs (New)) are prepared strictly according to the Single National Curriculum (SNC 2025–2026) and Punjab Curriculum and Textbook Board (PCTB) standards.

#### 📌 Included In This Resource:
1. **Multiple Choice Questions (MCQs):** Carefully curated objective questions with verified answer keys.
2. **Short Answer Questions:** Concise, exam-targeted answers highlighting key definitions, laws, and concepts.
3. **Long & Detailed Questions:** Step-by-step explanations, diagrams, derivations, and board-standard headings.
4. **Textbook Solved Exercises & Numericals:** Complete solved numericals and exercises with given data, formula substitution, and final units.

#### 🏛️ Board Compatibility:
- **Punjab Boards:** Lahore, Rawalpindi, Gujranwala, Faisalabad, Multan, Sargodha, Sahiwal, Bahawalpur, DG Khan.
- **Federal Board (FBISE):** Islamabad & Cantonment Institutions.
- **KPK & Sindh Boards:** Aligned with Single National Curriculum standards.

#### 💡 Exam Preparation Tips:
- Review past 5-year board questions included at the end of each topic.
- Practice diagrams, derivations, and formulas regularly.
- Memorize key definitions and bold terms for maximum score."
Unit 04 Short Questions (New),Computer Science,10,PCTB (Punjab Curriculum & Textbook Board),CHAPTER_WISE,4,Short Questions,TaleemCity / PakParcha,https://drive.google.com/file/d/1ZfuSr_tHo1miCZP5ie0M1naWbUrQKx-E/preview,"### Comprehensive Computer Science Class 10 (Unit 4) Notes & Solutions

These Computer Science notes for Class 10 (Unit 04 Short Questions (New)) are prepared strictly according to the Single National Curriculum (SNC 2025–2026) and Punjab Curriculum and Textbook Board (PCTB) standards.

#### 📌 Included In This Resource:
1. **Multiple Choice Questions (MCQs):** Carefully curated objective questions with verified answer keys.
2. **Short Answer Questions:** Concise, exam-targeted answers highlighting key definitions, laws, and concepts.
3. **Long & Detailed Questions:** Step-by-step explanations, diagrams, derivations, and board-standard headings.
4. **Textbook Solved Exercises & Numericals:** Complete solved numericals and exercises with given data, formula substitution, and final units.

#### 🏛️ Board Compatibility:
- **Punjab Boards:** Lahore, Rawalpindi, Gujranwala, Faisalabad, Multan, Sargodha, Sahiwal, Bahawalpur, DG Khan.
- **Federal Board (FBISE):** Islamabad & Cantonment Institutions.
- **KPK & Sindh Boards:** Aligned with Single National Curriculum standards.

#### 💡 Exam Preparation Tips:
- Review past 5-year board questions included at the end of each topic.
- Practice diagrams, derivations, and formulas regularly.
- Memorize key definitions and bold terms for maximum score."
Complete Merged Book Notes,English,10,PCTB (Punjab Curriculum & Textbook Board),FULL_BOOK,,Full Book Complete,TaleemCity / PakParcha,https://drive.google.com/file/d/1apeq-sKNs21HwRmc2ja9rybmkxiBpPXB/preview,"### Comprehensive English Class 10 (Full Book Complete Syllabus) Notes & Solutions

These English notes for Class 10 (Complete Merged Book Notes) are prepared strictly according to the Single National Curriculum (SNC 2025–2026) and Punjab Curriculum and Textbook Board (PCTB) standards.

#### 📌 Included In This Resource:
1. **Multiple Choice Questions (MCQs):** Carefully curated objective questions with verified answer keys.
2. **Short Answer Questions:** Concise, exam-targeted answers highlighting key definitions, laws, and concepts.
3. **Long & Detailed Questions:** Step-by-step explanations, diagrams, derivations, and board-standard headings.
4. **Textbook Solved Exercises & Numericals:** Complete solved numericals and exercises with given data, formula substitution, and final units.

#### 🏛️ Board Compatibility:
- **Punjab Boards:** Lahore, Rawalpindi, Gujranwala, Faisalabad, Multan, Sargodha, Sahiwal, Bahawalpur, DG Khan.
- **Federal Board (FBISE):** Islamabad & Cantonment Institutions.
- **KPK & Sindh Boards:** Aligned with Single National Curriculum standards.

#### 💡 Exam Preparation Tips:
- Review past 5-year board questions included at the end of each topic.
- Practice diagrams, derivations, and formulas regularly.
- Memorize key definitions and bold terms for maximum score."
Unit 01 Review 1 (New),English,10,PCTB (Punjab Curriculum & Textbook Board),CHAPTER_WISE,1,Chapter Questions,TaleemCity / PakParcha,https://drive.google.com/file/d/1Pz-bLfc59i0FT-nuK7udrE5f1YGAyR7s/preview,"### Comprehensive English Class 10 (Unit 1) Notes & Solutions

These English notes for Class 10 (Unit 01 Review 1 (New)) are prepared strictly according to the Single National Curriculum (SNC 2025–2026) and Punjab Curriculum and Textbook Board (PCTB) standards.

#### 📌 Included In This Resource:
1. **Multiple Choice Questions (MCQs):** Carefully curated objective questions with verified answer keys.
2. **Short Answer Questions:** Concise, exam-targeted answers highlighting key definitions, laws, and concepts.
3. **Long & Detailed Questions:** Step-by-step explanations, diagrams, derivations, and board-standard headings.
4. **Textbook Solved Exercises & Numericals:** Complete solved numericals and exercises with given data, formula substitution, and final units.

#### 🏛️ Board Compatibility:
- **Punjab Boards:** Lahore, Rawalpindi, Gujranwala, Faisalabad, Multan, Sargodha, Sahiwal, Bahawalpur, DG Khan.
- **Federal Board (FBISE):** Islamabad & Cantonment Institutions.
- **KPK & Sindh Boards:** Aligned with Single National Curriculum standards.

#### 💡 Exam Preparation Tips:
- Review past 5-year board questions included at the end of each topic.
- Practice diagrams, derivations, and formulas regularly.
- Memorize key definitions and bold terms for maximum score."
Unit 01 Review 2 (New),English,10,PCTB (Punjab Curriculum & Textbook Board),CHAPTER_WISE,1,Chapter Questions,TaleemCity / PakParcha,https://drive.google.com/file/d/1UpEmj7ifTLIaSydM2n8f6cGJQCbGfiZZ/preview,"### Comprehensive English Class 10 (Unit 1) Notes & Solutions

These English notes for Class 10 (Unit 01 Review 2 (New)) are prepared strictly according to the Single National Curriculum (SNC 2025–2026) and Punjab Curriculum and Textbook Board (PCTB) standards.

#### 📌 Included In This Resource:
1. **Multiple Choice Questions (MCQs):** Carefully curated objective questions with verified answer keys.
2. **Short Answer Questions:** Concise, exam-targeted answers highlighting key definitions, laws, and concepts.
3. **Long & Detailed Questions:** Step-by-step explanations, diagrams, derivations, and board-standard headings.
4. **Textbook Solved Exercises & Numericals:** Complete solved numericals and exercises with given data, formula substitution, and final units.

#### 🏛️ Board Compatibility:
- **Punjab Boards:** Lahore, Rawalpindi, Gujranwala, Faisalabad, Multan, Sargodha, Sahiwal, Bahawalpur, DG Khan.
- **Federal Board (FBISE):** Islamabad & Cantonment Institutions.
- **KPK & Sindh Boards:** Aligned with Single National Curriculum standards.

#### 💡 Exam Preparation Tips:
- Review past 5-year board questions included at the end of each topic.
- Practice diagrams, derivations, and formulas regularly.
- Memorize key definitions and bold terms for maximum score."
"Unit 01 Unit 1 â Hazrat Muhammadâs (PBUH) Social Reforms for the Rights of Women, Orphans and Slaves (New)",English,10,PCTB (Punjab Curriculum & Textbook Board),CHAPTER_WISE,1,Chapter Questions,TaleemCity / PakParcha,https://drive.google.com/file/d/1Z2eaVWd31QgVLrpV6kmL58dGDAncmjG1/preview,"### Comprehensive English Class 10 (Unit 1) Notes & Solutions

These English notes for Class 10 (Unit 01 Unit 1 â Hazrat Muhammadâs (PBUH) Social Reforms for the Rights of Women, Orphans and Slaves (New)) are prepared strictly according to the Single National Curriculum (SNC 2025–2026) and Punjab Curriculum and Textbook Board (PCTB) standards.

#### 📌 Included In This Resource:
1. **Multiple Choice Questions (MCQs):** Carefully curated objective questions with verified answer keys.
2. **Short Answer Questions:** Concise, exam-targeted answers highlighting key definitions, laws, and concepts.
3. **Long & Detailed Questions:** Step-by-step explanations, diagrams, derivations, and board-standard headings.
4. **Textbook Solved Exercises & Numericals:** Complete solved numericals and exercises with given data, formula substitution, and final units.

#### 🏛️ Board Compatibility:
- **Punjab Boards:** Lahore, Rawalpindi, Gujranwala, Faisalabad, Multan, Sargodha, Sahiwal, Bahawalpur, DG Khan.
- **Federal Board (FBISE):** Islamabad & Cantonment Institutions.
- **KPK & Sindh Boards:** Aligned with Single National Curriculum standards.

#### 💡 Exam Preparation Tips:
- Review past 5-year board questions included at the end of each topic.
- Practice diagrams, derivations, and formulas regularly.
- Memorize key definitions and bold terms for maximum score."
Unit 02 Unit 2 â My Beloved Pakistan (New),English,10,PCTB (Punjab Curriculum & Textbook Board),CHAPTER_WISE,2,Chapter Questions,TaleemCity / PakParcha,https://drive.google.com/file/d/1hlujoq-C4ySEixvhFO884uFRMQnRcA6i/preview,"### Comprehensive English Class 10 (Unit 2) Notes & Solutions

These English notes for Class 10 (Unit 02 Unit 2 â My Beloved Pakistan (New)) are prepared strictly according to the Single National Curriculum (SNC 2025–2026) and Punjab Curriculum and Textbook Board (PCTB) standards.

#### 📌 Included In This Resource:
1. **Multiple Choice Questions (MCQs):** Carefully curated objective questions with verified answer keys.
2. **Short Answer Questions:** Concise, exam-targeted answers highlighting key definitions, laws, and concepts.
3. **Long & Detailed Questions:** Step-by-step explanations, diagrams, derivations, and board-standard headings.
4. **Textbook Solved Exercises & Numericals:** Complete solved numericals and exercises with given data, formula substitution, and final units.

#### 🏛️ Board Compatibility:
- **Punjab Boards:** Lahore, Rawalpindi, Gujranwala, Faisalabad, Multan, Sargodha, Sahiwal, Bahawalpur, DG Khan.
- **Federal Board (FBISE):** Islamabad & Cantonment Institutions.
- **KPK & Sindh Boards:** Aligned with Single National Curriculum standards.

#### 💡 Exam Preparation Tips:
- Review past 5-year board questions included at the end of each topic.
- Practice diagrams, derivations, and formulas regularly.
- Memorize key definitions and bold terms for maximum score."
Unit 03 Unit 3 â Digital Globalisation Transforming the English Language (New),English,10,PCTB (Punjab Curriculum & Textbook Board),CHAPTER_WISE,3,Chapter Questions,TaleemCity / PakParcha,https://drive.google.com/file/d/1LV7IUiw49wscfPYUqvNcgS5hiAcNvhtP/preview,"### Comprehensive English Class 10 (Unit 3) Notes & Solutions

These English notes for Class 10 (Unit 03 Unit 3 â Digital Globalisation Transforming the English Language (New)) are prepared strictly according to the Single National Curriculum (SNC 2025–2026) and Punjab Curriculum and Textbook Board (PCTB) standards.

#### 📌 Included In This Resource:
1. **Multiple Choice Questions (MCQs):** Carefully curated objective questions with verified answer keys.
2. **Short Answer Questions:** Concise, exam-targeted answers highlighting key definitions, laws, and concepts.
3. **Long & Detailed Questions:** Step-by-step explanations, diagrams, derivations, and board-standard headings.
4. **Textbook Solved Exercises & Numericals:** Complete solved numericals and exercises with given data, formula substitution, and final units.

#### 🏛️ Board Compatibility:
- **Punjab Boards:** Lahore, Rawalpindi, Gujranwala, Faisalabad, Multan, Sargodha, Sahiwal, Bahawalpur, DG Khan.
- **Federal Board (FBISE):** Islamabad & Cantonment Institutions.
- **KPK & Sindh Boards:** Aligned with Single National Curriculum standards.

#### 💡 Exam Preparation Tips:
- Review past 5-year board questions included at the end of each topic.
- Practice diagrams, derivations, and formulas regularly.
- Memorize key definitions and bold terms for maximum score."
Unit 04 Unit 4 â The Earth Act Now for Tomorrow (New),English,10,PCTB (Punjab Curriculum & Textbook Board),CHAPTER_WISE,4,Chapter Questions,TaleemCity / PakParcha,https://drive.google.com/file/d/1yJByw9ZSctPjlbBjMgg5JGktxCL9rrve/preview,"### Comprehensive English Class 10 (Unit 4) Notes & Solutions

These English notes for Class 10 (Unit 04 Unit 4 â The Earth Act Now for Tomorrow (New)) are prepared strictly according to the Single National Curriculum (SNC 2025–2026) and Punjab Curriculum and Textbook Board (PCTB) standards.

#### 📌 Included In This Resource:
1. **Multiple Choice Questions (MCQs):** Carefully curated objective questions with verified answer keys.
2. **Short Answer Questions:** Concise, exam-targeted answers highlighting key definitions, laws, and concepts.
3. **Long & Detailed Questions:** Step-by-step explanations, diagrams, derivations, and board-standard headings.
4. **Textbook Solved Exercises & Numericals:** Complete solved numericals and exercises with given data, formula substitution, and final units.

#### 🏛️ Board Compatibility:
- **Punjab Boards:** Lahore, Rawalpindi, Gujranwala, Faisalabad, Multan, Sargodha, Sahiwal, Bahawalpur, DG Khan.
- **Federal Board (FBISE):** Islamabad & Cantonment Institutions.
- **KPK & Sindh Boards:** Aligned with Single National Curriculum standards.

#### 💡 Exam Preparation Tips:
- Review past 5-year board questions included at the end of each topic.
- Practice diagrams, derivations, and formulas regularly.
- Memorize key definitions and bold terms for maximum score."
Unit 05 Unit 5 â The Happy Prince (New),English,10,PCTB (Punjab Curriculum & Textbook Board),CHAPTER_WISE,5,Chapter Questions,TaleemCity / PakParcha,https://drive.google.com/file/d/1kGCTqrtNT_ERhXUaLDoD-8_ffCYxqd4_/preview,"### Comprehensive English Class 10 (Unit 5) Notes & Solutions

These English notes for Class 10 (Unit 05 Unit 5 â The Happy Prince (New)) are prepared strictly according to the Single National Curriculum (SNC 2025–2026) and Punjab Curriculum and Textbook Board (PCTB) standards.

#### 📌 Included In This Resource:
1. **Multiple Choice Questions (MCQs):** Carefully curated objective questions with verified answer keys.
2. **Short Answer Questions:** Concise, exam-targeted answers highlighting key definitions, laws, and concepts.
3. **Long & Detailed Questions:** Step-by-step explanations, diagrams, derivations, and board-standard headings.
4. **Textbook Solved Exercises & Numericals:** Complete solved numericals and exercises with given data, formula substitution, and final units.

#### 🏛️ Board Compatibility:
- **Punjab Boards:** Lahore, Rawalpindi, Gujranwala, Faisalabad, Multan, Sargodha, Sahiwal, Bahawalpur, DG Khan.
- **Federal Board (FBISE):** Islamabad & Cantonment Institutions.
- **KPK & Sindh Boards:** Aligned with Single National Curriculum standards.

#### 💡 Exam Preparation Tips:
- Review past 5-year board questions included at the end of each topic.
- Practice diagrams, derivations, and formulas regularly.
- Memorize key definitions and bold terms for maximum score."
Unit 06 Unit 6 â Drug Abuse (New),English,10,PCTB (Punjab Curriculum & Textbook Board),CHAPTER_WISE,6,Chapter Questions,TaleemCity / PakParcha,https://drive.google.com/file/d/10kiBnFwoAobOw0kbsFidzFsBuRCtD5ny/preview,"### Comprehensive English Class 10 (Unit 6) Notes & Solutions

These English notes for Class 10 (Unit 06 Unit 6 â Drug Abuse (New)) are prepared strictly according to the Single National Curriculum (SNC 2025–2026) and Punjab Curriculum and Textbook Board (PCTB) standards.

#### 📌 Included In This Resource:
1. **Multiple Choice Questions (MCQs):** Carefully curated objective questions with verified answer keys.
2. **Short Answer Questions:** Concise, exam-targeted answers highlighting key definitions, laws, and concepts.
3. **Long & Detailed Questions:** Step-by-step explanations, diagrams, derivations, and board-standard headings.
4. **Textbook Solved Exercises & Numericals:** Complete solved numericals and exercises with given data, formula substitution, and final units.

#### 🏛️ Board Compatibility:
- **Punjab Boards:** Lahore, Rawalpindi, Gujranwala, Faisalabad, Multan, Sargodha, Sahiwal, Bahawalpur, DG Khan.
- **Federal Board (FBISE):** Islamabad & Cantonment Institutions.
- **KPK & Sindh Boards:** Aligned with Single National Curriculum standards.

#### 💡 Exam Preparation Tips:
- Review past 5-year board questions included at the end of each topic.
- Practice diagrams, derivations, and formulas regularly.
- Memorize key definitions and bold terms for maximum score."
Unit 07 Unit 7 - Time (New),English,10,PCTB (Punjab Curriculum & Textbook Board),CHAPTER_WISE,7,Chapter Questions,TaleemCity / PakParcha,https://drive.google.com/file/d/1QM8jOexvMO5dNO3U2pPWn1kTuFNOsX9N/preview,"### Comprehensive English Class 10 (Unit 7) Notes & Solutions

These English notes for Class 10 (Unit 07 Unit 7 - Time (New)) are prepared strictly according to the Single National Curriculum (SNC 2025–2026) and Punjab Curriculum and Textbook Board (PCTB) standards.

#### 📌 Included In This Resource:
1. **Multiple Choice Questions (MCQs):** Carefully curated objective questions with verified answer keys.
2. **Short Answer Questions:** Concise, exam-targeted answers highlighting key definitions, laws, and concepts.
3. **Long & Detailed Questions:** Step-by-step explanations, diagrams, derivations, and board-standard headings.
4. **Textbook Solved Exercises & Numericals:** Complete solved numericals and exercises with given data, formula substitution, and final units.

#### 🏛️ Board Compatibility:
- **Punjab Boards:** Lahore, Rawalpindi, Gujranwala, Faisalabad, Multan, Sargodha, Sahiwal, Bahawalpur, DG Khan.
- **Federal Board (FBISE):** Islamabad & Cantonment Institutions.
- **KPK & Sindh Boards:** Aligned with Single National Curriculum standards.

#### 💡 Exam Preparation Tips:
- Review past 5-year board questions included at the end of each topic.
- Practice diagrams, derivations, and formulas regularly.
- Memorize key definitions and bold terms for maximum score."
Unit 08 Unit 8 - Pollution-Free Pakistan with Greenery All Around (New),English,10,PCTB (Punjab Curriculum & Textbook Board),CHAPTER_WISE,8,Chapter Questions,TaleemCity / PakParcha,https://drive.google.com/file/d/1UbrH7Ja0nP9ICLkXG7a43l236o5QHyz0/preview,"### Comprehensive English Class 10 (Unit 8) Notes & Solutions

These English notes for Class 10 (Unit 08 Unit 8 - Pollution-Free Pakistan with Greenery All Around (New)) are prepared strictly according to the Single National Curriculum (SNC 2025–2026) and Punjab Curriculum and Textbook Board (PCTB) standards.

#### 📌 Included In This Resource:
1. **Multiple Choice Questions (MCQs):** Carefully curated objective questions with verified answer keys.
2. **Short Answer Questions:** Concise, exam-targeted answers highlighting key definitions, laws, and concepts.
3. **Long & Detailed Questions:** Step-by-step explanations, diagrams, derivations, and board-standard headings.
4. **Textbook Solved Exercises & Numericals:** Complete solved numericals and exercises with given data, formula substitution, and final units.

#### 🏛️ Board Compatibility:
- **Punjab Boards:** Lahore, Rawalpindi, Gujranwala, Faisalabad, Multan, Sargodha, Sahiwal, Bahawalpur, DG Khan.
- **Federal Board (FBISE):** Islamabad & Cantonment Institutions.
- **KPK & Sindh Boards:** Aligned with Single National Curriculum standards.

#### 💡 Exam Preparation Tips:
- Review past 5-year board questions included at the end of each topic.
- Practice diagrams, derivations, and formulas regularly.
- Memorize key definitions and bold terms for maximum score."
Unit 09 Unit 9 - The Road Not Taken (New),English,10,PCTB (Punjab Curriculum & Textbook Board),CHAPTER_WISE,9,Chapter Questions,TaleemCity / PakParcha,https://drive.google.com/file/d/10kGHtfAPufsTzohq_R-z-bD-7m-bVRrO/preview,"### Comprehensive English Class 10 (Unit 9) Notes & Solutions

These English notes for Class 10 (Unit 09 Unit 9 - The Road Not Taken (New)) are prepared strictly according to the Single National Curriculum (SNC 2025–2026) and Punjab Curriculum and Textbook Board (PCTB) standards.

#### 📌 Included In This Resource:
1. **Multiple Choice Questions (MCQs):** Carefully curated objective questions with verified answer keys.
2. **Short Answer Questions:** Concise, exam-targeted answers highlighting key definitions, laws, and concepts.
3. **Long & Detailed Questions:** Step-by-step explanations, diagrams, derivations, and board-standard headings.
4. **Textbook Solved Exercises & Numericals:** Complete solved numericals and exercises with given data, formula substitution, and final units.

#### 🏛️ Board Compatibility:
- **Punjab Boards:** Lahore, Rawalpindi, Gujranwala, Faisalabad, Multan, Sargodha, Sahiwal, Bahawalpur, DG Khan.
- **Federal Board (FBISE):** Islamabad & Cantonment Institutions.
- **KPK & Sindh Boards:** Aligned with Single National Curriculum standards.

#### 💡 Exam Preparation Tips:
- Review past 5-year board questions included at the end of each topic.
- Practice diagrams, derivations, and formulas regularly.
- Memorize key definitions and bold terms for maximum score."
Unit 10 Unit 10 - The Three Questions (New),English,10,PCTB (Punjab Curriculum & Textbook Board),CHAPTER_WISE,10,Chapter Questions,TaleemCity / PakParcha,https://drive.google.com/file/d/1wo-YrVrrJBm6Uk7Eut6gTq5xtoylT5i4/preview,"### Comprehensive English Class 10 (Unit 10) Notes & Solutions

These English notes for Class 10 (Unit 10 Unit 10 - The Three Questions (New)) are prepared strictly according to the Single National Curriculum (SNC 2025–2026) and Punjab Curriculum and Textbook Board (PCTB) standards.

#### 📌 Included In This Resource:
1. **Multiple Choice Questions (MCQs):** Carefully curated objective questions with verified answer keys.
2. **Short Answer Questions:** Concise, exam-targeted answers highlighting key definitions, laws, and concepts.
3. **Long & Detailed Questions:** Step-by-step explanations, diagrams, derivations, and board-standard headings.
4. **Textbook Solved Exercises & Numericals:** Complete solved numericals and exercises with given data, formula substitution, and final units.

#### 🏛️ Board Compatibility:
- **Punjab Boards:** Lahore, Rawalpindi, Gujranwala, Faisalabad, Multan, Sargodha, Sahiwal, Bahawalpur, DG Khan.
- **Federal Board (FBISE):** Islamabad & Cantonment Institutions.
- **KPK & Sindh Boards:** Aligned with Single National Curriculum standards.

#### 💡 Exam Preparation Tips:
- Review past 5-year board questions included at the end of each topic.
- Practice diagrams, derivations, and formulas regularly.
- Memorize key definitions and bold terms for maximum score."
Unit 11 Unit 11 â Urdu Translations,English,10,PCTB (Punjab Curriculum & Textbook Board),CHAPTER_WISE,11,Chapter Questions,TaleemCity / PakParcha,https://drive.google.com/file/d/1AYZbfxGhUDHy9aLMunokAZHXyc3O7Wh_/preview,"### Comprehensive English Class 10 (Unit 11) Notes & Solutions

These English notes for Class 10 (Unit 11 Unit 11 â Urdu Translations) are prepared strictly according to the Single National Curriculum (SNC 2025–2026) and Punjab Curriculum and Textbook Board (PCTB) standards.

#### 📌 Included In This Resource:
1. **Multiple Choice Questions (MCQs):** Carefully curated objective questions with verified answer keys.
2. **Short Answer Questions:** Concise, exam-targeted answers highlighting key definitions, laws, and concepts.
3. **Long & Detailed Questions:** Step-by-step explanations, diagrams, derivations, and board-standard headings.
4. **Textbook Solved Exercises & Numericals:** Complete solved numericals and exercises with given data, formula substitution, and final units.

#### 🏛️ Board Compatibility:
- **Punjab Boards:** Lahore, Rawalpindi, Gujranwala, Faisalabad, Multan, Sargodha, Sahiwal, Bahawalpur, DG Khan.
- **Federal Board (FBISE):** Islamabad & Cantonment Institutions.
- **KPK & Sindh Boards:** Aligned with Single National Curriculum standards.

#### 💡 Exam Preparation Tips:
- Review past 5-year board questions included at the end of each topic.
- Practice diagrams, derivations, and formulas regularly.
- Memorize key definitions and bold terms for maximum score."
Unit 12 Unit 12 â Urdu Translations,English,10,PCTB (Punjab Curriculum & Textbook Board),CHAPTER_WISE,12,Chapter Questions,TaleemCity / PakParcha,https://drive.google.com/file/d/1fRf-PqZD-6EHVfcjQEf5wx2eX4enw-gW/preview,"### Comprehensive English Class 10 (Unit 12) Notes & Solutions

These English notes for Class 10 (Unit 12 Unit 12 â Urdu Translations) are prepared strictly according to the Single National Curriculum (SNC 2025–2026) and Punjab Curriculum and Textbook Board (PCTB) standards.

#### 📌 Included In This Resource:
1. **Multiple Choice Questions (MCQs):** Carefully curated objective questions with verified answer keys.
2. **Short Answer Questions:** Concise, exam-targeted answers highlighting key definitions, laws, and concepts.
3. **Long & Detailed Questions:** Step-by-step explanations, diagrams, derivations, and board-standard headings.
4. **Textbook Solved Exercises & Numericals:** Complete solved numericals and exercises with given data, formula substitution, and final units.

#### 🏛️ Board Compatibility:
- **Punjab Boards:** Lahore, Rawalpindi, Gujranwala, Faisalabad, Multan, Sargodha, Sahiwal, Bahawalpur, DG Khan.
- **Federal Board (FBISE):** Islamabad & Cantonment Institutions.
- **KPK & Sindh Boards:** Aligned with Single National Curriculum standards.

#### 💡 Exam Preparation Tips:
- Review past 5-year board questions included at the end of each topic.
- Practice diagrams, derivations, and formulas regularly.
- Memorize key definitions and bold terms for maximum score."
Unit 13 Unit 13 â Urdu Translations,English,10,PCTB (Punjab Curriculum & Textbook Board),CHAPTER_WISE,13,Chapter Questions,TaleemCity / PakParcha,https://drive.google.com/file/d/1X_V4wSRG0lZOWa5FW7_ilF6FNIMrvyFa/preview,"### Comprehensive English Class 10 (Unit 13) Notes & Solutions

These English notes for Class 10 (Unit 13 Unit 13 â Urdu Translations) are prepared strictly according to the Single National Curriculum (SNC 2025–2026) and Punjab Curriculum and Textbook Board (PCTB) standards.

#### 📌 Included In This Resource:
1. **Multiple Choice Questions (MCQs):** Carefully curated objective questions with verified answer keys.
2. **Short Answer Questions:** Concise, exam-targeted answers highlighting key definitions, laws, and concepts.
3. **Long & Detailed Questions:** Step-by-step explanations, diagrams, derivations, and board-standard headings.
4. **Textbook Solved Exercises & Numericals:** Complete solved numericals and exercises with given data, formula substitution, and final units.

#### 🏛️ Board Compatibility:
- **Punjab Boards:** Lahore, Rawalpindi, Gujranwala, Faisalabad, Multan, Sargodha, Sahiwal, Bahawalpur, DG Khan.
- **Federal Board (FBISE):** Islamabad & Cantonment Institutions.
- **KPK & Sindh Boards:** Aligned with Single National Curriculum standards.

#### 💡 Exam Preparation Tips:
- Review past 5-year board questions included at the end of each topic.
- Practice diagrams, derivations, and formulas regularly.
- Memorize key definitions and bold terms for maximum score."
Complete Merged Book Notes,Islamiat,10,PCTB (Punjab Curriculum & Textbook Board),FULL_BOOK,,Full Book Complete,TaleemCity / PakParcha,https://drive.google.com/file/d/1kuvJj_NW5pBNNxdhmlWpq-9egAemqxVK/preview,"### Comprehensive Islamiat Class 10 (Full Book Complete Syllabus) Notes & Solutions

These Islamiat notes for Class 10 (Complete Merged Book Notes) are prepared strictly according to the Single National Curriculum (SNC 2025–2026) and Punjab Curriculum and Textbook Board (PCTB) standards.

#### 📌 Included In This Resource:
1. **Multiple Choice Questions (MCQs):** Carefully curated objective questions with verified answer keys.
2. **Short Answer Questions:** Concise, exam-targeted answers highlighting key definitions, laws, and concepts.
3. **Long & Detailed Questions:** Step-by-step explanations, diagrams, derivations, and board-standard headings.
4. **Textbook Solved Exercises & Numericals:** Complete solved numericals and exercises with given data, formula substitution, and final units.

#### 🏛️ Board Compatibility:
- **Punjab Boards:** Lahore, Rawalpindi, Gujranwala, Faisalabad, Multan, Sargodha, Sahiwal, Bahawalpur, DG Khan.
- **Federal Board (FBISE):** Islamabad & Cantonment Institutions.
- **KPK & Sindh Boards:** Aligned with Single National Curriculum standards.

#### 💡 Exam Preparation Tips:
- Review past 5-year board questions included at the end of each topic.
- Practice diagrams, derivations, and formulas regularly.
- Memorize key definitions and bold terms for maximum score."
Unit 01 Ayat 1 to 6,Islamiat,10,PCTB (Punjab Curriculum & Textbook Board),CHAPTER_WISE,1,Chapter Questions,TaleemCity / PakParcha,https://drive.google.com/file/d/1QSVS3QHDYB6lzYpL02RR5JbBwgmyNv5u/preview,"### Comprehensive Islamiat Class 10 (Unit 1) Notes & Solutions

These Islamiat notes for Class 10 (Unit 01 Ayat 1 to 6) are prepared strictly according to the Single National Curriculum (SNC 2025–2026) and Punjab Curriculum and Textbook Board (PCTB) standards.

#### 📌 Included In This Resource:
1. **Multiple Choice Questions (MCQs):** Carefully curated objective questions with verified answer keys.
2. **Short Answer Questions:** Concise, exam-targeted answers highlighting key definitions, laws, and concepts.
3. **Long & Detailed Questions:** Step-by-step explanations, diagrams, derivations, and board-standard headings.
4. **Textbook Solved Exercises & Numericals:** Complete solved numericals and exercises with given data, formula substitution, and final units.

#### 🏛️ Board Compatibility:
- **Punjab Boards:** Lahore, Rawalpindi, Gujranwala, Faisalabad, Multan, Sargodha, Sahiwal, Bahawalpur, DG Khan.
- **Federal Board (FBISE):** Islamabad & Cantonment Institutions.
- **KPK & Sindh Boards:** Aligned with Single National Curriculum standards.

#### 💡 Exam Preparation Tips:
- Review past 5-year board questions included at the end of each topic.
- Practice diagrams, derivations, and formulas regularly.
- Memorize key definitions and bold terms for maximum score."
Unit 01 Ayat 1 to 8,Islamiat,10,PCTB (Punjab Curriculum & Textbook Board),CHAPTER_WISE,1,Chapter Questions,TaleemCity / PakParcha,https://drive.google.com/file/d/1nDMkraqF6DW3iGUcQcQLDpK7j1jDgyuM/preview,"### Comprehensive Islamiat Class 10 (Unit 1) Notes & Solutions

These Islamiat notes for Class 10 (Unit 01 Ayat 1 to 8) are prepared strictly according to the Single National Curriculum (SNC 2025–2026) and Punjab Curriculum and Textbook Board (PCTB) standards.

#### 📌 Included In This Resource:
1. **Multiple Choice Questions (MCQs):** Carefully curated objective questions with verified answer keys.
2. **Short Answer Questions:** Concise, exam-targeted answers highlighting key definitions, laws, and concepts.
3. **Long & Detailed Questions:** Step-by-step explanations, diagrams, derivations, and board-standard headings.
4. **Textbook Solved Exercises & Numericals:** Complete solved numericals and exercises with given data, formula substitution, and final units.

#### 🏛️ Board Compatibility:
- **Punjab Boards:** Lahore, Rawalpindi, Gujranwala, Faisalabad, Multan, Sargodha, Sahiwal, Bahawalpur, DG Khan.
- **Federal Board (FBISE):** Islamabad & Cantonment Institutions.
- **KPK & Sindh Boards:** Aligned with Single National Curriculum standards.

#### 💡 Exam Preparation Tips:
- Review past 5-year board questions included at the end of each topic.
- Practice diagrams, derivations, and formulas regularly.
- Memorize key definitions and bold terms for maximum score."
Unit 01 Ayat 21 to 27,Islamiat,10,PCTB (Punjab Curriculum & Textbook Board),CHAPTER_WISE,1,Chapter Questions,TaleemCity / PakParcha,https://drive.google.com/file/d/1HtCD1IC5bel9cWlCe0YffDpkpE0QandH/preview,"### Comprehensive Islamiat Class 10 (Unit 1) Notes & Solutions

These Islamiat notes for Class 10 (Unit 01 Ayat 21 to 27) are prepared strictly according to the Single National Curriculum (SNC 2025–2026) and Punjab Curriculum and Textbook Board (PCTB) standards.

#### 📌 Included In This Resource:
1. **Multiple Choice Questions (MCQs):** Carefully curated objective questions with verified answer keys.
2. **Short Answer Questions:** Concise, exam-targeted answers highlighting key definitions, laws, and concepts.
3. **Long & Detailed Questions:** Step-by-step explanations, diagrams, derivations, and board-standard headings.
4. **Textbook Solved Exercises & Numericals:** Complete solved numericals and exercises with given data, formula substitution, and final units.

#### 🏛️ Board Compatibility:
- **Punjab Boards:** Lahore, Rawalpindi, Gujranwala, Faisalabad, Multan, Sargodha, Sahiwal, Bahawalpur, DG Khan.
- **Federal Board (FBISE):** Islamabad & Cantonment Institutions.
- **KPK & Sindh Boards:** Aligned with Single National Curriculum standards.

#### 💡 Exam Preparation Tips:
- Review past 5-year board questions included at the end of each topic.
- Practice diagrams, derivations, and formulas regularly.
- Memorize key definitions and bold terms for maximum score."
Unit 01 Ayat 28 to 34,Islamiat,10,PCTB (Punjab Curriculum & Textbook Board),CHAPTER_WISE,1,Chapter Questions,TaleemCity / PakParcha,https://drive.google.com/file/d/1kQlupgrsZhDSgj94mb-h3-Y5ieIqz4pW/preview,"### Comprehensive Islamiat Class 10 (Unit 1) Notes & Solutions

These Islamiat notes for Class 10 (Unit 01 Ayat 28 to 34) are prepared strictly according to the Single National Curriculum (SNC 2025–2026) and Punjab Curriculum and Textbook Board (PCTB) standards.

#### 📌 Included In This Resource:
1. **Multiple Choice Questions (MCQs):** Carefully curated objective questions with verified answer keys.
2. **Short Answer Questions:** Concise, exam-targeted answers highlighting key definitions, laws, and concepts.
3. **Long & Detailed Questions:** Step-by-step explanations, diagrams, derivations, and board-standard headings.
4. **Textbook Solved Exercises & Numericals:** Complete solved numericals and exercises with given data, formula substitution, and final units.

#### 🏛️ Board Compatibility:
- **Punjab Boards:** Lahore, Rawalpindi, Gujranwala, Faisalabad, Multan, Sargodha, Sahiwal, Bahawalpur, DG Khan.
- **Federal Board (FBISE):** Islamabad & Cantonment Institutions.
- **KPK & Sindh Boards:** Aligned with Single National Curriculum standards.

#### 💡 Exam Preparation Tips:
- Review past 5-year board questions included at the end of each topic.
- Practice diagrams, derivations, and formulas regularly.
- Memorize key definitions and bold terms for maximum score."
Unit 01 Ayat 35 to 40,Islamiat,10,PCTB (Punjab Curriculum & Textbook Board),CHAPTER_WISE,1,Chapter Questions,TaleemCity / PakParcha,https://drive.google.com/file/d/13iIcDh1vbr8Y0XC0nR_v7wlWgjuHt97e/preview,"### Comprehensive Islamiat Class 10 (Unit 1) Notes & Solutions

These Islamiat notes for Class 10 (Unit 01 Ayat 35 to 40) are prepared strictly according to the Single National Curriculum (SNC 2025–2026) and Punjab Curriculum and Textbook Board (PCTB) standards.

#### 📌 Included In This Resource:
1. **Multiple Choice Questions (MCQs):** Carefully curated objective questions with verified answer keys.
2. **Short Answer Questions:** Concise, exam-targeted answers highlighting key definitions, laws, and concepts.
3. **Long & Detailed Questions:** Step-by-step explanations, diagrams, derivations, and board-standard headings.
4. **Textbook Solved Exercises & Numericals:** Complete solved numericals and exercises with given data, formula substitution, and final units.

#### 🏛️ Board Compatibility:
- **Punjab Boards:** Lahore, Rawalpindi, Gujranwala, Faisalabad, Multan, Sargodha, Sahiwal, Bahawalpur, DG Khan.
- **Federal Board (FBISE):** Islamabad & Cantonment Institutions.
- **KPK & Sindh Boards:** Aligned with Single National Curriculum standards.

#### 💡 Exam Preparation Tips:
- Review past 5-year board questions included at the end of each topic.
- Practice diagrams, derivations, and formulas regularly.
- Memorize key definitions and bold terms for maximum score."
Unit 01 Ayat 41 to 52,Islamiat,10,PCTB (Punjab Curriculum & Textbook Board),CHAPTER_WISE,1,Chapter Questions,TaleemCity / PakParcha,https://drive.google.com/file/d/1L-_9cRB_kd9RB1B6oD9z2wMrk7SHzE4H/preview,"### Comprehensive Islamiat Class 10 (Unit 1) Notes & Solutions

These Islamiat notes for Class 10 (Unit 01 Ayat 41 to 52) are prepared strictly according to the Single National Curriculum (SNC 2025–2026) and Punjab Curriculum and Textbook Board (PCTB) standards.

#### 📌 Included In This Resource:
1. **Multiple Choice Questions (MCQs):** Carefully curated objective questions with verified answer keys.
2. **Short Answer Questions:** Concise, exam-targeted answers highlighting key definitions, laws, and concepts.
3. **Long & Detailed Questions:** Step-by-step explanations, diagrams, derivations, and board-standard headings.
4. **Textbook Solved Exercises & Numericals:** Complete solved numericals and exercises with given data, formula substitution, and final units.

#### 🏛️ Board Compatibility:
- **Punjab Boards:** Lahore, Rawalpindi, Gujranwala, Faisalabad, Multan, Sargodha, Sahiwal, Bahawalpur, DG Khan.
- **Federal Board (FBISE):** Islamabad & Cantonment Institutions.
- **KPK & Sindh Boards:** Aligned with Single National Curriculum standards.

#### 💡 Exam Preparation Tips:
- Review past 5-year board questions included at the end of each topic.
- Practice diagrams, derivations, and formulas regularly.
- Memorize key definitions and bold terms for maximum score."
Unit 01 Ayat 53 to 58,Islamiat,10,PCTB (Punjab Curriculum & Textbook Board),CHAPTER_WISE,1,Chapter Questions,TaleemCity / PakParcha,https://drive.google.com/file/d/16nJzrQ2_tIl3AEfS2THRl6uTYIOBowmu/preview,"### Comprehensive Islamiat Class 10 (Unit 1) Notes & Solutions

These Islamiat notes for Class 10 (Unit 01 Ayat 53 to 58) are prepared strictly according to the Single National Curriculum (SNC 2025–2026) and Punjab Curriculum and Textbook Board (PCTB) standards.

#### 📌 Included In This Resource:
1. **Multiple Choice Questions (MCQs):** Carefully curated objective questions with verified answer keys.
2. **Short Answer Questions:** Concise, exam-targeted answers highlighting key definitions, laws, and concepts.
3. **Long & Detailed Questions:** Step-by-step explanations, diagrams, derivations, and board-standard headings.
4. **Textbook Solved Exercises & Numericals:** Complete solved numericals and exercises with given data, formula substitution, and final units.

#### 🏛️ Board Compatibility:
- **Punjab Boards:** Lahore, Rawalpindi, Gujranwala, Faisalabad, Multan, Sargodha, Sahiwal, Bahawalpur, DG Khan.
- **Federal Board (FBISE):** Islamabad & Cantonment Institutions.
- **KPK & Sindh Boards:** Aligned with Single National Curriculum standards.

#### 💡 Exam Preparation Tips:
- Review past 5-year board questions included at the end of each topic.
- Practice diagrams, derivations, and formulas regularly.
- Memorize key definitions and bold terms for maximum score."
Unit 01 Ayat 59 to 68,Islamiat,10,PCTB (Punjab Curriculum & Textbook Board),CHAPTER_WISE,1,Chapter Questions,TaleemCity / PakParcha,https://drive.google.com/file/d/1H56kyahasFuswVFfK_DMxjYpurtMXMyW/preview,"### Comprehensive Islamiat Class 10 (Unit 1) Notes & Solutions

These Islamiat notes for Class 10 (Unit 01 Ayat 59 to 68) are prepared strictly according to the Single National Curriculum (SNC 2025–2026) and Punjab Curriculum and Textbook Board (PCTB) standards.

#### 📌 Included In This Resource:
1. **Multiple Choice Questions (MCQs):** Carefully curated objective questions with verified answer keys.
2. **Short Answer Questions:** Concise, exam-targeted answers highlighting key definitions, laws, and concepts.
3. **Long & Detailed Questions:** Step-by-step explanations, diagrams, derivations, and board-standard headings.
4. **Textbook Solved Exercises & Numericals:** Complete solved numericals and exercises with given data, formula substitution, and final units.

#### 🏛️ Board Compatibility:
- **Punjab Boards:** Lahore, Rawalpindi, Gujranwala, Faisalabad, Multan, Sargodha, Sahiwal, Bahawalpur, DG Khan.
- **Federal Board (FBISE):** Islamabad & Cantonment Institutions.
- **KPK & Sindh Boards:** Aligned with Single National Curriculum standards.

#### 💡 Exam Preparation Tips:
- Review past 5-year board questions included at the end of each topic.
- Practice diagrams, derivations, and formulas regularly.
- Memorize key definitions and bold terms for maximum score."
Unit 01 Ayat 69 to 73,Islamiat,10,PCTB (Punjab Curriculum & Textbook Board),CHAPTER_WISE,1,Chapter Questions,TaleemCity / PakParcha,https://drive.google.com/file/d/1X-x5VALGxtZnA7u0C35aItnhile_OqvL/preview,"### Comprehensive Islamiat Class 10 (Unit 1) Notes & Solutions

These Islamiat notes for Class 10 (Unit 01 Ayat 69 to 73) are prepared strictly according to the Single National Curriculum (SNC 2025–2026) and Punjab Curriculum and Textbook Board (PCTB) standards.

#### 📌 Included In This Resource:
1. **Multiple Choice Questions (MCQs):** Carefully curated objective questions with verified answer keys.
2. **Short Answer Questions:** Concise, exam-targeted answers highlighting key definitions, laws, and concepts.
3. **Long & Detailed Questions:** Step-by-step explanations, diagrams, derivations, and board-standard headings.
4. **Textbook Solved Exercises & Numericals:** Complete solved numericals and exercises with given data, formula substitution, and final units.

#### 🏛️ Board Compatibility:
- **Punjab Boards:** Lahore, Rawalpindi, Gujranwala, Faisalabad, Multan, Sargodha, Sahiwal, Bahawalpur, DG Khan.
- **Federal Board (FBISE):** Islamabad & Cantonment Institutions.
- **KPK & Sindh Boards:** Aligned with Single National Curriculum standards.

#### 💡 Exam Preparation Tips:
- Review past 5-year board questions included at the end of each topic.
- Practice diagrams, derivations, and formulas regularly.
- Memorize key definitions and bold terms for maximum score."
Unit 01 Ayat 7 to 13,Islamiat,10,PCTB (Punjab Curriculum & Textbook Board),CHAPTER_WISE,1,Chapter Questions,TaleemCity / PakParcha,https://drive.google.com/file/d/1ETtop7nrtmKsY0rVnaW3sXOnCPZ9AW4u/preview,"### Comprehensive Islamiat Class 10 (Unit 1) Notes & Solutions

These Islamiat notes for Class 10 (Unit 01 Ayat 7 to 13) are prepared strictly according to the Single National Curriculum (SNC 2025–2026) and Punjab Curriculum and Textbook Board (PCTB) standards.

#### 📌 Included In This Resource:
1. **Multiple Choice Questions (MCQs):** Carefully curated objective questions with verified answer keys.
2. **Short Answer Questions:** Concise, exam-targeted answers highlighting key definitions, laws, and concepts.
3. **Long & Detailed Questions:** Step-by-step explanations, diagrams, derivations, and board-standard headings.
4. **Textbook Solved Exercises & Numericals:** Complete solved numericals and exercises with given data, formula substitution, and final units.

#### 🏛️ Board Compatibility:
- **Punjab Boards:** Lahore, Rawalpindi, Gujranwala, Faisalabad, Multan, Sargodha, Sahiwal, Bahawalpur, DG Khan.
- **Federal Board (FBISE):** Islamabad & Cantonment Institutions.
- **KPK & Sindh Boards:** Aligned with Single National Curriculum standards.

#### 💡 Exam Preparation Tips:
- Review past 5-year board questions included at the end of each topic.
- Practice diagrams, derivations, and formulas regularly.
- Memorize key definitions and bold terms for maximum score."
Unit 01 Ayat 9 to 20,Islamiat,10,PCTB (Punjab Curriculum & Textbook Board),CHAPTER_WISE,1,Chapter Questions,TaleemCity / PakParcha,https://drive.google.com/file/d/1Us_Hr5_MZY7HhdcQjYI4b4oYl9cuZS5J/preview,"### Comprehensive Islamiat Class 10 (Unit 1) Notes & Solutions

These Islamiat notes for Class 10 (Unit 01 Ayat 9 to 20) are prepared strictly according to the Single National Curriculum (SNC 2025–2026) and Punjab Curriculum and Textbook Board (PCTB) standards.

#### 📌 Included In This Resource:
1. **Multiple Choice Questions (MCQs):** Carefully curated objective questions with verified answer keys.
2. **Short Answer Questions:** Concise, exam-targeted answers highlighting key definitions, laws, and concepts.
3. **Long & Detailed Questions:** Step-by-step explanations, diagrams, derivations, and board-standard headings.
4. **Textbook Solved Exercises & Numericals:** Complete solved numericals and exercises with given data, formula substitution, and final units.

#### 🏛️ Board Compatibility:
- **Punjab Boards:** Lahore, Rawalpindi, Gujranwala, Faisalabad, Multan, Sargodha, Sahiwal, Bahawalpur, DG Khan.
- **Federal Board (FBISE):** Islamabad & Cantonment Institutions.
- **KPK & Sindh Boards:** Aligned with Single National Curriculum standards.

#### 💡 Exam Preparation Tips:
- Review past 5-year board questions included at the end of each topic.
- Practice diagrams, derivations, and formulas regularly.
- Memorize key definitions and bold terms for maximum score."
Unit 01 Overview,Islamiat,10,PCTB (Punjab Curriculum & Textbook Board),CHAPTER_WISE,1,Chapter Questions,TaleemCity / PakParcha,https://drive.google.com/file/d/1bTIN8QLtesrryP2ui2qUcyp1QZrlU2Pl/preview,"### Comprehensive Islamiat Class 10 (Unit 1) Notes & Solutions

These Islamiat notes for Class 10 (Unit 01 Overview) are prepared strictly according to the Single National Curriculum (SNC 2025–2026) and Punjab Curriculum and Textbook Board (PCTB) standards.

#### 📌 Included In This Resource:
1. **Multiple Choice Questions (MCQs):** Carefully curated objective questions with verified answer keys.
2. **Short Answer Questions:** Concise, exam-targeted answers highlighting key definitions, laws, and concepts.
3. **Long & Detailed Questions:** Step-by-step explanations, diagrams, derivations, and board-standard headings.
4. **Textbook Solved Exercises & Numericals:** Complete solved numericals and exercises with given data, formula substitution, and final units.

#### 🏛️ Board Compatibility:
- **Punjab Boards:** Lahore, Rawalpindi, Gujranwala, Faisalabad, Multan, Sargodha, Sahiwal, Bahawalpur, DG Khan.
- **Federal Board (FBISE):** Islamabad & Cantonment Institutions.
- **KPK & Sindh Boards:** Aligned with Single National Curriculum standards.

#### 💡 Exam Preparation Tips:
- Review past 5-year board questions included at the end of each topic.
- Practice diagrams, derivations, and formulas regularly.
- Memorize key definitions and bold terms for maximum score."
Unit 05 Long Questions,Islamiat,10,PCTB (Punjab Curriculum & Textbook Board),CHAPTER_WISE,5,Long Questions,TaleemCity / PakParcha,https://drive.google.com/file/d/14TliDRHwo3Oj6N4q-fvlEtkLpSPbape2/preview,"### Comprehensive Islamiat Class 10 (Unit 5) Notes & Solutions

These Islamiat notes for Class 10 (Unit 05 Long Questions) are prepared strictly according to the Single National Curriculum (SNC 2025–2026) and Punjab Curriculum and Textbook Board (PCTB) standards.

#### 📌 Included In This Resource:
1. **Multiple Choice Questions (MCQs):** Carefully curated objective questions with verified answer keys.
2. **Short Answer Questions:** Concise, exam-targeted answers highlighting key definitions, laws, and concepts.
3. **Long & Detailed Questions:** Step-by-step explanations, diagrams, derivations, and board-standard headings.
4. **Textbook Solved Exercises & Numericals:** Complete solved numericals and exercises with given data, formula substitution, and final units.

#### 🏛️ Board Compatibility:
- **Punjab Boards:** Lahore, Rawalpindi, Gujranwala, Faisalabad, Multan, Sargodha, Sahiwal, Bahawalpur, DG Khan.
- **Federal Board (FBISE):** Islamabad & Cantonment Institutions.
- **KPK & Sindh Boards:** Aligned with Single National Curriculum standards.

#### 💡 Exam Preparation Tips:
- Review past 5-year board questions included at the end of each topic.
- Practice diagrams, derivations, and formulas regularly.
- Memorize key definitions and bold terms for maximum score."
Unit 05 MCQâs,Islamiat,10,PCTB (Punjab Curriculum & Textbook Board),CHAPTER_WISE,5,Solved MCQs,TaleemCity / PakParcha,https://drive.google.com/file/d/1MXT9LKdfORXBXfeN48xe_vL3T9nYKSjW/preview,"### Comprehensive Islamiat Class 10 (Unit 5) Notes & Solutions

These Islamiat notes for Class 10 (Unit 05 MCQâs) are prepared strictly according to the Single National Curriculum (SNC 2025–2026) and Punjab Curriculum and Textbook Board (PCTB) standards.

#### 📌 Included In This Resource:
1. **Multiple Choice Questions (MCQs):** Carefully curated objective questions with verified answer keys.
2. **Short Answer Questions:** Concise, exam-targeted answers highlighting key definitions, laws, and concepts.
3. **Long & Detailed Questions:** Step-by-step explanations, diagrams, derivations, and board-standard headings.
4. **Textbook Solved Exercises & Numericals:** Complete solved numericals and exercises with given data, formula substitution, and final units.

#### 🏛️ Board Compatibility:
- **Punjab Boards:** Lahore, Rawalpindi, Gujranwala, Faisalabad, Multan, Sargodha, Sahiwal, Bahawalpur, DG Khan.
- **Federal Board (FBISE):** Islamabad & Cantonment Institutions.
- **KPK & Sindh Boards:** Aligned with Single National Curriculum standards.

#### 💡 Exam Preparation Tips:
- Review past 5-year board questions included at the end of each topic.
- Practice diagrams, derivations, and formulas regularly.
- Memorize key definitions and bold terms for maximum score."
Unit 05 Short Questions,Islamiat,10,PCTB (Punjab Curriculum & Textbook Board),CHAPTER_WISE,5,Short Questions,TaleemCity / PakParcha,https://drive.google.com/file/d/1KI-5Sj9iPlSJG17jdqnSNzSAdfww2Tlx/preview,"### Comprehensive Islamiat Class 10 (Unit 5) Notes & Solutions

These Islamiat notes for Class 10 (Unit 05 Short Questions) are prepared strictly according to the Single National Curriculum (SNC 2025–2026) and Punjab Curriculum and Textbook Board (PCTB) standards.

#### 📌 Included In This Resource:
1. **Multiple Choice Questions (MCQs):** Carefully curated objective questions with verified answer keys.
2. **Short Answer Questions:** Concise, exam-targeted answers highlighting key definitions, laws, and concepts.
3. **Long & Detailed Questions:** Step-by-step explanations, diagrams, derivations, and board-standard headings.
4. **Textbook Solved Exercises & Numericals:** Complete solved numericals and exercises with given data, formula substitution, and final units.

#### 🏛️ Board Compatibility:
- **Punjab Boards:** Lahore, Rawalpindi, Gujranwala, Faisalabad, Multan, Sargodha, Sahiwal, Bahawalpur, DG Khan.
- **Federal Board (FBISE):** Islamabad & Cantonment Institutions.
- **KPK & Sindh Boards:** Aligned with Single National Curriculum standards.

#### 💡 Exam Preparation Tips:
- Review past 5-year board questions included at the end of each topic.
- Practice diagrams, derivations, and formulas regularly.
- Memorize key definitions and bold terms for maximum score."
Unit 06 Long Questions,Islamiat,10,PCTB (Punjab Curriculum & Textbook Board),CHAPTER_WISE,6,Long Questions,TaleemCity / PakParcha,https://drive.google.com/file/d/19zTfOHOKU7eOMxFaVThXYqjZUOXEB9Vc/preview,"### Comprehensive Islamiat Class 10 (Unit 6) Notes & Solutions

These Islamiat notes for Class 10 (Unit 06 Long Questions) are prepared strictly according to the Single National Curriculum (SNC 2025–2026) and Punjab Curriculum and Textbook Board (PCTB) standards.

#### 📌 Included In This Resource:
1. **Multiple Choice Questions (MCQs):** Carefully curated objective questions with verified answer keys.
2. **Short Answer Questions:** Concise, exam-targeted answers highlighting key definitions, laws, and concepts.
3. **Long & Detailed Questions:** Step-by-step explanations, diagrams, derivations, and board-standard headings.
4. **Textbook Solved Exercises & Numericals:** Complete solved numericals and exercises with given data, formula substitution, and final units.

#### 🏛️ Board Compatibility:
- **Punjab Boards:** Lahore, Rawalpindi, Gujranwala, Faisalabad, Multan, Sargodha, Sahiwal, Bahawalpur, DG Khan.
- **Federal Board (FBISE):** Islamabad & Cantonment Institutions.
- **KPK & Sindh Boards:** Aligned with Single National Curriculum standards.

#### 💡 Exam Preparation Tips:
- Review past 5-year board questions included at the end of each topic.
- Practice diagrams, derivations, and formulas regularly.
- Memorize key definitions and bold terms for maximum score."
Unit 06 MCQâs,Islamiat,10,PCTB (Punjab Curriculum & Textbook Board),CHAPTER_WISE,6,Solved MCQs,TaleemCity / PakParcha,https://drive.google.com/file/d/1uNRPckhgS8fHq1Nko-e19fLzBw7AcXo7/preview,"### Comprehensive Islamiat Class 10 (Unit 6) Notes & Solutions

These Islamiat notes for Class 10 (Unit 06 MCQâs) are prepared strictly according to the Single National Curriculum (SNC 2025–2026) and Punjab Curriculum and Textbook Board (PCTB) standards.

#### 📌 Included In This Resource:
1. **Multiple Choice Questions (MCQs):** Carefully curated objective questions with verified answer keys.
2. **Short Answer Questions:** Concise, exam-targeted answers highlighting key definitions, laws, and concepts.
3. **Long & Detailed Questions:** Step-by-step explanations, diagrams, derivations, and board-standard headings.
4. **Textbook Solved Exercises & Numericals:** Complete solved numericals and exercises with given data, formula substitution, and final units.

#### 🏛️ Board Compatibility:
- **Punjab Boards:** Lahore, Rawalpindi, Gujranwala, Faisalabad, Multan, Sargodha, Sahiwal, Bahawalpur, DG Khan.
- **Federal Board (FBISE):** Islamabad & Cantonment Institutions.
- **KPK & Sindh Boards:** Aligned with Single National Curriculum standards.

#### 💡 Exam Preparation Tips:
- Review past 5-year board questions included at the end of each topic.
- Practice diagrams, derivations, and formulas regularly.
- Memorize key definitions and bold terms for maximum score."
Unit 06 Short Questions,Islamiat,10,PCTB (Punjab Curriculum & Textbook Board),CHAPTER_WISE,6,Short Questions,TaleemCity / PakParcha,https://drive.google.com/file/d/1xIPDYFGfCVDZpQQalG_KsuDz0XfJdw3N/preview,"### Comprehensive Islamiat Class 10 (Unit 6) Notes & Solutions

These Islamiat notes for Class 10 (Unit 06 Short Questions) are prepared strictly according to the Single National Curriculum (SNC 2025–2026) and Punjab Curriculum and Textbook Board (PCTB) standards.

#### 📌 Included In This Resource:
1. **Multiple Choice Questions (MCQs):** Carefully curated objective questions with verified answer keys.
2. **Short Answer Questions:** Concise, exam-targeted answers highlighting key definitions, laws, and concepts.
3. **Long & Detailed Questions:** Step-by-step explanations, diagrams, derivations, and board-standard headings.
4. **Textbook Solved Exercises & Numericals:** Complete solved numericals and exercises with given data, formula substitution, and final units.

#### 🏛️ Board Compatibility:
- **Punjab Boards:** Lahore, Rawalpindi, Gujranwala, Faisalabad, Multan, Sargodha, Sahiwal, Bahawalpur, DG Khan.
- **Federal Board (FBISE):** Islamabad & Cantonment Institutions.
- **KPK & Sindh Boards:** Aligned with Single National Curriculum standards.

#### 💡 Exam Preparation Tips:
- Review past 5-year board questions included at the end of each topic.
- Practice diagrams, derivations, and formulas regularly.
- Memorize key definitions and bold terms for maximum score."
Unit 07 Long Questions,Islamiat,10,PCTB (Punjab Curriculum & Textbook Board),CHAPTER_WISE,7,Long Questions,TaleemCity / PakParcha,https://drive.google.com/file/d/13k74ZQrbVctVj8HEePuLkh5igEgxsRJk/preview,"### Comprehensive Islamiat Class 10 (Unit 7) Notes & Solutions

These Islamiat notes for Class 10 (Unit 07 Long Questions) are prepared strictly according to the Single National Curriculum (SNC 2025–2026) and Punjab Curriculum and Textbook Board (PCTB) standards.

#### 📌 Included In This Resource:
1. **Multiple Choice Questions (MCQs):** Carefully curated objective questions with verified answer keys.
2. **Short Answer Questions:** Concise, exam-targeted answers highlighting key definitions, laws, and concepts.
3. **Long & Detailed Questions:** Step-by-step explanations, diagrams, derivations, and board-standard headings.
4. **Textbook Solved Exercises & Numericals:** Complete solved numericals and exercises with given data, formula substitution, and final units.

#### 🏛️ Board Compatibility:
- **Punjab Boards:** Lahore, Rawalpindi, Gujranwala, Faisalabad, Multan, Sargodha, Sahiwal, Bahawalpur, DG Khan.
- **Federal Board (FBISE):** Islamabad & Cantonment Institutions.
- **KPK & Sindh Boards:** Aligned with Single National Curriculum standards.

#### 💡 Exam Preparation Tips:
- Review past 5-year board questions included at the end of each topic.
- Practice diagrams, derivations, and formulas regularly.
- Memorize key definitions and bold terms for maximum score."
Unit 07 MCQâs,Islamiat,10,PCTB (Punjab Curriculum & Textbook Board),CHAPTER_WISE,7,Solved MCQs,TaleemCity / PakParcha,https://drive.google.com/file/d/1pdHQ8dNk-PuksxBVu54Iraos7JTI3zA9/preview,"### Comprehensive Islamiat Class 10 (Unit 7) Notes & Solutions

These Islamiat notes for Class 10 (Unit 07 MCQâs) are prepared strictly according to the Single National Curriculum (SNC 2025–2026) and Punjab Curriculum and Textbook Board (PCTB) standards.

#### 📌 Included In This Resource:
1. **Multiple Choice Questions (MCQs):** Carefully curated objective questions with verified answer keys.
2. **Short Answer Questions:** Concise, exam-targeted answers highlighting key definitions, laws, and concepts.
3. **Long & Detailed Questions:** Step-by-step explanations, diagrams, derivations, and board-standard headings.
4. **Textbook Solved Exercises & Numericals:** Complete solved numericals and exercises with given data, formula substitution, and final units.

#### 🏛️ Board Compatibility:
- **Punjab Boards:** Lahore, Rawalpindi, Gujranwala, Faisalabad, Multan, Sargodha, Sahiwal, Bahawalpur, DG Khan.
- **Federal Board (FBISE):** Islamabad & Cantonment Institutions.
- **KPK & Sindh Boards:** Aligned with Single National Curriculum standards.

#### 💡 Exam Preparation Tips:
- Review past 5-year board questions included at the end of each topic.
- Practice diagrams, derivations, and formulas regularly.
- Memorize key definitions and bold terms for maximum score."
Unit 07 Short Questions,Islamiat,10,PCTB (Punjab Curriculum & Textbook Board),CHAPTER_WISE,7,Short Questions,TaleemCity / PakParcha,https://drive.google.com/file/d/1hFrOdMjwe3ZkjfiL1KPPotL11rnvZ--0/preview,"### Comprehensive Islamiat Class 10 (Unit 7) Notes & Solutions

These Islamiat notes for Class 10 (Unit 07 Short Questions) are prepared strictly according to the Single National Curriculum (SNC 2025–2026) and Punjab Curriculum and Textbook Board (PCTB) standards.

#### 📌 Included In This Resource:
1. **Multiple Choice Questions (MCQs):** Carefully curated objective questions with verified answer keys.
2. **Short Answer Questions:** Concise, exam-targeted answers highlighting key definitions, laws, and concepts.
3. **Long & Detailed Questions:** Step-by-step explanations, diagrams, derivations, and board-standard headings.
4. **Textbook Solved Exercises & Numericals:** Complete solved numericals and exercises with given data, formula substitution, and final units.

#### 🏛️ Board Compatibility:
- **Punjab Boards:** Lahore, Rawalpindi, Gujranwala, Faisalabad, Multan, Sargodha, Sahiwal, Bahawalpur, DG Khan.
- **Federal Board (FBISE):** Islamabad & Cantonment Institutions.
- **KPK & Sindh Boards:** Aligned with Single National Curriculum standards.

#### 💡 Exam Preparation Tips:
- Review past 5-year board questions included at the end of each topic.
- Practice diagrams, derivations, and formulas regularly.
- Memorize key definitions and bold terms for maximum score."
Unit 08 Long Questions,Islamiat,10,PCTB (Punjab Curriculum & Textbook Board),CHAPTER_WISE,8,Long Questions,TaleemCity / PakParcha,https://drive.google.com/file/d/1TK_erVEi15mKTCxeWwennF03-0_He7sn/preview,"### Comprehensive Islamiat Class 10 (Unit 8) Notes & Solutions

These Islamiat notes for Class 10 (Unit 08 Long Questions) are prepared strictly according to the Single National Curriculum (SNC 2025–2026) and Punjab Curriculum and Textbook Board (PCTB) standards.

#### 📌 Included In This Resource:
1. **Multiple Choice Questions (MCQs):** Carefully curated objective questions with verified answer keys.
2. **Short Answer Questions:** Concise, exam-targeted answers highlighting key definitions, laws, and concepts.
3. **Long & Detailed Questions:** Step-by-step explanations, diagrams, derivations, and board-standard headings.
4. **Textbook Solved Exercises & Numericals:** Complete solved numericals and exercises with given data, formula substitution, and final units.

#### 🏛️ Board Compatibility:
- **Punjab Boards:** Lahore, Rawalpindi, Gujranwala, Faisalabad, Multan, Sargodha, Sahiwal, Bahawalpur, DG Khan.
- **Federal Board (FBISE):** Islamabad & Cantonment Institutions.
- **KPK & Sindh Boards:** Aligned with Single National Curriculum standards.

#### 💡 Exam Preparation Tips:
- Review past 5-year board questions included at the end of each topic.
- Practice diagrams, derivations, and formulas regularly.
- Memorize key definitions and bold terms for maximum score."
Unit 08 MCQâs,Islamiat,10,PCTB (Punjab Curriculum & Textbook Board),CHAPTER_WISE,8,Solved MCQs,TaleemCity / PakParcha,https://drive.google.com/file/d/1pEcAJgqihrU86kExUh4KYEe0F9zta2K9/preview,"### Comprehensive Islamiat Class 10 (Unit 8) Notes & Solutions

These Islamiat notes for Class 10 (Unit 08 MCQâs) are prepared strictly according to the Single National Curriculum (SNC 2025–2026) and Punjab Curriculum and Textbook Board (PCTB) standards.

#### 📌 Included In This Resource:
1. **Multiple Choice Questions (MCQs):** Carefully curated objective questions with verified answer keys.
2. **Short Answer Questions:** Concise, exam-targeted answers highlighting key definitions, laws, and concepts.
3. **Long & Detailed Questions:** Step-by-step explanations, diagrams, derivations, and board-standard headings.
4. **Textbook Solved Exercises & Numericals:** Complete solved numericals and exercises with given data, formula substitution, and final units.

#### 🏛️ Board Compatibility:
- **Punjab Boards:** Lahore, Rawalpindi, Gujranwala, Faisalabad, Multan, Sargodha, Sahiwal, Bahawalpur, DG Khan.
- **Federal Board (FBISE):** Islamabad & Cantonment Institutions.
- **KPK & Sindh Boards:** Aligned with Single National Curriculum standards.

#### 💡 Exam Preparation Tips:
- Review past 5-year board questions included at the end of each topic.
- Practice diagrams, derivations, and formulas regularly.
- Memorize key definitions and bold terms for maximum score."
Unit 08 Short Questions,Islamiat,10,PCTB (Punjab Curriculum & Textbook Board),CHAPTER_WISE,8,Short Questions,TaleemCity / PakParcha,https://drive.google.com/file/d/1pbdwCjauP6LUlCNb7VhTTWXtMeeFU40e/preview,"### Comprehensive Islamiat Class 10 (Unit 8) Notes & Solutions

These Islamiat notes for Class 10 (Unit 08 Short Questions) are prepared strictly according to the Single National Curriculum (SNC 2025–2026) and Punjab Curriculum and Textbook Board (PCTB) standards.

#### 📌 Included In This Resource:
1. **Multiple Choice Questions (MCQs):** Carefully curated objective questions with verified answer keys.
2. **Short Answer Questions:** Concise, exam-targeted answers highlighting key definitions, laws, and concepts.
3. **Long & Detailed Questions:** Step-by-step explanations, diagrams, derivations, and board-standard headings.
4. **Textbook Solved Exercises & Numericals:** Complete solved numericals and exercises with given data, formula substitution, and final units.

#### 🏛️ Board Compatibility:
- **Punjab Boards:** Lahore, Rawalpindi, Gujranwala, Faisalabad, Multan, Sargodha, Sahiwal, Bahawalpur, DG Khan.
- **Federal Board (FBISE):** Islamabad & Cantonment Institutions.
- **KPK & Sindh Boards:** Aligned with Single National Curriculum standards.

#### 💡 Exam Preparation Tips:
- Review past 5-year board questions included at the end of each topic.
- Practice diagrams, derivations, and formulas regularly.
- Memorize key definitions and bold terms for maximum score."
Unit 09 Long Questions,Islamiat,10,PCTB (Punjab Curriculum & Textbook Board),CHAPTER_WISE,9,Long Questions,TaleemCity / PakParcha,https://drive.google.com/file/d/1lShR3XovcsDqhLi9_yaCYxatb3fnqt3-/preview,"### Comprehensive Islamiat Class 10 (Unit 9) Notes & Solutions

These Islamiat notes for Class 10 (Unit 09 Long Questions) are prepared strictly according to the Single National Curriculum (SNC 2025–2026) and Punjab Curriculum and Textbook Board (PCTB) standards.

#### 📌 Included In This Resource:
1. **Multiple Choice Questions (MCQs):** Carefully curated objective questions with verified answer keys.
2. **Short Answer Questions:** Concise, exam-targeted answers highlighting key definitions, laws, and concepts.
3. **Long & Detailed Questions:** Step-by-step explanations, diagrams, derivations, and board-standard headings.
4. **Textbook Solved Exercises & Numericals:** Complete solved numericals and exercises with given data, formula substitution, and final units.

#### 🏛️ Board Compatibility:
- **Punjab Boards:** Lahore, Rawalpindi, Gujranwala, Faisalabad, Multan, Sargodha, Sahiwal, Bahawalpur, DG Khan.
- **Federal Board (FBISE):** Islamabad & Cantonment Institutions.
- **KPK & Sindh Boards:** Aligned with Single National Curriculum standards.

#### 💡 Exam Preparation Tips:
- Review past 5-year board questions included at the end of each topic.
- Practice diagrams, derivations, and formulas regularly.
- Memorize key definitions and bold terms for maximum score."
Unit 09 MCQâs,Islamiat,10,PCTB (Punjab Curriculum & Textbook Board),CHAPTER_WISE,9,Solved MCQs,TaleemCity / PakParcha,https://drive.google.com/file/d/1Cnf1gs8nKS6t7JlG6lnq0HTSyPN1G_Rh/preview,"### Comprehensive Islamiat Class 10 (Unit 9) Notes & Solutions

These Islamiat notes for Class 10 (Unit 09 MCQâs) are prepared strictly according to the Single National Curriculum (SNC 2025–2026) and Punjab Curriculum and Textbook Board (PCTB) standards.

#### 📌 Included In This Resource:
1. **Multiple Choice Questions (MCQs):** Carefully curated objective questions with verified answer keys.
2. **Short Answer Questions:** Concise, exam-targeted answers highlighting key definitions, laws, and concepts.
3. **Long & Detailed Questions:** Step-by-step explanations, diagrams, derivations, and board-standard headings.
4. **Textbook Solved Exercises & Numericals:** Complete solved numericals and exercises with given data, formula substitution, and final units.

#### 🏛️ Board Compatibility:
- **Punjab Boards:** Lahore, Rawalpindi, Gujranwala, Faisalabad, Multan, Sargodha, Sahiwal, Bahawalpur, DG Khan.
- **Federal Board (FBISE):** Islamabad & Cantonment Institutions.
- **KPK & Sindh Boards:** Aligned with Single National Curriculum standards.

#### 💡 Exam Preparation Tips:
- Review past 5-year board questions included at the end of each topic.
- Practice diagrams, derivations, and formulas regularly.
- Memorize key definitions and bold terms for maximum score."
Unit 09 Short Questions,Islamiat,10,PCTB (Punjab Curriculum & Textbook Board),CHAPTER_WISE,9,Short Questions,TaleemCity / PakParcha,https://drive.google.com/file/d/1bEUdhCGqFaiXp7dE9hd2q3_coZn8D1KS/preview,"### Comprehensive Islamiat Class 10 (Unit 9) Notes & Solutions

These Islamiat notes for Class 10 (Unit 09 Short Questions) are prepared strictly according to the Single National Curriculum (SNC 2025–2026) and Punjab Curriculum and Textbook Board (PCTB) standards.

#### 📌 Included In This Resource:
1. **Multiple Choice Questions (MCQs):** Carefully curated objective questions with verified answer keys.
2. **Short Answer Questions:** Concise, exam-targeted answers highlighting key definitions, laws, and concepts.
3. **Long & Detailed Questions:** Step-by-step explanations, diagrams, derivations, and board-standard headings.
4. **Textbook Solved Exercises & Numericals:** Complete solved numericals and exercises with given data, formula substitution, and final units.

#### 🏛️ Board Compatibility:
- **Punjab Boards:** Lahore, Rawalpindi, Gujranwala, Faisalabad, Multan, Sargodha, Sahiwal, Bahawalpur, DG Khan.
- **Federal Board (FBISE):** Islamabad & Cantonment Institutions.
- **KPK & Sindh Boards:** Aligned with Single National Curriculum standards.

#### 💡 Exam Preparation Tips:
- Review past 5-year board questions included at the end of each topic.
- Practice diagrams, derivations, and formulas regularly.
- Memorize key definitions and bold terms for maximum score."
Complete Merged Book Notes,Mathematics,10,PCTB (Punjab Curriculum & Textbook Board),FULL_BOOK,,Full Book Complete,TaleemCity / PakParcha,https://drive.google.com/file/d/1rpaKrdOeMIAUubEDgFUp2P48SyBT9VTg/preview,"### Comprehensive Mathematics Class 10 (Full Book Complete Syllabus) Notes & Solutions

These Mathematics notes for Class 10 (Complete Merged Book Notes) are prepared strictly according to the Single National Curriculum (SNC 2025–2026) and Punjab Curriculum and Textbook Board (PCTB) standards.

#### 📌 Included In This Resource:
1. **Multiple Choice Questions (MCQs):** Carefully curated objective questions with verified answer keys.
2. **Short Answer Questions:** Concise, exam-targeted answers highlighting key definitions, laws, and concepts.
3. **Long & Detailed Questions:** Step-by-step explanations, diagrams, derivations, and board-standard headings.
4. **Textbook Solved Exercises & Numericals:** Complete solved numericals and exercises with given data, formula substitution, and final units.

#### 🏛️ Board Compatibility:
- **Punjab Boards:** Lahore, Rawalpindi, Gujranwala, Faisalabad, Multan, Sargodha, Sahiwal, Bahawalpur, DG Khan.
- **Federal Board (FBISE):** Islamabad & Cantonment Institutions.
- **KPK & Sindh Boards:** Aligned with Single National Curriculum standards.

#### 💡 Exam Preparation Tips:
- Review past 5-year board questions included at the end of each topic.
- Practice diagrams, derivations, and formulas regularly.
- Memorize key definitions and bold terms for maximum score."
Unit 01 Exercise 1.1 (New),Mathematics,10,PCTB (Punjab Curriculum & Textbook Board),CHAPTER_WISE,1,Solved Numericals,TaleemCity / PakParcha,https://drive.google.com/file/d/1uGOZq9lFCgbmEWy8hzDl8KUMnca3zBLE/preview,"### Comprehensive Mathematics Class 10 (Unit 1) Notes & Solutions

These Mathematics notes for Class 10 (Unit 01 Exercise 1.1 (New)) are prepared strictly according to the Single National Curriculum (SNC 2025–2026) and Punjab Curriculum and Textbook Board (PCTB) standards.

#### 📌 Included In This Resource:
1. **Multiple Choice Questions (MCQs):** Carefully curated objective questions with verified answer keys.
2. **Short Answer Questions:** Concise, exam-targeted answers highlighting key definitions, laws, and concepts.
3. **Long & Detailed Questions:** Step-by-step explanations, diagrams, derivations, and board-standard headings.
4. **Textbook Solved Exercises & Numericals:** Complete solved numericals and exercises with given data, formula substitution, and final units.

#### 🏛️ Board Compatibility:
- **Punjab Boards:** Lahore, Rawalpindi, Gujranwala, Faisalabad, Multan, Sargodha, Sahiwal, Bahawalpur, DG Khan.
- **Federal Board (FBISE):** Islamabad & Cantonment Institutions.
- **KPK & Sindh Boards:** Aligned with Single National Curriculum standards.

#### 💡 Exam Preparation Tips:
- Review past 5-year board questions included at the end of each topic.
- Practice diagrams, derivations, and formulas regularly.
- Memorize key definitions and bold terms for maximum score."
Unit 01 Exercise 1.2 (New),Mathematics,10,PCTB (Punjab Curriculum & Textbook Board),CHAPTER_WISE,1,Solved Numericals,TaleemCity / PakParcha,https://drive.google.com/file/d/1BS537D8DLiyk7-d7B566erdskWtomBHL/preview,"### Comprehensive Mathematics Class 10 (Unit 1) Notes & Solutions

These Mathematics notes for Class 10 (Unit 01 Exercise 1.2 (New)) are prepared strictly according to the Single National Curriculum (SNC 2025–2026) and Punjab Curriculum and Textbook Board (PCTB) standards.

#### 📌 Included In This Resource:
1. **Multiple Choice Questions (MCQs):** Carefully curated objective questions with verified answer keys.
2. **Short Answer Questions:** Concise, exam-targeted answers highlighting key definitions, laws, and concepts.
3. **Long & Detailed Questions:** Step-by-step explanations, diagrams, derivations, and board-standard headings.
4. **Textbook Solved Exercises & Numericals:** Complete solved numericals and exercises with given data, formula substitution, and final units.

#### 🏛️ Board Compatibility:
- **Punjab Boards:** Lahore, Rawalpindi, Gujranwala, Faisalabad, Multan, Sargodha, Sahiwal, Bahawalpur, DG Khan.
- **Federal Board (FBISE):** Islamabad & Cantonment Institutions.
- **KPK & Sindh Boards:** Aligned with Single National Curriculum standards.

#### 💡 Exam Preparation Tips:
- Review past 5-year board questions included at the end of each topic.
- Practice diagrams, derivations, and formulas regularly.
- Memorize key definitions and bold terms for maximum score."
Unit 01 Exercise 1.3 (New),Mathematics,10,PCTB (Punjab Curriculum & Textbook Board),CHAPTER_WISE,1,Solved Numericals,TaleemCity / PakParcha,https://drive.google.com/file/d/1SUs8Z60Z5finv2MHD5AjNuK_YEfl08Ax/preview,"### Comprehensive Mathematics Class 10 (Unit 1) Notes & Solutions

These Mathematics notes for Class 10 (Unit 01 Exercise 1.3 (New)) are prepared strictly according to the Single National Curriculum (SNC 2025–2026) and Punjab Curriculum and Textbook Board (PCTB) standards.

#### 📌 Included In This Resource:
1. **Multiple Choice Questions (MCQs):** Carefully curated objective questions with verified answer keys.
2. **Short Answer Questions:** Concise, exam-targeted answers highlighting key definitions, laws, and concepts.
3. **Long & Detailed Questions:** Step-by-step explanations, diagrams, derivations, and board-standard headings.
4. **Textbook Solved Exercises & Numericals:** Complete solved numericals and exercises with given data, formula substitution, and final units.

#### 🏛️ Board Compatibility:
- **Punjab Boards:** Lahore, Rawalpindi, Gujranwala, Faisalabad, Multan, Sargodha, Sahiwal, Bahawalpur, DG Khan.
- **Federal Board (FBISE):** Islamabad & Cantonment Institutions.
- **KPK & Sindh Boards:** Aligned with Single National Curriculum standards.

#### 💡 Exam Preparation Tips:
- Review past 5-year board questions included at the end of each topic.
- Practice diagrams, derivations, and formulas regularly.
- Memorize key definitions and bold terms for maximum score."
Unit 01 Exercise 1.4 (New),Mathematics,10,PCTB (Punjab Curriculum & Textbook Board),CHAPTER_WISE,1,Solved Numericals,TaleemCity / PakParcha,https://drive.google.com/file/d/1WmnKS-GdCWHqDT_NZI0jo4WTB-i8EfG6/preview,"### Comprehensive Mathematics Class 10 (Unit 1) Notes & Solutions

These Mathematics notes for Class 10 (Unit 01 Exercise 1.4 (New)) are prepared strictly according to the Single National Curriculum (SNC 2025–2026) and Punjab Curriculum and Textbook Board (PCTB) standards.

#### 📌 Included In This Resource:
1. **Multiple Choice Questions (MCQs):** Carefully curated objective questions with verified answer keys.
2. **Short Answer Questions:** Concise, exam-targeted answers highlighting key definitions, laws, and concepts.
3. **Long & Detailed Questions:** Step-by-step explanations, diagrams, derivations, and board-standard headings.
4. **Textbook Solved Exercises & Numericals:** Complete solved numericals and exercises with given data, formula substitution, and final units.

#### 🏛️ Board Compatibility:
- **Punjab Boards:** Lahore, Rawalpindi, Gujranwala, Faisalabad, Multan, Sargodha, Sahiwal, Bahawalpur, DG Khan.
- **Federal Board (FBISE):** Islamabad & Cantonment Institutions.
- **KPK & Sindh Boards:** Aligned with Single National Curriculum standards.

#### 💡 Exam Preparation Tips:
- Review past 5-year board questions included at the end of each topic.
- Practice diagrams, derivations, and formulas regularly.
- Memorize key definitions and bold terms for maximum score."
Unit 01 MCQ's 1 (New),Mathematics,10,PCTB (Punjab Curriculum & Textbook Board),CHAPTER_WISE,1,Solved MCQs,TaleemCity / PakParcha,https://drive.google.com/file/d/1AxllV-SRkTyBfBzt1kR0cUvc-m_fOL6O/preview,"### Comprehensive Mathematics Class 10 (Unit 1) Notes & Solutions

These Mathematics notes for Class 10 (Unit 01 MCQ's 1 (New)) are prepared strictly according to the Single National Curriculum (SNC 2025–2026) and Punjab Curriculum and Textbook Board (PCTB) standards.

#### 📌 Included In This Resource:
1. **Multiple Choice Questions (MCQs):** Carefully curated objective questions with verified answer keys.
2. **Short Answer Questions:** Concise, exam-targeted answers highlighting key definitions, laws, and concepts.
3. **Long & Detailed Questions:** Step-by-step explanations, diagrams, derivations, and board-standard headings.
4. **Textbook Solved Exercises & Numericals:** Complete solved numericals and exercises with given data, formula substitution, and final units.

#### 🏛️ Board Compatibility:
- **Punjab Boards:** Lahore, Rawalpindi, Gujranwala, Faisalabad, Multan, Sargodha, Sahiwal, Bahawalpur, DG Khan.
- **Federal Board (FBISE):** Islamabad & Cantonment Institutions.
- **KPK & Sindh Boards:** Aligned with Single National Curriculum standards.

#### 💡 Exam Preparation Tips:
- Review past 5-year board questions included at the end of each topic.
- Practice diagrams, derivations, and formulas regularly.
- Memorize key definitions and bold terms for maximum score."
Unit 01 Review Exercise 1 (New),Mathematics,10,PCTB (Punjab Curriculum & Textbook Board),CHAPTER_WISE,1,Solved Numericals,TaleemCity / PakParcha,https://drive.google.com/file/d/18Ht8p99Mr4JQczAbRSSGsUTuru4ijPEn/preview,"### Comprehensive Mathematics Class 10 (Unit 1) Notes & Solutions

These Mathematics notes for Class 10 (Unit 01 Review Exercise 1 (New)) are prepared strictly according to the Single National Curriculum (SNC 2025–2026) and Punjab Curriculum and Textbook Board (PCTB) standards.

#### 📌 Included In This Resource:
1. **Multiple Choice Questions (MCQs):** Carefully curated objective questions with verified answer keys.
2. **Short Answer Questions:** Concise, exam-targeted answers highlighting key definitions, laws, and concepts.
3. **Long & Detailed Questions:** Step-by-step explanations, diagrams, derivations, and board-standard headings.
4. **Textbook Solved Exercises & Numericals:** Complete solved numericals and exercises with given data, formula substitution, and final units.

#### 🏛️ Board Compatibility:
- **Punjab Boards:** Lahore, Rawalpindi, Gujranwala, Faisalabad, Multan, Sargodha, Sahiwal, Bahawalpur, DG Khan.
- **Federal Board (FBISE):** Islamabad & Cantonment Institutions.
- **KPK & Sindh Boards:** Aligned with Single National Curriculum standards.

#### 💡 Exam Preparation Tips:
- Review past 5-year board questions included at the end of each topic.
- Practice diagrams, derivations, and formulas regularly.
- Memorize key definitions and bold terms for maximum score."
Unit 02 Exercise 2.2 (New),Mathematics,10,PCTB (Punjab Curriculum & Textbook Board),CHAPTER_WISE,2,Solved Numericals,TaleemCity / PakParcha,https://drive.google.com/file/d/1xE4FlUP0Nrp3WC-g9GOu9VQ1S4QB2Sap/preview,"### Comprehensive Mathematics Class 10 (Unit 2) Notes & Solutions

These Mathematics notes for Class 10 (Unit 02 Exercise 2.2 (New)) are prepared strictly according to the Single National Curriculum (SNC 2025–2026) and Punjab Curriculum and Textbook Board (PCTB) standards.

#### 📌 Included In This Resource:
1. **Multiple Choice Questions (MCQs):** Carefully curated objective questions with verified answer keys.
2. **Short Answer Questions:** Concise, exam-targeted answers highlighting key definitions, laws, and concepts.
3. **Long & Detailed Questions:** Step-by-step explanations, diagrams, derivations, and board-standard headings.
4. **Textbook Solved Exercises & Numericals:** Complete solved numericals and exercises with given data, formula substitution, and final units.

#### 🏛️ Board Compatibility:
- **Punjab Boards:** Lahore, Rawalpindi, Gujranwala, Faisalabad, Multan, Sargodha, Sahiwal, Bahawalpur, DG Khan.
- **Federal Board (FBISE):** Islamabad & Cantonment Institutions.
- **KPK & Sindh Boards:** Aligned with Single National Curriculum standards.

#### 💡 Exam Preparation Tips:
- Review past 5-year board questions included at the end of each topic.
- Practice diagrams, derivations, and formulas regularly.
- Memorize key definitions and bold terms for maximum score."
Unit 02 Exercise 2.3 (New),Mathematics,10,PCTB (Punjab Curriculum & Textbook Board),CHAPTER_WISE,2,Solved Numericals,TaleemCity / PakParcha,https://drive.google.com/file/d/1LSOxkwa-y1Qgd4cWCj8xENdJyIXhV8SE/preview,"### Comprehensive Mathematics Class 10 (Unit 2) Notes & Solutions

These Mathematics notes for Class 10 (Unit 02 Exercise 2.3 (New)) are prepared strictly according to the Single National Curriculum (SNC 2025–2026) and Punjab Curriculum and Textbook Board (PCTB) standards.

#### 📌 Included In This Resource:
1. **Multiple Choice Questions (MCQs):** Carefully curated objective questions with verified answer keys.
2. **Short Answer Questions:** Concise, exam-targeted answers highlighting key definitions, laws, and concepts.
3. **Long & Detailed Questions:** Step-by-step explanations, diagrams, derivations, and board-standard headings.
4. **Textbook Solved Exercises & Numericals:** Complete solved numericals and exercises with given data, formula substitution, and final units.

#### 🏛️ Board Compatibility:
- **Punjab Boards:** Lahore, Rawalpindi, Gujranwala, Faisalabad, Multan, Sargodha, Sahiwal, Bahawalpur, DG Khan.
- **Federal Board (FBISE):** Islamabad & Cantonment Institutions.
- **KPK & Sindh Boards:** Aligned with Single National Curriculum standards.

#### 💡 Exam Preparation Tips:
- Review past 5-year board questions included at the end of each topic.
- Practice diagrams, derivations, and formulas regularly.
- Memorize key definitions and bold terms for maximum score."
Unit 02 Exercise 2.4 (New),Mathematics,10,PCTB (Punjab Curriculum & Textbook Board),CHAPTER_WISE,2,Solved Numericals,TaleemCity / PakParcha,https://drive.google.com/file/d/1LvoCJqVyA3oTwEsUHH96MJ5ReMI5oYb1/preview,"### Comprehensive Mathematics Class 10 (Unit 2) Notes & Solutions

These Mathematics notes for Class 10 (Unit 02 Exercise 2.4 (New)) are prepared strictly according to the Single National Curriculum (SNC 2025–2026) and Punjab Curriculum and Textbook Board (PCTB) standards.

#### 📌 Included In This Resource:
1. **Multiple Choice Questions (MCQs):** Carefully curated objective questions with verified answer keys.
2. **Short Answer Questions:** Concise, exam-targeted answers highlighting key definitions, laws, and concepts.
3. **Long & Detailed Questions:** Step-by-step explanations, diagrams, derivations, and board-standard headings.
4. **Textbook Solved Exercises & Numericals:** Complete solved numericals and exercises with given data, formula substitution, and final units.

#### 🏛️ Board Compatibility:
- **Punjab Boards:** Lahore, Rawalpindi, Gujranwala, Faisalabad, Multan, Sargodha, Sahiwal, Bahawalpur, DG Khan.
- **Federal Board (FBISE):** Islamabad & Cantonment Institutions.
- **KPK & Sindh Boards:** Aligned with Single National Curriculum standards.

#### 💡 Exam Preparation Tips:
- Review past 5-year board questions included at the end of each topic.
- Practice diagrams, derivations, and formulas regularly.
- Memorize key definitions and bold terms for maximum score."
Unit 02 Exercise 2.5 (New),Mathematics,10,PCTB (Punjab Curriculum & Textbook Board),CHAPTER_WISE,2,Solved Numericals,TaleemCity / PakParcha,https://drive.google.com/file/d/1FlemAiZX7Y_IQsAfqM9YweOye6uprhnA/preview,"### Comprehensive Mathematics Class 10 (Unit 2) Notes & Solutions

These Mathematics notes for Class 10 (Unit 02 Exercise 2.5 (New)) are prepared strictly according to the Single National Curriculum (SNC 2025–2026) and Punjab Curriculum and Textbook Board (PCTB) standards.

#### 📌 Included In This Resource:
1. **Multiple Choice Questions (MCQs):** Carefully curated objective questions with verified answer keys.
2. **Short Answer Questions:** Concise, exam-targeted answers highlighting key definitions, laws, and concepts.
3. **Long & Detailed Questions:** Step-by-step explanations, diagrams, derivations, and board-standard headings.
4. **Textbook Solved Exercises & Numericals:** Complete solved numericals and exercises with given data, formula substitution, and final units.

#### 🏛️ Board Compatibility:
- **Punjab Boards:** Lahore, Rawalpindi, Gujranwala, Faisalabad, Multan, Sargodha, Sahiwal, Bahawalpur, DG Khan.
- **Federal Board (FBISE):** Islamabad & Cantonment Institutions.
- **KPK & Sindh Boards:** Aligned with Single National Curriculum standards.

#### 💡 Exam Preparation Tips:
- Review past 5-year board questions included at the end of each topic.
- Practice diagrams, derivations, and formulas regularly.
- Memorize key definitions and bold terms for maximum score."
Unit 02 Exercise 2.6 (New),Mathematics,10,PCTB (Punjab Curriculum & Textbook Board),CHAPTER_WISE,2,Solved Numericals,TaleemCity / PakParcha,https://drive.google.com/file/d/1B-ONO_03kZ-qXesSC2ivIfNv0mX8U8uH/preview,"### Comprehensive Mathematics Class 10 (Unit 2) Notes & Solutions

These Mathematics notes for Class 10 (Unit 02 Exercise 2.6 (New)) are prepared strictly according to the Single National Curriculum (SNC 2025–2026) and Punjab Curriculum and Textbook Board (PCTB) standards.

#### 📌 Included In This Resource:
1. **Multiple Choice Questions (MCQs):** Carefully curated objective questions with verified answer keys.
2. **Short Answer Questions:** Concise, exam-targeted answers highlighting key definitions, laws, and concepts.
3. **Long & Detailed Questions:** Step-by-step explanations, diagrams, derivations, and board-standard headings.
4. **Textbook Solved Exercises & Numericals:** Complete solved numericals and exercises with given data, formula substitution, and final units.

#### 🏛️ Board Compatibility:
- **Punjab Boards:** Lahore, Rawalpindi, Gujranwala, Faisalabad, Multan, Sargodha, Sahiwal, Bahawalpur, DG Khan.
- **Federal Board (FBISE):** Islamabad & Cantonment Institutions.
- **KPK & Sindh Boards:** Aligned with Single National Curriculum standards.

#### 💡 Exam Preparation Tips:
- Review past 5-year board questions included at the end of each topic.
- Practice diagrams, derivations, and formulas regularly.
- Memorize key definitions and bold terms for maximum score."
Unit 02 Exercise 2.7 (New),Mathematics,10,PCTB (Punjab Curriculum & Textbook Board),CHAPTER_WISE,2,Solved Numericals,TaleemCity / PakParcha,https://drive.google.com/file/d/11hRu6xqprZswya3HnoWUoo57BgeqLIIO/preview,"### Comprehensive Mathematics Class 10 (Unit 2) Notes & Solutions

These Mathematics notes for Class 10 (Unit 02 Exercise 2.7 (New)) are prepared strictly according to the Single National Curriculum (SNC 2025–2026) and Punjab Curriculum and Textbook Board (PCTB) standards.

#### 📌 Included In This Resource:
1. **Multiple Choice Questions (MCQs):** Carefully curated objective questions with verified answer keys.
2. **Short Answer Questions:** Concise, exam-targeted answers highlighting key definitions, laws, and concepts.
3. **Long & Detailed Questions:** Step-by-step explanations, diagrams, derivations, and board-standard headings.
4. **Textbook Solved Exercises & Numericals:** Complete solved numericals and exercises with given data, formula substitution, and final units.

#### 🏛️ Board Compatibility:
- **Punjab Boards:** Lahore, Rawalpindi, Gujranwala, Faisalabad, Multan, Sargodha, Sahiwal, Bahawalpur, DG Khan.
- **Federal Board (FBISE):** Islamabad & Cantonment Institutions.
- **KPK & Sindh Boards:** Aligned with Single National Curriculum standards.

#### 💡 Exam Preparation Tips:
- Review past 5-year board questions included at the end of each topic.
- Practice diagrams, derivations, and formulas regularly.
- Memorize key definitions and bold terms for maximum score."
Unit 02 MCQ's 2 (New),Mathematics,10,PCTB (Punjab Curriculum & Textbook Board),CHAPTER_WISE,2,Solved MCQs,TaleemCity / PakParcha,https://drive.google.com/file/d/1ep5obrHxgFbflvh62jBoyV-1xEDNqj6r/preview,"### Comprehensive Mathematics Class 10 (Unit 2) Notes & Solutions

These Mathematics notes for Class 10 (Unit 02 MCQ's 2 (New)) are prepared strictly according to the Single National Curriculum (SNC 2025–2026) and Punjab Curriculum and Textbook Board (PCTB) standards.

#### 📌 Included In This Resource:
1. **Multiple Choice Questions (MCQs):** Carefully curated objective questions with verified answer keys.
2. **Short Answer Questions:** Concise, exam-targeted answers highlighting key definitions, laws, and concepts.
3. **Long & Detailed Questions:** Step-by-step explanations, diagrams, derivations, and board-standard headings.
4. **Textbook Solved Exercises & Numericals:** Complete solved numericals and exercises with given data, formula substitution, and final units.

#### 🏛️ Board Compatibility:
- **Punjab Boards:** Lahore, Rawalpindi, Gujranwala, Faisalabad, Multan, Sargodha, Sahiwal, Bahawalpur, DG Khan.
- **Federal Board (FBISE):** Islamabad & Cantonment Institutions.
- **KPK & Sindh Boards:** Aligned with Single National Curriculum standards.

#### 💡 Exam Preparation Tips:
- Review past 5-year board questions included at the end of each topic.
- Practice diagrams, derivations, and formulas regularly.
- Memorize key definitions and bold terms for maximum score."
Unit 02 Review Exercise 2 (New),Mathematics,10,PCTB (Punjab Curriculum & Textbook Board),CHAPTER_WISE,2,Solved Numericals,TaleemCity / PakParcha,https://drive.google.com/file/d/1wE0_-TXJHW3RdiTimsa6EB1RKlRsH5_B/preview,"### Comprehensive Mathematics Class 10 (Unit 2) Notes & Solutions

These Mathematics notes for Class 10 (Unit 02 Review Exercise 2 (New)) are prepared strictly according to the Single National Curriculum (SNC 2025–2026) and Punjab Curriculum and Textbook Board (PCTB) standards.

#### 📌 Included In This Resource:
1. **Multiple Choice Questions (MCQs):** Carefully curated objective questions with verified answer keys.
2. **Short Answer Questions:** Concise, exam-targeted answers highlighting key definitions, laws, and concepts.
3. **Long & Detailed Questions:** Step-by-step explanations, diagrams, derivations, and board-standard headings.
4. **Textbook Solved Exercises & Numericals:** Complete solved numericals and exercises with given data, formula substitution, and final units.

#### 🏛️ Board Compatibility:
- **Punjab Boards:** Lahore, Rawalpindi, Gujranwala, Faisalabad, Multan, Sargodha, Sahiwal, Bahawalpur, DG Khan.
- **Federal Board (FBISE):** Islamabad & Cantonment Institutions.
- **KPK & Sindh Boards:** Aligned with Single National Curriculum standards.

#### 💡 Exam Preparation Tips:
- Review past 5-year board questions included at the end of each topic.
- Practice diagrams, derivations, and formulas regularly.
- Memorize key definitions and bold terms for maximum score."
Unit 03 Exercise 3.1 (New),Mathematics,10,PCTB (Punjab Curriculum & Textbook Board),CHAPTER_WISE,3,Solved Numericals,TaleemCity / PakParcha,https://drive.google.com/file/d/1F_lejtTkwcPhu1P1eOV4ojKuo7N1XtcW/preview,"### Comprehensive Mathematics Class 10 (Unit 3) Notes & Solutions

These Mathematics notes for Class 10 (Unit 03 Exercise 3.1 (New)) are prepared strictly according to the Single National Curriculum (SNC 2025–2026) and Punjab Curriculum and Textbook Board (PCTB) standards.

#### 📌 Included In This Resource:
1. **Multiple Choice Questions (MCQs):** Carefully curated objective questions with verified answer keys.
2. **Short Answer Questions:** Concise, exam-targeted answers highlighting key definitions, laws, and concepts.
3. **Long & Detailed Questions:** Step-by-step explanations, diagrams, derivations, and board-standard headings.
4. **Textbook Solved Exercises & Numericals:** Complete solved numericals and exercises with given data, formula substitution, and final units.

#### 🏛️ Board Compatibility:
- **Punjab Boards:** Lahore, Rawalpindi, Gujranwala, Faisalabad, Multan, Sargodha, Sahiwal, Bahawalpur, DG Khan.
- **Federal Board (FBISE):** Islamabad & Cantonment Institutions.
- **KPK & Sindh Boards:** Aligned with Single National Curriculum standards.

#### 💡 Exam Preparation Tips:
- Review past 5-year board questions included at the end of each topic.
- Practice diagrams, derivations, and formulas regularly.
- Memorize key definitions and bold terms for maximum score."
Unit 03 Exercise 3.2 (New),Mathematics,10,PCTB (Punjab Curriculum & Textbook Board),CHAPTER_WISE,3,Solved Numericals,TaleemCity / PakParcha,https://drive.google.com/file/d/1QhiEBqTmam98fGtY6jzby1N3CVwilpIs/preview,"### Comprehensive Mathematics Class 10 (Unit 3) Notes & Solutions

These Mathematics notes for Class 10 (Unit 03 Exercise 3.2 (New)) are prepared strictly according to the Single National Curriculum (SNC 2025–2026) and Punjab Curriculum and Textbook Board (PCTB) standards.

#### 📌 Included In This Resource:
1. **Multiple Choice Questions (MCQs):** Carefully curated objective questions with verified answer keys.
2. **Short Answer Questions:** Concise, exam-targeted answers highlighting key definitions, laws, and concepts.
3. **Long & Detailed Questions:** Step-by-step explanations, diagrams, derivations, and board-standard headings.
4. **Textbook Solved Exercises & Numericals:** Complete solved numericals and exercises with given data, formula substitution, and final units.

#### 🏛️ Board Compatibility:
- **Punjab Boards:** Lahore, Rawalpindi, Gujranwala, Faisalabad, Multan, Sargodha, Sahiwal, Bahawalpur, DG Khan.
- **Federal Board (FBISE):** Islamabad & Cantonment Institutions.
- **KPK & Sindh Boards:** Aligned with Single National Curriculum standards.

#### 💡 Exam Preparation Tips:
- Review past 5-year board questions included at the end of each topic.
- Practice diagrams, derivations, and formulas regularly.
- Memorize key definitions and bold terms for maximum score."
Unit 03 Exercise 3.3 (New),Mathematics,10,PCTB (Punjab Curriculum & Textbook Board),CHAPTER_WISE,3,Solved Numericals,TaleemCity / PakParcha,https://drive.google.com/file/d/1oU4ijEqwNw7UpOYBm7XO5GuyoKIS0gMA/preview,"### Comprehensive Mathematics Class 10 (Unit 3) Notes & Solutions

These Mathematics notes for Class 10 (Unit 03 Exercise 3.3 (New)) are prepared strictly according to the Single National Curriculum (SNC 2025–2026) and Punjab Curriculum and Textbook Board (PCTB) standards.

#### 📌 Included In This Resource:
1. **Multiple Choice Questions (MCQs):** Carefully curated objective questions with verified answer keys.
2. **Short Answer Questions:** Concise, exam-targeted answers highlighting key definitions, laws, and concepts.
3. **Long & Detailed Questions:** Step-by-step explanations, diagrams, derivations, and board-standard headings.
4. **Textbook Solved Exercises & Numericals:** Complete solved numericals and exercises with given data, formula substitution, and final units.

#### 🏛️ Board Compatibility:
- **Punjab Boards:** Lahore, Rawalpindi, Gujranwala, Faisalabad, Multan, Sargodha, Sahiwal, Bahawalpur, DG Khan.
- **Federal Board (FBISE):** Islamabad & Cantonment Institutions.
- **KPK & Sindh Boards:** Aligned with Single National Curriculum standards.

#### 💡 Exam Preparation Tips:
- Review past 5-year board questions included at the end of each topic.
- Practice diagrams, derivations, and formulas regularly.
- Memorize key definitions and bold terms for maximum score."
Unit 03 Exercise 3.4 (New),Mathematics,10,PCTB (Punjab Curriculum & Textbook Board),CHAPTER_WISE,3,Solved Numericals,TaleemCity / PakParcha,https://drive.google.com/file/d/16LqyPixuLitQZQqwURXe8cYkgB-2g-iB/preview,"### Comprehensive Mathematics Class 10 (Unit 3) Notes & Solutions

These Mathematics notes for Class 10 (Unit 03 Exercise 3.4 (New)) are prepared strictly according to the Single National Curriculum (SNC 2025–2026) and Punjab Curriculum and Textbook Board (PCTB) standards.

#### 📌 Included In This Resource:
1. **Multiple Choice Questions (MCQs):** Carefully curated objective questions with verified answer keys.
2. **Short Answer Questions:** Concise, exam-targeted answers highlighting key definitions, laws, and concepts.
3. **Long & Detailed Questions:** Step-by-step explanations, diagrams, derivations, and board-standard headings.
4. **Textbook Solved Exercises & Numericals:** Complete solved numericals and exercises with given data, formula substitution, and final units.

#### 🏛️ Board Compatibility:
- **Punjab Boards:** Lahore, Rawalpindi, Gujranwala, Faisalabad, Multan, Sargodha, Sahiwal, Bahawalpur, DG Khan.
- **Federal Board (FBISE):** Islamabad & Cantonment Institutions.
- **KPK & Sindh Boards:** Aligned with Single National Curriculum standards.

#### 💡 Exam Preparation Tips:
- Review past 5-year board questions included at the end of each topic.
- Practice diagrams, derivations, and formulas regularly.
- Memorize key definitions and bold terms for maximum score."
Unit 03 Exercise 3.5 (New),Mathematics,10,PCTB (Punjab Curriculum & Textbook Board),CHAPTER_WISE,3,Solved Numericals,TaleemCity / PakParcha,https://drive.google.com/file/d/1ODLhScV-WsBnNPwbWRTmooZauzQkm8Eh/preview,"### Comprehensive Mathematics Class 10 (Unit 3) Notes & Solutions

These Mathematics notes for Class 10 (Unit 03 Exercise 3.5 (New)) are prepared strictly according to the Single National Curriculum (SNC 2025–2026) and Punjab Curriculum and Textbook Board (PCTB) standards.

#### 📌 Included In This Resource:
1. **Multiple Choice Questions (MCQs):** Carefully curated objective questions with verified answer keys.
2. **Short Answer Questions:** Concise, exam-targeted answers highlighting key definitions, laws, and concepts.
3. **Long & Detailed Questions:** Step-by-step explanations, diagrams, derivations, and board-standard headings.
4. **Textbook Solved Exercises & Numericals:** Complete solved numericals and exercises with given data, formula substitution, and final units.

#### 🏛️ Board Compatibility:
- **Punjab Boards:** Lahore, Rawalpindi, Gujranwala, Faisalabad, Multan, Sargodha, Sahiwal, Bahawalpur, DG Khan.
- **Federal Board (FBISE):** Islamabad & Cantonment Institutions.
- **KPK & Sindh Boards:** Aligned with Single National Curriculum standards.

#### 💡 Exam Preparation Tips:
- Review past 5-year board questions included at the end of each topic.
- Practice diagrams, derivations, and formulas regularly.
- Memorize key definitions and bold terms for maximum score."
Unit 03 Exercise 3.6 (New),Mathematics,10,PCTB (Punjab Curriculum & Textbook Board),CHAPTER_WISE,3,Solved Numericals,TaleemCity / PakParcha,https://drive.google.com/file/d/1yC5mepijRz5UNj9MEVJqveMsFx324-Uu/preview,"### Comprehensive Mathematics Class 10 (Unit 3) Notes & Solutions

These Mathematics notes for Class 10 (Unit 03 Exercise 3.6 (New)) are prepared strictly according to the Single National Curriculum (SNC 2025–2026) and Punjab Curriculum and Textbook Board (PCTB) standards.

#### 📌 Included In This Resource:
1. **Multiple Choice Questions (MCQs):** Carefully curated objective questions with verified answer keys.
2. **Short Answer Questions:** Concise, exam-targeted answers highlighting key definitions, laws, and concepts.
3. **Long & Detailed Questions:** Step-by-step explanations, diagrams, derivations, and board-standard headings.
4. **Textbook Solved Exercises & Numericals:** Complete solved numericals and exercises with given data, formula substitution, and final units.

#### 🏛️ Board Compatibility:
- **Punjab Boards:** Lahore, Rawalpindi, Gujranwala, Faisalabad, Multan, Sargodha, Sahiwal, Bahawalpur, DG Khan.
- **Federal Board (FBISE):** Islamabad & Cantonment Institutions.
- **KPK & Sindh Boards:** Aligned with Single National Curriculum standards.

#### 💡 Exam Preparation Tips:
- Review past 5-year board questions included at the end of each topic.
- Practice diagrams, derivations, and formulas regularly.
- Memorize key definitions and bold terms for maximum score."
Unit 03 MCQ's 3 (New),Mathematics,10,PCTB (Punjab Curriculum & Textbook Board),CHAPTER_WISE,3,Solved MCQs,TaleemCity / PakParcha,https://drive.google.com/file/d/1b2A7YQL3gFw7ezazIvDHDqnWicWZ4Qmo/preview,"### Comprehensive Mathematics Class 10 (Unit 3) Notes & Solutions

These Mathematics notes for Class 10 (Unit 03 MCQ's 3 (New)) are prepared strictly according to the Single National Curriculum (SNC 2025–2026) and Punjab Curriculum and Textbook Board (PCTB) standards.

#### 📌 Included In This Resource:
1. **Multiple Choice Questions (MCQs):** Carefully curated objective questions with verified answer keys.
2. **Short Answer Questions:** Concise, exam-targeted answers highlighting key definitions, laws, and concepts.
3. **Long & Detailed Questions:** Step-by-step explanations, diagrams, derivations, and board-standard headings.
4. **Textbook Solved Exercises & Numericals:** Complete solved numericals and exercises with given data, formula substitution, and final units.

#### 🏛️ Board Compatibility:
- **Punjab Boards:** Lahore, Rawalpindi, Gujranwala, Faisalabad, Multan, Sargodha, Sahiwal, Bahawalpur, DG Khan.
- **Federal Board (FBISE):** Islamabad & Cantonment Institutions.
- **KPK & Sindh Boards:** Aligned with Single National Curriculum standards.

#### 💡 Exam Preparation Tips:
- Review past 5-year board questions included at the end of each topic.
- Practice diagrams, derivations, and formulas regularly.
- Memorize key definitions and bold terms for maximum score."
Unit 03 Review Exercise 3 (New),Mathematics,10,PCTB (Punjab Curriculum & Textbook Board),CHAPTER_WISE,3,Solved Numericals,TaleemCity / PakParcha,https://drive.google.com/file/d/14NPSxtVFxP9YBjJAUBmb_yDCiOslvn4Y/preview,"### Comprehensive Mathematics Class 10 (Unit 3) Notes & Solutions

These Mathematics notes for Class 10 (Unit 03 Review Exercise 3 (New)) are prepared strictly according to the Single National Curriculum (SNC 2025–2026) and Punjab Curriculum and Textbook Board (PCTB) standards.

#### 📌 Included In This Resource:
1. **Multiple Choice Questions (MCQs):** Carefully curated objective questions with verified answer keys.
2. **Short Answer Questions:** Concise, exam-targeted answers highlighting key definitions, laws, and concepts.
3. **Long & Detailed Questions:** Step-by-step explanations, diagrams, derivations, and board-standard headings.
4. **Textbook Solved Exercises & Numericals:** Complete solved numericals and exercises with given data, formula substitution, and final units.

#### 🏛️ Board Compatibility:
- **Punjab Boards:** Lahore, Rawalpindi, Gujranwala, Faisalabad, Multan, Sargodha, Sahiwal, Bahawalpur, DG Khan.
- **Federal Board (FBISE):** Islamabad & Cantonment Institutions.
- **KPK & Sindh Boards:** Aligned with Single National Curriculum standards.

#### 💡 Exam Preparation Tips:
- Review past 5-year board questions included at the end of each topic.
- Practice diagrams, derivations, and formulas regularly.
- Memorize key definitions and bold terms for maximum score."
Unit 04 Exercise 4.1 (New),Mathematics,10,PCTB (Punjab Curriculum & Textbook Board),CHAPTER_WISE,4,Solved Numericals,TaleemCity / PakParcha,https://drive.google.com/file/d/1saBNVqx3BWmZULp0pczRgXLAAPqcS3ZN/preview,"### Comprehensive Mathematics Class 10 (Unit 4) Notes & Solutions

These Mathematics notes for Class 10 (Unit 04 Exercise 4.1 (New)) are prepared strictly according to the Single National Curriculum (SNC 2025–2026) and Punjab Curriculum and Textbook Board (PCTB) standards.

#### 📌 Included In This Resource:
1. **Multiple Choice Questions (MCQs):** Carefully curated objective questions with verified answer keys.
2. **Short Answer Questions:** Concise, exam-targeted answers highlighting key definitions, laws, and concepts.
3. **Long & Detailed Questions:** Step-by-step explanations, diagrams, derivations, and board-standard headings.
4. **Textbook Solved Exercises & Numericals:** Complete solved numericals and exercises with given data, formula substitution, and final units.

#### 🏛️ Board Compatibility:
- **Punjab Boards:** Lahore, Rawalpindi, Gujranwala, Faisalabad, Multan, Sargodha, Sahiwal, Bahawalpur, DG Khan.
- **Federal Board (FBISE):** Islamabad & Cantonment Institutions.
- **KPK & Sindh Boards:** Aligned with Single National Curriculum standards.

#### 💡 Exam Preparation Tips:
- Review past 5-year board questions included at the end of each topic.
- Practice diagrams, derivations, and formulas regularly.
- Memorize key definitions and bold terms for maximum score."
Unit 04 Exercise 4.2 (New),Mathematics,10,PCTB (Punjab Curriculum & Textbook Board),CHAPTER_WISE,4,Solved Numericals,TaleemCity / PakParcha,https://drive.google.com/file/d/1xDBFST4kdpHgqisoJK_C49NpFGUjbESx/preview,"### Comprehensive Mathematics Class 10 (Unit 4) Notes & Solutions

These Mathematics notes for Class 10 (Unit 04 Exercise 4.2 (New)) are prepared strictly according to the Single National Curriculum (SNC 2025–2026) and Punjab Curriculum and Textbook Board (PCTB) standards.

#### 📌 Included In This Resource:
1. **Multiple Choice Questions (MCQs):** Carefully curated objective questions with verified answer keys.
2. **Short Answer Questions:** Concise, exam-targeted answers highlighting key definitions, laws, and concepts.
3. **Long & Detailed Questions:** Step-by-step explanations, diagrams, derivations, and board-standard headings.
4. **Textbook Solved Exercises & Numericals:** Complete solved numericals and exercises with given data, formula substitution, and final units.

#### 🏛️ Board Compatibility:
- **Punjab Boards:** Lahore, Rawalpindi, Gujranwala, Faisalabad, Multan, Sargodha, Sahiwal, Bahawalpur, DG Khan.
- **Federal Board (FBISE):** Islamabad & Cantonment Institutions.
- **KPK & Sindh Boards:** Aligned with Single National Curriculum standards.

#### 💡 Exam Preparation Tips:
- Review past 5-year board questions included at the end of each topic.
- Practice diagrams, derivations, and formulas regularly.
- Memorize key definitions and bold terms for maximum score."
Unit 04 Exercise 4.3 (New),Mathematics,10,PCTB (Punjab Curriculum & Textbook Board),CHAPTER_WISE,4,Solved Numericals,TaleemCity / PakParcha,https://drive.google.com/file/d/15ZiqT-QtQbETSH94bJuYnsx_BNyfHrA1/preview,"### Comprehensive Mathematics Class 10 (Unit 4) Notes & Solutions

These Mathematics notes for Class 10 (Unit 04 Exercise 4.3 (New)) are prepared strictly according to the Single National Curriculum (SNC 2025–2026) and Punjab Curriculum and Textbook Board (PCTB) standards.

#### 📌 Included In This Resource:
1. **Multiple Choice Questions (MCQs):** Carefully curated objective questions with verified answer keys.
2. **Short Answer Questions:** Concise, exam-targeted answers highlighting key definitions, laws, and concepts.
3. **Long & Detailed Questions:** Step-by-step explanations, diagrams, derivations, and board-standard headings.
4. **Textbook Solved Exercises & Numericals:** Complete solved numericals and exercises with given data, formula substitution, and final units.

#### 🏛️ Board Compatibility:
- **Punjab Boards:** Lahore, Rawalpindi, Gujranwala, Faisalabad, Multan, Sargodha, Sahiwal, Bahawalpur, DG Khan.
- **Federal Board (FBISE):** Islamabad & Cantonment Institutions.
- **KPK & Sindh Boards:** Aligned with Single National Curriculum standards.

#### 💡 Exam Preparation Tips:
- Review past 5-year board questions included at the end of each topic.
- Practice diagrams, derivations, and formulas regularly.
- Memorize key definitions and bold terms for maximum score."
Unit 04 MCQ's 4 (New),Mathematics,10,PCTB (Punjab Curriculum & Textbook Board),CHAPTER_WISE,4,Solved MCQs,TaleemCity / PakParcha,https://drive.google.com/file/d/1isb1jvZeaYC7zm9pq8wgnddAYqW0AOmg/preview,"### Comprehensive Mathematics Class 10 (Unit 4) Notes & Solutions

These Mathematics notes for Class 10 (Unit 04 MCQ's 4 (New)) are prepared strictly according to the Single National Curriculum (SNC 2025–2026) and Punjab Curriculum and Textbook Board (PCTB) standards.

#### 📌 Included In This Resource:
1. **Multiple Choice Questions (MCQs):** Carefully curated objective questions with verified answer keys.
2. **Short Answer Questions:** Concise, exam-targeted answers highlighting key definitions, laws, and concepts.
3. **Long & Detailed Questions:** Step-by-step explanations, diagrams, derivations, and board-standard headings.
4. **Textbook Solved Exercises & Numericals:** Complete solved numericals and exercises with given data, formula substitution, and final units.

#### 🏛️ Board Compatibility:
- **Punjab Boards:** Lahore, Rawalpindi, Gujranwala, Faisalabad, Multan, Sargodha, Sahiwal, Bahawalpur, DG Khan.
- **Federal Board (FBISE):** Islamabad & Cantonment Institutions.
- **KPK & Sindh Boards:** Aligned with Single National Curriculum standards.

#### 💡 Exam Preparation Tips:
- Review past 5-year board questions included at the end of each topic.
- Practice diagrams, derivations, and formulas regularly.
- Memorize key definitions and bold terms for maximum score."
Unit 04 Review Exercise 4 (New),Mathematics,10,PCTB (Punjab Curriculum & Textbook Board),CHAPTER_WISE,4,Solved Numericals,TaleemCity / PakParcha,https://drive.google.com/file/d/1fXzyq4iHxBfm-CDLIEyQWe-v7FO6udoC/preview,"### Comprehensive Mathematics Class 10 (Unit 4) Notes & Solutions

These Mathematics notes for Class 10 (Unit 04 Review Exercise 4 (New)) are prepared strictly according to the Single National Curriculum (SNC 2025–2026) and Punjab Curriculum and Textbook Board (PCTB) standards.

#### 📌 Included In This Resource:
1. **Multiple Choice Questions (MCQs):** Carefully curated objective questions with verified answer keys.
2. **Short Answer Questions:** Concise, exam-targeted answers highlighting key definitions, laws, and concepts.
3. **Long & Detailed Questions:** Step-by-step explanations, diagrams, derivations, and board-standard headings.
4. **Textbook Solved Exercises & Numericals:** Complete solved numericals and exercises with given data, formula substitution, and final units.

#### 🏛️ Board Compatibility:
- **Punjab Boards:** Lahore, Rawalpindi, Gujranwala, Faisalabad, Multan, Sargodha, Sahiwal, Bahawalpur, DG Khan.
- **Federal Board (FBISE):** Islamabad & Cantonment Institutions.
- **KPK & Sindh Boards:** Aligned with Single National Curriculum standards.

#### 💡 Exam Preparation Tips:
- Review past 5-year board questions included at the end of each topic.
- Practice diagrams, derivations, and formulas regularly.
- Memorize key definitions and bold terms for maximum score."
Unit 05 Exercise 5.1 (New),Mathematics,10,PCTB (Punjab Curriculum & Textbook Board),CHAPTER_WISE,5,Solved Numericals,TaleemCity / PakParcha,https://drive.google.com/file/d/1r-7xXF4ojgINd9zde38vmr_x-9-XgbjG/preview,"### Comprehensive Mathematics Class 10 (Unit 5) Notes & Solutions

These Mathematics notes for Class 10 (Unit 05 Exercise 5.1 (New)) are prepared strictly according to the Single National Curriculum (SNC 2025–2026) and Punjab Curriculum and Textbook Board (PCTB) standards.

#### 📌 Included In This Resource:
1. **Multiple Choice Questions (MCQs):** Carefully curated objective questions with verified answer keys.
2. **Short Answer Questions:** Concise, exam-targeted answers highlighting key definitions, laws, and concepts.
3. **Long & Detailed Questions:** Step-by-step explanations, diagrams, derivations, and board-standard headings.
4. **Textbook Solved Exercises & Numericals:** Complete solved numericals and exercises with given data, formula substitution, and final units.

#### 🏛️ Board Compatibility:
- **Punjab Boards:** Lahore, Rawalpindi, Gujranwala, Faisalabad, Multan, Sargodha, Sahiwal, Bahawalpur, DG Khan.
- **Federal Board (FBISE):** Islamabad & Cantonment Institutions.
- **KPK & Sindh Boards:** Aligned with Single National Curriculum standards.

#### 💡 Exam Preparation Tips:
- Review past 5-year board questions included at the end of each topic.
- Practice diagrams, derivations, and formulas regularly.
- Memorize key definitions and bold terms for maximum score."
Unit 05 Exercise 5.2 (New),Mathematics,10,PCTB (Punjab Curriculum & Textbook Board),CHAPTER_WISE,5,Solved Numericals,TaleemCity / PakParcha,https://drive.google.com/file/d/1eh7NJkOGg_rRZJhucC13e6ScAfwqvibF/preview,"### Comprehensive Mathematics Class 10 (Unit 5) Notes & Solutions

These Mathematics notes for Class 10 (Unit 05 Exercise 5.2 (New)) are prepared strictly according to the Single National Curriculum (SNC 2025–2026) and Punjab Curriculum and Textbook Board (PCTB) standards.

#### 📌 Included In This Resource:
1. **Multiple Choice Questions (MCQs):** Carefully curated objective questions with verified answer keys.
2. **Short Answer Questions:** Concise, exam-targeted answers highlighting key definitions, laws, and concepts.
3. **Long & Detailed Questions:** Step-by-step explanations, diagrams, derivations, and board-standard headings.
4. **Textbook Solved Exercises & Numericals:** Complete solved numericals and exercises with given data, formula substitution, and final units.

#### 🏛️ Board Compatibility:
- **Punjab Boards:** Lahore, Rawalpindi, Gujranwala, Faisalabad, Multan, Sargodha, Sahiwal, Bahawalpur, DG Khan.
- **Federal Board (FBISE):** Islamabad & Cantonment Institutions.
- **KPK & Sindh Boards:** Aligned with Single National Curriculum standards.

#### 💡 Exam Preparation Tips:
- Review past 5-year board questions included at the end of each topic.
- Practice diagrams, derivations, and formulas regularly.
- Memorize key definitions and bold terms for maximum score."
Unit 05 Exercise 5.3 (New),Mathematics,10,PCTB (Punjab Curriculum & Textbook Board),CHAPTER_WISE,5,Solved Numericals,TaleemCity / PakParcha,https://drive.google.com/file/d/19ANLUbtDc4lUJpswpGtRgWD9Rl56dUz_/preview,"### Comprehensive Mathematics Class 10 (Unit 5) Notes & Solutions

These Mathematics notes for Class 10 (Unit 05 Exercise 5.3 (New)) are prepared strictly according to the Single National Curriculum (SNC 2025–2026) and Punjab Curriculum and Textbook Board (PCTB) standards.

#### 📌 Included In This Resource:
1. **Multiple Choice Questions (MCQs):** Carefully curated objective questions with verified answer keys.
2. **Short Answer Questions:** Concise, exam-targeted answers highlighting key definitions, laws, and concepts.
3. **Long & Detailed Questions:** Step-by-step explanations, diagrams, derivations, and board-standard headings.
4. **Textbook Solved Exercises & Numericals:** Complete solved numericals and exercises with given data, formula substitution, and final units.

#### 🏛️ Board Compatibility:
- **Punjab Boards:** Lahore, Rawalpindi, Gujranwala, Faisalabad, Multan, Sargodha, Sahiwal, Bahawalpur, DG Khan.
- **Federal Board (FBISE):** Islamabad & Cantonment Institutions.
- **KPK & Sindh Boards:** Aligned with Single National Curriculum standards.

#### 💡 Exam Preparation Tips:
- Review past 5-year board questions included at the end of each topic.
- Practice diagrams, derivations, and formulas regularly.
- Memorize key definitions and bold terms for maximum score."
Unit 05 Exercise 5.4 (New),Mathematics,10,PCTB (Punjab Curriculum & Textbook Board),CHAPTER_WISE,5,Solved Numericals,TaleemCity / PakParcha,https://drive.google.com/file/d/1qonAExLLcSqSoZlkDmVD-oQAW9oXDYOz/preview,"### Comprehensive Mathematics Class 10 (Unit 5) Notes & Solutions

These Mathematics notes for Class 10 (Unit 05 Exercise 5.4 (New)) are prepared strictly according to the Single National Curriculum (SNC 2025–2026) and Punjab Curriculum and Textbook Board (PCTB) standards.

#### 📌 Included In This Resource:
1. **Multiple Choice Questions (MCQs):** Carefully curated objective questions with verified answer keys.
2. **Short Answer Questions:** Concise, exam-targeted answers highlighting key definitions, laws, and concepts.
3. **Long & Detailed Questions:** Step-by-step explanations, diagrams, derivations, and board-standard headings.
4. **Textbook Solved Exercises & Numericals:** Complete solved numericals and exercises with given data, formula substitution, and final units.

#### 🏛️ Board Compatibility:
- **Punjab Boards:** Lahore, Rawalpindi, Gujranwala, Faisalabad, Multan, Sargodha, Sahiwal, Bahawalpur, DG Khan.
- **Federal Board (FBISE):** Islamabad & Cantonment Institutions.
- **KPK & Sindh Boards:** Aligned with Single National Curriculum standards.

#### 💡 Exam Preparation Tips:
- Review past 5-year board questions included at the end of each topic.
- Practice diagrams, derivations, and formulas regularly.
- Memorize key definitions and bold terms for maximum score."
Unit 05 Exercise 5.5 (New),Mathematics,10,PCTB (Punjab Curriculum & Textbook Board),CHAPTER_WISE,5,Solved Numericals,TaleemCity / PakParcha,https://drive.google.com/file/d/1J1RORU3-2SJWw6nzq2YDwoyqS_v6Fvdq/preview,"### Comprehensive Mathematics Class 10 (Unit 5) Notes & Solutions

These Mathematics notes for Class 10 (Unit 05 Exercise 5.5 (New)) are prepared strictly according to the Single National Curriculum (SNC 2025–2026) and Punjab Curriculum and Textbook Board (PCTB) standards.

#### 📌 Included In This Resource:
1. **Multiple Choice Questions (MCQs):** Carefully curated objective questions with verified answer keys.
2. **Short Answer Questions:** Concise, exam-targeted answers highlighting key definitions, laws, and concepts.
3. **Long & Detailed Questions:** Step-by-step explanations, diagrams, derivations, and board-standard headings.
4. **Textbook Solved Exercises & Numericals:** Complete solved numericals and exercises with given data, formula substitution, and final units.

#### 🏛️ Board Compatibility:
- **Punjab Boards:** Lahore, Rawalpindi, Gujranwala, Faisalabad, Multan, Sargodha, Sahiwal, Bahawalpur, DG Khan.
- **Federal Board (FBISE):** Islamabad & Cantonment Institutions.
- **KPK & Sindh Boards:** Aligned with Single National Curriculum standards.

#### 💡 Exam Preparation Tips:
- Review past 5-year board questions included at the end of each topic.
- Practice diagrams, derivations, and formulas regularly.
- Memorize key definitions and bold terms for maximum score."
Unit 05 MCQ's 5 (New),Mathematics,10,PCTB (Punjab Curriculum & Textbook Board),CHAPTER_WISE,5,Solved MCQs,TaleemCity / PakParcha,https://drive.google.com/file/d/19ZfvCH2Y1QKETHP-MRgG1CQ5usfPL-VR/preview,"### Comprehensive Mathematics Class 10 (Unit 5) Notes & Solutions

These Mathematics notes for Class 10 (Unit 05 MCQ's 5 (New)) are prepared strictly according to the Single National Curriculum (SNC 2025–2026) and Punjab Curriculum and Textbook Board (PCTB) standards.

#### 📌 Included In This Resource:
1. **Multiple Choice Questions (MCQs):** Carefully curated objective questions with verified answer keys.
2. **Short Answer Questions:** Concise, exam-targeted answers highlighting key definitions, laws, and concepts.
3. **Long & Detailed Questions:** Step-by-step explanations, diagrams, derivations, and board-standard headings.
4. **Textbook Solved Exercises & Numericals:** Complete solved numericals and exercises with given data, formula substitution, and final units.

#### 🏛️ Board Compatibility:
- **Punjab Boards:** Lahore, Rawalpindi, Gujranwala, Faisalabad, Multan, Sargodha, Sahiwal, Bahawalpur, DG Khan.
- **Federal Board (FBISE):** Islamabad & Cantonment Institutions.
- **KPK & Sindh Boards:** Aligned with Single National Curriculum standards.

#### 💡 Exam Preparation Tips:
- Review past 5-year board questions included at the end of each topic.
- Practice diagrams, derivations, and formulas regularly.
- Memorize key definitions and bold terms for maximum score."
Unit 05 Review Exercise 5 (New),Mathematics,10,PCTB (Punjab Curriculum & Textbook Board),CHAPTER_WISE,5,Solved Numericals,TaleemCity / PakParcha,https://drive.google.com/file/d/1TVYK77elupxVGemX1liBf2fv9w4_thFH/preview,"### Comprehensive Mathematics Class 10 (Unit 5) Notes & Solutions

These Mathematics notes for Class 10 (Unit 05 Review Exercise 5 (New)) are prepared strictly according to the Single National Curriculum (SNC 2025–2026) and Punjab Curriculum and Textbook Board (PCTB) standards.

#### 📌 Included In This Resource:
1. **Multiple Choice Questions (MCQs):** Carefully curated objective questions with verified answer keys.
2. **Short Answer Questions:** Concise, exam-targeted answers highlighting key definitions, laws, and concepts.
3. **Long & Detailed Questions:** Step-by-step explanations, diagrams, derivations, and board-standard headings.
4. **Textbook Solved Exercises & Numericals:** Complete solved numericals and exercises with given data, formula substitution, and final units.

#### 🏛️ Board Compatibility:
- **Punjab Boards:** Lahore, Rawalpindi, Gujranwala, Faisalabad, Multan, Sargodha, Sahiwal, Bahawalpur, DG Khan.
- **Federal Board (FBISE):** Islamabad & Cantonment Institutions.
- **KPK & Sindh Boards:** Aligned with Single National Curriculum standards.

#### 💡 Exam Preparation Tips:
- Review past 5-year board questions included at the end of each topic.
- Practice diagrams, derivations, and formulas regularly.
- Memorize key definitions and bold terms for maximum score."
Unit 06 Exercise 6.1 (New),Mathematics,10,PCTB (Punjab Curriculum & Textbook Board),CHAPTER_WISE,6,Solved Numericals,TaleemCity / PakParcha,https://drive.google.com/file/d/10mSroyvH3KtO8KMLLE7ZXX-JpNWjk3Gx/preview,"### Comprehensive Mathematics Class 10 (Unit 6) Notes & Solutions

These Mathematics notes for Class 10 (Unit 06 Exercise 6.1 (New)) are prepared strictly according to the Single National Curriculum (SNC 2025–2026) and Punjab Curriculum and Textbook Board (PCTB) standards.

#### 📌 Included In This Resource:
1. **Multiple Choice Questions (MCQs):** Carefully curated objective questions with verified answer keys.
2. **Short Answer Questions:** Concise, exam-targeted answers highlighting key definitions, laws, and concepts.
3. **Long & Detailed Questions:** Step-by-step explanations, diagrams, derivations, and board-standard headings.
4. **Textbook Solved Exercises & Numericals:** Complete solved numericals and exercises with given data, formula substitution, and final units.

#### 🏛️ Board Compatibility:
- **Punjab Boards:** Lahore, Rawalpindi, Gujranwala, Faisalabad, Multan, Sargodha, Sahiwal, Bahawalpur, DG Khan.
- **Federal Board (FBISE):** Islamabad & Cantonment Institutions.
- **KPK & Sindh Boards:** Aligned with Single National Curriculum standards.

#### 💡 Exam Preparation Tips:
- Review past 5-year board questions included at the end of each topic.
- Practice diagrams, derivations, and formulas regularly.
- Memorize key definitions and bold terms for maximum score."
Unit 06 Exercise 6.2 (New),Mathematics,10,PCTB (Punjab Curriculum & Textbook Board),CHAPTER_WISE,6,Solved Numericals,TaleemCity / PakParcha,https://drive.google.com/file/d/1cuHPDkC0vJ12fKpumafTjCvh0I0DHezT/preview,"### Comprehensive Mathematics Class 10 (Unit 6) Notes & Solutions

These Mathematics notes for Class 10 (Unit 06 Exercise 6.2 (New)) are prepared strictly according to the Single National Curriculum (SNC 2025–2026) and Punjab Curriculum and Textbook Board (PCTB) standards.

#### 📌 Included In This Resource:
1. **Multiple Choice Questions (MCQs):** Carefully curated objective questions with verified answer keys.
2. **Short Answer Questions:** Concise, exam-targeted answers highlighting key definitions, laws, and concepts.
3. **Long & Detailed Questions:** Step-by-step explanations, diagrams, derivations, and board-standard headings.
4. **Textbook Solved Exercises & Numericals:** Complete solved numericals and exercises with given data, formula substitution, and final units.

#### 🏛️ Board Compatibility:
- **Punjab Boards:** Lahore, Rawalpindi, Gujranwala, Faisalabad, Multan, Sargodha, Sahiwal, Bahawalpur, DG Khan.
- **Federal Board (FBISE):** Islamabad & Cantonment Institutions.
- **KPK & Sindh Boards:** Aligned with Single National Curriculum standards.

#### 💡 Exam Preparation Tips:
- Review past 5-year board questions included at the end of each topic.
- Practice diagrams, derivations, and formulas regularly.
- Memorize key definitions and bold terms for maximum score."
Unit 06 Exercise 6.3 (New),Mathematics,10,PCTB (Punjab Curriculum & Textbook Board),CHAPTER_WISE,6,Solved Numericals,TaleemCity / PakParcha,https://drive.google.com/file/d/1QEJAv-KqW8JHBYkBdGdSQJXvWRvdRx7F/preview,"### Comprehensive Mathematics Class 10 (Unit 6) Notes & Solutions

These Mathematics notes for Class 10 (Unit 06 Exercise 6.3 (New)) are prepared strictly according to the Single National Curriculum (SNC 2025–2026) and Punjab Curriculum and Textbook Board (PCTB) standards.

#### 📌 Included In This Resource:
1. **Multiple Choice Questions (MCQs):** Carefully curated objective questions with verified answer keys.
2. **Short Answer Questions:** Concise, exam-targeted answers highlighting key definitions, laws, and concepts.
3. **Long & Detailed Questions:** Step-by-step explanations, diagrams, derivations, and board-standard headings.
4. **Textbook Solved Exercises & Numericals:** Complete solved numericals and exercises with given data, formula substitution, and final units.

#### 🏛️ Board Compatibility:
- **Punjab Boards:** Lahore, Rawalpindi, Gujranwala, Faisalabad, Multan, Sargodha, Sahiwal, Bahawalpur, DG Khan.
- **Federal Board (FBISE):** Islamabad & Cantonment Institutions.
- **KPK & Sindh Boards:** Aligned with Single National Curriculum standards.

#### 💡 Exam Preparation Tips:
- Review past 5-year board questions included at the end of each topic.
- Practice diagrams, derivations, and formulas regularly.
- Memorize key definitions and bold terms for maximum score."
Unit 06 MCQ's 6 (New),Mathematics,10,PCTB (Punjab Curriculum & Textbook Board),CHAPTER_WISE,6,Solved MCQs,TaleemCity / PakParcha,https://drive.google.com/file/d/184GDHAEAg2HW3LVcDxR5veYHVC9IG2eg/preview,"### Comprehensive Mathematics Class 10 (Unit 6) Notes & Solutions

These Mathematics notes for Class 10 (Unit 06 MCQ's 6 (New)) are prepared strictly according to the Single National Curriculum (SNC 2025–2026) and Punjab Curriculum and Textbook Board (PCTB) standards.

#### 📌 Included In This Resource:
1. **Multiple Choice Questions (MCQs):** Carefully curated objective questions with verified answer keys.
2. **Short Answer Questions:** Concise, exam-targeted answers highlighting key definitions, laws, and concepts.
3. **Long & Detailed Questions:** Step-by-step explanations, diagrams, derivations, and board-standard headings.
4. **Textbook Solved Exercises & Numericals:** Complete solved numericals and exercises with given data, formula substitution, and final units.

#### 🏛️ Board Compatibility:
- **Punjab Boards:** Lahore, Rawalpindi, Gujranwala, Faisalabad, Multan, Sargodha, Sahiwal, Bahawalpur, DG Khan.
- **Federal Board (FBISE):** Islamabad & Cantonment Institutions.
- **KPK & Sindh Boards:** Aligned with Single National Curriculum standards.

#### 💡 Exam Preparation Tips:
- Review past 5-year board questions included at the end of each topic.
- Practice diagrams, derivations, and formulas regularly.
- Memorize key definitions and bold terms for maximum score."
Unit 06 Review Exercise 6 (New),Mathematics,10,PCTB (Punjab Curriculum & Textbook Board),CHAPTER_WISE,6,Solved Numericals,TaleemCity / PakParcha,https://drive.google.com/file/d/1qp-49xc_Ne2aZTYMTgLObFVKsa2ya_gZ/preview,"### Comprehensive Mathematics Class 10 (Unit 6) Notes & Solutions

These Mathematics notes for Class 10 (Unit 06 Review Exercise 6 (New)) are prepared strictly according to the Single National Curriculum (SNC 2025–2026) and Punjab Curriculum and Textbook Board (PCTB) standards.

#### 📌 Included In This Resource:
1. **Multiple Choice Questions (MCQs):** Carefully curated objective questions with verified answer keys.
2. **Short Answer Questions:** Concise, exam-targeted answers highlighting key definitions, laws, and concepts.
3. **Long & Detailed Questions:** Step-by-step explanations, diagrams, derivations, and board-standard headings.
4. **Textbook Solved Exercises & Numericals:** Complete solved numericals and exercises with given data, formula substitution, and final units.

#### 🏛️ Board Compatibility:
- **Punjab Boards:** Lahore, Rawalpindi, Gujranwala, Faisalabad, Multan, Sargodha, Sahiwal, Bahawalpur, DG Khan.
- **Federal Board (FBISE):** Islamabad & Cantonment Institutions.
- **KPK & Sindh Boards:** Aligned with Single National Curriculum standards.

#### 💡 Exam Preparation Tips:
- Review past 5-year board questions included at the end of each topic.
- Practice diagrams, derivations, and formulas regularly.
- Memorize key definitions and bold terms for maximum score."
Unit 07 Exercise 7.1,Mathematics,10,PCTB (Punjab Curriculum & Textbook Board),CHAPTER_WISE,7,Solved Numericals,TaleemCity / PakParcha,https://drive.google.com/file/d/1V-t3ogqwOhx31diptfiNdq39kT6vO5Oi/preview,"### Comprehensive Mathematics Class 10 (Unit 7) Notes & Solutions

These Mathematics notes for Class 10 (Unit 07 Exercise 7.1) are prepared strictly according to the Single National Curriculum (SNC 2025–2026) and Punjab Curriculum and Textbook Board (PCTB) standards.

#### 📌 Included In This Resource:
1. **Multiple Choice Questions (MCQs):** Carefully curated objective questions with verified answer keys.
2. **Short Answer Questions:** Concise, exam-targeted answers highlighting key definitions, laws, and concepts.
3. **Long & Detailed Questions:** Step-by-step explanations, diagrams, derivations, and board-standard headings.
4. **Textbook Solved Exercises & Numericals:** Complete solved numericals and exercises with given data, formula substitution, and final units.

#### 🏛️ Board Compatibility:
- **Punjab Boards:** Lahore, Rawalpindi, Gujranwala, Faisalabad, Multan, Sargodha, Sahiwal, Bahawalpur, DG Khan.
- **Federal Board (FBISE):** Islamabad & Cantonment Institutions.
- **KPK & Sindh Boards:** Aligned with Single National Curriculum standards.

#### 💡 Exam Preparation Tips:
- Review past 5-year board questions included at the end of each topic.
- Practice diagrams, derivations, and formulas regularly.
- Memorize key definitions and bold terms for maximum score."
Unit 07 Exercise 7.2,Mathematics,10,PCTB (Punjab Curriculum & Textbook Board),CHAPTER_WISE,7,Solved Numericals,TaleemCity / PakParcha,https://drive.google.com/file/d/1p8j_CleLnrU-ODxYAGX2dMbZVnd-JSpy/preview,"### Comprehensive Mathematics Class 10 (Unit 7) Notes & Solutions

These Mathematics notes for Class 10 (Unit 07 Exercise 7.2) are prepared strictly according to the Single National Curriculum (SNC 2025–2026) and Punjab Curriculum and Textbook Board (PCTB) standards.

#### 📌 Included In This Resource:
1. **Multiple Choice Questions (MCQs):** Carefully curated objective questions with verified answer keys.
2. **Short Answer Questions:** Concise, exam-targeted answers highlighting key definitions, laws, and concepts.
3. **Long & Detailed Questions:** Step-by-step explanations, diagrams, derivations, and board-standard headings.
4. **Textbook Solved Exercises & Numericals:** Complete solved numericals and exercises with given data, formula substitution, and final units.

#### 🏛️ Board Compatibility:
- **Punjab Boards:** Lahore, Rawalpindi, Gujranwala, Faisalabad, Multan, Sargodha, Sahiwal, Bahawalpur, DG Khan.
- **Federal Board (FBISE):** Islamabad & Cantonment Institutions.
- **KPK & Sindh Boards:** Aligned with Single National Curriculum standards.

#### 💡 Exam Preparation Tips:
- Review past 5-year board questions included at the end of each topic.
- Practice diagrams, derivations, and formulas regularly.
- Memorize key definitions and bold terms for maximum score."
Unit 07 Exercise 7.3,Mathematics,10,PCTB (Punjab Curriculum & Textbook Board),CHAPTER_WISE,7,Solved Numericals,TaleemCity / PakParcha,https://drive.google.com/file/d/1EMIy0YjGaX_xlvzhuu6QgyTu_tC4X9nl/preview,"### Comprehensive Mathematics Class 10 (Unit 7) Notes & Solutions

These Mathematics notes for Class 10 (Unit 07 Exercise 7.3) are prepared strictly according to the Single National Curriculum (SNC 2025–2026) and Punjab Curriculum and Textbook Board (PCTB) standards.

#### 📌 Included In This Resource:
1. **Multiple Choice Questions (MCQs):** Carefully curated objective questions with verified answer keys.
2. **Short Answer Questions:** Concise, exam-targeted answers highlighting key definitions, laws, and concepts.
3. **Long & Detailed Questions:** Step-by-step explanations, diagrams, derivations, and board-standard headings.
4. **Textbook Solved Exercises & Numericals:** Complete solved numericals and exercises with given data, formula substitution, and final units.

#### 🏛️ Board Compatibility:
- **Punjab Boards:** Lahore, Rawalpindi, Gujranwala, Faisalabad, Multan, Sargodha, Sahiwal, Bahawalpur, DG Khan.
- **Federal Board (FBISE):** Islamabad & Cantonment Institutions.
- **KPK & Sindh Boards:** Aligned with Single National Curriculum standards.

#### 💡 Exam Preparation Tips:
- Review past 5-year board questions included at the end of each topic.
- Practice diagrams, derivations, and formulas regularly.
- Memorize key definitions and bold terms for maximum score."
Unit 07 Exercise 7.4,Mathematics,10,PCTB (Punjab Curriculum & Textbook Board),CHAPTER_WISE,7,Solved Numericals,TaleemCity / PakParcha,https://drive.google.com/file/d/1VAqQ250hclgf0A-kOG3DR6k1WPO5XyPV/preview,"### Comprehensive Mathematics Class 10 (Unit 7) Notes & Solutions

These Mathematics notes for Class 10 (Unit 07 Exercise 7.4) are prepared strictly according to the Single National Curriculum (SNC 2025–2026) and Punjab Curriculum and Textbook Board (PCTB) standards.

#### 📌 Included In This Resource:
1. **Multiple Choice Questions (MCQs):** Carefully curated objective questions with verified answer keys.
2. **Short Answer Questions:** Concise, exam-targeted answers highlighting key definitions, laws, and concepts.
3. **Long & Detailed Questions:** Step-by-step explanations, diagrams, derivations, and board-standard headings.
4. **Textbook Solved Exercises & Numericals:** Complete solved numericals and exercises with given data, formula substitution, and final units.

#### 🏛️ Board Compatibility:
- **Punjab Boards:** Lahore, Rawalpindi, Gujranwala, Faisalabad, Multan, Sargodha, Sahiwal, Bahawalpur, DG Khan.
- **Federal Board (FBISE):** Islamabad & Cantonment Institutions.
- **KPK & Sindh Boards:** Aligned with Single National Curriculum standards.

#### 💡 Exam Preparation Tips:
- Review past 5-year board questions included at the end of each topic.
- Practice diagrams, derivations, and formulas regularly.
- Memorize key definitions and bold terms for maximum score."
Unit 07 Exercise 7.5,Mathematics,10,PCTB (Punjab Curriculum & Textbook Board),CHAPTER_WISE,7,Solved Numericals,TaleemCity / PakParcha,https://drive.google.com/file/d/1yoIvy-DX50R5gZ2V8MQG4C2P8f19EyRG/preview,"### Comprehensive Mathematics Class 10 (Unit 7) Notes & Solutions

These Mathematics notes for Class 10 (Unit 07 Exercise 7.5) are prepared strictly according to the Single National Curriculum (SNC 2025–2026) and Punjab Curriculum and Textbook Board (PCTB) standards.

#### 📌 Included In This Resource:
1. **Multiple Choice Questions (MCQs):** Carefully curated objective questions with verified answer keys.
2. **Short Answer Questions:** Concise, exam-targeted answers highlighting key definitions, laws, and concepts.
3. **Long & Detailed Questions:** Step-by-step explanations, diagrams, derivations, and board-standard headings.
4. **Textbook Solved Exercises & Numericals:** Complete solved numericals and exercises with given data, formula substitution, and final units.

#### 🏛️ Board Compatibility:
- **Punjab Boards:** Lahore, Rawalpindi, Gujranwala, Faisalabad, Multan, Sargodha, Sahiwal, Bahawalpur, DG Khan.
- **Federal Board (FBISE):** Islamabad & Cantonment Institutions.
- **KPK & Sindh Boards:** Aligned with Single National Curriculum standards.

#### 💡 Exam Preparation Tips:
- Review past 5-year board questions included at the end of each topic.
- Practice diagrams, derivations, and formulas regularly.
- Memorize key definitions and bold terms for maximum score."
Unit 07 MCQ's,Mathematics,10,PCTB (Punjab Curriculum & Textbook Board),CHAPTER_WISE,7,Solved MCQs,TaleemCity / PakParcha,https://drive.google.com/file/d/1nAdKC9N9eThDxfkKrTlLvglvwkB3fpyf/preview,"### Comprehensive Mathematics Class 10 (Unit 7) Notes & Solutions

These Mathematics notes for Class 10 (Unit 07 MCQ's) are prepared strictly according to the Single National Curriculum (SNC 2025–2026) and Punjab Curriculum and Textbook Board (PCTB) standards.

#### 📌 Included In This Resource:
1. **Multiple Choice Questions (MCQs):** Carefully curated objective questions with verified answer keys.
2. **Short Answer Questions:** Concise, exam-targeted answers highlighting key definitions, laws, and concepts.
3. **Long & Detailed Questions:** Step-by-step explanations, diagrams, derivations, and board-standard headings.
4. **Textbook Solved Exercises & Numericals:** Complete solved numericals and exercises with given data, formula substitution, and final units.

#### 🏛️ Board Compatibility:
- **Punjab Boards:** Lahore, Rawalpindi, Gujranwala, Faisalabad, Multan, Sargodha, Sahiwal, Bahawalpur, DG Khan.
- **Federal Board (FBISE):** Islamabad & Cantonment Institutions.
- **KPK & Sindh Boards:** Aligned with Single National Curriculum standards.

#### 💡 Exam Preparation Tips:
- Review past 5-year board questions included at the end of each topic.
- Practice diagrams, derivations, and formulas regularly.
- Memorize key definitions and bold terms for maximum score."
Unit 07 Review Exercise 7,Mathematics,10,PCTB (Punjab Curriculum & Textbook Board),CHAPTER_WISE,7,Solved Numericals,TaleemCity / PakParcha,https://drive.google.com/file/d/1LC3DjIDkiiQTw54GpbO10Pxg4CdK6g0M/preview,"### Comprehensive Mathematics Class 10 (Unit 7) Notes & Solutions

These Mathematics notes for Class 10 (Unit 07 Review Exercise 7) are prepared strictly according to the Single National Curriculum (SNC 2025–2026) and Punjab Curriculum and Textbook Board (PCTB) standards.

#### 📌 Included In This Resource:
1. **Multiple Choice Questions (MCQs):** Carefully curated objective questions with verified answer keys.
2. **Short Answer Questions:** Concise, exam-targeted answers highlighting key definitions, laws, and concepts.
3. **Long & Detailed Questions:** Step-by-step explanations, diagrams, derivations, and board-standard headings.
4. **Textbook Solved Exercises & Numericals:** Complete solved numericals and exercises with given data, formula substitution, and final units.

#### 🏛️ Board Compatibility:
- **Punjab Boards:** Lahore, Rawalpindi, Gujranwala, Faisalabad, Multan, Sargodha, Sahiwal, Bahawalpur, DG Khan.
- **Federal Board (FBISE):** Islamabad & Cantonment Institutions.
- **KPK & Sindh Boards:** Aligned with Single National Curriculum standards.

#### 💡 Exam Preparation Tips:
- Review past 5-year board questions included at the end of each topic.
- Practice diagrams, derivations, and formulas regularly.
- Memorize key definitions and bold terms for maximum score."
Unit 08 Exercise 8.1,Mathematics,10,PCTB (Punjab Curriculum & Textbook Board),CHAPTER_WISE,8,Solved Numericals,TaleemCity / PakParcha,https://drive.google.com/file/d/1dSJULI068-EludBEynxoKDNPrBEK6qhO/preview,"### Comprehensive Mathematics Class 10 (Unit 8) Notes & Solutions

These Mathematics notes for Class 10 (Unit 08 Exercise 8.1) are prepared strictly according to the Single National Curriculum (SNC 2025–2026) and Punjab Curriculum and Textbook Board (PCTB) standards.

#### 📌 Included In This Resource:
1. **Multiple Choice Questions (MCQs):** Carefully curated objective questions with verified answer keys.
2. **Short Answer Questions:** Concise, exam-targeted answers highlighting key definitions, laws, and concepts.
3. **Long & Detailed Questions:** Step-by-step explanations, diagrams, derivations, and board-standard headings.
4. **Textbook Solved Exercises & Numericals:** Complete solved numericals and exercises with given data, formula substitution, and final units.

#### 🏛️ Board Compatibility:
- **Punjab Boards:** Lahore, Rawalpindi, Gujranwala, Faisalabad, Multan, Sargodha, Sahiwal, Bahawalpur, DG Khan.
- **Federal Board (FBISE):** Islamabad & Cantonment Institutions.
- **KPK & Sindh Boards:** Aligned with Single National Curriculum standards.

#### 💡 Exam Preparation Tips:
- Review past 5-year board questions included at the end of each topic.
- Practice diagrams, derivations, and formulas regularly.
- Memorize key definitions and bold terms for maximum score."
Unit 08 Exercise 8.2,Mathematics,10,PCTB (Punjab Curriculum & Textbook Board),CHAPTER_WISE,8,Solved Numericals,TaleemCity / PakParcha,https://drive.google.com/file/d/1rcMONezXmxi8HYfMLFmckjUZuVQzE8D9/preview,"### Comprehensive Mathematics Class 10 (Unit 8) Notes & Solutions

These Mathematics notes for Class 10 (Unit 08 Exercise 8.2) are prepared strictly according to the Single National Curriculum (SNC 2025–2026) and Punjab Curriculum and Textbook Board (PCTB) standards.

#### 📌 Included In This Resource:
1. **Multiple Choice Questions (MCQs):** Carefully curated objective questions with verified answer keys.
2. **Short Answer Questions:** Concise, exam-targeted answers highlighting key definitions, laws, and concepts.
3. **Long & Detailed Questions:** Step-by-step explanations, diagrams, derivations, and board-standard headings.
4. **Textbook Solved Exercises & Numericals:** Complete solved numericals and exercises with given data, formula substitution, and final units.

#### 🏛️ Board Compatibility:
- **Punjab Boards:** Lahore, Rawalpindi, Gujranwala, Faisalabad, Multan, Sargodha, Sahiwal, Bahawalpur, DG Khan.
- **Federal Board (FBISE):** Islamabad & Cantonment Institutions.
- **KPK & Sindh Boards:** Aligned with Single National Curriculum standards.

#### 💡 Exam Preparation Tips:
- Review past 5-year board questions included at the end of each topic.
- Practice diagrams, derivations, and formulas regularly.
- Memorize key definitions and bold terms for maximum score."
Unit 08 Review Exercise 8,Mathematics,10,PCTB (Punjab Curriculum & Textbook Board),CHAPTER_WISE,8,Solved Numericals,TaleemCity / PakParcha,https://drive.google.com/file/d/1GsYte9RogecgH9urOUXX1GSiAjiMu1SW/preview,"### Comprehensive Mathematics Class 10 (Unit 8) Notes & Solutions

These Mathematics notes for Class 10 (Unit 08 Review Exercise 8) are prepared strictly according to the Single National Curriculum (SNC 2025–2026) and Punjab Curriculum and Textbook Board (PCTB) standards.

#### 📌 Included In This Resource:
1. **Multiple Choice Questions (MCQs):** Carefully curated objective questions with verified answer keys.
2. **Short Answer Questions:** Concise, exam-targeted answers highlighting key definitions, laws, and concepts.
3. **Long & Detailed Questions:** Step-by-step explanations, diagrams, derivations, and board-standard headings.
4. **Textbook Solved Exercises & Numericals:** Complete solved numericals and exercises with given data, formula substitution, and final units.

#### 🏛️ Board Compatibility:
- **Punjab Boards:** Lahore, Rawalpindi, Gujranwala, Faisalabad, Multan, Sargodha, Sahiwal, Bahawalpur, DG Khan.
- **Federal Board (FBISE):** Islamabad & Cantonment Institutions.
- **KPK & Sindh Boards:** Aligned with Single National Curriculum standards.

#### 💡 Exam Preparation Tips:
- Review past 5-year board questions included at the end of each topic.
- Practice diagrams, derivations, and formulas regularly.
- Memorize key definitions and bold terms for maximum score."
Unit 09 Exercise 9.1,Mathematics,10,PCTB (Punjab Curriculum & Textbook Board),CHAPTER_WISE,9,Solved Numericals,TaleemCity / PakParcha,https://drive.google.com/file/d/1BaUrCG0bJWqv2kvE6dFdedOW68XNx_J1/preview,"### Comprehensive Mathematics Class 10 (Unit 9) Notes & Solutions

These Mathematics notes for Class 10 (Unit 09 Exercise 9.1) are prepared strictly according to the Single National Curriculum (SNC 2025–2026) and Punjab Curriculum and Textbook Board (PCTB) standards.

#### 📌 Included In This Resource:
1. **Multiple Choice Questions (MCQs):** Carefully curated objective questions with verified answer keys.
2. **Short Answer Questions:** Concise, exam-targeted answers highlighting key definitions, laws, and concepts.
3. **Long & Detailed Questions:** Step-by-step explanations, diagrams, derivations, and board-standard headings.
4. **Textbook Solved Exercises & Numericals:** Complete solved numericals and exercises with given data, formula substitution, and final units.

#### 🏛️ Board Compatibility:
- **Punjab Boards:** Lahore, Rawalpindi, Gujranwala, Faisalabad, Multan, Sargodha, Sahiwal, Bahawalpur, DG Khan.
- **Federal Board (FBISE):** Islamabad & Cantonment Institutions.
- **KPK & Sindh Boards:** Aligned with Single National Curriculum standards.

#### 💡 Exam Preparation Tips:
- Review past 5-year board questions included at the end of each topic.
- Practice diagrams, derivations, and formulas regularly.
- Memorize key definitions and bold terms for maximum score."
Unit 09 Exercise 9.2,Mathematics,10,PCTB (Punjab Curriculum & Textbook Board),CHAPTER_WISE,9,Solved Numericals,TaleemCity / PakParcha,https://drive.google.com/file/d/1GjBvScJeZ1wLibrJL8YpbQyuXDOVuxDr/preview,"### Comprehensive Mathematics Class 10 (Unit 9) Notes & Solutions

These Mathematics notes for Class 10 (Unit 09 Exercise 9.2) are prepared strictly according to the Single National Curriculum (SNC 2025–2026) and Punjab Curriculum and Textbook Board (PCTB) standards.

#### 📌 Included In This Resource:
1. **Multiple Choice Questions (MCQs):** Carefully curated objective questions with verified answer keys.
2. **Short Answer Questions:** Concise, exam-targeted answers highlighting key definitions, laws, and concepts.
3. **Long & Detailed Questions:** Step-by-step explanations, diagrams, derivations, and board-standard headings.
4. **Textbook Solved Exercises & Numericals:** Complete solved numericals and exercises with given data, formula substitution, and final units.

#### 🏛️ Board Compatibility:
- **Punjab Boards:** Lahore, Rawalpindi, Gujranwala, Faisalabad, Multan, Sargodha, Sahiwal, Bahawalpur, DG Khan.
- **Federal Board (FBISE):** Islamabad & Cantonment Institutions.
- **KPK & Sindh Boards:** Aligned with Single National Curriculum standards.

#### 💡 Exam Preparation Tips:
- Review past 5-year board questions included at the end of each topic.
- Practice diagrams, derivations, and formulas regularly.
- Memorize key definitions and bold terms for maximum score."
Unit 09 MCQ's,Mathematics,10,PCTB (Punjab Curriculum & Textbook Board),CHAPTER_WISE,9,Solved MCQs,TaleemCity / PakParcha,https://drive.google.com/file/d/1KU2pj9oNFv1f2ftdN-xM9f3uS3IQ2lkM/preview,"### Comprehensive Mathematics Class 10 (Unit 9) Notes & Solutions

These Mathematics notes for Class 10 (Unit 09 MCQ's) are prepared strictly according to the Single National Curriculum (SNC 2025–2026) and Punjab Curriculum and Textbook Board (PCTB) standards.

#### 📌 Included In This Resource:
1. **Multiple Choice Questions (MCQs):** Carefully curated objective questions with verified answer keys.
2. **Short Answer Questions:** Concise, exam-targeted answers highlighting key definitions, laws, and concepts.
3. **Long & Detailed Questions:** Step-by-step explanations, diagrams, derivations, and board-standard headings.
4. **Textbook Solved Exercises & Numericals:** Complete solved numericals and exercises with given data, formula substitution, and final units.

#### 🏛️ Board Compatibility:
- **Punjab Boards:** Lahore, Rawalpindi, Gujranwala, Faisalabad, Multan, Sargodha, Sahiwal, Bahawalpur, DG Khan.
- **Federal Board (FBISE):** Islamabad & Cantonment Institutions.
- **KPK & Sindh Boards:** Aligned with Single National Curriculum standards.

#### 💡 Exam Preparation Tips:
- Review past 5-year board questions included at the end of each topic.
- Practice diagrams, derivations, and formulas regularly.
- Memorize key definitions and bold terms for maximum score."
Unit 09 Review Exercise 9,Mathematics,10,PCTB (Punjab Curriculum & Textbook Board),CHAPTER_WISE,9,Solved Numericals,TaleemCity / PakParcha,https://drive.google.com/file/d/1xi_045r9Rrk_fdPyIogf70Lhay5OtKCD/preview,"### Comprehensive Mathematics Class 10 (Unit 9) Notes & Solutions

These Mathematics notes for Class 10 (Unit 09 Review Exercise 9) are prepared strictly according to the Single National Curriculum (SNC 2025–2026) and Punjab Curriculum and Textbook Board (PCTB) standards.

#### 📌 Included In This Resource:
1. **Multiple Choice Questions (MCQs):** Carefully curated objective questions with verified answer keys.
2. **Short Answer Questions:** Concise, exam-targeted answers highlighting key definitions, laws, and concepts.
3. **Long & Detailed Questions:** Step-by-step explanations, diagrams, derivations, and board-standard headings.
4. **Textbook Solved Exercises & Numericals:** Complete solved numericals and exercises with given data, formula substitution, and final units.

#### 🏛️ Board Compatibility:
- **Punjab Boards:** Lahore, Rawalpindi, Gujranwala, Faisalabad, Multan, Sargodha, Sahiwal, Bahawalpur, DG Khan.
- **Federal Board (FBISE):** Islamabad & Cantonment Institutions.
- **KPK & Sindh Boards:** Aligned with Single National Curriculum standards.

#### 💡 Exam Preparation Tips:
- Review past 5-year board questions included at the end of each topic.
- Practice diagrams, derivations, and formulas regularly.
- Memorize key definitions and bold terms for maximum score."
Unit 10 Exercise 10.1,Mathematics,10,PCTB (Punjab Curriculum & Textbook Board),CHAPTER_WISE,10,Solved Numericals,TaleemCity / PakParcha,https://drive.google.com/file/d/1sDF-8X_Qsy54lJ8MRXKchy81g1Mho_zg/preview,"### Comprehensive Mathematics Class 10 (Unit 10) Notes & Solutions

These Mathematics notes for Class 10 (Unit 10 Exercise 10.1) are prepared strictly according to the Single National Curriculum (SNC 2025–2026) and Punjab Curriculum and Textbook Board (PCTB) standards.

#### 📌 Included In This Resource:
1. **Multiple Choice Questions (MCQs):** Carefully curated objective questions with verified answer keys.
2. **Short Answer Questions:** Concise, exam-targeted answers highlighting key definitions, laws, and concepts.
3. **Long & Detailed Questions:** Step-by-step explanations, diagrams, derivations, and board-standard headings.
4. **Textbook Solved Exercises & Numericals:** Complete solved numericals and exercises with given data, formula substitution, and final units.

#### 🏛️ Board Compatibility:
- **Punjab Boards:** Lahore, Rawalpindi, Gujranwala, Faisalabad, Multan, Sargodha, Sahiwal, Bahawalpur, DG Khan.
- **Federal Board (FBISE):** Islamabad & Cantonment Institutions.
- **KPK & Sindh Boards:** Aligned with Single National Curriculum standards.

#### 💡 Exam Preparation Tips:
- Review past 5-year board questions included at the end of each topic.
- Practice diagrams, derivations, and formulas regularly.
- Memorize key definitions and bold terms for maximum score."
Unit 10 Exercise 10.2,Mathematics,10,PCTB (Punjab Curriculum & Textbook Board),CHAPTER_WISE,10,Solved Numericals,TaleemCity / PakParcha,https://drive.google.com/file/d/1kMCaGO0lLHR8WXg43RqOLGmgXO8aTo3W/preview,"### Comprehensive Mathematics Class 10 (Unit 10) Notes & Solutions

These Mathematics notes for Class 10 (Unit 10 Exercise 10.2) are prepared strictly according to the Single National Curriculum (SNC 2025–2026) and Punjab Curriculum and Textbook Board (PCTB) standards.

#### 📌 Included In This Resource:
1. **Multiple Choice Questions (MCQs):** Carefully curated objective questions with verified answer keys.
2. **Short Answer Questions:** Concise, exam-targeted answers highlighting key definitions, laws, and concepts.
3. **Long & Detailed Questions:** Step-by-step explanations, diagrams, derivations, and board-standard headings.
4. **Textbook Solved Exercises & Numericals:** Complete solved numericals and exercises with given data, formula substitution, and final units.

#### 🏛️ Board Compatibility:
- **Punjab Boards:** Lahore, Rawalpindi, Gujranwala, Faisalabad, Multan, Sargodha, Sahiwal, Bahawalpur, DG Khan.
- **Federal Board (FBISE):** Islamabad & Cantonment Institutions.
- **KPK & Sindh Boards:** Aligned with Single National Curriculum standards.

#### 💡 Exam Preparation Tips:
- Review past 5-year board questions included at the end of each topic.
- Practice diagrams, derivations, and formulas regularly.
- Memorize key definitions and bold terms for maximum score."
Unit 10 Exercise 10.3,Mathematics,10,PCTB (Punjab Curriculum & Textbook Board),CHAPTER_WISE,10,Solved Numericals,TaleemCity / PakParcha,https://drive.google.com/file/d/1Zz_DD9V8tiHf6FBf5xqmb8ApHydROVdn/preview,"### Comprehensive Mathematics Class 10 (Unit 10) Notes & Solutions

These Mathematics notes for Class 10 (Unit 10 Exercise 10.3) are prepared strictly according to the Single National Curriculum (SNC 2025–2026) and Punjab Curriculum and Textbook Board (PCTB) standards.

#### 📌 Included In This Resource:
1. **Multiple Choice Questions (MCQs):** Carefully curated objective questions with verified answer keys.
2. **Short Answer Questions:** Concise, exam-targeted answers highlighting key definitions, laws, and concepts.
3. **Long & Detailed Questions:** Step-by-step explanations, diagrams, derivations, and board-standard headings.
4. **Textbook Solved Exercises & Numericals:** Complete solved numericals and exercises with given data, formula substitution, and final units.

#### 🏛️ Board Compatibility:
- **Punjab Boards:** Lahore, Rawalpindi, Gujranwala, Faisalabad, Multan, Sargodha, Sahiwal, Bahawalpur, DG Khan.
- **Federal Board (FBISE):** Islamabad & Cantonment Institutions.
- **KPK & Sindh Boards:** Aligned with Single National Curriculum standards.

#### 💡 Exam Preparation Tips:
- Review past 5-year board questions included at the end of each topic.
- Practice diagrams, derivations, and formulas regularly.
- Memorize key definitions and bold terms for maximum score."
Unit 10 MCQ's,Mathematics,10,PCTB (Punjab Curriculum & Textbook Board),CHAPTER_WISE,10,Solved MCQs,TaleemCity / PakParcha,https://drive.google.com/file/d/1cumhXVL9y_zoaptWAKBPHjD7cMXW80A5/preview,"### Comprehensive Mathematics Class 10 (Unit 10) Notes & Solutions

These Mathematics notes for Class 10 (Unit 10 MCQ's) are prepared strictly according to the Single National Curriculum (SNC 2025–2026) and Punjab Curriculum and Textbook Board (PCTB) standards.

#### 📌 Included In This Resource:
1. **Multiple Choice Questions (MCQs):** Carefully curated objective questions with verified answer keys.
2. **Short Answer Questions:** Concise, exam-targeted answers highlighting key definitions, laws, and concepts.
3. **Long & Detailed Questions:** Step-by-step explanations, diagrams, derivations, and board-standard headings.
4. **Textbook Solved Exercises & Numericals:** Complete solved numericals and exercises with given data, formula substitution, and final units.

#### 🏛️ Board Compatibility:
- **Punjab Boards:** Lahore, Rawalpindi, Gujranwala, Faisalabad, Multan, Sargodha, Sahiwal, Bahawalpur, DG Khan.
- **Federal Board (FBISE):** Islamabad & Cantonment Institutions.
- **KPK & Sindh Boards:** Aligned with Single National Curriculum standards.

#### 💡 Exam Preparation Tips:
- Review past 5-year board questions included at the end of each topic.
- Practice diagrams, derivations, and formulas regularly.
- Memorize key definitions and bold terms for maximum score."
Unit 10 Review Exercise 10,Mathematics,10,PCTB (Punjab Curriculum & Textbook Board),CHAPTER_WISE,10,Solved Numericals,TaleemCity / PakParcha,https://drive.google.com/file/d/1VucUQFkkoGWjRuQOYNHwEKGnRW-Ty4xH/preview,"### Comprehensive Mathematics Class 10 (Unit 10) Notes & Solutions

These Mathematics notes for Class 10 (Unit 10 Review Exercise 10) are prepared strictly according to the Single National Curriculum (SNC 2025–2026) and Punjab Curriculum and Textbook Board (PCTB) standards.

#### 📌 Included In This Resource:
1. **Multiple Choice Questions (MCQs):** Carefully curated objective questions with verified answer keys.
2. **Short Answer Questions:** Concise, exam-targeted answers highlighting key definitions, laws, and concepts.
3. **Long & Detailed Questions:** Step-by-step explanations, diagrams, derivations, and board-standard headings.
4. **Textbook Solved Exercises & Numericals:** Complete solved numericals and exercises with given data, formula substitution, and final units.

#### 🏛️ Board Compatibility:
- **Punjab Boards:** Lahore, Rawalpindi, Gujranwala, Faisalabad, Multan, Sargodha, Sahiwal, Bahawalpur, DG Khan.
- **Federal Board (FBISE):** Islamabad & Cantonment Institutions.
- **KPK & Sindh Boards:** Aligned with Single National Curriculum standards.

#### 💡 Exam Preparation Tips:
- Review past 5-year board questions included at the end of each topic.
- Practice diagrams, derivations, and formulas regularly.
- Memorize key definitions and bold terms for maximum score."
Unit 11 Exercise 11.1,Mathematics,10,PCTB (Punjab Curriculum & Textbook Board),CHAPTER_WISE,11,Solved Numericals,TaleemCity / PakParcha,https://drive.google.com/file/d/1N9KFJMfDsaL2EDEAjw8xmhEEm2TpqtLY/preview,"### Comprehensive Mathematics Class 10 (Unit 11) Notes & Solutions

These Mathematics notes for Class 10 (Unit 11 Exercise 11.1) are prepared strictly according to the Single National Curriculum (SNC 2025–2026) and Punjab Curriculum and Textbook Board (PCTB) standards.

#### 📌 Included In This Resource:
1. **Multiple Choice Questions (MCQs):** Carefully curated objective questions with verified answer keys.
2. **Short Answer Questions:** Concise, exam-targeted answers highlighting key definitions, laws, and concepts.
3. **Long & Detailed Questions:** Step-by-step explanations, diagrams, derivations, and board-standard headings.
4. **Textbook Solved Exercises & Numericals:** Complete solved numericals and exercises with given data, formula substitution, and final units.

#### 🏛️ Board Compatibility:
- **Punjab Boards:** Lahore, Rawalpindi, Gujranwala, Faisalabad, Multan, Sargodha, Sahiwal, Bahawalpur, DG Khan.
- **Federal Board (FBISE):** Islamabad & Cantonment Institutions.
- **KPK & Sindh Boards:** Aligned with Single National Curriculum standards.

#### 💡 Exam Preparation Tips:
- Review past 5-year board questions included at the end of each topic.
- Practice diagrams, derivations, and formulas regularly.
- Memorize key definitions and bold terms for maximum score."
Unit 11 MCQ's,Mathematics,10,PCTB (Punjab Curriculum & Textbook Board),CHAPTER_WISE,11,Solved MCQs,TaleemCity / PakParcha,https://drive.google.com/file/d/1HKuBQKfW3mkJvZb0qZ_SijDDaifuemnQ/preview,"### Comprehensive Mathematics Class 10 (Unit 11) Notes & Solutions

These Mathematics notes for Class 10 (Unit 11 MCQ's) are prepared strictly according to the Single National Curriculum (SNC 2025–2026) and Punjab Curriculum and Textbook Board (PCTB) standards.

#### 📌 Included In This Resource:
1. **Multiple Choice Questions (MCQs):** Carefully curated objective questions with verified answer keys.
2. **Short Answer Questions:** Concise, exam-targeted answers highlighting key definitions, laws, and concepts.
3. **Long & Detailed Questions:** Step-by-step explanations, diagrams, derivations, and board-standard headings.
4. **Textbook Solved Exercises & Numericals:** Complete solved numericals and exercises with given data, formula substitution, and final units.

#### 🏛️ Board Compatibility:
- **Punjab Boards:** Lahore, Rawalpindi, Gujranwala, Faisalabad, Multan, Sargodha, Sahiwal, Bahawalpur, DG Khan.
- **Federal Board (FBISE):** Islamabad & Cantonment Institutions.
- **KPK & Sindh Boards:** Aligned with Single National Curriculum standards.

#### 💡 Exam Preparation Tips:
- Review past 5-year board questions included at the end of each topic.
- Practice diagrams, derivations, and formulas regularly.
- Memorize key definitions and bold terms for maximum score."
Unit 11 Review Exercise 11,Mathematics,10,PCTB (Punjab Curriculum & Textbook Board),CHAPTER_WISE,11,Solved Numericals,TaleemCity / PakParcha,https://drive.google.com/file/d/1DPPcFtWl5r-tam8QnVnINz-VXtV1yneZ/preview,"### Comprehensive Mathematics Class 10 (Unit 11) Notes & Solutions

These Mathematics notes for Class 10 (Unit 11 Review Exercise 11) are prepared strictly according to the Single National Curriculum (SNC 2025–2026) and Punjab Curriculum and Textbook Board (PCTB) standards.

#### 📌 Included In This Resource:
1. **Multiple Choice Questions (MCQs):** Carefully curated objective questions with verified answer keys.
2. **Short Answer Questions:** Concise, exam-targeted answers highlighting key definitions, laws, and concepts.
3. **Long & Detailed Questions:** Step-by-step explanations, diagrams, derivations, and board-standard headings.
4. **Textbook Solved Exercises & Numericals:** Complete solved numericals and exercises with given data, formula substitution, and final units.

#### 🏛️ Board Compatibility:
- **Punjab Boards:** Lahore, Rawalpindi, Gujranwala, Faisalabad, Multan, Sargodha, Sahiwal, Bahawalpur, DG Khan.
- **Federal Board (FBISE):** Islamabad & Cantonment Institutions.
- **KPK & Sindh Boards:** Aligned with Single National Curriculum standards.

#### 💡 Exam Preparation Tips:
- Review past 5-year board questions included at the end of each topic.
- Practice diagrams, derivations, and formulas regularly.
- Memorize key definitions and bold terms for maximum score."
Unit 12 Exercise 12.1,Mathematics,10,PCTB (Punjab Curriculum & Textbook Board),CHAPTER_WISE,12,Solved Numericals,TaleemCity / PakParcha,https://drive.google.com/file/d/1ucFwIyYiv8B8W62A0H6_L066pQy0NGWk/preview,"### Comprehensive Mathematics Class 10 (Unit 12) Notes & Solutions

These Mathematics notes for Class 10 (Unit 12 Exercise 12.1) are prepared strictly according to the Single National Curriculum (SNC 2025–2026) and Punjab Curriculum and Textbook Board (PCTB) standards.

#### 📌 Included In This Resource:
1. **Multiple Choice Questions (MCQs):** Carefully curated objective questions with verified answer keys.
2. **Short Answer Questions:** Concise, exam-targeted answers highlighting key definitions, laws, and concepts.
3. **Long & Detailed Questions:** Step-by-step explanations, diagrams, derivations, and board-standard headings.
4. **Textbook Solved Exercises & Numericals:** Complete solved numericals and exercises with given data, formula substitution, and final units.

#### 🏛️ Board Compatibility:
- **Punjab Boards:** Lahore, Rawalpindi, Gujranwala, Faisalabad, Multan, Sargodha, Sahiwal, Bahawalpur, DG Khan.
- **Federal Board (FBISE):** Islamabad & Cantonment Institutions.
- **KPK & Sindh Boards:** Aligned with Single National Curriculum standards.

#### 💡 Exam Preparation Tips:
- Review past 5-year board questions included at the end of each topic.
- Practice diagrams, derivations, and formulas regularly.
- Memorize key definitions and bold terms for maximum score."
Unit 12 MCQ's,Mathematics,10,PCTB (Punjab Curriculum & Textbook Board),CHAPTER_WISE,12,Solved MCQs,TaleemCity / PakParcha,https://drive.google.com/file/d/1wdZWQBe_oUVG8xf_GhmMMhETLpkwoxZw/preview,"### Comprehensive Mathematics Class 10 (Unit 12) Notes & Solutions

These Mathematics notes for Class 10 (Unit 12 MCQ's) are prepared strictly according to the Single National Curriculum (SNC 2025–2026) and Punjab Curriculum and Textbook Board (PCTB) standards.

#### 📌 Included In This Resource:
1. **Multiple Choice Questions (MCQs):** Carefully curated objective questions with verified answer keys.
2. **Short Answer Questions:** Concise, exam-targeted answers highlighting key definitions, laws, and concepts.
3. **Long & Detailed Questions:** Step-by-step explanations, diagrams, derivations, and board-standard headings.
4. **Textbook Solved Exercises & Numericals:** Complete solved numericals and exercises with given data, formula substitution, and final units.

#### 🏛️ Board Compatibility:
- **Punjab Boards:** Lahore, Rawalpindi, Gujranwala, Faisalabad, Multan, Sargodha, Sahiwal, Bahawalpur, DG Khan.
- **Federal Board (FBISE):** Islamabad & Cantonment Institutions.
- **KPK & Sindh Boards:** Aligned with Single National Curriculum standards.

#### 💡 Exam Preparation Tips:
- Review past 5-year board questions included at the end of each topic.
- Practice diagrams, derivations, and formulas regularly.
- Memorize key definitions and bold terms for maximum score."
Unit 12 Review Exercise 12,Mathematics,10,PCTB (Punjab Curriculum & Textbook Board),CHAPTER_WISE,12,Solved Numericals,TaleemCity / PakParcha,https://drive.google.com/file/d/1TU_h3_qrVUR9iEpCB6sd3C5_yn8JEpal/preview,"### Comprehensive Mathematics Class 10 (Unit 12) Notes & Solutions

These Mathematics notes for Class 10 (Unit 12 Review Exercise 12) are prepared strictly according to the Single National Curriculum (SNC 2025–2026) and Punjab Curriculum and Textbook Board (PCTB) standards.

#### 📌 Included In This Resource:
1. **Multiple Choice Questions (MCQs):** Carefully curated objective questions with verified answer keys.
2. **Short Answer Questions:** Concise, exam-targeted answers highlighting key definitions, laws, and concepts.
3. **Long & Detailed Questions:** Step-by-step explanations, diagrams, derivations, and board-standard headings.
4. **Textbook Solved Exercises & Numericals:** Complete solved numericals and exercises with given data, formula substitution, and final units.

#### 🏛️ Board Compatibility:
- **Punjab Boards:** Lahore, Rawalpindi, Gujranwala, Faisalabad, Multan, Sargodha, Sahiwal, Bahawalpur, DG Khan.
- **Federal Board (FBISE):** Islamabad & Cantonment Institutions.
- **KPK & Sindh Boards:** Aligned with Single National Curriculum standards.

#### 💡 Exam Preparation Tips:
- Review past 5-year board questions included at the end of each topic.
- Practice diagrams, derivations, and formulas regularly.
- Memorize key definitions and bold terms for maximum score."
Unit 13 Exercise 13.1,Mathematics,10,PCTB (Punjab Curriculum & Textbook Board),CHAPTER_WISE,13,Solved Numericals,TaleemCity / PakParcha,https://drive.google.com/file/d/1Iv8kDU_SqWiRoOYHYR2KYx4o08vbQJdD/preview,"### Comprehensive Mathematics Class 10 (Unit 13) Notes & Solutions

These Mathematics notes for Class 10 (Unit 13 Exercise 13.1) are prepared strictly according to the Single National Curriculum (SNC 2025–2026) and Punjab Curriculum and Textbook Board (PCTB) standards.

#### 📌 Included In This Resource:
1. **Multiple Choice Questions (MCQs):** Carefully curated objective questions with verified answer keys.
2. **Short Answer Questions:** Concise, exam-targeted answers highlighting key definitions, laws, and concepts.
3. **Long & Detailed Questions:** Step-by-step explanations, diagrams, derivations, and board-standard headings.
4. **Textbook Solved Exercises & Numericals:** Complete solved numericals and exercises with given data, formula substitution, and final units.

#### 🏛️ Board Compatibility:
- **Punjab Boards:** Lahore, Rawalpindi, Gujranwala, Faisalabad, Multan, Sargodha, Sahiwal, Bahawalpur, DG Khan.
- **Federal Board (FBISE):** Islamabad & Cantonment Institutions.
- **KPK & Sindh Boards:** Aligned with Single National Curriculum standards.

#### 💡 Exam Preparation Tips:
- Review past 5-year board questions included at the end of each topic.
- Practice diagrams, derivations, and formulas regularly.
- Memorize key definitions and bold terms for maximum score."
Unit 13 Exercise 13.2,Mathematics,10,PCTB (Punjab Curriculum & Textbook Board),CHAPTER_WISE,13,Solved Numericals,TaleemCity / PakParcha,https://drive.google.com/file/d/1t9OZteM114uNLcuIFoF6OJrHGGbtWkJH/preview,"### Comprehensive Mathematics Class 10 (Unit 13) Notes & Solutions

These Mathematics notes for Class 10 (Unit 13 Exercise 13.2) are prepared strictly according to the Single National Curriculum (SNC 2025–2026) and Punjab Curriculum and Textbook Board (PCTB) standards.

#### 📌 Included In This Resource:
1. **Multiple Choice Questions (MCQs):** Carefully curated objective questions with verified answer keys.
2. **Short Answer Questions:** Concise, exam-targeted answers highlighting key definitions, laws, and concepts.
3. **Long & Detailed Questions:** Step-by-step explanations, diagrams, derivations, and board-standard headings.
4. **Textbook Solved Exercises & Numericals:** Complete solved numericals and exercises with given data, formula substitution, and final units.

#### 🏛️ Board Compatibility:
- **Punjab Boards:** Lahore, Rawalpindi, Gujranwala, Faisalabad, Multan, Sargodha, Sahiwal, Bahawalpur, DG Khan.
- **Federal Board (FBISE):** Islamabad & Cantonment Institutions.
- **KPK & Sindh Boards:** Aligned with Single National Curriculum standards.

#### 💡 Exam Preparation Tips:
- Review past 5-year board questions included at the end of each topic.
- Practice diagrams, derivations, and formulas regularly.
- Memorize key definitions and bold terms for maximum score."
Unit 13 MCQ's,Mathematics,10,PCTB (Punjab Curriculum & Textbook Board),CHAPTER_WISE,13,Solved MCQs,TaleemCity / PakParcha,https://drive.google.com/file/d/12F7x2PotBMnfW7PdhZLpokVGYrdbUIBY/preview,"### Comprehensive Mathematics Class 10 (Unit 13) Notes & Solutions

These Mathematics notes for Class 10 (Unit 13 MCQ's) are prepared strictly according to the Single National Curriculum (SNC 2025–2026) and Punjab Curriculum and Textbook Board (PCTB) standards.

#### 📌 Included In This Resource:
1. **Multiple Choice Questions (MCQs):** Carefully curated objective questions with verified answer keys.
2. **Short Answer Questions:** Concise, exam-targeted answers highlighting key definitions, laws, and concepts.
3. **Long & Detailed Questions:** Step-by-step explanations, diagrams, derivations, and board-standard headings.
4. **Textbook Solved Exercises & Numericals:** Complete solved numericals and exercises with given data, formula substitution, and final units.

#### 🏛️ Board Compatibility:
- **Punjab Boards:** Lahore, Rawalpindi, Gujranwala, Faisalabad, Multan, Sargodha, Sahiwal, Bahawalpur, DG Khan.
- **Federal Board (FBISE):** Islamabad & Cantonment Institutions.
- **KPK & Sindh Boards:** Aligned with Single National Curriculum standards.

#### 💡 Exam Preparation Tips:
- Review past 5-year board questions included at the end of each topic.
- Practice diagrams, derivations, and formulas regularly.
- Memorize key definitions and bold terms for maximum score."
Complete Merged Book Notes,Pakistan Studies,10,PCTB (Punjab Curriculum & Textbook Board),FULL_BOOK,,Full Book Complete,TaleemCity / PakParcha,https://drive.google.com/file/d/14ue9ObQhXqlS2Dwix0RZj6qZkkxw-17t/preview,"### Comprehensive Pakistan Studies Class 10 (Full Book Complete Syllabus) Notes & Solutions

These Pakistan Studies notes for Class 10 (Complete Merged Book Notes) are prepared strictly according to the Single National Curriculum (SNC 2025–2026) and Punjab Curriculum and Textbook Board (PCTB) standards.

#### 📌 Included In This Resource:
1. **Multiple Choice Questions (MCQs):** Carefully curated objective questions with verified answer keys.
2. **Short Answer Questions:** Concise, exam-targeted answers highlighting key definitions, laws, and concepts.
3. **Long & Detailed Questions:** Step-by-step explanations, diagrams, derivations, and board-standard headings.
4. **Textbook Solved Exercises & Numericals:** Complete solved numericals and exercises with given data, formula substitution, and final units.

#### 🏛️ Board Compatibility:
- **Punjab Boards:** Lahore, Rawalpindi, Gujranwala, Faisalabad, Multan, Sargodha, Sahiwal, Bahawalpur, DG Khan.
- **Federal Board (FBISE):** Islamabad & Cantonment Institutions.
- **KPK & Sindh Boards:** Aligned with Single National Curriculum standards.

#### 💡 Exam Preparation Tips:
- Review past 5-year board questions included at the end of each topic.
- Practice diagrams, derivations, and formulas regularly.
- Memorize key definitions and bold terms for maximum score."
Unit 01 Chapter 1 - Ideological Basis of Pakistan (New),Pakistan Studies,10,PCTB (Punjab Curriculum & Textbook Board),CHAPTER_WISE,1,Chapter Questions,TaleemCity / PakParcha,https://drive.google.com/file/d/1Tb7f5JKWWyDgkeaXf8lIKyVbDhOpLGS1/preview,"### Comprehensive Pakistan Studies Class 10 (Unit 1) Notes & Solutions

These Pakistan Studies notes for Class 10 (Unit 01 Chapter 1 - Ideological Basis of Pakistan (New)) are prepared strictly according to the Single National Curriculum (SNC 2025–2026) and Punjab Curriculum and Textbook Board (PCTB) standards.

#### 📌 Included In This Resource:
1. **Multiple Choice Questions (MCQs):** Carefully curated objective questions with verified answer keys.
2. **Short Answer Questions:** Concise, exam-targeted answers highlighting key definitions, laws, and concepts.
3. **Long & Detailed Questions:** Step-by-step explanations, diagrams, derivations, and board-standard headings.
4. **Textbook Solved Exercises & Numericals:** Complete solved numericals and exercises with given data, formula substitution, and final units.

#### 🏛️ Board Compatibility:
- **Punjab Boards:** Lahore, Rawalpindi, Gujranwala, Faisalabad, Multan, Sargodha, Sahiwal, Bahawalpur, DG Khan.
- **Federal Board (FBISE):** Islamabad & Cantonment Institutions.
- **KPK & Sindh Boards:** Aligned with Single National Curriculum standards.

#### 💡 Exam Preparation Tips:
- Review past 5-year board questions included at the end of each topic.
- Practice diagrams, derivations, and formulas regularly.
- Memorize key definitions and bold terms for maximum score."
Unit 02 Chapter 2 - Pakistan Movement (New),Pakistan Studies,10,PCTB (Punjab Curriculum & Textbook Board),CHAPTER_WISE,2,Chapter Questions,TaleemCity / PakParcha,https://drive.google.com/file/d/1MEOPqtakHYTgzxSshha4H6sQq4s3EBi1/preview,"### Comprehensive Pakistan Studies Class 10 (Unit 2) Notes & Solutions

These Pakistan Studies notes for Class 10 (Unit 02 Chapter 2 - Pakistan Movement (New)) are prepared strictly according to the Single National Curriculum (SNC 2025–2026) and Punjab Curriculum and Textbook Board (PCTB) standards.

#### 📌 Included In This Resource:
1. **Multiple Choice Questions (MCQs):** Carefully curated objective questions with verified answer keys.
2. **Short Answer Questions:** Concise, exam-targeted answers highlighting key definitions, laws, and concepts.
3. **Long & Detailed Questions:** Step-by-step explanations, diagrams, derivations, and board-standard headings.
4. **Textbook Solved Exercises & Numericals:** Complete solved numericals and exercises with given data, formula substitution, and final units.

#### 🏛️ Board Compatibility:
- **Punjab Boards:** Lahore, Rawalpindi, Gujranwala, Faisalabad, Multan, Sargodha, Sahiwal, Bahawalpur, DG Khan.
- **Federal Board (FBISE):** Islamabad & Cantonment Institutions.
- **KPK & Sindh Boards:** Aligned with Single National Curriculum standards.

#### 💡 Exam Preparation Tips:
- Review past 5-year board questions included at the end of each topic.
- Practice diagrams, derivations, and formulas regularly.
- Memorize key definitions and bold terms for maximum score."
Unit 03 Chapter 3 - History of Pakistan (1947-Uptill Now) and Constitutional Development in Pakistan (New),Pakistan Studies,10,PCTB (Punjab Curriculum & Textbook Board),CHAPTER_WISE,3,Chapter Questions,TaleemCity / PakParcha,https://drive.google.com/file/d/1U-JqstK5Gg3ZxxGAnRY_QA3-2UyYT7-g/preview,"### Comprehensive Pakistan Studies Class 10 (Unit 3) Notes & Solutions

These Pakistan Studies notes for Class 10 (Unit 03 Chapter 3 - History of Pakistan (1947-Uptill Now) and Constitutional Development in Pakistan (New)) are prepared strictly according to the Single National Curriculum (SNC 2025–2026) and Punjab Curriculum and Textbook Board (PCTB) standards.

#### 📌 Included In This Resource:
1. **Multiple Choice Questions (MCQs):** Carefully curated objective questions with verified answer keys.
2. **Short Answer Questions:** Concise, exam-targeted answers highlighting key definitions, laws, and concepts.
3. **Long & Detailed Questions:** Step-by-step explanations, diagrams, derivations, and board-standard headings.
4. **Textbook Solved Exercises & Numericals:** Complete solved numericals and exercises with given data, formula substitution, and final units.

#### 🏛️ Board Compatibility:
- **Punjab Boards:** Lahore, Rawalpindi, Gujranwala, Faisalabad, Multan, Sargodha, Sahiwal, Bahawalpur, DG Khan.
- **Federal Board (FBISE):** Islamabad & Cantonment Institutions.
- **KPK & Sindh Boards:** Aligned with Single National Curriculum standards.

#### 💡 Exam Preparation Tips:
- Review past 5-year board questions included at the end of each topic.
- Practice diagrams, derivations, and formulas regularly.
- Memorize key definitions and bold terms for maximum score."
Unit 04 Chapter 4 - Geography of Pakistan (New),Pakistan Studies,10,PCTB (Punjab Curriculum & Textbook Board),CHAPTER_WISE,4,Chapter Questions,TaleemCity / PakParcha,https://drive.google.com/file/d/1ZGp1EEPuFn4PjNfr9Z9kkTGvheHOS0ts/preview,"### Comprehensive Pakistan Studies Class 10 (Unit 4) Notes & Solutions

These Pakistan Studies notes for Class 10 (Unit 04 Chapter 4 - Geography of Pakistan (New)) are prepared strictly according to the Single National Curriculum (SNC 2025–2026) and Punjab Curriculum and Textbook Board (PCTB) standards.

#### 📌 Included In This Resource:
1. **Multiple Choice Questions (MCQs):** Carefully curated objective questions with verified answer keys.
2. **Short Answer Questions:** Concise, exam-targeted answers highlighting key definitions, laws, and concepts.
3. **Long & Detailed Questions:** Step-by-step explanations, diagrams, derivations, and board-standard headings.
4. **Textbook Solved Exercises & Numericals:** Complete solved numericals and exercises with given data, formula substitution, and final units.

#### 🏛️ Board Compatibility:
- **Punjab Boards:** Lahore, Rawalpindi, Gujranwala, Faisalabad, Multan, Sargodha, Sahiwal, Bahawalpur, DG Khan.
- **Federal Board (FBISE):** Islamabad & Cantonment Institutions.
- **KPK & Sindh Boards:** Aligned with Single National Curriculum standards.

#### 💡 Exam Preparation Tips:
- Review past 5-year board questions included at the end of each topic.
- Practice diagrams, derivations, and formulas regularly.
- Memorize key definitions and bold terms for maximum score."
Unit 05 Chapter 5 - Pakistan and International Affairs (New),Pakistan Studies,10,PCTB (Punjab Curriculum & Textbook Board),CHAPTER_WISE,5,Chapter Questions,TaleemCity / PakParcha,https://drive.google.com/file/d/1isl5FhnE61K2eaBBbWMedFKjzBNO4nho/preview,"### Comprehensive Pakistan Studies Class 10 (Unit 5) Notes & Solutions

These Pakistan Studies notes for Class 10 (Unit 05 Chapter 5 - Pakistan and International Affairs (New)) are prepared strictly according to the Single National Curriculum (SNC 2025–2026) and Punjab Curriculum and Textbook Board (PCTB) standards.

#### 📌 Included In This Resource:
1. **Multiple Choice Questions (MCQs):** Carefully curated objective questions with verified answer keys.
2. **Short Answer Questions:** Concise, exam-targeted answers highlighting key definitions, laws, and concepts.
3. **Long & Detailed Questions:** Step-by-step explanations, diagrams, derivations, and board-standard headings.
4. **Textbook Solved Exercises & Numericals:** Complete solved numericals and exercises with given data, formula substitution, and final units.

#### 🏛️ Board Compatibility:
- **Punjab Boards:** Lahore, Rawalpindi, Gujranwala, Faisalabad, Multan, Sargodha, Sahiwal, Bahawalpur, DG Khan.
- **Federal Board (FBISE):** Islamabad & Cantonment Institutions.
- **KPK & Sindh Boards:** Aligned with Single National Curriculum standards.

#### 💡 Exam Preparation Tips:
- Review past 5-year board questions included at the end of each topic.
- Practice diagrams, derivations, and formulas regularly.
- Memorize key definitions and bold terms for maximum score."
Unit 05 Chapter 5 â History of Pakistan â II (1971-Till Now),Pakistan Studies,10,PCTB (Punjab Curriculum & Textbook Board),CHAPTER_WISE,5,Chapter Questions,TaleemCity / PakParcha,https://drive.google.com/file/d/1oBWYJTlZnmpVuaGFSn4vmRjXxsfcEbJq/preview,"### Comprehensive Pakistan Studies Class 10 (Unit 5) Notes & Solutions

These Pakistan Studies notes for Class 10 (Unit 05 Chapter 5 â History of Pakistan â II (1971-Till Now)) are prepared strictly according to the Single National Curriculum (SNC 2025–2026) and Punjab Curriculum and Textbook Board (PCTB) standards.

#### 📌 Included In This Resource:
1. **Multiple Choice Questions (MCQs):** Carefully curated objective questions with verified answer keys.
2. **Short Answer Questions:** Concise, exam-targeted answers highlighting key definitions, laws, and concepts.
3. **Long & Detailed Questions:** Step-by-step explanations, diagrams, derivations, and board-standard headings.
4. **Textbook Solved Exercises & Numericals:** Complete solved numericals and exercises with given data, formula substitution, and final units.

#### 🏛️ Board Compatibility:
- **Punjab Boards:** Lahore, Rawalpindi, Gujranwala, Faisalabad, Multan, Sargodha, Sahiwal, Bahawalpur, DG Khan.
- **Federal Board (FBISE):** Islamabad & Cantonment Institutions.
- **KPK & Sindh Boards:** Aligned with Single National Curriculum standards.

#### 💡 Exam Preparation Tips:
- Review past 5-year board questions included at the end of each topic.
- Practice diagrams, derivations, and formulas regularly.
- Memorize key definitions and bold terms for maximum score."
Unit 05 Chapter 5 â Tareekh-e-Pakistan II (1971-Till Now),Pakistan Studies,10,PCTB (Punjab Curriculum & Textbook Board),CHAPTER_WISE,5,Chapter Questions,TaleemCity / PakParcha,https://drive.google.com/file/d/1cudCQqv0JKKsQOuKF93tB3e9K1fC8rZ5/preview,"### Comprehensive Pakistan Studies Class 10 (Unit 5) Notes & Solutions

These Pakistan Studies notes for Class 10 (Unit 05 Chapter 5 â Tareekh-e-Pakistan II (1971-Till Now)) are prepared strictly according to the Single National Curriculum (SNC 2025–2026) and Punjab Curriculum and Textbook Board (PCTB) standards.

#### 📌 Included In This Resource:
1. **Multiple Choice Questions (MCQs):** Carefully curated objective questions with verified answer keys.
2. **Short Answer Questions:** Concise, exam-targeted answers highlighting key definitions, laws, and concepts.
3. **Long & Detailed Questions:** Step-by-step explanations, diagrams, derivations, and board-standard headings.
4. **Textbook Solved Exercises & Numericals:** Complete solved numericals and exercises with given data, formula substitution, and final units.

#### 🏛️ Board Compatibility:
- **Punjab Boards:** Lahore, Rawalpindi, Gujranwala, Faisalabad, Multan, Sargodha, Sahiwal, Bahawalpur, DG Khan.
- **Federal Board (FBISE):** Islamabad & Cantonment Institutions.
- **KPK & Sindh Boards:** Aligned with Single National Curriculum standards.

#### 💡 Exam Preparation Tips:
- Review past 5-year board questions included at the end of each topic.
- Practice diagrams, derivations, and formulas regularly.
- Memorize key definitions and bold terms for maximum score."
Unit 06 Chapter 6 - Resources and Economic Development of Pakistan (New),Pakistan Studies,10,PCTB (Punjab Curriculum & Textbook Board),CHAPTER_WISE,6,Chapter Questions,TaleemCity / PakParcha,https://drive.google.com/file/d/1IdC39QTy14jBk6ltAu42jxMuMB0DAg1c/preview,"### Comprehensive Pakistan Studies Class 10 (Unit 6) Notes & Solutions

These Pakistan Studies notes for Class 10 (Unit 06 Chapter 6 - Resources and Economic Development of Pakistan (New)) are prepared strictly according to the Single National Curriculum (SNC 2025–2026) and Punjab Curriculum and Textbook Board (PCTB) standards.

#### 📌 Included In This Resource:
1. **Multiple Choice Questions (MCQs):** Carefully curated objective questions with verified answer keys.
2. **Short Answer Questions:** Concise, exam-targeted answers highlighting key definitions, laws, and concepts.
3. **Long & Detailed Questions:** Step-by-step explanations, diagrams, derivations, and board-standard headings.
4. **Textbook Solved Exercises & Numericals:** Complete solved numericals and exercises with given data, formula substitution, and final units.

#### 🏛️ Board Compatibility:
- **Punjab Boards:** Lahore, Rawalpindi, Gujranwala, Faisalabad, Multan, Sargodha, Sahiwal, Bahawalpur, DG Khan.
- **Federal Board (FBISE):** Islamabad & Cantonment Institutions.
- **KPK & Sindh Boards:** Aligned with Single National Curriculum standards.

#### 💡 Exam Preparation Tips:
- Review past 5-year board questions included at the end of each topic.
- Practice diagrams, derivations, and formulas regularly.
- Memorize key definitions and bold terms for maximum score."
Unit 06 Chapter 6 â Pakistan aur Aalmi Amoor,Pakistan Studies,10,PCTB (Punjab Curriculum & Textbook Board),CHAPTER_WISE,6,Chapter Questions,TaleemCity / PakParcha,https://drive.google.com/file/d/1dArdnDtM9Hp5VkwtAjgpCBiYJZIUMJrj/preview,"### Comprehensive Pakistan Studies Class 10 (Unit 6) Notes & Solutions

These Pakistan Studies notes for Class 10 (Unit 06 Chapter 6 â Pakistan aur Aalmi Amoor) are prepared strictly according to the Single National Curriculum (SNC 2025–2026) and Punjab Curriculum and Textbook Board (PCTB) standards.

#### 📌 Included In This Resource:
1. **Multiple Choice Questions (MCQs):** Carefully curated objective questions with verified answer keys.
2. **Short Answer Questions:** Concise, exam-targeted answers highlighting key definitions, laws, and concepts.
3. **Long & Detailed Questions:** Step-by-step explanations, diagrams, derivations, and board-standard headings.
4. **Textbook Solved Exercises & Numericals:** Complete solved numericals and exercises with given data, formula substitution, and final units.

#### 🏛️ Board Compatibility:
- **Punjab Boards:** Lahore, Rawalpindi, Gujranwala, Faisalabad, Multan, Sargodha, Sahiwal, Bahawalpur, DG Khan.
- **Federal Board (FBISE):** Islamabad & Cantonment Institutions.
- **KPK & Sindh Boards:** Aligned with Single National Curriculum standards.

#### 💡 Exam Preparation Tips:
- Review past 5-year board questions included at the end of each topic.
- Practice diagrams, derivations, and formulas regularly.
- Memorize key definitions and bold terms for maximum score."
Unit 06 Chapter 6 â Pakistan in World Affairs,Pakistan Studies,10,PCTB (Punjab Curriculum & Textbook Board),CHAPTER_WISE,6,Chapter Questions,TaleemCity / PakParcha,https://drive.google.com/file/d/1EU5fqQOaUpx4lW-hsDOWmTQDtPdbPefY/preview,"### Comprehensive Pakistan Studies Class 10 (Unit 6) Notes & Solutions

These Pakistan Studies notes for Class 10 (Unit 06 Chapter 6 â Pakistan in World Affairs) are prepared strictly according to the Single National Curriculum (SNC 2025–2026) and Punjab Curriculum and Textbook Board (PCTB) standards.

#### 📌 Included In This Resource:
1. **Multiple Choice Questions (MCQs):** Carefully curated objective questions with verified answer keys.
2. **Short Answer Questions:** Concise, exam-targeted answers highlighting key definitions, laws, and concepts.
3. **Long & Detailed Questions:** Step-by-step explanations, diagrams, derivations, and board-standard headings.
4. **Textbook Solved Exercises & Numericals:** Complete solved numericals and exercises with given data, formula substitution, and final units.

#### 🏛️ Board Compatibility:
- **Punjab Boards:** Lahore, Rawalpindi, Gujranwala, Faisalabad, Multan, Sargodha, Sahiwal, Bahawalpur, DG Khan.
- **Federal Board (FBISE):** Islamabad & Cantonment Institutions.
- **KPK & Sindh Boards:** Aligned with Single National Curriculum standards.

#### 💡 Exam Preparation Tips:
- Review past 5-year board questions included at the end of each topic.
- Practice diagrams, derivations, and formulas regularly.
- Memorize key definitions and bold terms for maximum score."
"Unit 07 Chapter 7 - Population, Society and Cultural Diversity in Pakistan (New)",Pakistan Studies,10,PCTB (Punjab Curriculum & Textbook Board),CHAPTER_WISE,7,Chapter Questions,TaleemCity / PakParcha,https://drive.google.com/file/d/1rSiF5j_Q8SH_zuFiO3ZVJB3gnknGMrbo/preview,"### Comprehensive Pakistan Studies Class 10 (Unit 7) Notes & Solutions

These Pakistan Studies notes for Class 10 (Unit 07 Chapter 7 - Population, Society and Cultural Diversity in Pakistan (New)) are prepared strictly according to the Single National Curriculum (SNC 2025–2026) and Punjab Curriculum and Textbook Board (PCTB) standards.

#### 📌 Included In This Resource:
1. **Multiple Choice Questions (MCQs):** Carefully curated objective questions with verified answer keys.
2. **Short Answer Questions:** Concise, exam-targeted answers highlighting key definitions, laws, and concepts.
3. **Long & Detailed Questions:** Step-by-step explanations, diagrams, derivations, and board-standard headings.
4. **Textbook Solved Exercises & Numericals:** Complete solved numericals and exercises with given data, formula substitution, and final units.

#### 🏛️ Board Compatibility:
- **Punjab Boards:** Lahore, Rawalpindi, Gujranwala, Faisalabad, Multan, Sargodha, Sahiwal, Bahawalpur, DG Khan.
- **Federal Board (FBISE):** Islamabad & Cantonment Institutions.
- **KPK & Sindh Boards:** Aligned with Single National Curriculum standards.

#### 💡 Exam Preparation Tips:
- Review past 5-year board questions included at the end of each topic.
- Practice diagrams, derivations, and formulas regularly.
- Memorize key definitions and bold terms for maximum score."
Unit 07 Chapter 7 â Economic Development,Pakistan Studies,10,PCTB (Punjab Curriculum & Textbook Board),CHAPTER_WISE,7,Chapter Questions,TaleemCity / PakParcha,https://drive.google.com/file/d/1JP-RNM0WZWjxK9Ofg2i2-P9z25zulyzd/preview,"### Comprehensive Pakistan Studies Class 10 (Unit 7) Notes & Solutions

These Pakistan Studies notes for Class 10 (Unit 07 Chapter 7 â Economic Development) are prepared strictly according to the Single National Curriculum (SNC 2025–2026) and Punjab Curriculum and Textbook Board (PCTB) standards.

#### 📌 Included In This Resource:
1. **Multiple Choice Questions (MCQs):** Carefully curated objective questions with verified answer keys.
2. **Short Answer Questions:** Concise, exam-targeted answers highlighting key definitions, laws, and concepts.
3. **Long & Detailed Questions:** Step-by-step explanations, diagrams, derivations, and board-standard headings.
4. **Textbook Solved Exercises & Numericals:** Complete solved numericals and exercises with given data, formula substitution, and final units.

#### 🏛️ Board Compatibility:
- **Punjab Boards:** Lahore, Rawalpindi, Gujranwala, Faisalabad, Multan, Sargodha, Sahiwal, Bahawalpur, DG Khan.
- **Federal Board (FBISE):** Islamabad & Cantonment Institutions.
- **KPK & Sindh Boards:** Aligned with Single National Curriculum standards.

#### 💡 Exam Preparation Tips:
- Review past 5-year board questions included at the end of each topic.
- Practice diagrams, derivations, and formulas regularly.
- Memorize key definitions and bold terms for maximum score."
Unit 07 Chapter 7 â Pakistan ki Muaashi Taraqi,Pakistan Studies,10,PCTB (Punjab Curriculum & Textbook Board),CHAPTER_WISE,7,Chapter Questions,TaleemCity / PakParcha,https://drive.google.com/file/d/1u36gqbVH7KH5BSbH29d3X21mzOILGE5x/preview,"### Comprehensive Pakistan Studies Class 10 (Unit 7) Notes & Solutions

These Pakistan Studies notes for Class 10 (Unit 07 Chapter 7 â Pakistan ki Muaashi Taraqi) are prepared strictly according to the Single National Curriculum (SNC 2025–2026) and Punjab Curriculum and Textbook Board (PCTB) standards.

#### 📌 Included In This Resource:
1. **Multiple Choice Questions (MCQs):** Carefully curated objective questions with verified answer keys.
2. **Short Answer Questions:** Concise, exam-targeted answers highlighting key definitions, laws, and concepts.
3. **Long & Detailed Questions:** Step-by-step explanations, diagrams, derivations, and board-standard headings.
4. **Textbook Solved Exercises & Numericals:** Complete solved numericals and exercises with given data, formula substitution, and final units.

#### 🏛️ Board Compatibility:
- **Punjab Boards:** Lahore, Rawalpindi, Gujranwala, Faisalabad, Multan, Sargodha, Sahiwal, Bahawalpur, DG Khan.
- **Federal Board (FBISE):** Islamabad & Cantonment Institutions.
- **KPK & Sindh Boards:** Aligned with Single National Curriculum standards.

#### 💡 Exam Preparation Tips:
- Review past 5-year board questions included at the end of each topic.
- Practice diagrams, derivations, and formulas regularly.
- Memorize key definitions and bold terms for maximum score."
Unit 08 Chapter 8 - Women Empowerment in Pakistan (New),Pakistan Studies,10,PCTB (Punjab Curriculum & Textbook Board),CHAPTER_WISE,8,Chapter Questions,TaleemCity / PakParcha,https://drive.google.com/file/d/1gy8vtqwG7P3yPGXGzXpV8RGyvHZEMc11/preview,"### Comprehensive Pakistan Studies Class 10 (Unit 8) Notes & Solutions

These Pakistan Studies notes for Class 10 (Unit 08 Chapter 8 - Women Empowerment in Pakistan (New)) are prepared strictly according to the Single National Curriculum (SNC 2025–2026) and Punjab Curriculum and Textbook Board (PCTB) standards.

#### 📌 Included In This Resource:
1. **Multiple Choice Questions (MCQs):** Carefully curated objective questions with verified answer keys.
2. **Short Answer Questions:** Concise, exam-targeted answers highlighting key definitions, laws, and concepts.
3. **Long & Detailed Questions:** Step-by-step explanations, diagrams, derivations, and board-standard headings.
4. **Textbook Solved Exercises & Numericals:** Complete solved numericals and exercises with given data, formula substitution, and final units.

#### 🏛️ Board Compatibility:
- **Punjab Boards:** Lahore, Rawalpindi, Gujranwala, Faisalabad, Multan, Sargodha, Sahiwal, Bahawalpur, DG Khan.
- **Federal Board (FBISE):** Islamabad & Cantonment Institutions.
- **KPK & Sindh Boards:** Aligned with Single National Curriculum standards.

#### 💡 Exam Preparation Tips:
- Review past 5-year board questions included at the end of each topic.
- Practice diagrams, derivations, and formulas regularly.
- Memorize key definitions and bold terms for maximum score."
"Unit 08 Chapter 8 â Abadi, Muaashra aur Pakistan ki Saqafat",Pakistan Studies,10,PCTB (Punjab Curriculum & Textbook Board),CHAPTER_WISE,8,Chapter Questions,TaleemCity / PakParcha,https://drive.google.com/file/d/1yciWdMBZXhQG57yN9c6xl0tJwCqeVoTj/preview,"### Comprehensive Pakistan Studies Class 10 (Unit 8) Notes & Solutions

These Pakistan Studies notes for Class 10 (Unit 08 Chapter 8 â Abadi, Muaashra aur Pakistan ki Saqafat) are prepared strictly according to the Single National Curriculum (SNC 2025–2026) and Punjab Curriculum and Textbook Board (PCTB) standards.

#### 📌 Included In This Resource:
1. **Multiple Choice Questions (MCQs):** Carefully curated objective questions with verified answer keys.
2. **Short Answer Questions:** Concise, exam-targeted answers highlighting key definitions, laws, and concepts.
3. **Long & Detailed Questions:** Step-by-step explanations, diagrams, derivations, and board-standard headings.
4. **Textbook Solved Exercises & Numericals:** Complete solved numericals and exercises with given data, formula substitution, and final units.

#### 🏛️ Board Compatibility:
- **Punjab Boards:** Lahore, Rawalpindi, Gujranwala, Faisalabad, Multan, Sargodha, Sahiwal, Bahawalpur, DG Khan.
- **Federal Board (FBISE):** Islamabad & Cantonment Institutions.
- **KPK & Sindh Boards:** Aligned with Single National Curriculum standards.

#### 💡 Exam Preparation Tips:
- Review past 5-year board questions included at the end of each topic.
- Practice diagrams, derivations, and formulas regularly.
- Memorize key definitions and bold terms for maximum score."
"Unit 08 Chapter 8 â Population, Society and Culture of Pakistan",Pakistan Studies,10,PCTB (Punjab Curriculum & Textbook Board),CHAPTER_WISE,8,Chapter Questions,TaleemCity / PakParcha,https://drive.google.com/file/d/1FdL5kEU3b_0vy8SXLxGiRjg0ibkwY_s7/preview,"### Comprehensive Pakistan Studies Class 10 (Unit 8) Notes & Solutions

These Pakistan Studies notes for Class 10 (Unit 08 Chapter 8 â Population, Society and Culture of Pakistan) are prepared strictly according to the Single National Curriculum (SNC 2025–2026) and Punjab Curriculum and Textbook Board (PCTB) standards.

#### 📌 Included In This Resource:
1. **Multiple Choice Questions (MCQs):** Carefully curated objective questions with verified answer keys.
2. **Short Answer Questions:** Concise, exam-targeted answers highlighting key definitions, laws, and concepts.
3. **Long & Detailed Questions:** Step-by-step explanations, diagrams, derivations, and board-standard headings.
4. **Textbook Solved Exercises & Numericals:** Complete solved numericals and exercises with given data, formula substitution, and final units.

#### 🏛️ Board Compatibility:
- **Punjab Boards:** Lahore, Rawalpindi, Gujranwala, Faisalabad, Multan, Sargodha, Sahiwal, Bahawalpur, DG Khan.
- **Federal Board (FBISE):** Islamabad & Cantonment Institutions.
- **KPK & Sindh Boards:** Aligned with Single National Curriculum standards.

#### 💡 Exam Preparation Tips:
- Review past 5-year board questions included at the end of each topic.
- Practice diagrams, derivations, and formulas regularly.
- Memorize key definitions and bold terms for maximum score."
Complete Merged Book Notes,Physics,10,PCTB (Punjab Curriculum & Textbook Board),FULL_BOOK,,Full Book Complete,TaleemCity / PakParcha,https://drive.google.com/file/d/1yZpZLbZanhOJ2YNXVbD_GSvvo3YAY74G/preview,"### Comprehensive Physics Class 10 (Full Book Complete Syllabus) Notes & Solutions

These Physics notes for Class 10 (Complete Merged Book Notes) are prepared strictly according to the Single National Curriculum (SNC 2025–2026) and Punjab Curriculum and Textbook Board (PCTB) standards.

#### 📌 Included In This Resource:
1. **Multiple Choice Questions (MCQs):** Carefully curated objective questions with verified answer keys.
2. **Short Answer Questions:** Concise, exam-targeted answers highlighting key definitions, laws, and concepts.
3. **Long & Detailed Questions:** Step-by-step explanations, diagrams, derivations, and board-standard headings.
4. **Textbook Solved Exercises & Numericals:** Complete solved numericals and exercises with given data, formula substitution, and final units.

#### 🏛️ Board Compatibility:
- **Punjab Boards:** Lahore, Rawalpindi, Gujranwala, Faisalabad, Multan, Sargodha, Sahiwal, Bahawalpur, DG Khan.
- **Federal Board (FBISE):** Islamabad & Cantonment Institutions.
- **KPK & Sindh Boards:** Aligned with Single National Curriculum standards.

#### 💡 Exam Preparation Tips:
- Review past 5-year board questions included at the end of each topic.
- Practice diagrams, derivations, and formulas regularly.
- Memorize key definitions and bold terms for maximum score."
Unit 10 Exercise Numericals (New),Physics,10,PCTB (Punjab Curriculum & Textbook Board),CHAPTER_WISE,10,Solved Numericals,TaleemCity / PakParcha,https://drive.google.com/file/d/1iTgNXLD1R1e5XxeEtguFbwl8ZMMT5jR1/preview,"### Comprehensive Physics Class 10 (Unit 10) Notes & Solutions

These Physics notes for Class 10 (Unit 10 Exercise Numericals (New)) are prepared strictly according to the Single National Curriculum (SNC 2025–2026) and Punjab Curriculum and Textbook Board (PCTB) standards.

#### 📌 Included In This Resource:
1. **Multiple Choice Questions (MCQs):** Carefully curated objective questions with verified answer keys.
2. **Short Answer Questions:** Concise, exam-targeted answers highlighting key definitions, laws, and concepts.
3. **Long & Detailed Questions:** Step-by-step explanations, diagrams, derivations, and board-standard headings.
4. **Textbook Solved Exercises & Numericals:** Complete solved numericals and exercises with given data, formula substitution, and final units.

#### 🏛️ Board Compatibility:
- **Punjab Boards:** Lahore, Rawalpindi, Gujranwala, Faisalabad, Multan, Sargodha, Sahiwal, Bahawalpur, DG Khan.
- **Federal Board (FBISE):** Islamabad & Cantonment Institutions.
- **KPK & Sindh Boards:** Aligned with Single National Curriculum standards.

#### 💡 Exam Preparation Tips:
- Review past 5-year board questions included at the end of each topic.
- Practice diagrams, derivations, and formulas regularly.
- Memorize key definitions and bold terms for maximum score."
Unit 10 Long Questions (New),Physics,10,PCTB (Punjab Curriculum & Textbook Board),CHAPTER_WISE,10,Long Questions,TaleemCity / PakParcha,https://drive.google.com/file/d/1SsXYVjU9ctO0pYmVqr5XqwN8W8rHmAXA/preview,"### Comprehensive Physics Class 10 (Unit 10) Notes & Solutions

These Physics notes for Class 10 (Unit 10 Long Questions (New)) are prepared strictly according to the Single National Curriculum (SNC 2025–2026) and Punjab Curriculum and Textbook Board (PCTB) standards.

#### 📌 Included In This Resource:
1. **Multiple Choice Questions (MCQs):** Carefully curated objective questions with verified answer keys.
2. **Short Answer Questions:** Concise, exam-targeted answers highlighting key definitions, laws, and concepts.
3. **Long & Detailed Questions:** Step-by-step explanations, diagrams, derivations, and board-standard headings.
4. **Textbook Solved Exercises & Numericals:** Complete solved numericals and exercises with given data, formula substitution, and final units.

#### 🏛️ Board Compatibility:
- **Punjab Boards:** Lahore, Rawalpindi, Gujranwala, Faisalabad, Multan, Sargodha, Sahiwal, Bahawalpur, DG Khan.
- **Federal Board (FBISE):** Islamabad & Cantonment Institutions.
- **KPK & Sindh Boards:** Aligned with Single National Curriculum standards.

#### 💡 Exam Preparation Tips:
- Review past 5-year board questions included at the end of each topic.
- Practice diagrams, derivations, and formulas regularly.
- Memorize key definitions and bold terms for maximum score."
Unit 10 MCQâs (New),Physics,10,PCTB (Punjab Curriculum & Textbook Board),CHAPTER_WISE,10,Solved MCQs,TaleemCity / PakParcha,https://drive.google.com/file/d/1wjO_79KPK-MKtRKzFv6Z8q4sCFe04115/preview,"### Comprehensive Physics Class 10 (Unit 10) Notes & Solutions

These Physics notes for Class 10 (Unit 10 MCQâs (New)) are prepared strictly according to the Single National Curriculum (SNC 2025–2026) and Punjab Curriculum and Textbook Board (PCTB) standards.

#### 📌 Included In This Resource:
1. **Multiple Choice Questions (MCQs):** Carefully curated objective questions with verified answer keys.
2. **Short Answer Questions:** Concise, exam-targeted answers highlighting key definitions, laws, and concepts.
3. **Long & Detailed Questions:** Step-by-step explanations, diagrams, derivations, and board-standard headings.
4. **Textbook Solved Exercises & Numericals:** Complete solved numericals and exercises with given data, formula substitution, and final units.

#### 🏛️ Board Compatibility:
- **Punjab Boards:** Lahore, Rawalpindi, Gujranwala, Faisalabad, Multan, Sargodha, Sahiwal, Bahawalpur, DG Khan.
- **Federal Board (FBISE):** Islamabad & Cantonment Institutions.
- **KPK & Sindh Boards:** Aligned with Single National Curriculum standards.

#### 💡 Exam Preparation Tips:
- Review past 5-year board questions included at the end of each topic.
- Practice diagrams, derivations, and formulas regularly.
- Memorize key definitions and bold terms for maximum score."
Unit 10 Short Questions (New),Physics,10,PCTB (Punjab Curriculum & Textbook Board),CHAPTER_WISE,10,Short Questions,TaleemCity / PakParcha,https://drive.google.com/file/d/1UhVxf4MeMz4MOA0qQN8H3lytCn4e9pg_/preview,"### Comprehensive Physics Class 10 (Unit 10) Notes & Solutions

These Physics notes for Class 10 (Unit 10 Short Questions (New)) are prepared strictly according to the Single National Curriculum (SNC 2025–2026) and Punjab Curriculum and Textbook Board (PCTB) standards.

#### 📌 Included In This Resource:
1. **Multiple Choice Questions (MCQs):** Carefully curated objective questions with verified answer keys.
2. **Short Answer Questions:** Concise, exam-targeted answers highlighting key definitions, laws, and concepts.
3. **Long & Detailed Questions:** Step-by-step explanations, diagrams, derivations, and board-standard headings.
4. **Textbook Solved Exercises & Numericals:** Complete solved numericals and exercises with given data, formula substitution, and final units.

#### 🏛️ Board Compatibility:
- **Punjab Boards:** Lahore, Rawalpindi, Gujranwala, Faisalabad, Multan, Sargodha, Sahiwal, Bahawalpur, DG Khan.
- **Federal Board (FBISE):** Islamabad & Cantonment Institutions.
- **KPK & Sindh Boards:** Aligned with Single National Curriculum standards.

#### 💡 Exam Preparation Tips:
- Review past 5-year board questions included at the end of each topic.
- Practice diagrams, derivations, and formulas regularly.
- Memorize key definitions and bold terms for maximum score."
Unit 11 Long Questions (New),Physics,10,PCTB (Punjab Curriculum & Textbook Board),CHAPTER_WISE,11,Long Questions,TaleemCity / PakParcha,https://drive.google.com/file/d/1Axe-r_OERIBvv19mcDsmiaEea-PtuQq_/preview,"### Comprehensive Physics Class 10 (Unit 11) Notes & Solutions

These Physics notes for Class 10 (Unit 11 Long Questions (New)) are prepared strictly according to the Single National Curriculum (SNC 2025–2026) and Punjab Curriculum and Textbook Board (PCTB) standards.

#### 📌 Included In This Resource:
1. **Multiple Choice Questions (MCQs):** Carefully curated objective questions with verified answer keys.
2. **Short Answer Questions:** Concise, exam-targeted answers highlighting key definitions, laws, and concepts.
3. **Long & Detailed Questions:** Step-by-step explanations, diagrams, derivations, and board-standard headings.
4. **Textbook Solved Exercises & Numericals:** Complete solved numericals and exercises with given data, formula substitution, and final units.

#### 🏛️ Board Compatibility:
- **Punjab Boards:** Lahore, Rawalpindi, Gujranwala, Faisalabad, Multan, Sargodha, Sahiwal, Bahawalpur, DG Khan.
- **Federal Board (FBISE):** Islamabad & Cantonment Institutions.
- **KPK & Sindh Boards:** Aligned with Single National Curriculum standards.

#### 💡 Exam Preparation Tips:
- Review past 5-year board questions included at the end of each topic.
- Practice diagrams, derivations, and formulas regularly.
- Memorize key definitions and bold terms for maximum score."
Unit 11 MCQâs (New),Physics,10,PCTB (Punjab Curriculum & Textbook Board),CHAPTER_WISE,11,Solved MCQs,TaleemCity / PakParcha,https://drive.google.com/file/d/1gN8UTjCIaR6xjvcK6g_0x8LhfSEpVcAE/preview,"### Comprehensive Physics Class 10 (Unit 11) Notes & Solutions

These Physics notes for Class 10 (Unit 11 MCQâs (New)) are prepared strictly according to the Single National Curriculum (SNC 2025–2026) and Punjab Curriculum and Textbook Board (PCTB) standards.

#### 📌 Included In This Resource:
1. **Multiple Choice Questions (MCQs):** Carefully curated objective questions with verified answer keys.
2. **Short Answer Questions:** Concise, exam-targeted answers highlighting key definitions, laws, and concepts.
3. **Long & Detailed Questions:** Step-by-step explanations, diagrams, derivations, and board-standard headings.
4. **Textbook Solved Exercises & Numericals:** Complete solved numericals and exercises with given data, formula substitution, and final units.

#### 🏛️ Board Compatibility:
- **Punjab Boards:** Lahore, Rawalpindi, Gujranwala, Faisalabad, Multan, Sargodha, Sahiwal, Bahawalpur, DG Khan.
- **Federal Board (FBISE):** Islamabad & Cantonment Institutions.
- **KPK & Sindh Boards:** Aligned with Single National Curriculum standards.

#### 💡 Exam Preparation Tips:
- Review past 5-year board questions included at the end of each topic.
- Practice diagrams, derivations, and formulas regularly.
- Memorize key definitions and bold terms for maximum score."
Unit 11 Short Questions (New),Physics,10,PCTB (Punjab Curriculum & Textbook Board),CHAPTER_WISE,11,Short Questions,TaleemCity / PakParcha,https://drive.google.com/file/d/1aVJirPvtHjdy5rF-oAg-CS_2ckHy-mdH/preview,"### Comprehensive Physics Class 10 (Unit 11) Notes & Solutions

These Physics notes for Class 10 (Unit 11 Short Questions (New)) are prepared strictly according to the Single National Curriculum (SNC 2025–2026) and Punjab Curriculum and Textbook Board (PCTB) standards.

#### 📌 Included In This Resource:
1. **Multiple Choice Questions (MCQs):** Carefully curated objective questions with verified answer keys.
2. **Short Answer Questions:** Concise, exam-targeted answers highlighting key definitions, laws, and concepts.
3. **Long & Detailed Questions:** Step-by-step explanations, diagrams, derivations, and board-standard headings.
4. **Textbook Solved Exercises & Numericals:** Complete solved numericals and exercises with given data, formula substitution, and final units.

#### 🏛️ Board Compatibility:
- **Punjab Boards:** Lahore, Rawalpindi, Gujranwala, Faisalabad, Multan, Sargodha, Sahiwal, Bahawalpur, DG Khan.
- **Federal Board (FBISE):** Islamabad & Cantonment Institutions.
- **KPK & Sindh Boards:** Aligned with Single National Curriculum standards.

#### 💡 Exam Preparation Tips:
- Review past 5-year board questions included at the end of each topic.
- Practice diagrams, derivations, and formulas regularly.
- Memorize key definitions and bold terms for maximum score."
Unit 12 Exercise Numericals (New),Physics,10,PCTB (Punjab Curriculum & Textbook Board),CHAPTER_WISE,12,Solved Numericals,TaleemCity / PakParcha,https://drive.google.com/file/d/1-ncS-tl0GAjK1Otrfq8aFPz7SK5elqPz/preview,"### Comprehensive Physics Class 10 (Unit 12) Notes & Solutions

These Physics notes for Class 10 (Unit 12 Exercise Numericals (New)) are prepared strictly according to the Single National Curriculum (SNC 2025–2026) and Punjab Curriculum and Textbook Board (PCTB) standards.

#### 📌 Included In This Resource:
1. **Multiple Choice Questions (MCQs):** Carefully curated objective questions with verified answer keys.
2. **Short Answer Questions:** Concise, exam-targeted answers highlighting key definitions, laws, and concepts.
3. **Long & Detailed Questions:** Step-by-step explanations, diagrams, derivations, and board-standard headings.
4. **Textbook Solved Exercises & Numericals:** Complete solved numericals and exercises with given data, formula substitution, and final units.

#### 🏛️ Board Compatibility:
- **Punjab Boards:** Lahore, Rawalpindi, Gujranwala, Faisalabad, Multan, Sargodha, Sahiwal, Bahawalpur, DG Khan.
- **Federal Board (FBISE):** Islamabad & Cantonment Institutions.
- **KPK & Sindh Boards:** Aligned with Single National Curriculum standards.

#### 💡 Exam Preparation Tips:
- Review past 5-year board questions included at the end of each topic.
- Practice diagrams, derivations, and formulas regularly.
- Memorize key definitions and bold terms for maximum score."
Unit 12 Long Questions (New),Physics,10,PCTB (Punjab Curriculum & Textbook Board),CHAPTER_WISE,12,Long Questions,TaleemCity / PakParcha,https://drive.google.com/file/d/1q93thhJDxg3c3O8fvCCm-niziMZQNfON/preview,"### Comprehensive Physics Class 10 (Unit 12) Notes & Solutions

These Physics notes for Class 10 (Unit 12 Long Questions (New)) are prepared strictly according to the Single National Curriculum (SNC 2025–2026) and Punjab Curriculum and Textbook Board (PCTB) standards.

#### 📌 Included In This Resource:
1. **Multiple Choice Questions (MCQs):** Carefully curated objective questions with verified answer keys.
2. **Short Answer Questions:** Concise, exam-targeted answers highlighting key definitions, laws, and concepts.
3. **Long & Detailed Questions:** Step-by-step explanations, diagrams, derivations, and board-standard headings.
4. **Textbook Solved Exercises & Numericals:** Complete solved numericals and exercises with given data, formula substitution, and final units.

#### 🏛️ Board Compatibility:
- **Punjab Boards:** Lahore, Rawalpindi, Gujranwala, Faisalabad, Multan, Sargodha, Sahiwal, Bahawalpur, DG Khan.
- **Federal Board (FBISE):** Islamabad & Cantonment Institutions.
- **KPK & Sindh Boards:** Aligned with Single National Curriculum standards.

#### 💡 Exam Preparation Tips:
- Review past 5-year board questions included at the end of each topic.
- Practice diagrams, derivations, and formulas regularly.
- Memorize key definitions and bold terms for maximum score."
Unit 12 MCQâs (New),Physics,10,PCTB (Punjab Curriculum & Textbook Board),CHAPTER_WISE,12,Solved MCQs,TaleemCity / PakParcha,https://drive.google.com/file/d/14SvogMnqReZYMOMr1FoYBumVzBJsK4-W/preview,"### Comprehensive Physics Class 10 (Unit 12) Notes & Solutions

These Physics notes for Class 10 (Unit 12 MCQâs (New)) are prepared strictly according to the Single National Curriculum (SNC 2025–2026) and Punjab Curriculum and Textbook Board (PCTB) standards.

#### 📌 Included In This Resource:
1. **Multiple Choice Questions (MCQs):** Carefully curated objective questions with verified answer keys.
2. **Short Answer Questions:** Concise, exam-targeted answers highlighting key definitions, laws, and concepts.
3. **Long & Detailed Questions:** Step-by-step explanations, diagrams, derivations, and board-standard headings.
4. **Textbook Solved Exercises & Numericals:** Complete solved numericals and exercises with given data, formula substitution, and final units.

#### 🏛️ Board Compatibility:
- **Punjab Boards:** Lahore, Rawalpindi, Gujranwala, Faisalabad, Multan, Sargodha, Sahiwal, Bahawalpur, DG Khan.
- **Federal Board (FBISE):** Islamabad & Cantonment Institutions.
- **KPK & Sindh Boards:** Aligned with Single National Curriculum standards.

#### 💡 Exam Preparation Tips:
- Review past 5-year board questions included at the end of each topic.
- Practice diagrams, derivations, and formulas regularly.
- Memorize key definitions and bold terms for maximum score."
Unit 12 Short Questions (New),Physics,10,PCTB (Punjab Curriculum & Textbook Board),CHAPTER_WISE,12,Short Questions,TaleemCity / PakParcha,https://drive.google.com/file/d/1TgA5pfRWjG9Vy6bdX_XeeO6BtNI_N_EN/preview,"### Comprehensive Physics Class 10 (Unit 12) Notes & Solutions

These Physics notes for Class 10 (Unit 12 Short Questions (New)) are prepared strictly according to the Single National Curriculum (SNC 2025–2026) and Punjab Curriculum and Textbook Board (PCTB) standards.

#### 📌 Included In This Resource:
1. **Multiple Choice Questions (MCQs):** Carefully curated objective questions with verified answer keys.
2. **Short Answer Questions:** Concise, exam-targeted answers highlighting key definitions, laws, and concepts.
3. **Long & Detailed Questions:** Step-by-step explanations, diagrams, derivations, and board-standard headings.
4. **Textbook Solved Exercises & Numericals:** Complete solved numericals and exercises with given data, formula substitution, and final units.

#### 🏛️ Board Compatibility:
- **Punjab Boards:** Lahore, Rawalpindi, Gujranwala, Faisalabad, Multan, Sargodha, Sahiwal, Bahawalpur, DG Khan.
- **Federal Board (FBISE):** Islamabad & Cantonment Institutions.
- **KPK & Sindh Boards:** Aligned with Single National Curriculum standards.

#### 💡 Exam Preparation Tips:
- Review past 5-year board questions included at the end of each topic.
- Practice diagrams, derivations, and formulas regularly.
- Memorize key definitions and bold terms for maximum score."
Unit 13 Exercise Numericals (New),Physics,10,PCTB (Punjab Curriculum & Textbook Board),CHAPTER_WISE,13,Solved Numericals,TaleemCity / PakParcha,https://drive.google.com/file/d/1VuUXu1Qa53CCfPiYzIe_Guxxux7UxjeA/preview,"### Comprehensive Physics Class 10 (Unit 13) Notes & Solutions

These Physics notes for Class 10 (Unit 13 Exercise Numericals (New)) are prepared strictly according to the Single National Curriculum (SNC 2025–2026) and Punjab Curriculum and Textbook Board (PCTB) standards.

#### 📌 Included In This Resource:
1. **Multiple Choice Questions (MCQs):** Carefully curated objective questions with verified answer keys.
2. **Short Answer Questions:** Concise, exam-targeted answers highlighting key definitions, laws, and concepts.
3. **Long & Detailed Questions:** Step-by-step explanations, diagrams, derivations, and board-standard headings.
4. **Textbook Solved Exercises & Numericals:** Complete solved numericals and exercises with given data, formula substitution, and final units.

#### 🏛️ Board Compatibility:
- **Punjab Boards:** Lahore, Rawalpindi, Gujranwala, Faisalabad, Multan, Sargodha, Sahiwal, Bahawalpur, DG Khan.
- **Federal Board (FBISE):** Islamabad & Cantonment Institutions.
- **KPK & Sindh Boards:** Aligned with Single National Curriculum standards.

#### 💡 Exam Preparation Tips:
- Review past 5-year board questions included at the end of each topic.
- Practice diagrams, derivations, and formulas regularly.
- Memorize key definitions and bold terms for maximum score."
Unit 13 Long Questions (New),Physics,10,PCTB (Punjab Curriculum & Textbook Board),CHAPTER_WISE,13,Long Questions,TaleemCity / PakParcha,https://drive.google.com/file/d/1QDUh-Mlum_G0LY98duYNmygLZbWru3oG/preview,"### Comprehensive Physics Class 10 (Unit 13) Notes & Solutions

These Physics notes for Class 10 (Unit 13 Long Questions (New)) are prepared strictly according to the Single National Curriculum (SNC 2025–2026) and Punjab Curriculum and Textbook Board (PCTB) standards.

#### 📌 Included In This Resource:
1. **Multiple Choice Questions (MCQs):** Carefully curated objective questions with verified answer keys.
2. **Short Answer Questions:** Concise, exam-targeted answers highlighting key definitions, laws, and concepts.
3. **Long & Detailed Questions:** Step-by-step explanations, diagrams, derivations, and board-standard headings.
4. **Textbook Solved Exercises & Numericals:** Complete solved numericals and exercises with given data, formula substitution, and final units.

#### 🏛️ Board Compatibility:
- **Punjab Boards:** Lahore, Rawalpindi, Gujranwala, Faisalabad, Multan, Sargodha, Sahiwal, Bahawalpur, DG Khan.
- **Federal Board (FBISE):** Islamabad & Cantonment Institutions.
- **KPK & Sindh Boards:** Aligned with Single National Curriculum standards.

#### 💡 Exam Preparation Tips:
- Review past 5-year board questions included at the end of each topic.
- Practice diagrams, derivations, and formulas regularly.
- Memorize key definitions and bold terms for maximum score."
Unit 13 MCQâs (New),Physics,10,PCTB (Punjab Curriculum & Textbook Board),CHAPTER_WISE,13,Solved MCQs,TaleemCity / PakParcha,https://drive.google.com/file/d/1vaVvVgNyHLoCMxMImn792CvvRikB6nOT/preview,"### Comprehensive Physics Class 10 (Unit 13) Notes & Solutions

These Physics notes for Class 10 (Unit 13 MCQâs (New)) are prepared strictly according to the Single National Curriculum (SNC 2025–2026) and Punjab Curriculum and Textbook Board (PCTB) standards.

#### 📌 Included In This Resource:
1. **Multiple Choice Questions (MCQs):** Carefully curated objective questions with verified answer keys.
2. **Short Answer Questions:** Concise, exam-targeted answers highlighting key definitions, laws, and concepts.
3. **Long & Detailed Questions:** Step-by-step explanations, diagrams, derivations, and board-standard headings.
4. **Textbook Solved Exercises & Numericals:** Complete solved numericals and exercises with given data, formula substitution, and final units.

#### 🏛️ Board Compatibility:
- **Punjab Boards:** Lahore, Rawalpindi, Gujranwala, Faisalabad, Multan, Sargodha, Sahiwal, Bahawalpur, DG Khan.
- **Federal Board (FBISE):** Islamabad & Cantonment Institutions.
- **KPK & Sindh Boards:** Aligned with Single National Curriculum standards.

#### 💡 Exam Preparation Tips:
- Review past 5-year board questions included at the end of each topic.
- Practice diagrams, derivations, and formulas regularly.
- Memorize key definitions and bold terms for maximum score."
Unit 13 Short Questions (New),Physics,10,PCTB (Punjab Curriculum & Textbook Board),CHAPTER_WISE,13,Short Questions,TaleemCity / PakParcha,https://drive.google.com/file/d/10kkTHKXI6oKev3ErMqcuaj2H2HbhMmt9/preview,"### Comprehensive Physics Class 10 (Unit 13) Notes & Solutions

These Physics notes for Class 10 (Unit 13 Short Questions (New)) are prepared strictly according to the Single National Curriculum (SNC 2025–2026) and Punjab Curriculum and Textbook Board (PCTB) standards.

#### 📌 Included In This Resource:
1. **Multiple Choice Questions (MCQs):** Carefully curated objective questions with verified answer keys.
2. **Short Answer Questions:** Concise, exam-targeted answers highlighting key definitions, laws, and concepts.
3. **Long & Detailed Questions:** Step-by-step explanations, diagrams, derivations, and board-standard headings.
4. **Textbook Solved Exercises & Numericals:** Complete solved numericals and exercises with given data, formula substitution, and final units.

#### 🏛️ Board Compatibility:
- **Punjab Boards:** Lahore, Rawalpindi, Gujranwala, Faisalabad, Multan, Sargodha, Sahiwal, Bahawalpur, DG Khan.
- **Federal Board (FBISE):** Islamabad & Cantonment Institutions.
- **KPK & Sindh Boards:** Aligned with Single National Curriculum standards.

#### 💡 Exam Preparation Tips:
- Review past 5-year board questions included at the end of each topic.
- Practice diagrams, derivations, and formulas regularly.
- Memorize key definitions and bold terms for maximum score."
Unit 14 Exercise Numericals (New),Physics,10,PCTB (Punjab Curriculum & Textbook Board),CHAPTER_WISE,14,Solved Numericals,TaleemCity / PakParcha,https://drive.google.com/file/d/163DISBO2oncp6jHWpEev1afsO40xogZy/preview,"### Comprehensive Physics Class 10 (Unit 14) Notes & Solutions

These Physics notes for Class 10 (Unit 14 Exercise Numericals (New)) are prepared strictly according to the Single National Curriculum (SNC 2025–2026) and Punjab Curriculum and Textbook Board (PCTB) standards.

#### 📌 Included In This Resource:
1. **Multiple Choice Questions (MCQs):** Carefully curated objective questions with verified answer keys.
2. **Short Answer Questions:** Concise, exam-targeted answers highlighting key definitions, laws, and concepts.
3. **Long & Detailed Questions:** Step-by-step explanations, diagrams, derivations, and board-standard headings.
4. **Textbook Solved Exercises & Numericals:** Complete solved numericals and exercises with given data, formula substitution, and final units.

#### 🏛️ Board Compatibility:
- **Punjab Boards:** Lahore, Rawalpindi, Gujranwala, Faisalabad, Multan, Sargodha, Sahiwal, Bahawalpur, DG Khan.
- **Federal Board (FBISE):** Islamabad & Cantonment Institutions.
- **KPK & Sindh Boards:** Aligned with Single National Curriculum standards.

#### 💡 Exam Preparation Tips:
- Review past 5-year board questions included at the end of each topic.
- Practice diagrams, derivations, and formulas regularly.
- Memorize key definitions and bold terms for maximum score."
Unit 14 Long Questions (New),Physics,10,PCTB (Punjab Curriculum & Textbook Board),CHAPTER_WISE,14,Long Questions,TaleemCity / PakParcha,https://drive.google.com/file/d/1c6Tm5PZhywJgHP0C_Y1QFHiUPDlWbpGm/preview,"### Comprehensive Physics Class 10 (Unit 14) Notes & Solutions

These Physics notes for Class 10 (Unit 14 Long Questions (New)) are prepared strictly according to the Single National Curriculum (SNC 2025–2026) and Punjab Curriculum and Textbook Board (PCTB) standards.

#### 📌 Included In This Resource:
1. **Multiple Choice Questions (MCQs):** Carefully curated objective questions with verified answer keys.
2. **Short Answer Questions:** Concise, exam-targeted answers highlighting key definitions, laws, and concepts.
3. **Long & Detailed Questions:** Step-by-step explanations, diagrams, derivations, and board-standard headings.
4. **Textbook Solved Exercises & Numericals:** Complete solved numericals and exercises with given data, formula substitution, and final units.

#### 🏛️ Board Compatibility:
- **Punjab Boards:** Lahore, Rawalpindi, Gujranwala, Faisalabad, Multan, Sargodha, Sahiwal, Bahawalpur, DG Khan.
- **Federal Board (FBISE):** Islamabad & Cantonment Institutions.
- **KPK & Sindh Boards:** Aligned with Single National Curriculum standards.

#### 💡 Exam Preparation Tips:
- Review past 5-year board questions included at the end of each topic.
- Practice diagrams, derivations, and formulas regularly.
- Memorize key definitions and bold terms for maximum score."
Unit 14 MCQâs (New),Physics,10,PCTB (Punjab Curriculum & Textbook Board),CHAPTER_WISE,14,Solved MCQs,TaleemCity / PakParcha,https://drive.google.com/file/d/11NOYyg8RFQcHMcroZOFwhWiJR61wRtdX/preview,"### Comprehensive Physics Class 10 (Unit 14) Notes & Solutions

These Physics notes for Class 10 (Unit 14 MCQâs (New)) are prepared strictly according to the Single National Curriculum (SNC 2025–2026) and Punjab Curriculum and Textbook Board (PCTB) standards.

#### 📌 Included In This Resource:
1. **Multiple Choice Questions (MCQs):** Carefully curated objective questions with verified answer keys.
2. **Short Answer Questions:** Concise, exam-targeted answers highlighting key definitions, laws, and concepts.
3. **Long & Detailed Questions:** Step-by-step explanations, diagrams, derivations, and board-standard headings.
4. **Textbook Solved Exercises & Numericals:** Complete solved numericals and exercises with given data, formula substitution, and final units.

#### 🏛️ Board Compatibility:
- **Punjab Boards:** Lahore, Rawalpindi, Gujranwala, Faisalabad, Multan, Sargodha, Sahiwal, Bahawalpur, DG Khan.
- **Federal Board (FBISE):** Islamabad & Cantonment Institutions.
- **KPK & Sindh Boards:** Aligned with Single National Curriculum standards.

#### 💡 Exam Preparation Tips:
- Review past 5-year board questions included at the end of each topic.
- Practice diagrams, derivations, and formulas regularly.
- Memorize key definitions and bold terms for maximum score."
Unit 14 Short Questions (New),Physics,10,PCTB (Punjab Curriculum & Textbook Board),CHAPTER_WISE,14,Short Questions,TaleemCity / PakParcha,https://drive.google.com/file/d/1aPO28gc0PLuXjzM_ByPHbeOrdegVcokS/preview,"### Comprehensive Physics Class 10 (Unit 14) Notes & Solutions

These Physics notes for Class 10 (Unit 14 Short Questions (New)) are prepared strictly according to the Single National Curriculum (SNC 2025–2026) and Punjab Curriculum and Textbook Board (PCTB) standards.

#### 📌 Included In This Resource:
1. **Multiple Choice Questions (MCQs):** Carefully curated objective questions with verified answer keys.
2. **Short Answer Questions:** Concise, exam-targeted answers highlighting key definitions, laws, and concepts.
3. **Long & Detailed Questions:** Step-by-step explanations, diagrams, derivations, and board-standard headings.
4. **Textbook Solved Exercises & Numericals:** Complete solved numericals and exercises with given data, formula substitution, and final units.

#### 🏛️ Board Compatibility:
- **Punjab Boards:** Lahore, Rawalpindi, Gujranwala, Faisalabad, Multan, Sargodha, Sahiwal, Bahawalpur, DG Khan.
- **Federal Board (FBISE):** Islamabad & Cantonment Institutions.
- **KPK & Sindh Boards:** Aligned with Single National Curriculum standards.

#### 💡 Exam Preparation Tips:
- Review past 5-year board questions included at the end of each topic.
- Practice diagrams, derivations, and formulas regularly.
- Memorize key definitions and bold terms for maximum score."
Unit 15 Exercise Numericals (New),Physics,10,PCTB (Punjab Curriculum & Textbook Board),CHAPTER_WISE,15,Solved Numericals,TaleemCity / PakParcha,https://drive.google.com/file/d/1J48NS_RnSutymZ6fDGe4qYEJmOnxN5zN/preview,"### Comprehensive Physics Class 10 (Unit 15) Notes & Solutions

These Physics notes for Class 10 (Unit 15 Exercise Numericals (New)) are prepared strictly according to the Single National Curriculum (SNC 2025–2026) and Punjab Curriculum and Textbook Board (PCTB) standards.

#### 📌 Included In This Resource:
1. **Multiple Choice Questions (MCQs):** Carefully curated objective questions with verified answer keys.
2. **Short Answer Questions:** Concise, exam-targeted answers highlighting key definitions, laws, and concepts.
3. **Long & Detailed Questions:** Step-by-step explanations, diagrams, derivations, and board-standard headings.
4. **Textbook Solved Exercises & Numericals:** Complete solved numericals and exercises with given data, formula substitution, and final units.

#### 🏛️ Board Compatibility:
- **Punjab Boards:** Lahore, Rawalpindi, Gujranwala, Faisalabad, Multan, Sargodha, Sahiwal, Bahawalpur, DG Khan.
- **Federal Board (FBISE):** Islamabad & Cantonment Institutions.
- **KPK & Sindh Boards:** Aligned with Single National Curriculum standards.

#### 💡 Exam Preparation Tips:
- Review past 5-year board questions included at the end of each topic.
- Practice diagrams, derivations, and formulas regularly.
- Memorize key definitions and bold terms for maximum score."
Unit 15 Long Questions (New),Physics,10,PCTB (Punjab Curriculum & Textbook Board),CHAPTER_WISE,15,Long Questions,TaleemCity / PakParcha,https://drive.google.com/file/d/1SNBwfYsuUvlt26BGgi-Rndu6mrnYdiw2/preview,"### Comprehensive Physics Class 10 (Unit 15) Notes & Solutions

These Physics notes for Class 10 (Unit 15 Long Questions (New)) are prepared strictly according to the Single National Curriculum (SNC 2025–2026) and Punjab Curriculum and Textbook Board (PCTB) standards.

#### 📌 Included In This Resource:
1. **Multiple Choice Questions (MCQs):** Carefully curated objective questions with verified answer keys.
2. **Short Answer Questions:** Concise, exam-targeted answers highlighting key definitions, laws, and concepts.
3. **Long & Detailed Questions:** Step-by-step explanations, diagrams, derivations, and board-standard headings.
4. **Textbook Solved Exercises & Numericals:** Complete solved numericals and exercises with given data, formula substitution, and final units.

#### 🏛️ Board Compatibility:
- **Punjab Boards:** Lahore, Rawalpindi, Gujranwala, Faisalabad, Multan, Sargodha, Sahiwal, Bahawalpur, DG Khan.
- **Federal Board (FBISE):** Islamabad & Cantonment Institutions.
- **KPK & Sindh Boards:** Aligned with Single National Curriculum standards.

#### 💡 Exam Preparation Tips:
- Review past 5-year board questions included at the end of each topic.
- Practice diagrams, derivations, and formulas regularly.
- Memorize key definitions and bold terms for maximum score."
Unit 15 MCQâs (New),Physics,10,PCTB (Punjab Curriculum & Textbook Board),CHAPTER_WISE,15,Solved MCQs,TaleemCity / PakParcha,https://drive.google.com/file/d/1MLA4C1y1TZtO0M-sLlFCM9pElnu1PnGm/preview,"### Comprehensive Physics Class 10 (Unit 15) Notes & Solutions

These Physics notes for Class 10 (Unit 15 MCQâs (New)) are prepared strictly according to the Single National Curriculum (SNC 2025–2026) and Punjab Curriculum and Textbook Board (PCTB) standards.

#### 📌 Included In This Resource:
1. **Multiple Choice Questions (MCQs):** Carefully curated objective questions with verified answer keys.
2. **Short Answer Questions:** Concise, exam-targeted answers highlighting key definitions, laws, and concepts.
3. **Long & Detailed Questions:** Step-by-step explanations, diagrams, derivations, and board-standard headings.
4. **Textbook Solved Exercises & Numericals:** Complete solved numericals and exercises with given data, formula substitution, and final units.

#### 🏛️ Board Compatibility:
- **Punjab Boards:** Lahore, Rawalpindi, Gujranwala, Faisalabad, Multan, Sargodha, Sahiwal, Bahawalpur, DG Khan.
- **Federal Board (FBISE):** Islamabad & Cantonment Institutions.
- **KPK & Sindh Boards:** Aligned with Single National Curriculum standards.

#### 💡 Exam Preparation Tips:
- Review past 5-year board questions included at the end of each topic.
- Practice diagrams, derivations, and formulas regularly.
- Memorize key definitions and bold terms for maximum score."
Unit 15 Short Questions (New),Physics,10,PCTB (Punjab Curriculum & Textbook Board),CHAPTER_WISE,15,Short Questions,TaleemCity / PakParcha,https://drive.google.com/file/d/1IYuzZZX_7AwfUV49crk16Asv-0aOmr9G/preview,"### Comprehensive Physics Class 10 (Unit 15) Notes & Solutions

These Physics notes for Class 10 (Unit 15 Short Questions (New)) are prepared strictly according to the Single National Curriculum (SNC 2025–2026) and Punjab Curriculum and Textbook Board (PCTB) standards.

#### 📌 Included In This Resource:
1. **Multiple Choice Questions (MCQs):** Carefully curated objective questions with verified answer keys.
2. **Short Answer Questions:** Concise, exam-targeted answers highlighting key definitions, laws, and concepts.
3. **Long & Detailed Questions:** Step-by-step explanations, diagrams, derivations, and board-standard headings.
4. **Textbook Solved Exercises & Numericals:** Complete solved numericals and exercises with given data, formula substitution, and final units.

#### 🏛️ Board Compatibility:
- **Punjab Boards:** Lahore, Rawalpindi, Gujranwala, Faisalabad, Multan, Sargodha, Sahiwal, Bahawalpur, DG Khan.
- **Federal Board (FBISE):** Islamabad & Cantonment Institutions.
- **KPK & Sindh Boards:** Aligned with Single National Curriculum standards.

#### 💡 Exam Preparation Tips:
- Review past 5-year board questions included at the end of each topic.
- Practice diagrams, derivations, and formulas regularly.
- Memorize key definitions and bold terms for maximum score."
Unit 16 Exercise Numericals (New),Physics,10,PCTB (Punjab Curriculum & Textbook Board),CHAPTER_WISE,16,Solved Numericals,TaleemCity / PakParcha,https://drive.google.com/file/d/1POG839gRX27erIb55qhNIUdyf-dBlIBq/preview,"### Comprehensive Physics Class 10 (Unit 16) Notes & Solutions

These Physics notes for Class 10 (Unit 16 Exercise Numericals (New)) are prepared strictly according to the Single National Curriculum (SNC 2025–2026) and Punjab Curriculum and Textbook Board (PCTB) standards.

#### 📌 Included In This Resource:
1. **Multiple Choice Questions (MCQs):** Carefully curated objective questions with verified answer keys.
2. **Short Answer Questions:** Concise, exam-targeted answers highlighting key definitions, laws, and concepts.
3. **Long & Detailed Questions:** Step-by-step explanations, diagrams, derivations, and board-standard headings.
4. **Textbook Solved Exercises & Numericals:** Complete solved numericals and exercises with given data, formula substitution, and final units.

#### 🏛️ Board Compatibility:
- **Punjab Boards:** Lahore, Rawalpindi, Gujranwala, Faisalabad, Multan, Sargodha, Sahiwal, Bahawalpur, DG Khan.
- **Federal Board (FBISE):** Islamabad & Cantonment Institutions.
- **KPK & Sindh Boards:** Aligned with Single National Curriculum standards.

#### 💡 Exam Preparation Tips:
- Review past 5-year board questions included at the end of each topic.
- Practice diagrams, derivations, and formulas regularly.
- Memorize key definitions and bold terms for maximum score."
Unit 16 Long Questions (New),Physics,10,PCTB (Punjab Curriculum & Textbook Board),CHAPTER_WISE,16,Long Questions,TaleemCity / PakParcha,https://drive.google.com/file/d/1F4pTFtCrPW34lMV1h2HAersBjfje0OTz/preview,"### Comprehensive Physics Class 10 (Unit 16) Notes & Solutions

These Physics notes for Class 10 (Unit 16 Long Questions (New)) are prepared strictly according to the Single National Curriculum (SNC 2025–2026) and Punjab Curriculum and Textbook Board (PCTB) standards.

#### 📌 Included In This Resource:
1. **Multiple Choice Questions (MCQs):** Carefully curated objective questions with verified answer keys.
2. **Short Answer Questions:** Concise, exam-targeted answers highlighting key definitions, laws, and concepts.
3. **Long & Detailed Questions:** Step-by-step explanations, diagrams, derivations, and board-standard headings.
4. **Textbook Solved Exercises & Numericals:** Complete solved numericals and exercises with given data, formula substitution, and final units.

#### 🏛️ Board Compatibility:
- **Punjab Boards:** Lahore, Rawalpindi, Gujranwala, Faisalabad, Multan, Sargodha, Sahiwal, Bahawalpur, DG Khan.
- **Federal Board (FBISE):** Islamabad & Cantonment Institutions.
- **KPK & Sindh Boards:** Aligned with Single National Curriculum standards.

#### 💡 Exam Preparation Tips:
- Review past 5-year board questions included at the end of each topic.
- Practice diagrams, derivations, and formulas regularly.
- Memorize key definitions and bold terms for maximum score."
Unit 16 MCQâs (New),Physics,10,PCTB (Punjab Curriculum & Textbook Board),CHAPTER_WISE,16,Solved MCQs,TaleemCity / PakParcha,https://drive.google.com/file/d/12nGaa5RR92khvlsC6wxA3aARUxITq4Lp/preview,"### Comprehensive Physics Class 10 (Unit 16) Notes & Solutions

These Physics notes for Class 10 (Unit 16 MCQâs (New)) are prepared strictly according to the Single National Curriculum (SNC 2025–2026) and Punjab Curriculum and Textbook Board (PCTB) standards.

#### 📌 Included In This Resource:
1. **Multiple Choice Questions (MCQs):** Carefully curated objective questions with verified answer keys.
2. **Short Answer Questions:** Concise, exam-targeted answers highlighting key definitions, laws, and concepts.
3. **Long & Detailed Questions:** Step-by-step explanations, diagrams, derivations, and board-standard headings.
4. **Textbook Solved Exercises & Numericals:** Complete solved numericals and exercises with given data, formula substitution, and final units.

#### 🏛️ Board Compatibility:
- **Punjab Boards:** Lahore, Rawalpindi, Gujranwala, Faisalabad, Multan, Sargodha, Sahiwal, Bahawalpur, DG Khan.
- **Federal Board (FBISE):** Islamabad & Cantonment Institutions.
- **KPK & Sindh Boards:** Aligned with Single National Curriculum standards.

#### 💡 Exam Preparation Tips:
- Review past 5-year board questions included at the end of each topic.
- Practice diagrams, derivations, and formulas regularly.
- Memorize key definitions and bold terms for maximum score."
Unit 16 Short Questions (New),Physics,10,PCTB (Punjab Curriculum & Textbook Board),CHAPTER_WISE,16,Short Questions,TaleemCity / PakParcha,https://drive.google.com/file/d/11tAjef1pYqKxj_OR9KWATYhIJvMove8t/preview,"### Comprehensive Physics Class 10 (Unit 16) Notes & Solutions

These Physics notes for Class 10 (Unit 16 Short Questions (New)) are prepared strictly according to the Single National Curriculum (SNC 2025–2026) and Punjab Curriculum and Textbook Board (PCTB) standards.

#### 📌 Included In This Resource:
1. **Multiple Choice Questions (MCQs):** Carefully curated objective questions with verified answer keys.
2. **Short Answer Questions:** Concise, exam-targeted answers highlighting key definitions, laws, and concepts.
3. **Long & Detailed Questions:** Step-by-step explanations, diagrams, derivations, and board-standard headings.
4. **Textbook Solved Exercises & Numericals:** Complete solved numericals and exercises with given data, formula substitution, and final units.

#### 🏛️ Board Compatibility:
- **Punjab Boards:** Lahore, Rawalpindi, Gujranwala, Faisalabad, Multan, Sargodha, Sahiwal, Bahawalpur, DG Khan.
- **Federal Board (FBISE):** Islamabad & Cantonment Institutions.
- **KPK & Sindh Boards:** Aligned with Single National Curriculum standards.

#### 💡 Exam Preparation Tips:
- Review past 5-year board questions included at the end of each topic.
- Practice diagrams, derivations, and formulas regularly.
- Memorize key definitions and bold terms for maximum score."
Unit 17 Long Questions (New),Physics,10,PCTB (Punjab Curriculum & Textbook Board),CHAPTER_WISE,17,Long Questions,TaleemCity / PakParcha,https://drive.google.com/file/d/1ROkMK-KCMhFyDeNpZgcrI4v9NlSZ3ZlX/preview,"### Comprehensive Physics Class 10 (Unit 17) Notes & Solutions

These Physics notes for Class 10 (Unit 17 Long Questions (New)) are prepared strictly according to the Single National Curriculum (SNC 2025–2026) and Punjab Curriculum and Textbook Board (PCTB) standards.

#### 📌 Included In This Resource:
1. **Multiple Choice Questions (MCQs):** Carefully curated objective questions with verified answer keys.
2. **Short Answer Questions:** Concise, exam-targeted answers highlighting key definitions, laws, and concepts.
3. **Long & Detailed Questions:** Step-by-step explanations, diagrams, derivations, and board-standard headings.
4. **Textbook Solved Exercises & Numericals:** Complete solved numericals and exercises with given data, formula substitution, and final units.

#### 🏛️ Board Compatibility:
- **Punjab Boards:** Lahore, Rawalpindi, Gujranwala, Faisalabad, Multan, Sargodha, Sahiwal, Bahawalpur, DG Khan.
- **Federal Board (FBISE):** Islamabad & Cantonment Institutions.
- **KPK & Sindh Boards:** Aligned with Single National Curriculum standards.

#### 💡 Exam Preparation Tips:
- Review past 5-year board questions included at the end of each topic.
- Practice diagrams, derivations, and formulas regularly.
- Memorize key definitions and bold terms for maximum score."
Unit 17 MCQâs (New),Physics,10,PCTB (Punjab Curriculum & Textbook Board),CHAPTER_WISE,17,Solved MCQs,TaleemCity / PakParcha,https://drive.google.com/file/d/1mPY5AghnE5zHsDQQ8mxgKEt1JQacME6M/preview,"### Comprehensive Physics Class 10 (Unit 17) Notes & Solutions

These Physics notes for Class 10 (Unit 17 MCQâs (New)) are prepared strictly according to the Single National Curriculum (SNC 2025–2026) and Punjab Curriculum and Textbook Board (PCTB) standards.

#### 📌 Included In This Resource:
1. **Multiple Choice Questions (MCQs):** Carefully curated objective questions with verified answer keys.
2. **Short Answer Questions:** Concise, exam-targeted answers highlighting key definitions, laws, and concepts.
3. **Long & Detailed Questions:** Step-by-step explanations, diagrams, derivations, and board-standard headings.
4. **Textbook Solved Exercises & Numericals:** Complete solved numericals and exercises with given data, formula substitution, and final units.

#### 🏛️ Board Compatibility:
- **Punjab Boards:** Lahore, Rawalpindi, Gujranwala, Faisalabad, Multan, Sargodha, Sahiwal, Bahawalpur, DG Khan.
- **Federal Board (FBISE):** Islamabad & Cantonment Institutions.
- **KPK & Sindh Boards:** Aligned with Single National Curriculum standards.

#### 💡 Exam Preparation Tips:
- Review past 5-year board questions included at the end of each topic.
- Practice diagrams, derivations, and formulas regularly.
- Memorize key definitions and bold terms for maximum score."
Unit 17 Short Questions (New),Physics,10,PCTB (Punjab Curriculum & Textbook Board),CHAPTER_WISE,17,Short Questions,TaleemCity / PakParcha,https://drive.google.com/file/d/10VW3ebfIc9A_f2Vtnb1ZBoX46jugwipC/preview,"### Comprehensive Physics Class 10 (Unit 17) Notes & Solutions

These Physics notes for Class 10 (Unit 17 Short Questions (New)) are prepared strictly according to the Single National Curriculum (SNC 2025–2026) and Punjab Curriculum and Textbook Board (PCTB) standards.

#### 📌 Included In This Resource:
1. **Multiple Choice Questions (MCQs):** Carefully curated objective questions with verified answer keys.
2. **Short Answer Questions:** Concise, exam-targeted answers highlighting key definitions, laws, and concepts.
3. **Long & Detailed Questions:** Step-by-step explanations, diagrams, derivations, and board-standard headings.
4. **Textbook Solved Exercises & Numericals:** Complete solved numericals and exercises with given data, formula substitution, and final units.

#### 🏛️ Board Compatibility:
- **Punjab Boards:** Lahore, Rawalpindi, Gujranwala, Faisalabad, Multan, Sargodha, Sahiwal, Bahawalpur, DG Khan.
- **Federal Board (FBISE):** Islamabad & Cantonment Institutions.
- **KPK & Sindh Boards:** Aligned with Single National Curriculum standards.

#### 💡 Exam Preparation Tips:
- Review past 5-year board questions included at the end of each topic.
- Practice diagrams, derivations, and formulas regularly.
- Memorize key definitions and bold terms for maximum score."
Unit 18 Exercise Numericals (New),Physics,10,PCTB (Punjab Curriculum & Textbook Board),CHAPTER_WISE,18,Solved Numericals,TaleemCity / PakParcha,https://drive.google.com/file/d/1qcjtm6ZetHJY4jQkZcGLsr5cbpalCeKn/preview,"### Comprehensive Physics Class 10 (Unit 18) Notes & Solutions

These Physics notes for Class 10 (Unit 18 Exercise Numericals (New)) are prepared strictly according to the Single National Curriculum (SNC 2025–2026) and Punjab Curriculum and Textbook Board (PCTB) standards.

#### 📌 Included In This Resource:
1. **Multiple Choice Questions (MCQs):** Carefully curated objective questions with verified answer keys.
2. **Short Answer Questions:** Concise, exam-targeted answers highlighting key definitions, laws, and concepts.
3. **Long & Detailed Questions:** Step-by-step explanations, diagrams, derivations, and board-standard headings.
4. **Textbook Solved Exercises & Numericals:** Complete solved numericals and exercises with given data, formula substitution, and final units.

#### 🏛️ Board Compatibility:
- **Punjab Boards:** Lahore, Rawalpindi, Gujranwala, Faisalabad, Multan, Sargodha, Sahiwal, Bahawalpur, DG Khan.
- **Federal Board (FBISE):** Islamabad & Cantonment Institutions.
- **KPK & Sindh Boards:** Aligned with Single National Curriculum standards.

#### 💡 Exam Preparation Tips:
- Review past 5-year board questions included at the end of each topic.
- Practice diagrams, derivations, and formulas regularly.
- Memorize key definitions and bold terms for maximum score."
Unit 18 Long Questions (New),Physics,10,PCTB (Punjab Curriculum & Textbook Board),CHAPTER_WISE,18,Long Questions,TaleemCity / PakParcha,https://drive.google.com/file/d/1QBBUKcWv5JaiP2Za9_b-QgbuPdU4LFzg/preview,"### Comprehensive Physics Class 10 (Unit 18) Notes & Solutions

These Physics notes for Class 10 (Unit 18 Long Questions (New)) are prepared strictly according to the Single National Curriculum (SNC 2025–2026) and Punjab Curriculum and Textbook Board (PCTB) standards.

#### 📌 Included In This Resource:
1. **Multiple Choice Questions (MCQs):** Carefully curated objective questions with verified answer keys.
2. **Short Answer Questions:** Concise, exam-targeted answers highlighting key definitions, laws, and concepts.
3. **Long & Detailed Questions:** Step-by-step explanations, diagrams, derivations, and board-standard headings.
4. **Textbook Solved Exercises & Numericals:** Complete solved numericals and exercises with given data, formula substitution, and final units.

#### 🏛️ Board Compatibility:
- **Punjab Boards:** Lahore, Rawalpindi, Gujranwala, Faisalabad, Multan, Sargodha, Sahiwal, Bahawalpur, DG Khan.
- **Federal Board (FBISE):** Islamabad & Cantonment Institutions.
- **KPK & Sindh Boards:** Aligned with Single National Curriculum standards.

#### 💡 Exam Preparation Tips:
- Review past 5-year board questions included at the end of each topic.
- Practice diagrams, derivations, and formulas regularly.
- Memorize key definitions and bold terms for maximum score."
Unit 18 MCQâs (New),Physics,10,PCTB (Punjab Curriculum & Textbook Board),CHAPTER_WISE,18,Solved MCQs,TaleemCity / PakParcha,https://drive.google.com/file/d/1tnYTQzLEtE28wdjzNozzrx0fQOJc_ZKU/preview,"### Comprehensive Physics Class 10 (Unit 18) Notes & Solutions

These Physics notes for Class 10 (Unit 18 MCQâs (New)) are prepared strictly according to the Single National Curriculum (SNC 2025–2026) and Punjab Curriculum and Textbook Board (PCTB) standards.

#### 📌 Included In This Resource:
1. **Multiple Choice Questions (MCQs):** Carefully curated objective questions with verified answer keys.
2. **Short Answer Questions:** Concise, exam-targeted answers highlighting key definitions, laws, and concepts.
3. **Long & Detailed Questions:** Step-by-step explanations, diagrams, derivations, and board-standard headings.
4. **Textbook Solved Exercises & Numericals:** Complete solved numericals and exercises with given data, formula substitution, and final units.

#### 🏛️ Board Compatibility:
- **Punjab Boards:** Lahore, Rawalpindi, Gujranwala, Faisalabad, Multan, Sargodha, Sahiwal, Bahawalpur, DG Khan.
- **Federal Board (FBISE):** Islamabad & Cantonment Institutions.
- **KPK & Sindh Boards:** Aligned with Single National Curriculum standards.

#### 💡 Exam Preparation Tips:
- Review past 5-year board questions included at the end of each topic.
- Practice diagrams, derivations, and formulas regularly.
- Memorize key definitions and bold terms for maximum score."
Unit 18 Short Questions (New),Physics,10,PCTB (Punjab Curriculum & Textbook Board),CHAPTER_WISE,18,Short Questions,TaleemCity / PakParcha,https://drive.google.com/file/d/1bGKO3LT8Cf90yw7YefSZ3hUMnBgI1SSW/preview,"### Comprehensive Physics Class 10 (Unit 18) Notes & Solutions

These Physics notes for Class 10 (Unit 18 Short Questions (New)) are prepared strictly according to the Single National Curriculum (SNC 2025–2026) and Punjab Curriculum and Textbook Board (PCTB) standards.

#### 📌 Included In This Resource:
1. **Multiple Choice Questions (MCQs):** Carefully curated objective questions with verified answer keys.
2. **Short Answer Questions:** Concise, exam-targeted answers highlighting key definitions, laws, and concepts.
3. **Long & Detailed Questions:** Step-by-step explanations, diagrams, derivations, and board-standard headings.
4. **Textbook Solved Exercises & Numericals:** Complete solved numericals and exercises with given data, formula substitution, and final units.

#### 🏛️ Board Compatibility:
- **Punjab Boards:** Lahore, Rawalpindi, Gujranwala, Faisalabad, Multan, Sargodha, Sahiwal, Bahawalpur, DG Khan.
- **Federal Board (FBISE):** Islamabad & Cantonment Institutions.
- **KPK & Sindh Boards:** Aligned with Single National Curriculum standards.

#### 💡 Exam Preparation Tips:
- Review past 5-year board questions included at the end of each topic.
- Practice diagrams, derivations, and formulas regularly.
- Memorize key definitions and bold terms for maximum score."
Unit 19 Long Questions (New),Physics,10,PCTB (Punjab Curriculum & Textbook Board),CHAPTER_WISE,19,Long Questions,TaleemCity / PakParcha,https://drive.google.com/file/d/1wkhCpGD2OdRsaLATh2qou-yaysonfjRM/preview,"### Comprehensive Physics Class 10 (Unit 19) Notes & Solutions

These Physics notes for Class 10 (Unit 19 Long Questions (New)) are prepared strictly according to the Single National Curriculum (SNC 2025–2026) and Punjab Curriculum and Textbook Board (PCTB) standards.

#### 📌 Included In This Resource:
1. **Multiple Choice Questions (MCQs):** Carefully curated objective questions with verified answer keys.
2. **Short Answer Questions:** Concise, exam-targeted answers highlighting key definitions, laws, and concepts.
3. **Long & Detailed Questions:** Step-by-step explanations, diagrams, derivations, and board-standard headings.
4. **Textbook Solved Exercises & Numericals:** Complete solved numericals and exercises with given data, formula substitution, and final units.

#### 🏛️ Board Compatibility:
- **Punjab Boards:** Lahore, Rawalpindi, Gujranwala, Faisalabad, Multan, Sargodha, Sahiwal, Bahawalpur, DG Khan.
- **Federal Board (FBISE):** Islamabad & Cantonment Institutions.
- **KPK & Sindh Boards:** Aligned with Single National Curriculum standards.

#### 💡 Exam Preparation Tips:
- Review past 5-year board questions included at the end of each topic.
- Practice diagrams, derivations, and formulas regularly.
- Memorize key definitions and bold terms for maximum score."
Unit 19 MCQâs (New),Physics,10,PCTB (Punjab Curriculum & Textbook Board),CHAPTER_WISE,19,Solved MCQs,TaleemCity / PakParcha,https://drive.google.com/file/d/1h7xdNQ42yateLcZqmRjJFQcdgvnzsqG4/preview,"### Comprehensive Physics Class 10 (Unit 19) Notes & Solutions

These Physics notes for Class 10 (Unit 19 MCQâs (New)) are prepared strictly according to the Single National Curriculum (SNC 2025–2026) and Punjab Curriculum and Textbook Board (PCTB) standards.

#### 📌 Included In This Resource:
1. **Multiple Choice Questions (MCQs):** Carefully curated objective questions with verified answer keys.
2. **Short Answer Questions:** Concise, exam-targeted answers highlighting key definitions, laws, and concepts.
3. **Long & Detailed Questions:** Step-by-step explanations, diagrams, derivations, and board-standard headings.
4. **Textbook Solved Exercises & Numericals:** Complete solved numericals and exercises with given data, formula substitution, and final units.

#### 🏛️ Board Compatibility:
- **Punjab Boards:** Lahore, Rawalpindi, Gujranwala, Faisalabad, Multan, Sargodha, Sahiwal, Bahawalpur, DG Khan.
- **Federal Board (FBISE):** Islamabad & Cantonment Institutions.
- **KPK & Sindh Boards:** Aligned with Single National Curriculum standards.

#### 💡 Exam Preparation Tips:
- Review past 5-year board questions included at the end of each topic.
- Practice diagrams, derivations, and formulas regularly.
- Memorize key definitions and bold terms for maximum score."
Unit 19 Short Questions (New),Physics,10,PCTB (Punjab Curriculum & Textbook Board),CHAPTER_WISE,19,Short Questions,TaleemCity / PakParcha,https://drive.google.com/file/d/1mKAvLuWAPDU-TZTmHeT93lPMzbN0uD7P/preview,"### Comprehensive Physics Class 10 (Unit 19) Notes & Solutions

These Physics notes for Class 10 (Unit 19 Short Questions (New)) are prepared strictly according to the Single National Curriculum (SNC 2025–2026) and Punjab Curriculum and Textbook Board (PCTB) standards.

#### 📌 Included In This Resource:
1. **Multiple Choice Questions (MCQs):** Carefully curated objective questions with verified answer keys.
2. **Short Answer Questions:** Concise, exam-targeted answers highlighting key definitions, laws, and concepts.
3. **Long & Detailed Questions:** Step-by-step explanations, diagrams, derivations, and board-standard headings.
4. **Textbook Solved Exercises & Numericals:** Complete solved numericals and exercises with given data, formula substitution, and final units.

#### 🏛️ Board Compatibility:
- **Punjab Boards:** Lahore, Rawalpindi, Gujranwala, Faisalabad, Multan, Sargodha, Sahiwal, Bahawalpur, DG Khan.
- **Federal Board (FBISE):** Islamabad & Cantonment Institutions.
- **KPK & Sindh Boards:** Aligned with Single National Curriculum standards.

#### 💡 Exam Preparation Tips:
- Review past 5-year board questions included at the end of each topic.
- Practice diagrams, derivations, and formulas regularly.
- Memorize key definitions and bold terms for maximum score."
Unit 20 Exercise Numericals (New),Physics,10,PCTB (Punjab Curriculum & Textbook Board),CHAPTER_WISE,20,Solved Numericals,TaleemCity / PakParcha,https://drive.google.com/file/d/1gibsycTxj8DG1xW49JePHZ0jEV07N2Sq/preview,"### Comprehensive Physics Class 10 (Unit 20) Notes & Solutions

These Physics notes for Class 10 (Unit 20 Exercise Numericals (New)) are prepared strictly according to the Single National Curriculum (SNC 2025–2026) and Punjab Curriculum and Textbook Board (PCTB) standards.

#### 📌 Included In This Resource:
1. **Multiple Choice Questions (MCQs):** Carefully curated objective questions with verified answer keys.
2. **Short Answer Questions:** Concise, exam-targeted answers highlighting key definitions, laws, and concepts.
3. **Long & Detailed Questions:** Step-by-step explanations, diagrams, derivations, and board-standard headings.
4. **Textbook Solved Exercises & Numericals:** Complete solved numericals and exercises with given data, formula substitution, and final units.

#### 🏛️ Board Compatibility:
- **Punjab Boards:** Lahore, Rawalpindi, Gujranwala, Faisalabad, Multan, Sargodha, Sahiwal, Bahawalpur, DG Khan.
- **Federal Board (FBISE):** Islamabad & Cantonment Institutions.
- **KPK & Sindh Boards:** Aligned with Single National Curriculum standards.

#### 💡 Exam Preparation Tips:
- Review past 5-year board questions included at the end of each topic.
- Practice diagrams, derivations, and formulas regularly.
- Memorize key definitions and bold terms for maximum score."
Unit 20 Long Questions (New),Physics,10,PCTB (Punjab Curriculum & Textbook Board),CHAPTER_WISE,20,Long Questions,TaleemCity / PakParcha,https://drive.google.com/file/d/12lUfjJE7c-uaaTxNuO1jIfAANhzJGZ4t/preview,"### Comprehensive Physics Class 10 (Unit 20) Notes & Solutions

These Physics notes for Class 10 (Unit 20 Long Questions (New)) are prepared strictly according to the Single National Curriculum (SNC 2025–2026) and Punjab Curriculum and Textbook Board (PCTB) standards.

#### 📌 Included In This Resource:
1. **Multiple Choice Questions (MCQs):** Carefully curated objective questions with verified answer keys.
2. **Short Answer Questions:** Concise, exam-targeted answers highlighting key definitions, laws, and concepts.
3. **Long & Detailed Questions:** Step-by-step explanations, diagrams, derivations, and board-standard headings.
4. **Textbook Solved Exercises & Numericals:** Complete solved numericals and exercises with given data, formula substitution, and final units.

#### 🏛️ Board Compatibility:
- **Punjab Boards:** Lahore, Rawalpindi, Gujranwala, Faisalabad, Multan, Sargodha, Sahiwal, Bahawalpur, DG Khan.
- **Federal Board (FBISE):** Islamabad & Cantonment Institutions.
- **KPK & Sindh Boards:** Aligned with Single National Curriculum standards.

#### 💡 Exam Preparation Tips:
- Review past 5-year board questions included at the end of each topic.
- Practice diagrams, derivations, and formulas regularly.
- Memorize key definitions and bold terms for maximum score."
Unit 20 MCQâs (New),Physics,10,PCTB (Punjab Curriculum & Textbook Board),CHAPTER_WISE,20,Solved MCQs,TaleemCity / PakParcha,https://drive.google.com/file/d/1fY0HfFiJ4SZc19scM4UWfQvVCHV2ouZD/preview,"### Comprehensive Physics Class 10 (Unit 20) Notes & Solutions

These Physics notes for Class 10 (Unit 20 MCQâs (New)) are prepared strictly according to the Single National Curriculum (SNC 2025–2026) and Punjab Curriculum and Textbook Board (PCTB) standards.

#### 📌 Included In This Resource:
1. **Multiple Choice Questions (MCQs):** Carefully curated objective questions with verified answer keys.
2. **Short Answer Questions:** Concise, exam-targeted answers highlighting key definitions, laws, and concepts.
3. **Long & Detailed Questions:** Step-by-step explanations, diagrams, derivations, and board-standard headings.
4. **Textbook Solved Exercises & Numericals:** Complete solved numericals and exercises with given data, formula substitution, and final units.

#### 🏛️ Board Compatibility:
- **Punjab Boards:** Lahore, Rawalpindi, Gujranwala, Faisalabad, Multan, Sargodha, Sahiwal, Bahawalpur, DG Khan.
- **Federal Board (FBISE):** Islamabad & Cantonment Institutions.
- **KPK & Sindh Boards:** Aligned with Single National Curriculum standards.

#### 💡 Exam Preparation Tips:
- Review past 5-year board questions included at the end of each topic.
- Practice diagrams, derivations, and formulas regularly.
- Memorize key definitions and bold terms for maximum score."
Unit 20 Short Questions (New),Physics,10,PCTB (Punjab Curriculum & Textbook Board),CHAPTER_WISE,20,Short Questions,TaleemCity / PakParcha,https://drive.google.com/file/d/17nTHTgbxSDNKFHEUwE_6IGZcsOOM8gUq/preview,"### Comprehensive Physics Class 10 (Unit 20) Notes & Solutions

These Physics notes for Class 10 (Unit 20 Short Questions (New)) are prepared strictly according to the Single National Curriculum (SNC 2025–2026) and Punjab Curriculum and Textbook Board (PCTB) standards.

#### 📌 Included In This Resource:
1. **Multiple Choice Questions (MCQs):** Carefully curated objective questions with verified answer keys.
2. **Short Answer Questions:** Concise, exam-targeted answers highlighting key definitions, laws, and concepts.
3. **Long & Detailed Questions:** Step-by-step explanations, diagrams, derivations, and board-standard headings.
4. **Textbook Solved Exercises & Numericals:** Complete solved numericals and exercises with given data, formula substitution, and final units.

#### 🏛️ Board Compatibility:
- **Punjab Boards:** Lahore, Rawalpindi, Gujranwala, Faisalabad, Multan, Sargodha, Sahiwal, Bahawalpur, DG Khan.
- **Federal Board (FBISE):** Islamabad & Cantonment Institutions.
- **KPK & Sindh Boards:** Aligned with Single National Curriculum standards.

#### 💡 Exam Preparation Tips:
- Review past 5-year board questions included at the end of each topic.
- Practice diagrams, derivations, and formulas regularly.
- Memorize key definitions and bold terms for maximum score."
Unit 21 Long Questions (New),Physics,10,PCTB (Punjab Curriculum & Textbook Board),CHAPTER_WISE,21,Long Questions,TaleemCity / PakParcha,https://drive.google.com/file/d/1w_KZ_MnL9JVrzzcdHiPryMnhMVRoFEGt/preview,"### Comprehensive Physics Class 10 (Unit 21) Notes & Solutions

These Physics notes for Class 10 (Unit 21 Long Questions (New)) are prepared strictly according to the Single National Curriculum (SNC 2025–2026) and Punjab Curriculum and Textbook Board (PCTB) standards.

#### 📌 Included In This Resource:
1. **Multiple Choice Questions (MCQs):** Carefully curated objective questions with verified answer keys.
2. **Short Answer Questions:** Concise, exam-targeted answers highlighting key definitions, laws, and concepts.
3. **Long & Detailed Questions:** Step-by-step explanations, diagrams, derivations, and board-standard headings.
4. **Textbook Solved Exercises & Numericals:** Complete solved numericals and exercises with given data, formula substitution, and final units.

#### 🏛️ Board Compatibility:
- **Punjab Boards:** Lahore, Rawalpindi, Gujranwala, Faisalabad, Multan, Sargodha, Sahiwal, Bahawalpur, DG Khan.
- **Federal Board (FBISE):** Islamabad & Cantonment Institutions.
- **KPK & Sindh Boards:** Aligned with Single National Curriculum standards.

#### 💡 Exam Preparation Tips:
- Review past 5-year board questions included at the end of each topic.
- Practice diagrams, derivations, and formulas regularly.
- Memorize key definitions and bold terms for maximum score."
Unit 21 MCQâs (New),Physics,10,PCTB (Punjab Curriculum & Textbook Board),CHAPTER_WISE,21,Solved MCQs,TaleemCity / PakParcha,https://drive.google.com/file/d/1Hhlrz-COkwObCa2km7GJwQ2fY7VJ3bhP/preview,"### Comprehensive Physics Class 10 (Unit 21) Notes & Solutions

These Physics notes for Class 10 (Unit 21 MCQâs (New)) are prepared strictly according to the Single National Curriculum (SNC 2025–2026) and Punjab Curriculum and Textbook Board (PCTB) standards.

#### 📌 Included In This Resource:
1. **Multiple Choice Questions (MCQs):** Carefully curated objective questions with verified answer keys.
2. **Short Answer Questions:** Concise, exam-targeted answers highlighting key definitions, laws, and concepts.
3. **Long & Detailed Questions:** Step-by-step explanations, diagrams, derivations, and board-standard headings.
4. **Textbook Solved Exercises & Numericals:** Complete solved numericals and exercises with given data, formula substitution, and final units.

#### 🏛️ Board Compatibility:
- **Punjab Boards:** Lahore, Rawalpindi, Gujranwala, Faisalabad, Multan, Sargodha, Sahiwal, Bahawalpur, DG Khan.
- **Federal Board (FBISE):** Islamabad & Cantonment Institutions.
- **KPK & Sindh Boards:** Aligned with Single National Curriculum standards.

#### 💡 Exam Preparation Tips:
- Review past 5-year board questions included at the end of each topic.
- Practice diagrams, derivations, and formulas regularly.
- Memorize key definitions and bold terms for maximum score."
Unit 21 Short Questions (New),Physics,10,PCTB (Punjab Curriculum & Textbook Board),CHAPTER_WISE,21,Short Questions,TaleemCity / PakParcha,https://drive.google.com/file/d/1wIpHRgx321RwOLb5Ulh3rk90E9YBSo1_/preview,"### Comprehensive Physics Class 10 (Unit 21) Notes & Solutions

These Physics notes for Class 10 (Unit 21 Short Questions (New)) are prepared strictly according to the Single National Curriculum (SNC 2025–2026) and Punjab Curriculum and Textbook Board (PCTB) standards.

#### 📌 Included In This Resource:
1. **Multiple Choice Questions (MCQs):** Carefully curated objective questions with verified answer keys.
2. **Short Answer Questions:** Concise, exam-targeted answers highlighting key definitions, laws, and concepts.
3. **Long & Detailed Questions:** Step-by-step explanations, diagrams, derivations, and board-standard headings.
4. **Textbook Solved Exercises & Numericals:** Complete solved numericals and exercises with given data, formula substitution, and final units.

#### 🏛️ Board Compatibility:
- **Punjab Boards:** Lahore, Rawalpindi, Gujranwala, Faisalabad, Multan, Sargodha, Sahiwal, Bahawalpur, DG Khan.
- **Federal Board (FBISE):** Islamabad & Cantonment Institutions.
- **KPK & Sindh Boards:** Aligned with Single National Curriculum standards.

#### 💡 Exam Preparation Tips:
- Review past 5-year board questions included at the end of each topic.
- Practice diagrams, derivations, and formulas regularly.
- Memorize key definitions and bold terms for maximum score."
Complete Merged Book Notes,Urdu,10,PCTB (Punjab Curriculum & Textbook Board),FULL_BOOK,,Full Book Complete,TaleemCity / PakParcha,https://drive.google.com/file/d/1pgfjMp5ZY11xDJpO_waWTdSS8jaSyxgi/preview,"### Comprehensive Urdu Class 10 (Full Book Complete Syllabus) Notes & Solutions

These Urdu notes for Class 10 (Complete Merged Book Notes) are prepared strictly according to the Single National Curriculum (SNC 2025–2026) and Punjab Curriculum and Textbook Board (PCTB) standards.

#### 📌 Included In This Resource:
1. **Multiple Choice Questions (MCQs):** Carefully curated objective questions with verified answer keys.
2. **Short Answer Questions:** Concise, exam-targeted answers highlighting key definitions, laws, and concepts.
3. **Long & Detailed Questions:** Step-by-step explanations, diagrams, derivations, and board-standard headings.
4. **Textbook Solved Exercises & Numericals:** Complete solved numericals and exercises with given data, formula substitution, and final units.

#### 🏛️ Board Compatibility:
- **Punjab Boards:** Lahore, Rawalpindi, Gujranwala, Faisalabad, Multan, Sargodha, Sahiwal, Bahawalpur, DG Khan.
- **Federal Board (FBISE):** Islamabad & Cantonment Institutions.
- **KPK & Sindh Boards:** Aligned with Single National Curriculum standards.

#### 💡 Exam Preparation Tips:
- Review past 5-year board questions included at the end of each topic.
- Practice diagrams, derivations, and formulas regularly.
- Memorize key definitions and bold terms for maximum score."
Unit 01 Chapter 1 â Nazam Hamd,Urdu,10,PCTB (Punjab Curriculum & Textbook Board),CHAPTER_WISE,1,Chapter Questions,TaleemCity / PakParcha,https://drive.google.com/file/d/1TnIt2qqRqoHpH8pT86dm7O1mKeaqx7t0/preview,"### Comprehensive Urdu Class 10 (Unit 1) Notes & Solutions

These Urdu notes for Class 10 (Unit 01 Chapter 1 â Nazam Hamd) are prepared strictly according to the Single National Curriculum (SNC 2025–2026) and Punjab Curriculum and Textbook Board (PCTB) standards.

#### 📌 Included In This Resource:
1. **Multiple Choice Questions (MCQs):** Carefully curated objective questions with verified answer keys.
2. **Short Answer Questions:** Concise, exam-targeted answers highlighting key definitions, laws, and concepts.
3. **Long & Detailed Questions:** Step-by-step explanations, diagrams, derivations, and board-standard headings.
4. **Textbook Solved Exercises & Numericals:** Complete solved numericals and exercises with given data, formula substitution, and final units.

#### 🏛️ Board Compatibility:
- **Punjab Boards:** Lahore, Rawalpindi, Gujranwala, Faisalabad, Multan, Sargodha, Sahiwal, Bahawalpur, DG Khan.
- **Federal Board (FBISE):** Islamabad & Cantonment Institutions.
- **KPK & Sindh Boards:** Aligned with Single National Curriculum standards.

#### 💡 Exam Preparation Tips:
- Review past 5-year board questions included at the end of each topic.
- Practice diagrams, derivations, and formulas regularly.
- Memorize key definitions and bold terms for maximum score."
Unit 02 Chapter 2 â Nazam Naat,Urdu,10,PCTB (Punjab Curriculum & Textbook Board),CHAPTER_WISE,2,Chapter Questions,TaleemCity / PakParcha,https://drive.google.com/file/d/148fXGOBuGXHOMzRHKVUEQGBYTBcikCXP/preview,"### Comprehensive Urdu Class 10 (Unit 2) Notes & Solutions

These Urdu notes for Class 10 (Unit 02 Chapter 2 â Nazam Naat) are prepared strictly according to the Single National Curriculum (SNC 2025–2026) and Punjab Curriculum and Textbook Board (PCTB) standards.

#### 📌 Included In This Resource:
1. **Multiple Choice Questions (MCQs):** Carefully curated objective questions with verified answer keys.
2. **Short Answer Questions:** Concise, exam-targeted answers highlighting key definitions, laws, and concepts.
3. **Long & Detailed Questions:** Step-by-step explanations, diagrams, derivations, and board-standard headings.
4. **Textbook Solved Exercises & Numericals:** Complete solved numericals and exercises with given data, formula substitution, and final units.

#### 🏛️ Board Compatibility:
- **Punjab Boards:** Lahore, Rawalpindi, Gujranwala, Faisalabad, Multan, Sargodha, Sahiwal, Bahawalpur, DG Khan.
- **Federal Board (FBISE):** Islamabad & Cantonment Institutions.
- **KPK & Sindh Boards:** Aligned with Single National Curriculum standards.

#### 💡 Exam Preparation Tips:
- Review past 5-year board questions included at the end of each topic.
- Practice diagrams, derivations, and formulas regularly.
- Memorize key definitions and bold terms for maximum score."
Unit 03 Chapter 3 â Akhlaq-e-Nabawi (SAW),Urdu,10,PCTB (Punjab Curriculum & Textbook Board),CHAPTER_WISE,3,Chapter Questions,TaleemCity / PakParcha,https://drive.google.com/file/d/13lsE_7pPGM2f9Yv_TF9kvOkP0Lex2Ha7/preview,"### Comprehensive Urdu Class 10 (Unit 3) Notes & Solutions

These Urdu notes for Class 10 (Unit 03 Chapter 3 â Akhlaq-e-Nabawi (SAW)) are prepared strictly according to the Single National Curriculum (SNC 2025–2026) and Punjab Curriculum and Textbook Board (PCTB) standards.

#### 📌 Included In This Resource:
1. **Multiple Choice Questions (MCQs):** Carefully curated objective questions with verified answer keys.
2. **Short Answer Questions:** Concise, exam-targeted answers highlighting key definitions, laws, and concepts.
3. **Long & Detailed Questions:** Step-by-step explanations, diagrams, derivations, and board-standard headings.
4. **Textbook Solved Exercises & Numericals:** Complete solved numericals and exercises with given data, formula substitution, and final units.

#### 🏛️ Board Compatibility:
- **Punjab Boards:** Lahore, Rawalpindi, Gujranwala, Faisalabad, Multan, Sargodha, Sahiwal, Bahawalpur, DG Khan.
- **Federal Board (FBISE):** Islamabad & Cantonment Institutions.
- **KPK & Sindh Boards:** Aligned with Single National Curriculum standards.

#### 💡 Exam Preparation Tips:
- Review past 5-year board questions included at the end of each topic.
- Practice diagrams, derivations, and formulas regularly.
- Memorize key definitions and bold terms for maximum score."
Unit 04 Chapter 4 â Sir Sayyad Ka Bachpan,Urdu,10,PCTB (Punjab Curriculum & Textbook Board),CHAPTER_WISE,4,Chapter Questions,TaleemCity / PakParcha,https://drive.google.com/file/d/1r8RdsS9PDmLhzxZIpuEeaBB6d7O19v_E/preview,"### Comprehensive Urdu Class 10 (Unit 4) Notes & Solutions

These Urdu notes for Class 10 (Unit 04 Chapter 4 â Sir Sayyad Ka Bachpan) are prepared strictly according to the Single National Curriculum (SNC 2025–2026) and Punjab Curriculum and Textbook Board (PCTB) standards.

#### 📌 Included In This Resource:
1. **Multiple Choice Questions (MCQs):** Carefully curated objective questions with verified answer keys.
2. **Short Answer Questions:** Concise, exam-targeted answers highlighting key definitions, laws, and concepts.
3. **Long & Detailed Questions:** Step-by-step explanations, diagrams, derivations, and board-standard headings.
4. **Textbook Solved Exercises & Numericals:** Complete solved numericals and exercises with given data, formula substitution, and final units.

#### 🏛️ Board Compatibility:
- **Punjab Boards:** Lahore, Rawalpindi, Gujranwala, Faisalabad, Multan, Sargodha, Sahiwal, Bahawalpur, DG Khan.
- **Federal Board (FBISE):** Islamabad & Cantonment Institutions.
- **KPK & Sindh Boards:** Aligned with Single National Curriculum standards.

#### 💡 Exam Preparation Tips:
- Review past 5-year board questions included at the end of each topic.
- Practice diagrams, derivations, and formulas regularly.
- Memorize key definitions and bold terms for maximum score."
Unit 05 Chapter 5 â Mohsin Muhalla,Urdu,10,PCTB (Punjab Curriculum & Textbook Board),CHAPTER_WISE,5,Chapter Questions,TaleemCity / PakParcha,https://drive.google.com/file/d/1bbjABEA_4QFr_vwgKm2C5277DUHWpqPS/preview,"### Comprehensive Urdu Class 10 (Unit 5) Notes & Solutions

These Urdu notes for Class 10 (Unit 05 Chapter 5 â Mohsin Muhalla) are prepared strictly according to the Single National Curriculum (SNC 2025–2026) and Punjab Curriculum and Textbook Board (PCTB) standards.

#### 📌 Included In This Resource:
1. **Multiple Choice Questions (MCQs):** Carefully curated objective questions with verified answer keys.
2. **Short Answer Questions:** Concise, exam-targeted answers highlighting key definitions, laws, and concepts.
3. **Long & Detailed Questions:** Step-by-step explanations, diagrams, derivations, and board-standard headings.
4. **Textbook Solved Exercises & Numericals:** Complete solved numericals and exercises with given data, formula substitution, and final units.

#### 🏛️ Board Compatibility:
- **Punjab Boards:** Lahore, Rawalpindi, Gujranwala, Faisalabad, Multan, Sargodha, Sahiwal, Bahawalpur, DG Khan.
- **Federal Board (FBISE):** Islamabad & Cantonment Institutions.
- **KPK & Sindh Boards:** Aligned with Single National Curriculum standards.

#### 💡 Exam Preparation Tips:
- Review past 5-year board questions included at the end of each topic.
- Practice diagrams, derivations, and formulas regularly.
- Memorize key definitions and bold terms for maximum score."
Unit 06 Chapter 6 â Kaffara,Urdu,10,PCTB (Punjab Curriculum & Textbook Board),CHAPTER_WISE,6,Chapter Questions,TaleemCity / PakParcha,https://drive.google.com/file/d/1xtufs3c8ySKixEitDsFr0TealFc2hH3V/preview,"### Comprehensive Urdu Class 10 (Unit 6) Notes & Solutions

These Urdu notes for Class 10 (Unit 06 Chapter 6 â Kaffara) are prepared strictly according to the Single National Curriculum (SNC 2025–2026) and Punjab Curriculum and Textbook Board (PCTB) standards.

#### 📌 Included In This Resource:
1. **Multiple Choice Questions (MCQs):** Carefully curated objective questions with verified answer keys.
2. **Short Answer Questions:** Concise, exam-targeted answers highlighting key definitions, laws, and concepts.
3. **Long & Detailed Questions:** Step-by-step explanations, diagrams, derivations, and board-standard headings.
4. **Textbook Solved Exercises & Numericals:** Complete solved numericals and exercises with given data, formula substitution, and final units.

#### 🏛️ Board Compatibility:
- **Punjab Boards:** Lahore, Rawalpindi, Gujranwala, Faisalabad, Multan, Sargodha, Sahiwal, Bahawalpur, DG Khan.
- **Federal Board (FBISE):** Islamabad & Cantonment Institutions.
- **KPK & Sindh Boards:** Aligned with Single National Curriculum standards.

#### 💡 Exam Preparation Tips:
- Review past 5-year board questions included at the end of each topic.
- Practice diagrams, derivations, and formulas regularly.
- Memorize key definitions and bold terms for maximum score."
Unit 07 Chapter 7 â Sawere Jo Kal Aankh Meri Khuli,Urdu,10,PCTB (Punjab Curriculum & Textbook Board),CHAPTER_WISE,7,Chapter Questions,TaleemCity / PakParcha,https://drive.google.com/file/d/1j7ecYvV9n2XKg79-qpHy_EWtStZ7kZ52/preview,"### Comprehensive Urdu Class 10 (Unit 7) Notes & Solutions

These Urdu notes for Class 10 (Unit 07 Chapter 7 â Sawere Jo Kal Aankh Meri Khuli) are prepared strictly according to the Single National Curriculum (SNC 2025–2026) and Punjab Curriculum and Textbook Board (PCTB) standards.

#### 📌 Included In This Resource:
1. **Multiple Choice Questions (MCQs):** Carefully curated objective questions with verified answer keys.
2. **Short Answer Questions:** Concise, exam-targeted answers highlighting key definitions, laws, and concepts.
3. **Long & Detailed Questions:** Step-by-step explanations, diagrams, derivations, and board-standard headings.
4. **Textbook Solved Exercises & Numericals:** Complete solved numericals and exercises with given data, formula substitution, and final units.

#### 🏛️ Board Compatibility:
- **Punjab Boards:** Lahore, Rawalpindi, Gujranwala, Faisalabad, Multan, Sargodha, Sahiwal, Bahawalpur, DG Khan.
- **Federal Board (FBISE):** Islamabad & Cantonment Institutions.
- **KPK & Sindh Boards:** Aligned with Single National Curriculum standards.

#### 💡 Exam Preparation Tips:
- Review past 5-year board questions included at the end of each topic.
- Practice diagrams, derivations, and formulas regularly.
- Memorize key definitions and bold terms for maximum score."
Unit 08 Chapter 8 â Dosti Ka Phal,Urdu,10,PCTB (Punjab Curriculum & Textbook Board),CHAPTER_WISE,8,Chapter Questions,TaleemCity / PakParcha,https://drive.google.com/file/d/1-COl3sGmPDPUfuxnSUjU7N19DDPmT3RB/preview,"### Comprehensive Urdu Class 10 (Unit 8) Notes & Solutions

These Urdu notes for Class 10 (Unit 08 Chapter 8 â Dosti Ka Phal) are prepared strictly according to the Single National Curriculum (SNC 2025–2026) and Punjab Curriculum and Textbook Board (PCTB) standards.

#### 📌 Included In This Resource:
1. **Multiple Choice Questions (MCQs):** Carefully curated objective questions with verified answer keys.
2. **Short Answer Questions:** Concise, exam-targeted answers highlighting key definitions, laws, and concepts.
3. **Long & Detailed Questions:** Step-by-step explanations, diagrams, derivations, and board-standard headings.
4. **Textbook Solved Exercises & Numericals:** Complete solved numericals and exercises with given data, formula substitution, and final units.

#### 🏛️ Board Compatibility:
- **Punjab Boards:** Lahore, Rawalpindi, Gujranwala, Faisalabad, Multan, Sargodha, Sahiwal, Bahawalpur, DG Khan.
- **Federal Board (FBISE):** Islamabad & Cantonment Institutions.
- **KPK & Sindh Boards:** Aligned with Single National Curriculum standards.

#### 💡 Exam Preparation Tips:
- Review past 5-year board questions included at the end of each topic.
- Practice diagrams, derivations, and formulas regularly.
- Memorize key definitions and bold terms for maximum score."
Unit 09 Chapter 9 â Mera Gaon,Urdu,10,PCTB (Punjab Curriculum & Textbook Board),CHAPTER_WISE,9,Chapter Questions,TaleemCity / PakParcha,https://drive.google.com/file/d/19Cwo4eUnpphgsX2RvCmnGU1-smZQ8chC/preview,"### Comprehensive Urdu Class 10 (Unit 9) Notes & Solutions

These Urdu notes for Class 10 (Unit 09 Chapter 9 â Mera Gaon) are prepared strictly according to the Single National Curriculum (SNC 2025–2026) and Punjab Curriculum and Textbook Board (PCTB) standards.

#### 📌 Included In This Resource:
1. **Multiple Choice Questions (MCQs):** Carefully curated objective questions with verified answer keys.
2. **Short Answer Questions:** Concise, exam-targeted answers highlighting key definitions, laws, and concepts.
3. **Long & Detailed Questions:** Step-by-step explanations, diagrams, derivations, and board-standard headings.
4. **Textbook Solved Exercises & Numericals:** Complete solved numericals and exercises with given data, formula substitution, and final units.

#### 🏛️ Board Compatibility:
- **Punjab Boards:** Lahore, Rawalpindi, Gujranwala, Faisalabad, Multan, Sargodha, Sahiwal, Bahawalpur, DG Khan.
- **Federal Board (FBISE):** Islamabad & Cantonment Institutions.
- **KPK & Sindh Boards:** Aligned with Single National Curriculum standards.

#### 💡 Exam Preparation Tips:
- Review past 5-year board questions included at the end of each topic.
- Practice diagrams, derivations, and formulas regularly.
- Memorize key definitions and bold terms for maximum score."
Unit 10 Chapter 10 â Babil k khandar,Urdu,10,PCTB (Punjab Curriculum & Textbook Board),CHAPTER_WISE,10,Chapter Questions,TaleemCity / PakParcha,https://drive.google.com/file/d/1wpTCBoDRHepANFqrhlN1kATq0vUPsbSm/preview,"### Comprehensive Urdu Class 10 (Unit 10) Notes & Solutions

These Urdu notes for Class 10 (Unit 10 Chapter 10 â Babil k khandar) are prepared strictly according to the Single National Curriculum (SNC 2025–2026) and Punjab Curriculum and Textbook Board (PCTB) standards.

#### 📌 Included In This Resource:
1. **Multiple Choice Questions (MCQs):** Carefully curated objective questions with verified answer keys.
2. **Short Answer Questions:** Concise, exam-targeted answers highlighting key definitions, laws, and concepts.
3. **Long & Detailed Questions:** Step-by-step explanations, diagrams, derivations, and board-standard headings.
4. **Textbook Solved Exercises & Numericals:** Complete solved numericals and exercises with given data, formula substitution, and final units.

#### 🏛️ Board Compatibility:
- **Punjab Boards:** Lahore, Rawalpindi, Gujranwala, Faisalabad, Multan, Sargodha, Sahiwal, Bahawalpur, DG Khan.
- **Federal Board (FBISE):** Islamabad & Cantonment Institutions.
- **KPK & Sindh Boards:** Aligned with Single National Curriculum standards.

#### 💡 Exam Preparation Tips:
- Review past 5-year board questions included at the end of each topic.
- Practice diagrams, derivations, and formulas regularly.
- Memorize key definitions and bold terms for maximum score."
Unit 11 Chapter 11 â Old Age Home,Urdu,10,PCTB (Punjab Curriculum & Textbook Board),CHAPTER_WISE,11,Chapter Questions,TaleemCity / PakParcha,https://drive.google.com/file/d/1jgNB_PHlxb7fYR0iWh6Y6l2uUbY14CAg/preview,"### Comprehensive Urdu Class 10 (Unit 11) Notes & Solutions

These Urdu notes for Class 10 (Unit 11 Chapter 11 â Old Age Home) are prepared strictly according to the Single National Curriculum (SNC 2025–2026) and Punjab Curriculum and Textbook Board (PCTB) standards.

#### 📌 Included In This Resource:
1. **Multiple Choice Questions (MCQs):** Carefully curated objective questions with verified answer keys.
2. **Short Answer Questions:** Concise, exam-targeted answers highlighting key definitions, laws, and concepts.
3. **Long & Detailed Questions:** Step-by-step explanations, diagrams, derivations, and board-standard headings.
4. **Textbook Solved Exercises & Numericals:** Complete solved numericals and exercises with given data, formula substitution, and final units.

#### 🏛️ Board Compatibility:
- **Punjab Boards:** Lahore, Rawalpindi, Gujranwala, Faisalabad, Multan, Sargodha, Sahiwal, Bahawalpur, DG Khan.
- **Federal Board (FBISE):** Islamabad & Cantonment Institutions.
- **KPK & Sindh Boards:** Aligned with Single National Curriculum standards.

#### 💡 Exam Preparation Tips:
- Review past 5-year board questions included at the end of each topic.
- Practice diagrams, derivations, and formulas regularly.
- Memorize key definitions and bold terms for maximum score."
Unit 12 Chapter 12 â Kuch Zariya Taleem K Bab main,Urdu,10,PCTB (Punjab Curriculum & Textbook Board),CHAPTER_WISE,12,Chapter Questions,TaleemCity / PakParcha,https://drive.google.com/file/d/1tW-v1lKvFP7vq0sg_iWgWLKV9ZCetpCh/preview,"### Comprehensive Urdu Class 10 (Unit 12) Notes & Solutions

These Urdu notes for Class 10 (Unit 12 Chapter 12 â Kuch Zariya Taleem K Bab main) are prepared strictly according to the Single National Curriculum (SNC 2025–2026) and Punjab Curriculum and Textbook Board (PCTB) standards.

#### 📌 Included In This Resource:
1. **Multiple Choice Questions (MCQs):** Carefully curated objective questions with verified answer keys.
2. **Short Answer Questions:** Concise, exam-targeted answers highlighting key definitions, laws, and concepts.
3. **Long & Detailed Questions:** Step-by-step explanations, diagrams, derivations, and board-standard headings.
4. **Textbook Solved Exercises & Numericals:** Complete solved numericals and exercises with given data, formula substitution, and final units.

#### 🏛️ Board Compatibility:
- **Punjab Boards:** Lahore, Rawalpindi, Gujranwala, Faisalabad, Multan, Sargodha, Sahiwal, Bahawalpur, DG Khan.
- **Federal Board (FBISE):** Islamabad & Cantonment Institutions.
- **KPK & Sindh Boards:** Aligned with Single National Curriculum standards.

#### 💡 Exam Preparation Tips:
- Review past 5-year board questions included at the end of each topic.
- Practice diagrams, derivations, and formulas regularly.
- Memorize key definitions and bold terms for maximum score."
Unit 13 Chapter 13 â Khatoot-e-Ghalib â MCQ's,Urdu,10,PCTB (Punjab Curriculum & Textbook Board),CHAPTER_WISE,13,Solved MCQs,TaleemCity / PakParcha,https://drive.google.com/file/d/1FxI55_ytZkez8ArS1sNQjMfDVR9W2W3n/preview,"### Comprehensive Urdu Class 10 (Unit 13) Notes & Solutions

These Urdu notes for Class 10 (Unit 13 Chapter 13 â Khatoot-e-Ghalib â MCQ's) are prepared strictly according to the Single National Curriculum (SNC 2025–2026) and Punjab Curriculum and Textbook Board (PCTB) standards.

#### 📌 Included In This Resource:
1. **Multiple Choice Questions (MCQs):** Carefully curated objective questions with verified answer keys.
2. **Short Answer Questions:** Concise, exam-targeted answers highlighting key definitions, laws, and concepts.
3. **Long & Detailed Questions:** Step-by-step explanations, diagrams, derivations, and board-standard headings.
4. **Textbook Solved Exercises & Numericals:** Complete solved numericals and exercises with given data, formula substitution, and final units.

#### 🏛️ Board Compatibility:
- **Punjab Boards:** Lahore, Rawalpindi, Gujranwala, Faisalabad, Multan, Sargodha, Sahiwal, Bahawalpur, DG Khan.
- **Federal Board (FBISE):** Islamabad & Cantonment Institutions.
- **KPK & Sindh Boards:** Aligned with Single National Curriculum standards.

#### 💡 Exam Preparation Tips:
- Review past 5-year board questions included at the end of each topic.
- Practice diagrams, derivations, and formulas regularly.
- Memorize key definitions and bold terms for maximum score."
Unit 13 Chapter 13 â Khatoot-e-Ghalib â Notes,Urdu,10,PCTB (Punjab Curriculum & Textbook Board),CHAPTER_WISE,13,Chapter Questions,TaleemCity / PakParcha,https://drive.google.com/file/d/15peg4F33hYA0nbSsMyWBHE2NJmUzYAP0/preview,"### Comprehensive Urdu Class 10 (Unit 13) Notes & Solutions

These Urdu notes for Class 10 (Unit 13 Chapter 13 â Khatoot-e-Ghalib â Notes) are prepared strictly according to the Single National Curriculum (SNC 2025–2026) and Punjab Curriculum and Textbook Board (PCTB) standards.

#### 📌 Included In This Resource:
1. **Multiple Choice Questions (MCQs):** Carefully curated objective questions with verified answer keys.
2. **Short Answer Questions:** Concise, exam-targeted answers highlighting key definitions, laws, and concepts.
3. **Long & Detailed Questions:** Step-by-step explanations, diagrams, derivations, and board-standard headings.
4. **Textbook Solved Exercises & Numericals:** Complete solved numericals and exercises with given data, formula substitution, and final units.

#### 🏛️ Board Compatibility:
- **Punjab Boards:** Lahore, Rawalpindi, Gujranwala, Faisalabad, Multan, Sargodha, Sahiwal, Bahawalpur, DG Khan.
- **Federal Board (FBISE):** Islamabad & Cantonment Institutions.
- **KPK & Sindh Boards:** Aligned with Single National Curriculum standards.

#### 💡 Exam Preparation Tips:
- Review past 5-year board questions included at the end of each topic.
- Practice diagrams, derivations, and formulas regularly.
- Memorize key definitions and bold terms for maximum score."
Unit 14 Chapter 14 â Khatoot-e-Rasheed Ahmad Siddiqui â MCQ's,Urdu,10,PCTB (Punjab Curriculum & Textbook Board),CHAPTER_WISE,14,Solved MCQs,TaleemCity / PakParcha,https://drive.google.com/file/d/1sx_P1cXXmKMQaQvdMOI3-TOoU7PWGz7s/preview,"### Comprehensive Urdu Class 10 (Unit 14) Notes & Solutions

These Urdu notes for Class 10 (Unit 14 Chapter 14 â Khatoot-e-Rasheed Ahmad Siddiqui â MCQ's) are prepared strictly according to the Single National Curriculum (SNC 2025–2026) and Punjab Curriculum and Textbook Board (PCTB) standards.

#### 📌 Included In This Resource:
1. **Multiple Choice Questions (MCQs):** Carefully curated objective questions with verified answer keys.
2. **Short Answer Questions:** Concise, exam-targeted answers highlighting key definitions, laws, and concepts.
3. **Long & Detailed Questions:** Step-by-step explanations, diagrams, derivations, and board-standard headings.
4. **Textbook Solved Exercises & Numericals:** Complete solved numericals and exercises with given data, formula substitution, and final units.

#### 🏛️ Board Compatibility:
- **Punjab Boards:** Lahore, Rawalpindi, Gujranwala, Faisalabad, Multan, Sargodha, Sahiwal, Bahawalpur, DG Khan.
- **Federal Board (FBISE):** Islamabad & Cantonment Institutions.
- **KPK & Sindh Boards:** Aligned with Single National Curriculum standards.

#### 💡 Exam Preparation Tips:
- Review past 5-year board questions included at the end of each topic.
- Practice diagrams, derivations, and formulas regularly.
- Memorize key definitions and bold terms for maximum score."
Unit 14 Chapter 14 â Khatoot-e-Rasheed Ahmad Siddiqui â Notes,Urdu,10,PCTB (Punjab Curriculum & Textbook Board),CHAPTER_WISE,14,Chapter Questions,TaleemCity / PakParcha,https://drive.google.com/file/d/1SWPXi7E6mIIi-1znZGpArU73LfrgP5z3/preview,"### Comprehensive Urdu Class 10 (Unit 14) Notes & Solutions

These Urdu notes for Class 10 (Unit 14 Chapter 14 â Khatoot-e-Rasheed Ahmad Siddiqui â Notes) are prepared strictly according to the Single National Curriculum (SNC 2025–2026) and Punjab Curriculum and Textbook Board (PCTB) standards.

#### 📌 Included In This Resource:
1. **Multiple Choice Questions (MCQs):** Carefully curated objective questions with verified answer keys.
2. **Short Answer Questions:** Concise, exam-targeted answers highlighting key definitions, laws, and concepts.
3. **Long & Detailed Questions:** Step-by-step explanations, diagrams, derivations, and board-standard headings.
4. **Textbook Solved Exercises & Numericals:** Complete solved numericals and exercises with given data, formula substitution, and final units.

#### 🏛️ Board Compatibility:
- **Punjab Boards:** Lahore, Rawalpindi, Gujranwala, Faisalabad, Multan, Sargodha, Sahiwal, Bahawalpur, DG Khan.
- **Federal Board (FBISE):** Islamabad & Cantonment Institutions.
- **KPK & Sindh Boards:** Aligned with Single National Curriculum standards.

#### 💡 Exam Preparation Tips:
- Review past 5-year board questions included at the end of each topic.
- Practice diagrams, derivations, and formulas regularly.
- Memorize key definitions and bold terms for maximum score."
Unit 26 Chapter 26 â Uth Bandh Qamar Kyun Darta Hai,Urdu,10,PCTB (Punjab Curriculum & Textbook Board),CHAPTER_WISE,26,Chapter Questions,TaleemCity / PakParcha,https://drive.google.com/file/d/1qTJUf9HNi6rVEmghjXib3CK0q8j4ONYj/preview,"### Comprehensive Urdu Class 10 (Unit 26) Notes & Solutions

These Urdu notes for Class 10 (Unit 26 Chapter 26 â Uth Bandh Qamar Kyun Darta Hai) are prepared strictly according to the Single National Curriculum (SNC 2025–2026) and Punjab Curriculum and Textbook Board (PCTB) standards.

#### 📌 Included In This Resource:
1. **Multiple Choice Questions (MCQs):** Carefully curated objective questions with verified answer keys.
2. **Short Answer Questions:** Concise, exam-targeted answers highlighting key definitions, laws, and concepts.
3. **Long & Detailed Questions:** Step-by-step explanations, diagrams, derivations, and board-standard headings.
4. **Textbook Solved Exercises & Numericals:** Complete solved numericals and exercises with given data, formula substitution, and final units.

#### 🏛️ Board Compatibility:
- **Punjab Boards:** Lahore, Rawalpindi, Gujranwala, Faisalabad, Multan, Sargodha, Sahiwal, Bahawalpur, DG Khan.
- **Federal Board (FBISE):** Islamabad & Cantonment Institutions.
- **KPK & Sindh Boards:** Aligned with Single National Curriculum standards.

#### 💡 Exam Preparation Tips:
- Review past 5-year board questions included at the end of each topic.
- Practice diagrams, derivations, and formulas regularly.
- Memorize key definitions and bold terms for maximum score."
